"","ID","Description","GeneRatio","BgRatio","RichFactor","FoldEnrichment","zScore","pvalue","p.adjust","qvalue","geneID","Count"
"GO:0003012","GO:0003012","muscle system process","42/471","489/21468",0.0858895705521472,3.91481380172717,9.76540732649925,4.82925829028117e-14,2.04422503427602e-10,1.54231259502243e-10,"ENSG00000006704/ENSG00000007314/ENSG00000017427/ENSG00000018625/ENSG00000034971/ENSG00000076555/ENSG00000100678/ENSG00000105974/ENSG00000111262/ENSG00000115353/ENSG00000118729/ENSG00000119508/ENSG00000120049/ENSG00000120907/ENSG00000121361/ENSG00000123358/ENSG00000124205/ENSG00000130037/ENSG00000130595/ENSG00000131730/ENSG00000132170/ENSG00000133392/ENSG00000134548/ENSG00000136160/ENSG00000136546/ENSG00000141052/ENSG00000145362/ENSG00000148180/ENSG00000149925/ENSG00000153253/ENSG00000163884/ENSG00000164530/ENSG00000166257/ENSG00000168356/ENSG00000174697/ENSG00000175084/ENSG00000177098/ENSG00000180509/ENSG00000182132/ENSG00000186439/ENSG00000187955/ENSG00000266964",42
"GO:0060047","GO:0060047","heart contraction","30/471","269/21468",0.111524163568773,5.08322875476523,10.0934508194566,3.03942350216162e-13,6.43293984232508e-10,4.85347942397809e-10,"ENSG00000007314/ENSG00000018625/ENSG00000043591/ENSG00000100678/ENSG00000102683/ENSG00000105974/ENSG00000116016/ENSG00000118729/ENSG00000120049/ENSG00000120907/ENSG00000121361/ENSG00000124205/ENSG00000129244/ENSG00000130037/ENSG00000134548/ENSG00000136160/ENSG00000136546/ENSG00000145362/ENSG00000148180/ENSG00000153253/ENSG00000166148/ENSG00000166257/ENSG00000168356/ENSG00000173641/ENSG00000175084/ENSG00000177098/ENSG00000180509/ENSG00000182132/ENSG00000186439/ENSG00000266964",30
"GO:0003015","GO:0003015","heart process","30/471","278/21468",0.107913669064748,4.91866379507859,9.84946024540387,7.1961248089224e-13,1.01537321053895e-09,7.66071672641073e-10,"ENSG00000007314/ENSG00000018625/ENSG00000043591/ENSG00000100678/ENSG00000102683/ENSG00000105974/ENSG00000116016/ENSG00000118729/ENSG00000120049/ENSG00000120907/ENSG00000121361/ENSG00000124205/ENSG00000129244/ENSG00000130037/ENSG00000134548/ENSG00000136160/ENSG00000136546/ENSG00000145362/ENSG00000148180/ENSG00000153253/ENSG00000166148/ENSG00000166257/ENSG00000168356/ENSG00000173641/ENSG00000175084/ENSG00000177098/ENSG00000180509/ENSG00000182132/ENSG00000186439/ENSG00000266964",30
"GO:0019216","GO:0019216","regulation of lipid metabolic process","33/471","375/21468",0.088,4.01100636942675,8.80999454170545,1.44202286233651e-11,1.52602069406762e-08,1.15134141166552e-08,"ENSG00000004799/ENSG00000009950/ENSG00000067113/ENSG00000069122/ENSG00000076555/ENSG00000084674/ENSG00000094963/ENSG00000101255/ENSG00000105974/ENSG00000113648/ENSG00000114771/ENSG00000114859/ENSG00000115361/ENSG00000118432/ENSG00000124253/ENSG00000130173/ENSG00000132170/ENSG00000138039/ENSG00000138135/ENSG00000145335/ENSG00000151468/ENSG00000153162/ENSG00000164849/ENSG00000166148/ENSG00000167910/ENSG00000170509/ENSG00000174697/ENSG00000176194/ENSG00000181092/ENSG00000182782/ENSG00000187288/ENSG00000196139/ENSG00000198848",33
"GO:0006936","GO:0006936","muscle contraction","32/471","378/21468",0.0846560846560847,3.85859198598052,8.39802744285888,8.09268955967885e-11,6.85127098122411e-08,5.1690989734875e-08,"ENSG00000007314/ENSG00000018625/ENSG00000100678/ENSG00000105974/ENSG00000111262/ENSG00000115353/ENSG00000118729/ENSG00000120049/ENSG00000120907/ENSG00000121361/ENSG00000123358/ENSG00000124205/ENSG00000130037/ENSG00000130595/ENSG00000131730/ENSG00000133392/ENSG00000134548/ENSG00000136160/ENSG00000136546/ENSG00000141052/ENSG00000145362/ENSG00000148180/ENSG00000149925/ENSG00000153253/ENSG00000166257/ENSG00000168356/ENSG00000175084/ENSG00000177098/ENSG00000180509/ENSG00000182132/ENSG00000186439/ENSG00000266964",32
"GO:0003018","GO:0003018","vascular process in circulatory system","28/471","303/21468",0.0924092409240924,4.21197788568666,8.43339091906675,1.70349969801945e-10,1.20181903695272e-07,9.06740014700177e-08,"ENSG00000018625/ENSG00000043591/ENSG00000085563/ENSG00000105974/ENSG00000109610/ENSG00000115353/ENSG00000118777/ENSG00000120156/ENSG00000120907/ENSG00000121361/ENSG00000124205/ENSG00000126895/ENSG00000129244/ENSG00000130037/ENSG00000135218/ENSG00000136160/ENSG00000139155/ENSG00000146477/ENSG00000152779/ENSG00000153162/ENSG00000165349/ENSG00000166148/ENSG00000169418/ENSG00000174697/ENSG00000179776/ENSG00000181856/ENSG00000186642/ENSG00000188778",28
"GO:0008016","GO:0008016","regulation of heart contraction","24/471","228/21468",0.105263157894737,4.79785450888367,8.6346750496134,2.49358164768819e-10,1.50790444495202e-07,1.13767319084e-07,"ENSG00000018625/ENSG00000043591/ENSG00000100678/ENSG00000105974/ENSG00000116016/ENSG00000118729/ENSG00000120049/ENSG00000120907/ENSG00000121361/ENSG00000124205/ENSG00000129244/ENSG00000130037/ENSG00000134548/ENSG00000136160/ENSG00000145362/ENSG00000166148/ENSG00000166257/ENSG00000173641/ENSG00000175084/ENSG00000177098/ENSG00000180509/ENSG00000182132/ENSG00000186439/ENSG00000266964",24
"GO:1903522","GO:1903522","regulation of blood circulation","27/471","290/21468",0.0931034482758621,4.24361959147815,8.32921263883319,3.07060190640648e-10,1.62473223372733e-07,1.2258166031628e-07,"ENSG00000018625/ENSG00000043591/ENSG00000100678/ENSG00000105974/ENSG00000115353/ENSG00000116016/ENSG00000118729/ENSG00000120049/ENSG00000120907/ENSG00000121361/ENSG00000124205/ENSG00000126895/ENSG00000129244/ENSG00000130037/ENSG00000134548/ENSG00000136160/ENSG00000145362/ENSG00000166148/ENSG00000166257/ENSG00000173641/ENSG00000174697/ENSG00000175084/ENSG00000177098/ENSG00000180509/ENSG00000182132/ENSG00000186439/ENSG00000266964",27
"GO:0006066","GO:0006066","alcohol metabolic process","31/471","395/21468",0.0784810126582278,3.57713456421833,7.74265605662919,1.03765573195703e-09,4.88044079263789e-07,3.68216080790366e-07,"ENSG00000017427/ENSG00000067113/ENSG00000074660/ENSG00000078549/ENSG00000079435/ENSG00000084674/ENSG00000114859/ENSG00000115361/ENSG00000124253/ENSG00000128918/ENSG00000135437/ENSG00000136160/ENSG00000138039/ENSG00000138135/ENSG00000138207/ENSG00000145335/ENSG00000151632/ENSG00000153162/ENSG00000162407/ENSG00000164849/ENSG00000165092/ENSG00000167910/ENSG00000174697/ENSG00000187134/ENSG00000187758/ENSG00000196139/ENSG00000196616/ENSG00000198075/ENSG00000198099/ENSG00000198848/ENSG00000248144",31
"GO:0008217","GO:0008217","regulation of blood pressure","22/471","208/21468",0.105769230769231,4.82092111709946,8.29345737215975,1.28196415073356e-09,5.42655425005518e-07,4.09418866665856e-07,"ENSG00000018625/ENSG00000043591/ENSG00000092009/ENSG00000100448/ENSG00000103647/ENSG00000115353/ENSG00000118432/ENSG00000120907/ENSG00000121361/ENSG00000124205/ENSG00000126895/ENSG00000132170/ENSG00000133116/ENSG00000134548/ENSG00000136160/ENSG00000139567/ENSG00000166148/ENSG00000169418/ENSG00000174697/ENSG00000181092/ENSG00000185897/ENSG00000188778",22
"GO:0007188","GO:0007188","adenylate cyclase-modulating G protein-coupled receptor signaling pathway","26/471","291/21468",0.0893470790378007,4.07240571716243,7.90333422684492,1.59140163983652e-09,5.88827454562372e-07,4.44254416338353e-07,"ENSG00000043591/ENSG00000064989/ENSG00000065325/ENSG00000069122/ENSG00000078549/ENSG00000080293/ENSG00000106113/ENSG00000111452/ENSG00000118432/ENSG00000120907/ENSG00000126895/ENSG00000129467/ENSG00000135298/ENSG00000138039/ENSG00000150471/ENSG00000156920/ENSG00000162618/ENSG00000164849/ENSG00000169313/ENSG00000170989/ENSG00000180264/ENSG00000183134/ENSG00000185149/ENSG00000185897/ENSG00000186642/ENSG00000188778",26
"GO:0034308","GO:0034308","primary alcohol metabolic process","17/471","123/21468",0.138211382113821,6.29962197711149,8.82809252316104,1.66924863093514e-09,5.88827454562372e-07,4.44254416338353e-07,"ENSG00000017427/ENSG00000079435/ENSG00000114859/ENSG00000128918/ENSG00000135437/ENSG00000136160/ENSG00000138207/ENSG00000151632/ENSG00000153162/ENSG00000165092/ENSG00000187134/ENSG00000187758/ENSG00000196139/ENSG00000196616/ENSG00000198075/ENSG00000198099/ENSG00000248144",17
"GO:0050886","GO:0050886","endocrine process","15/471","101/21468",0.148514851485149,6.76925017342499,8.70413846742121,5.5694510782056e-09,1.68047618071526e-06,1.26787390609873e-06,"ENSG00000092009/ENSG00000100448/ENSG00000115353/ENSG00000119147/ENSG00000124205/ENSG00000126895/ENSG00000132170/ENSG00000136160/ENSG00000145708/ENSG00000153162/ENSG00000166148/ENSG00000174697/ENSG00000174804/ENSG00000182782/ENSG00000240583",15
"GO:0086009","GO:0086009","membrane repolarization","12/471","60/21468",0.2,9.11592356687898,9.42850928474579,5.83038988482602e-09,1.68047618071526e-06,1.26787390609873e-06,"ENSG00000018625/ENSG00000105974/ENSG00000111262/ENSG00000118729/ENSG00000120049/ENSG00000121361/ENSG00000129244/ENSG00000130037/ENSG00000145362/ENSG00000177098/ENSG00000180509/ENSG00000182132",12
"GO:0042180","GO:0042180","cellular ketone metabolic process","23/471","246/21468",0.0934959349593496,4.2615089845166,7.70567140367977,5.95491205072737e-09,1.68047618071526e-06,1.26787390609873e-06,"ENSG00000004799/ENSG00000009950/ENSG00000076555/ENSG00000094963/ENSG00000101255/ENSG00000105974/ENSG00000114859/ENSG00000115361/ENSG00000118432/ENSG00000132170/ENSG00000136160/ENSG00000145335/ENSG00000151632/ENSG00000153162/ENSG00000166148/ENSG00000167588/ENSG00000167910/ENSG00000181092/ENSG00000187134/ENSG00000196139/ENSG00000198075/ENSG00000198099/ENSG00000198848",23
"GO:0001508","GO:0001508","action potential","20/471","192/21468",0.104166666666667,4.74787685774947,7.81283125199687,9.44968541338363e-09,2.50003239717831e-06,1.88620694369776e-06,"ENSG00000007314/ENSG00000018625/ENSG00000105974/ENSG00000111262/ENSG00000114859/ENSG00000115353/ENSG00000118432/ENSG00000120049/ENSG00000120907/ENSG00000121361/ENSG00000130037/ENSG00000135218/ENSG00000136546/ENSG00000145362/ENSG00000153253/ENSG00000164007/ENSG00000166257/ENSG00000168356/ENSG00000177098/ENSG00000180509",20
"GO:0003014","GO:0003014","renal system process","17/471","139/21468",0.122302158273381,5.5744856344224,8.10367338561781,1.11160016137134e-08,2.76788440181465e-06,2.08829404928833e-06,"ENSG00000069122/ENSG00000076706/ENSG00000103647/ENSG00000115353/ENSG00000118777/ENSG00000126895/ENSG00000134548/ENSG00000136160/ENSG00000148180/ENSG00000164007/ENSG00000168356/ENSG00000169418/ENSG00000174059/ENSG00000181092/ENSG00000196139/ENSG00000197891/ENSG00000240583",17
"GO:0001935","GO:0001935","endothelial cell proliferation","21/471","215/21468",0.0976744186046512,4.45196267219671,7.61890761163862,1.27067140381282e-08,2.98819558463315e-06,2.25451288840239e-06,"ENSG00000000005/ENSG00000037280/ENSG00000064300/ENSG00000066056/ENSG00000081189/ENSG00000105974/ENSG00000120156/ENSG00000123358/ENSG00000128052/ENSG00000128918/ENSG00000132170/ENSG00000138685/ENSG00000139567/ENSG00000143125/ENSG00000153162/ENSG00000164619/ENSG00000168874/ENSG00000171951/ENSG00000173269/ENSG00000174059/ENSG00000174697",21
"GO:0045446","GO:0045446","endothelial cell differentiation","17/471","144/21468",0.118055555555556,5.3809271054494,7.90006098192178,1.90187554941915e-08,4.23717852667961e-06,3.19683679608736e-06,"ENSG00000000005/ENSG00000066056/ENSG00000128052/ENSG00000136160/ENSG00000139567/ENSG00000153162/ENSG00000154133/ENSG00000164736/ENSG00000166292/ENSG00000168874/ENSG00000170989/ENSG00000174804/ENSG00000178878/ENSG00000179776/ENSG00000186642/ENSG00000204301/ENSG00000261371",17
"GO:0002027","GO:0002027","regulation of heart rate","15/471","117/21468",0.128205128205128,5.84354074799935,7.86799881679546,4.28921907027214e-08,9.07813216223097e-06,6.84920561010824e-06,"ENSG00000043591/ENSG00000105974/ENSG00000116016/ENSG00000118729/ENSG00000120907/ENSG00000121361/ENSG00000124205/ENSG00000130037/ENSG00000134548/ENSG00000136160/ENSG00000145362/ENSG00000166148/ENSG00000166257/ENSG00000177098/ENSG00000180509",15
"GO:0001936","GO:0001936","regulation of endothelial cell proliferation","19/471","191/21468",0.0994764397905759,4.53409810918064,7.34780455765438,4.68455801439678e-08,9.08348847772671e-06,6.85324680553119e-06,"ENSG00000000005/ENSG00000037280/ENSG00000064300/ENSG00000066056/ENSG00000081189/ENSG00000105974/ENSG00000120156/ENSG00000123358/ENSG00000128052/ENSG00000128918/ENSG00000132170/ENSG00000138685/ENSG00000139567/ENSG00000143125/ENSG00000153162/ENSG00000168874/ENSG00000171951/ENSG00000173269/ENSG00000174697",19
"GO:0003044","GO:0003044","regulation of systemic arterial blood pressure mediated by a chemical signal","10/471","46/21468",0.217391304347826,9.90861257269454,9.05892133164438,4.72092479352676e-08,9.08348847772671e-06,6.85324680553119e-06,"ENSG00000043591/ENSG00000092009/ENSG00000100448/ENSG00000115353/ENSG00000120907/ENSG00000124205/ENSG00000126895/ENSG00000136160/ENSG00000166148/ENSG00000188778",10
"GO:0003158","GO:0003158","endothelium development","18/471","174/21468",0.103448275862069,4.71513287942016,7.36949720852066,5.79886804270699e-08,1.05344342460623e-05,7.94794621272781e-06,"ENSG00000000005/ENSG00000066056/ENSG00000128052/ENSG00000136160/ENSG00000139567/ENSG00000153162/ENSG00000154133/ENSG00000164736/ENSG00000166292/ENSG00000168874/ENSG00000170989/ENSG00000174059/ENSG00000174804/ENSG00000178878/ENSG00000179776/ENSG00000186642/ENSG00000204301/ENSG00000261371",18
"GO:0086001","GO:0086001","cardiac muscle cell action potential","13/471","88/21468",0.147727272727273,6.73335263462652,8.07167463638556,6.22161247700347e-08,1.05344342460623e-05,7.94794621272781e-06,"ENSG00000007314/ENSG00000018625/ENSG00000105974/ENSG00000120049/ENSG00000121361/ENSG00000130037/ENSG00000136546/ENSG00000145362/ENSG00000153253/ENSG00000166257/ENSG00000168356/ENSG00000177098/ENSG00000180509",13
"GO:0086003","GO:0086003","cardiac muscle cell contraction","13/471","88/21468",0.147727272727273,6.73335263462652,8.07167463638556,6.22161247700347e-08,1.05344342460623e-05,7.94794621272781e-06,"ENSG00000007314/ENSG00000018625/ENSG00000105974/ENSG00000121361/ENSG00000130037/ENSG00000136546/ENSG00000145362/ENSG00000148180/ENSG00000153253/ENSG00000166257/ENSG00000168356/ENSG00000177098/ENSG00000180509",13
"GO:0010565","GO:0010565","regulation of cellular ketone metabolic process","17/471","158/21468",0.107594936708861,4.90413609610578,7.37699135893748,7.60575997051081e-08,1.23827622904509e-05,9.34245981802825e-06,"ENSG00000004799/ENSG00000009950/ENSG00000076555/ENSG00000094963/ENSG00000101255/ENSG00000105974/ENSG00000114859/ENSG00000115361/ENSG00000118432/ENSG00000132170/ENSG00000145335/ENSG00000153162/ENSG00000166148/ENSG00000167910/ENSG00000181092/ENSG00000196139/ENSG00000198848",17
"GO:1901342","GO:1901342","regulation of vasculature development","28/471","402/21468",0.0696517412935323,3.17469974965935,6.59232786679933,8.70728711882496e-08,1.36510912496245e-05,1.02993797733002e-05,"ENSG00000000005/ENSG00000004776/ENSG00000066056/ENSG00000092009/ENSG00000101280/ENSG00000106004/ENSG00000114378/ENSG00000120156/ENSG00000124212/ENSG00000126785/ENSG00000128052/ENSG00000132170/ENSG00000135218/ENSG00000135298/ENSG00000136158/ENSG00000136244/ENSG00000138685/ENSG00000139567/ENSG00000143125/ENSG00000154734/ENSG00000163513/ENSG00000164619/ENSG00000169418/ENSG00000171819/ENSG00000174059/ENSG00000174697/ENSG00000179776/ENSG00000240583",28
"GO:0097305","GO:0097305","response to alcohol","24/471","312/21468",0.0769230769230769,3.50612444879961,6.67852657987577,1.19804317461844e-07,1.81118455648567e-05,1.36648984653848e-05,"ENSG00000069702/ENSG00000078549/ENSG00000108342/ENSG00000115353/ENSG00000118432/ENSG00000124253/ENSG00000125740/ENSG00000126545/ENSG00000129596/ENSG00000137077/ENSG00000138685/ENSG00000145708/ENSG00000151632/ENSG00000163513/ENSG00000166148/ENSG00000167910/ENSG00000168356/ENSG00000174697/ENSG00000175899/ENSG00000181092/ENSG00000181195/ENSG00000181856/ENSG00000196139/ENSG00000198848",24
"GO:0086002","GO:0086002","cardiac muscle cell action potential involved in contraction","11/471","64/21468",0.171875,7.83399681528662,8.20039544086772,1.31609981596547e-07,1.92105190378684e-05,1.44938179369845e-05,"ENSG00000007314/ENSG00000105974/ENSG00000121361/ENSG00000130037/ENSG00000136546/ENSG00000145362/ENSG00000153253/ENSG00000166257/ENSG00000168356/ENSG00000177098/ENSG00000180509",11
"GO:0071695","GO:0071695","anatomical structure maturation","23/471","294/21468",0.0782312925170068,3.56575241561593,6.63444296483065,1.62565730684506e-07,2.29380245995839e-05,1.73061202419927e-05,"ENSG00000017427/ENSG00000034971/ENSG00000074660/ENSG00000106004/ENSG00000106852/ENSG00000116016/ENSG00000120049/ENSG00000128052/ENSG00000128918/ENSG00000130173/ENSG00000132170/ENSG00000135298/ENSG00000136160/ENSG00000137077/ENSG00000139567/ENSG00000153902/ENSG00000162367/ENSG00000166947/ENSG00000170989/ENSG00000174697/ENSG00000179776/ENSG00000180509/ENSG00000186417",23
"GO:0045765","GO:0045765","regulation of angiogenesis","27/471","393/21468",0.0687022900763359,3.13142412602713,6.38704341865805,1.95451365643479e-07,2.59081916972306e-05,1.95470311237265e-05,"ENSG00000000005/ENSG00000004776/ENSG00000066056/ENSG00000092009/ENSG00000101280/ENSG00000106004/ENSG00000114378/ENSG00000120156/ENSG00000124212/ENSG00000126785/ENSG00000128052/ENSG00000132170/ENSG00000135218/ENSG00000135298/ENSG00000136158/ENSG00000136244/ENSG00000138685/ENSG00000139567/ENSG00000143125/ENSG00000154734/ENSG00000163513/ENSG00000164619/ENSG00000169418/ENSG00000174059/ENSG00000174697/ENSG00000179776/ENSG00000240583",27
"GO:0006941","GO:0006941","striated muscle contraction","19/471","209/21468",0.0909090909090909,4.14360162130863,6.83985253811586,1.95856870850787e-07,2.59081916972306e-05,1.95470311237265e-05,"ENSG00000007314/ENSG00000018625/ENSG00000100678/ENSG00000105974/ENSG00000118729/ENSG00000120907/ENSG00000121361/ENSG00000123358/ENSG00000130037/ENSG00000130595/ENSG00000136546/ENSG00000145362/ENSG00000148180/ENSG00000149925/ENSG00000153253/ENSG00000166257/ENSG00000168356/ENSG00000177098/ENSG00000180509",19
"GO:0062012","GO:0062012","regulation of small molecule metabolic process","26/471","374/21468",0.0695187165775401,3.16863653394189,6.33666295410374,2.62504332734382e-07,3.36721466807467e-05,2.54047255348043e-05,"ENSG00000004799/ENSG00000009950/ENSG00000017427/ENSG00000076555/ENSG00000078549/ENSG00000084674/ENSG00000094963/ENSG00000101255/ENSG00000105974/ENSG00000113648/ENSG00000114859/ENSG00000115361/ENSG00000118432/ENSG00000132170/ENSG00000138039/ENSG00000138135/ENSG00000145335/ENSG00000153162/ENSG00000164849/ENSG00000166148/ENSG00000167588/ENSG00000167910/ENSG00000174697/ENSG00000181092/ENSG00000196139/ENSG00000198848",26
"GO:0045444","GO:0045444","fat cell differentiation","22/471","281/21468",0.0782918149466192,3.56851100482807,6.49108602910871,2.98183476817361e-07,3.66750616784707e-05,2.76703438229649e-05,"ENSG00000043591/ENSG00000069122/ENSG00000101255/ENSG00000102802/ENSG00000119508/ENSG00000121361/ENSG00000122877/ENSG00000123358/ENSG00000130173/ENSG00000130876/ENSG00000132170/ENSG00000136244/ENSG00000142611/ENSG00000151468/ENSG00000170323/ENSG00000174697/ENSG00000175445/ENSG00000181092/ENSG00000181856/ENSG00000188778/ENSG00000221818/ENSG00000266524",22
"GO:0043434","GO:0043434","response to peptide hormone","30/471","479/21468",0.0626304801670146,2.85467335079718,6.14832508625724,3.03242891270133e-07,3.66750616784707e-05,2.76703438229649e-05,"ENSG00000004799/ENSG00000036473/ENSG00000065325/ENSG00000069702/ENSG00000101255/ENSG00000105974/ENSG00000106113/ENSG00000119508/ENSG00000120156/ENSG00000120833/ENSG00000121361/ENSG00000122877/ENSG00000123358/ENSG00000123612/ENSG00000124253/ENSG00000129596/ENSG00000132170/ENSG00000133116/ENSG00000136160/ENSG00000138039/ENSG00000145708/ENSG00000163884/ENSG00000174697/ENSG00000181092/ENSG00000181856/ENSG00000184557/ENSG00000184811/ENSG00000185897/ENSG00000197891/ENSG00000204687",30
"GO:0021700","GO:0021700","developmental maturation","26/471","378/21468",0.0687830687830688,3.13510598860917,6.27255613032225,3.22318094703587e-07,3.78992359688968e-05,2.8593950272827e-05,"ENSG00000017427/ENSG00000034971/ENSG00000074660/ENSG00000101938/ENSG00000106004/ENSG00000106852/ENSG00000116016/ENSG00000120049/ENSG00000128052/ENSG00000128918/ENSG00000130173/ENSG00000132170/ENSG00000135298/ENSG00000136160/ENSG00000137077/ENSG00000139567/ENSG00000153902/ENSG00000162367/ENSG00000166947/ENSG00000170989/ENSG00000174697/ENSG00000179776/ENSG00000180509/ENSG00000186417/ENSG00000189056/ENSG00000198844",26
"GO:0050678","GO:0050678","regulation of epithelial cell proliferation","28/471","431/21468",0.0649651972157773,2.96108886163122,6.15972767568903,3.63631143271597e-07,4.16013683640181e-05,3.13871092087062e-05,"ENSG00000000005/ENSG00000017427/ENSG00000037280/ENSG00000064300/ENSG00000066056/ENSG00000069702/ENSG00000073282/ENSG00000081189/ENSG00000105974/ENSG00000106004/ENSG00000115353/ENSG00000119508/ENSG00000120156/ENSG00000123358/ENSG00000128052/ENSG00000128918/ENSG00000132170/ENSG00000136160/ENSG00000138685/ENSG00000139567/ENSG00000143125/ENSG00000143867/ENSG00000147257/ENSG00000153162/ENSG00000168874/ENSG00000171951/ENSG00000173269/ENSG00000174697",28
"GO:0051897","GO:0051897","positive regulation of phosphatidylinositol 3-kinase/protein kinase B signal transduction","19/471","218/21468",0.0871559633027523,3.972535499328,6.60683311735769,3.77267347648164e-07,4.20255969103862e-05,3.17071781929232e-05,"ENSG00000017427/ENSG00000034971/ENSG00000108342/ENSG00000120156/ENSG00000128052/ENSG00000136158/ENSG00000137077/ENSG00000138685/ENSG00000140538/ENSG00000151632/ENSG00000160293/ENSG00000166292/ENSG00000169313/ENSG00000170962/ENSG00000174175/ENSG00000174697/ENSG00000184500/ENSG00000189056/ENSG00000196139",19
"GO:0034764","GO:0034764","positive regulation of transmembrane transport","19/471","220/21468",0.0863636363636364,3.9364215402432,6.55674389209843,4.34301017298451e-07,4.71383642621626e-05,3.55646231169635e-05,"ENSG00000017427/ENSG00000078549/ENSG00000105974/ENSG00000119508/ENSG00000120049/ENSG00000123560/ENSG00000124205/ENSG00000129244/ENSG00000137672/ENSG00000138039/ENSG00000145335/ENSG00000145362/ENSG00000147257/ENSG00000163884/ENSG00000180509/ENSG00000181092/ENSG00000186439/ENSG00000189056/ENSG00000266964",19
"GO:0032409","GO:0032409","regulation of transporter activity","20/471","244/21468",0.0819672131147541,3.73603424872089,6.43754579778478,5.00022826534025e-07,5.29149156179632e-05,3.99228751501114e-05,"ENSG00000018625/ENSG00000022267/ENSG00000092051/ENSG00000101049/ENSG00000105974/ENSG00000118729/ENSG00000129244/ENSG00000137672/ENSG00000143867/ENSG00000145335/ENSG00000145362/ENSG00000145708/ENSG00000164949/ENSG00000166257/ENSG00000177098/ENSG00000180509/ENSG00000181092/ENSG00000186439/ENSG00000189056/ENSG00000266964",20
"GO:0034765","GO:0034765","regulation of monoatomic ion transmembrane transport","25/471","368/21468",0.0679347826086956,3.09644142896704,6.07551255594554,6.83959468931131e-07,7.06146446825726e-05,5.32768428430565e-05,"ENSG00000018625/ENSG00000022267/ENSG00000078549/ENSG00000092051/ENSG00000105974/ENSG00000118729/ENSG00000120049/ENSG00000121361/ENSG00000123560/ENSG00000124205/ENSG00000129244/ENSG00000137672/ENSG00000138039/ENSG00000143867/ENSG00000145335/ENSG00000145362/ENSG00000153822/ENSG00000164949/ENSG00000166257/ENSG00000177098/ENSG00000180509/ENSG00000182132/ENSG00000186439/ENSG00000189056/ENSG00000266964",25
"GO:0001666","GO:0001666","response to hypoxia","24/471","348/21468",0.0689655172413793,3.14342191961344,6.03764870401665,8.75359730260758e-07,8.82237556712807e-05,6.65624416443895e-05,"ENSG00000069702/ENSG00000087250/ENSG00000100678/ENSG00000101280/ENSG00000105974/ENSG00000109610/ENSG00000116016/ENSG00000120156/ENSG00000121361/ENSG00000124212/ENSG00000124253/ENSG00000124440/ENSG00000130037/ENSG00000132170/ENSG00000139567/ENSG00000141052/ENSG00000161544/ENSG00000165197/ENSG00000174697/ENSG00000174804/ENSG00000181092/ENSG00000181195/ENSG00000181856/ENSG00000240583",24
"GO:0043270","GO:0043270","positive regulation of monoatomic ion transport","19/471","231/21468",0.0822510822510823,3.74897289546971,6.29140106884404,9.14483472819031e-07,9.0023454428906e-05,6.79202657658002e-05,"ENSG00000022267/ENSG00000078549/ENSG00000105974/ENSG00000120049/ENSG00000123560/ENSG00000124205/ENSG00000129244/ENSG00000137672/ENSG00000138039/ENSG00000145335/ENSG00000145362/ENSG00000166257/ENSG00000169313/ENSG00000174697/ENSG00000177098/ENSG00000180509/ENSG00000186439/ENSG00000189056/ENSG00000266964",19
"GO:0046890","GO:0046890","regulation of lipid biosynthetic process","18/471","210/21468",0.0857142857142857,3.90682438580528,6.33993417067307,9.73959794222693e-07,9.0624828942239e-05,6.8373986599215e-05,"ENSG00000004799/ENSG00000009950/ENSG00000069122/ENSG00000084674/ENSG00000101255/ENSG00000114859/ENSG00000115361/ENSG00000124253/ENSG00000138039/ENSG00000151468/ENSG00000153162/ENSG00000164849/ENSG00000166148/ENSG00000167910/ENSG00000170509/ENSG00000174697/ENSG00000196139/ENSG00000198848",18
"GO:0003073","GO:0003073","regulation of systemic arterial blood pressure","13/471","111/21468",0.117117117117117,5.33815344006427,6.86299657353029,9.84819780614929e-07,9.0624828942239e-05,6.8373986599215e-05,"ENSG00000043591/ENSG00000092009/ENSG00000100448/ENSG00000103647/ENSG00000115353/ENSG00000120907/ENSG00000124205/ENSG00000126895/ENSG00000133116/ENSG00000134548/ENSG00000136160/ENSG00000166148/ENSG00000188778",13
"GO:0019217","GO:0019217","regulation of fatty acid metabolic process","13/471","111/21468",0.117117117117117,5.33815344006427,6.86299657353029,9.84819780614929e-07,9.0624828942239e-05,6.8373986599215e-05,"ENSG00000004799/ENSG00000009950/ENSG00000076555/ENSG00000094963/ENSG00000101255/ENSG00000105974/ENSG00000115361/ENSG00000118432/ENSG00000132170/ENSG00000145335/ENSG00000166148/ENSG00000167910/ENSG00000181092",13
"GO:0042445","GO:0042445","hormone metabolic process","21/471","279/21468",0.0752688172043011,3.43072392301897,6.12068478673415,1.05290187718361e-06,9.48283754493235e-05,7.15454489445702e-05,"ENSG00000079435/ENSG00000092009/ENSG00000100448/ENSG00000114859/ENSG00000128918/ENSG00000135437/ENSG00000136160/ENSG00000138039/ENSG00000138207/ENSG00000139155/ENSG00000151632/ENSG00000153162/ENSG00000165092/ENSG00000174697/ENSG00000185897/ENSG00000187134/ENSG00000187758/ENSG00000196139/ENSG00000196616/ENSG00000198099/ENSG00000248144",21
"GO:0022898","GO:0022898","regulation of transmembrane transporter activity","18/471","215/21468",0.0837209302325581,3.81596800474004,6.21518889478365,1.36965377293543e-06,0.000119033795947932,8.98077851731446e-05,"ENSG00000018625/ENSG00000022267/ENSG00000092051/ENSG00000105974/ENSG00000118729/ENSG00000129244/ENSG00000137672/ENSG00000143867/ENSG00000145335/ENSG00000145362/ENSG00000145708/ENSG00000164949/ENSG00000166257/ENSG00000177098/ENSG00000180509/ENSG00000186439/ENSG00000189056/ENSG00000266964",18
"GO:0010232","GO:0010232","vascular transport","12/471","97/21468",0.123711340206186,5.63871560837875,6.85786134397689,1.42615888566869e-06,0.000119033795947932,8.98077851731446e-05,"ENSG00000018625/ENSG00000085563/ENSG00000118777/ENSG00000121361/ENSG00000129244/ENSG00000135218/ENSG00000139155/ENSG00000146477/ENSG00000152779/ENSG00000165349/ENSG00000166148/ENSG00000181856",12
"GO:0150104","GO:0150104","transport across blood-brain barrier","12/471","97/21468",0.123711340206186,5.63871560837875,6.85786134397689,1.42615888566869e-06,0.000119033795947932,8.98077851731446e-05,"ENSG00000018625/ENSG00000085563/ENSG00000118777/ENSG00000121361/ENSG00000129244/ENSG00000135218/ENSG00000139155/ENSG00000146477/ENSG00000152779/ENSG00000165349/ENSG00000166148/ENSG00000181856",12
"GO:0007189","GO:0007189","adenylate cyclase-activating G protein-coupled receptor signaling pathway","17/471","194/21468",0.0876288659793814,3.99409022260162,6.27420461934824,1.4341421198546e-06,0.000119033795947932,8.98077851731446e-05,"ENSG00000043591/ENSG00000064989/ENSG00000069122/ENSG00000080293/ENSG00000111452/ENSG00000118432/ENSG00000120907/ENSG00000129467/ENSG00000135298/ENSG00000138039/ENSG00000150471/ENSG00000156920/ENSG00000162618/ENSG00000170989/ENSG00000180264/ENSG00000186642/ENSG00000188778",17
"GO:0060048","GO:0060048","cardiac muscle contraction","15/471","154/21468",0.0974025974025974,4.43957316568782,6.41578703181513,1.59191094558633e-06,0.000129444034777333,9.76620292972331e-05,"ENSG00000007314/ENSG00000018625/ENSG00000105974/ENSG00000118729/ENSG00000120907/ENSG00000121361/ENSG00000130037/ENSG00000136546/ENSG00000145362/ENSG00000148180/ENSG00000153253/ENSG00000166257/ENSG00000168356/ENSG00000177098/ENSG00000180509",15
"GO:0090257","GO:0090257","regulation of muscle system process","20/471","263/21468",0.0760456273764259,3.46613063379429,6.02687690516272,1.62072616187069e-06,0.000129444034777333,9.76620292972331e-05,"ENSG00000006704/ENSG00000007314/ENSG00000017427/ENSG00000018625/ENSG00000076555/ENSG00000100678/ENSG00000105974/ENSG00000111262/ENSG00000115353/ENSG00000118729/ENSG00000119508/ENSG00000120907/ENSG00000123358/ENSG00000124205/ENSG00000130595/ENSG00000132170/ENSG00000134548/ENSG00000141052/ENSG00000145362/ENSG00000164530",20
"GO:0036293","GO:0036293","response to decreased oxygen levels","24/471","364/21468",0.0659340659340659,3.00524952754252,5.7790204728096,1.93224927247729e-06,0.000151466873525859,0.00011427766652429,"ENSG00000069702/ENSG00000087250/ENSG00000100678/ENSG00000101280/ENSG00000105974/ENSG00000109610/ENSG00000116016/ENSG00000120156/ENSG00000121361/ENSG00000124212/ENSG00000124253/ENSG00000124440/ENSG00000130037/ENSG00000132170/ENSG00000139567/ENSG00000141052/ENSG00000161544/ENSG00000165197/ENSG00000174697/ENSG00000174804/ENSG00000181092/ENSG00000181195/ENSG00000181856/ENSG00000240583",24
"GO:0070252","GO:0070252","actin-mediated cell contraction","13/471","118/21468",0.110169491525424,5.02148332073842,6.56063449903002,1.98501828035661e-06,0.000152774225104537,0.000115264027992382,"ENSG00000007314/ENSG00000018625/ENSG00000105974/ENSG00000121361/ENSG00000130037/ENSG00000136546/ENSG00000145362/ENSG00000148180/ENSG00000153253/ENSG00000166257/ENSG00000168356/ENSG00000177098/ENSG00000180509",13
"GO:0046683","GO:0046683","response to organophosphorus","14/471","138/21468",0.101449275362319,4.62401920059079,6.39664299772478,2.17966545034064e-06,0.000164759354487356,0.000124306484517547,"ENSG00000120156/ENSG00000121361/ENSG00000124253/ENSG00000125740/ENSG00000129596/ENSG00000145708/ENSG00000167588/ENSG00000169313/ENSG00000180509/ENSG00000181092/ENSG00000181195/ENSG00000186642/ENSG00000187134/ENSG00000240583",14
"GO:0042572","GO:0042572","retinol metabolic process","10/471","69/21468",0.144927536231884,6.6057417151297,6.98519279438732,2.50914212102295e-06,0.000186336817513862,0.000140586097787325,"ENSG00000079435/ENSG00000128918/ENSG00000135437/ENSG00000138207/ENSG00000165092/ENSG00000187758/ENSG00000196139/ENSG00000196616/ENSG00000198099/ENSG00000248144",10
"GO:0032412","GO:0032412","regulation of monoatomic ion transmembrane transporter activity","17/471","206/21468",0.0825242718446602,3.76142477274133,5.96461309232908,3.26515658400271e-06,0.000238300134829025,0.000179791017710784,"ENSG00000018625/ENSG00000022267/ENSG00000092051/ENSG00000105974/ENSG00000118729/ENSG00000129244/ENSG00000137672/ENSG00000143867/ENSG00000145362/ENSG00000145708/ENSG00000164949/ENSG00000166257/ENSG00000177098/ENSG00000180509/ENSG00000186439/ENSG00000189056/ENSG00000266964",17
"GO:0120254","GO:0120254","olefinic compound metabolic process","16/471","185/21468",0.0864864864864865,3.94202100189361,6.01911606698474,3.45967548129661e-06,0.000248217056141162,0.000187273067087492,"ENSG00000079435/ENSG00000114859/ENSG00000124212/ENSG00000128918/ENSG00000135437/ENSG00000136160/ENSG00000138207/ENSG00000151632/ENSG00000153162/ENSG00000165092/ENSG00000187134/ENSG00000187758/ENSG00000196139/ENSG00000196616/ENSG00000198099/ENSG00000248144",16
"GO:1990845","GO:1990845","adaptive thermogenesis","16/471","186/21468",0.0860215053763441,3.92082734059311,5.99202539753535,3.71026781913154e-06,0.000253663766749204,0.000191382463182037,"ENSG00000043591/ENSG00000080293/ENSG00000104967/ENSG00000105974/ENSG00000115361/ENSG00000116016/ENSG00000123689/ENSG00000135218/ENSG00000142611/ENSG00000165092/ENSG00000170323/ENSG00000174697/ENSG00000176194/ENSG00000181092/ENSG00000188778/ENSG00000221818",16
"GO:0035296","GO:0035296","regulation of tube diameter","15/471","165/21468",0.0909090909090909,4.14360162130863,6.07108900814257,3.77529348102997e-06,0.000253663766749204,0.000191382463182037,"ENSG00000018625/ENSG00000043591/ENSG00000105974/ENSG00000109610/ENSG00000115353/ENSG00000120907/ENSG00000121361/ENSG00000124205/ENSG00000126895/ENSG00000130037/ENSG00000136160/ENSG00000166148/ENSG00000169418/ENSG00000174697/ENSG00000188778",15
"GO:0097746","GO:0097746","blood vessel diameter maintenance","15/471","165/21468",0.0909090909090909,4.14360162130863,6.07108900814257,3.77529348102997e-06,0.000253663766749204,0.000191382463182037,"ENSG00000018625/ENSG00000043591/ENSG00000105974/ENSG00000109610/ENSG00000115353/ENSG00000120907/ENSG00000121361/ENSG00000124205/ENSG00000126895/ENSG00000130037/ENSG00000136160/ENSG00000166148/ENSG00000169418/ENSG00000174697/ENSG00000188778",15
"GO:0120161","GO:0120161","regulation of cold-induced thermogenesis","15/471","165/21468",0.0909090909090909,4.14360162130863,6.07108900814257,3.77529348102997e-06,0.000253663766749204,0.000191382463182037,"ENSG00000043591/ENSG00000104967/ENSG00000105974/ENSG00000115361/ENSG00000116016/ENSG00000123689/ENSG00000135218/ENSG00000142611/ENSG00000165092/ENSG00000170323/ENSG00000174697/ENSG00000176194/ENSG00000181092/ENSG00000188778/ENSG00000221818",15
"GO:0086010","GO:0086010","membrane depolarization during action potential","7/471","31/21468",0.225806451612903,10.2921717690569,7.75413896354615,3.89959972437978e-06,0.00025466304443752,0.000192136391217734,"ENSG00000018625/ENSG00000114859/ENSG00000145362/ENSG00000153253/ENSG00000166257/ENSG00000168356/ENSG00000177098",7
"GO:0030048","GO:0030048","actin filament-based movement","14/471","145/21468",0.096551724137931,4.40079068745882,6.15399668498914,3.92147730261561e-06,0.00025466304443752,0.000192136391217734,"ENSG00000007314/ENSG00000018625/ENSG00000105974/ENSG00000121361/ENSG00000130037/ENSG00000136546/ENSG00000145362/ENSG00000148180/ENSG00000153253/ENSG00000166257/ENSG00000168356/ENSG00000169994/ENSG00000177098/ENSG00000180509",14
"GO:0001659","GO:0001659","temperature homeostasis","17/471","209/21468",0.0813397129186603,3.70743302959193,5.89083634316367,3.97064987783519e-06,0.00025466304443752,0.000192136391217734,"ENSG00000043591/ENSG00000104967/ENSG00000105974/ENSG00000115361/ENSG00000116016/ENSG00000118432/ENSG00000123689/ENSG00000135218/ENSG00000136160/ENSG00000142611/ENSG00000165092/ENSG00000170323/ENSG00000174697/ENSG00000176194/ENSG00000181092/ENSG00000188778/ENSG00000221818",17
"GO:0032835","GO:0032835","glomerulus development","10/471","73/21468",0.136986301369863,6.2437832649856,6.72152046798039,4.2398523235777e-06,0.000267870072920961,0.000202100737623484,"ENSG00000081189/ENSG00000120156/ENSG00000136160/ENSG00000143867/ENSG00000163884/ENSG00000170962/ENSG00000174059/ENSG00000181092/ENSG00000240583/ENSG00000261371",10
"GO:0035150","GO:0035150","regulation of tube size","15/471","167/21468",0.0898203592814371,4.09397764979595,6.01163935814017,4.38136517584514e-06,0.00027273998219636,0.000205774952685978,"ENSG00000018625/ENSG00000043591/ENSG00000105974/ENSG00000109610/ENSG00000115353/ENSG00000120907/ENSG00000121361/ENSG00000124205/ENSG00000126895/ENSG00000130037/ENSG00000136160/ENSG00000166148/ENSG00000169418/ENSG00000174697/ENSG00000188778",15
"GO:0050873","GO:0050873","brown fat cell differentiation","9/471","58/21468",0.155172413793103,7.07269931913024,6.93593395264242,4.47716921574568e-06,0.000274664598409441,0.000207227023654804,"ENSG00000043591/ENSG00000130876/ENSG00000142611/ENSG00000170323/ENSG00000174697/ENSG00000181092/ENSG00000181856/ENSG00000188778/ENSG00000221818",9
"GO:0106106","GO:0106106","cold-induced thermogenesis","15/471","168/21468",0.0892857142857143,4.06960873521383,5.98226116346244,4.71580237881436e-06,0.000284233087717607,0.000214446190492053,"ENSG00000043591/ENSG00000104967/ENSG00000105974/ENSG00000115361/ENSG00000116016/ENSG00000123689/ENSG00000135218/ENSG00000142611/ENSG00000165092/ENSG00000170323/ENSG00000174697/ENSG00000176194/ENSG00000181092/ENSG00000188778/ENSG00000221818",15
"GO:0015850","GO:0015850","organic hydroxy compound transport","22/471","332/21468",0.0662650602409639,3.02033612155629,5.55646749329653,4.76743426126862e-06,0.000284233087717607,0.000214446190492053,"ENSG00000076555/ENSG00000084674/ENSG00000105974/ENSG00000118432/ENSG00000119147/ENSG00000132170/ENSG00000135218/ENSG00000135917/ENSG00000138207/ENSG00000139155/ENSG00000141338/ENSG00000145335/ENSG00000146477/ENSG00000153162/ENSG00000165269/ENSG00000167910/ENSG00000181092/ENSG00000185897/ENSG00000187134/ENSG00000198848/ENSG00000240583/ENSG00000259916",22
"GO:0007588","GO:0007588","excretion","7/471","32/21468",0.21875,9.97054140127389,7.60570151355051,4.89768729838348e-06,0.000287943199084129,0.000217245369346425,"ENSG00000115353/ENSG00000118777/ENSG00000134548/ENSG00000136160/ENSG00000168356/ENSG00000169418/ENSG00000197891",7
"GO:0006631","GO:0006631","fatty acid metabolic process","26/471","438/21468",0.0593607305936073,2.70563941482709,5.40159663268482,4.98808537855945e-06,0.000289240622019755,0.000218224239921404,"ENSG00000004799/ENSG00000009950/ENSG00000076555/ENSG00000094963/ENSG00000101255/ENSG00000105974/ENSG00000115361/ENSG00000118432/ENSG00000123560/ENSG00000124212/ENSG00000124253/ENSG00000132170/ENSG00000135218/ENSG00000145335/ENSG00000151632/ENSG00000161544/ENSG00000166148/ENSG00000167910/ENSG00000168477/ENSG00000174697/ENSG00000175445/ENSG00000181092/ENSG00000187134/ENSG00000196139/ENSG00000198099/ENSG00000198848",26
"GO:0086065","GO:0086065","cell communication involved in cardiac conduction","9/471","59/21468",0.152542372881356,6.95282305948397,6.8575391579476,5.18156141550213e-06,0.000296399317186764,0.000223625282142723,"ENSG00000018625/ENSG00000105974/ENSG00000118729/ENSG00000129244/ENSG00000130037/ENSG00000145362/ENSG00000166257/ENSG00000177098/ENSG00000186439",9
"GO:0043542","GO:0043542","endothelial cell migration","21/471","311/21468",0.067524115755627,3.07772339074692,5.52787721726626,5.85644486711815e-06,0.000330537748300148,0.000249381806692442,"ENSG00000037280/ENSG00000069702/ENSG00000081189/ENSG00000101280/ENSG00000106511/ENSG00000120156/ENSG00000123358/ENSG00000126785/ENSG00000128052/ENSG00000132170/ENSG00000136999/ENSG00000138685/ENSG00000139567/ENSG00000162407/ENSG00000164619/ENSG00000168874/ENSG00000171951/ENSG00000173269/ENSG00000176435/ENSG00000179776/ENSG00000241186",21
"GO:0019915","GO:0019915","lipid storage","12/471","112/21468",0.107142857142857,4.8835304822566,6.17153620589052,6.5686637750052e-06,0.000362036662726275,0.000273146887167623,"ENSG00000076555/ENSG00000084674/ENSG00000105974/ENSG00000123612/ENSG00000132170/ENSG00000135218/ENSG00000136244/ENSG00000174697/ENSG00000175445/ENSG00000176194/ENSG00000187288/ENSG00000198848",12
"GO:0070482","GO:0070482","response to oxygen levels","24/471","391/21468",0.061381074168798,2.79772590287846,5.37310050988855,6.58559485705721e-06,0.000362036662726275,0.000273146887167623,"ENSG00000069702/ENSG00000087250/ENSG00000100678/ENSG00000101280/ENSG00000105974/ENSG00000109610/ENSG00000116016/ENSG00000120156/ENSG00000121361/ENSG00000124212/ENSG00000124253/ENSG00000124440/ENSG00000130037/ENSG00000132170/ENSG00000139567/ENSG00000141052/ENSG00000161544/ENSG00000165197/ENSG00000174697/ENSG00000174804/ENSG00000181092/ENSG00000181195/ENSG00000181856/ENSG00000240583",24
"GO:0051591","GO:0051591","response to cAMP","11/471","94/21468",0.117021276595745,5.33378506572706,6.30675413374324,6.76779761954155e-06,0.000364947113712422,0.000275342743855543,"ENSG00000120156/ENSG00000124253/ENSG00000125740/ENSG00000129596/ENSG00000145708/ENSG00000167588/ENSG00000180509/ENSG00000181092/ENSG00000181195/ENSG00000186642/ENSG00000240583",11
"GO:0015718","GO:0015718","monocarboxylic acid transport","16/471","195/21468",0.0820512820512821,3.73986607871958,5.75638428369176,6.81096668634097e-06,0.000364947113712422,0.000275342743855543,"ENSG00000076555/ENSG00000118777/ENSG00000121361/ENSG00000132170/ENSG00000134548/ENSG00000135218/ENSG00000138039/ENSG00000139155/ENSG00000146477/ENSG00000152779/ENSG00000167910/ENSG00000170323/ENSG00000174697/ENSG00000187134/ENSG00000188257/ENSG00000198848",16
"GO:0120162","GO:0120162","positive regulation of cold-induced thermogenesis","12/471","113/21468",0.106194690265487,4.84031339834282,6.13018539329977,7.20534619051609e-06,0.000381252880305683,0.00028764500450034,"ENSG00000043591/ENSG00000105974/ENSG00000115361/ENSG00000116016/ENSG00000123689/ENSG00000135218/ENSG00000142611/ENSG00000170323/ENSG00000174697/ENSG00000181092/ENSG00000188778/ENSG00000221818",12
"GO:0014074","GO:0014074","response to purine-containing compound","14/471","153/21468",0.0915032679738562,4.17068398484659,5.89486024752787,7.34492573390843e-06,0.000383840378168326,0.000289597201776194,"ENSG00000118729/ENSG00000120156/ENSG00000121361/ENSG00000124253/ENSG00000125740/ENSG00000129596/ENSG00000145708/ENSG00000167588/ENSG00000169313/ENSG00000180509/ENSG00000181092/ENSG00000181195/ENSG00000186642/ENSG00000240583",14
"GO:0045777","GO:0045777","positive regulation of blood pressure","7/471","34/21468",0.205882352941176,9.38403896590483,7.32754747681331,7.5366134252118e-06,0.000389054690596604,0.000293531259718775,"ENSG00000043591/ENSG00000115353/ENSG00000118432/ENSG00000120907/ENSG00000126895/ENSG00000134548/ENSG00000166148",7
"GO:0048659","GO:0048659","smooth muscle cell proliferation","16/471","199/21468",0.0804020100502513,3.66469289120763,5.65610774004221,8.81504500661539e-06,0.000449567295337385,0.000339186386177186,"ENSG00000017427/ENSG00000064989/ENSG00000081189/ENSG00000115252/ENSG00000115353/ENSG00000119508/ENSG00000132170/ENSG00000136244/ENSG00000136999/ENSG00000138685/ENSG00000141052/ENSG00000154734/ENSG00000169418/ENSG00000170962/ENSG00000170989/ENSG00000181092",16
"GO:0048469","GO:0048469","cell maturation","17/471","224/21468",0.0758928571428571,3.45916742493176,5.54129750835862,9.99838617837688e-06,0.000503847246346063,0.000380139143674128,"ENSG00000034971/ENSG00000074660/ENSG00000106004/ENSG00000106852/ENSG00000116016/ENSG00000120049/ENSG00000128052/ENSG00000130173/ENSG00000132170/ENSG00000135298/ENSG00000136160/ENSG00000137077/ENSG00000153902/ENSG00000162367/ENSG00000166947/ENSG00000180509/ENSG00000186417",17
"GO:0034767","GO:0034767","positive regulation of monoatomic ion transmembrane transport","14/471","159/21468",0.0880503144654088,4.01329968353163,5.71185088390513,1.14385986353294e-05,0.000569642212039404,0.000429779668849404,"ENSG00000078549/ENSG00000105974/ENSG00000120049/ENSG00000123560/ENSG00000124205/ENSG00000129244/ENSG00000137672/ENSG00000138039/ENSG00000145335/ENSG00000145362/ENSG00000180509/ENSG00000186439/ENSG00000189056/ENSG00000266964",14
"GO:0072001","GO:0072001","renal system development","22/471","352/21468",0.0625,2.84872611464968,5.23788053268073,1.20187535973267e-05,0.000591142191281246,0.000446000822695687,"ENSG00000081189/ENSG00000120156/ENSG00000121361/ENSG00000128918/ENSG00000136160/ENSG00000138207/ENSG00000138685/ENSG00000141052/ENSG00000143867/ENSG00000147257/ENSG00000153162/ENSG00000154734/ENSG00000163884/ENSG00000164056/ENSG00000164488/ENSG00000164619/ENSG00000164736/ENSG00000170962/ENSG00000174059/ENSG00000181092/ENSG00000240583/ENSG00000261371",22
"GO:0019226","GO:0019226","transmission of nerve impulse","10/471","82/21468",0.121951219512195,5.55848997980426,6.19413486519694,1.22444884412602e-05,0.000591142191281246,0.000446000822695687,"ENSG00000018625/ENSG00000111262/ENSG00000116147/ENSG00000121361/ENSG00000164007/ENSG00000166148/ENSG00000168356/ENSG00000170989/ENSG00000177098/ENSG00000181195",10
"GO:1905954","GO:1905954","positive regulation of lipid localization","12/471","119/21468",0.100840336134454,4.59626398330033,5.89187851122989,1.22892777776399e-05,0.000591142191281246,0.000446000822695687,"ENSG00000076555/ENSG00000084674/ENSG00000105974/ENSG00000119147/ENSG00000132170/ENSG00000135218/ENSG00000141338/ENSG00000153162/ENSG00000175445/ENSG00000176194/ENSG00000181092/ENSG00000198848",12
"GO:0002040","GO:0002040","sprouting angiogenesis","16/471","205/21468",0.0780487804878049,3.55743358707472,5.51044323647246,1.28117511168277e-05,0.000609349915477886,0.000459738059000063,"ENSG00000037280/ENSG00000064300/ENSG00000069702/ENSG00000106511/ENSG00000120156/ENSG00000123358/ENSG00000126785/ENSG00000128052/ENSG00000138685/ENSG00000139567/ENSG00000164283/ENSG00000164619/ENSG00000165197/ENSG00000173269/ENSG00000176435/ENSG00000241186",16
"GO:1904062","GO:1904062","regulation of monoatomic cation transmembrane transport","21/471","330/21468",0.0636363636363636,2.90052113491604,5.21092994156611,1.44473318411304e-05,0.000679506174261167,0.000512669062058359,"ENSG00000018625/ENSG00000022267/ENSG00000078549/ENSG00000092051/ENSG00000105974/ENSG00000118729/ENSG00000120049/ENSG00000123560/ENSG00000124205/ENSG00000129244/ENSG00000138039/ENSG00000143867/ENSG00000145335/ENSG00000145362/ENSG00000164949/ENSG00000166257/ENSG00000177098/ENSG00000180509/ENSG00000182132/ENSG00000186439/ENSG00000266964",21
"GO:0061337","GO:0061337","cardiac conduction","11/471","102/21468",0.107843137254902,4.91544898214063,5.93659676353187,1.49233124783816e-05,0.000694180018911972,0.000523740081658877,"ENSG00000018625/ENSG00000100678/ENSG00000105974/ENSG00000118729/ENSG00000129244/ENSG00000130037/ENSG00000145362/ENSG00000166257/ENSG00000177098/ENSG00000180509/ENSG00000186439",11
"GO:0010883","GO:0010883","regulation of lipid storage","9/471","67/21468",0.134328358208955,6.12263523148588,6.2897199300603,1.50990583461301e-05,0.000694720804121401,0.000524148089498385,"ENSG00000076555/ENSG00000084674/ENSG00000132170/ENSG00000135218/ENSG00000136244/ENSG00000174697/ENSG00000175445/ENSG00000176194/ENSG00000198848",9
"GO:0051899","GO:0051899","membrane depolarization","11/471","103/21468",0.106796116504854,4.86772617648878,5.89305359853612,1.63827813207929e-05,0.000745680788504478,0.000562596021814213,"ENSG00000018625/ENSG00000022267/ENSG00000034971/ENSG00000105974/ENSG00000114859/ENSG00000128052/ENSG00000145362/ENSG00000153253/ENSG00000166257/ENSG00000168356/ENSG00000177098",11
"GO:0060419","GO:0060419","heart growth","11/471","104/21468",0.105769230769231,4.82092111709946,5.85006867493109,1.79643803099511e-05,0.000808970445234286,0.000610346359018943,"ENSG00000017427/ENSG00000069702/ENSG00000076555/ENSG00000081189/ENSG00000120907/ENSG00000138207/ENSG00000138685/ENSG00000139318/ENSG00000164530/ENSG00000170989/ENSG00000187955",11
"GO:0050900","GO:0050900","leukocyte migration","26/471","472/21468",0.0550847457627119,2.51074166036921,4.97061848294657,1.85169046090306e-05,0.000825074286421331,0.000622496272396662,"ENSG00000081041/ENSG00000091972/ENSG00000100448/ENSG00000115353/ENSG00000124205/ENSG00000133800/ENSG00000135424/ENSG00000136160/ENSG00000136244/ENSG00000136999/ENSG00000137033/ENSG00000137077/ENSG00000138135/ENSG00000154721/ENSG00000165197/ENSG00000169313/ENSG00000170962/ENSG00000170989/ENSG00000171951/ENSG00000173432/ENSG00000174059/ENSG00000174175/ENSG00000174697/ENSG00000261371/ENSG00000275152/ENSG00000276409",26
"GO:0046942","GO:0046942","carboxylic acid transport","23/471","390/21468",0.058974358974359,2.6880287440797,5.03865877845988,1.93895119268759e-05,0.00084990681270221,0.00064123174300633,"ENSG00000018625/ENSG00000076555/ENSG00000085563/ENSG00000104888/ENSG00000118777/ENSG00000121361/ENSG00000130876/ENSG00000132170/ENSG00000134548/ENSG00000135218/ENSG00000138039/ENSG00000139155/ENSG00000145335/ENSG00000146477/ENSG00000152779/ENSG00000165349/ENSG00000166148/ENSG00000167910/ENSG00000170323/ENSG00000174697/ENSG00000187134/ENSG00000188257/ENSG00000198848",23
"GO:0001990","GO:0001990","regulation of systemic arterial blood pressure by hormone","7/471","39/21468",0.179487179487179,8.18095704719908,6.72250583249691,1.96008368197943e-05,0.00084990681270221,0.00064123174300633,"ENSG00000092009/ENSG00000100448/ENSG00000115353/ENSG00000124205/ENSG00000126895/ENSG00000136160/ENSG00000166148",7
"GO:0001523","GO:0001523","retinoid metabolic process","11/471","105/21468",0.104761904761905,4.7750075826509,5.80762899992165,1.96765574403063e-05,0.00084990681270221,0.00064123174300633,"ENSG00000079435/ENSG00000128918/ENSG00000135437/ENSG00000138207/ENSG00000165092/ENSG00000187134/ENSG00000187758/ENSG00000196139/ENSG00000196616/ENSG00000198099/ENSG00000248144",11
"GO:0015849","GO:0015849","organic acid transport","23/471","391/21468",0.0588235294117647,2.68115399025852,5.02468665984947,2.01897567437396e-05,0.000863265053497472,0.000651310175018671,"ENSG00000018625/ENSG00000076555/ENSG00000085563/ENSG00000104888/ENSG00000118777/ENSG00000121361/ENSG00000130876/ENSG00000132170/ENSG00000134548/ENSG00000135218/ENSG00000138039/ENSG00000139155/ENSG00000145335/ENSG00000146477/ENSG00000152779/ENSG00000165349/ENSG00000166148/ENSG00000167910/ENSG00000170323/ENSG00000174697/ENSG00000187134/ENSG00000188257/ENSG00000198848",23
"GO:0030856","GO:0030856","regulation of epithelial cell differentiation","15/471","190/21468",0.0789473684210526,3.59839088166276,5.38807198533093,2.0789826304115e-05,0.000880033347453187,0.000663961400070367,"ENSG00000073282/ENSG00000105974/ENSG00000113648/ENSG00000117425/ENSG00000136158/ENSG00000138685/ENSG00000139567/ENSG00000143867/ENSG00000153162/ENSG00000164056/ENSG00000166292/ENSG00000168874/ENSG00000178878/ENSG00000179776/ENSG00000204301",15
"GO:0016042","GO:0016042","lipid catabolic process","23/471","392/21468",0.0586734693877551,2.67431431171195,5.01075808243259,2.10196889947192e-05,0.000880953896184616,0.000664655929233746,"ENSG00000067113/ENSG00000074660/ENSG00000076555/ENSG00000079435/ENSG00000084674/ENSG00000114771/ENSG00000115361/ENSG00000118432/ENSG00000124253/ENSG00000136960/ENSG00000162407/ENSG00000166819/ENSG00000167910/ENSG00000174697/ENSG00000175445/ENSG00000176194/ENSG00000181092/ENSG00000182782/ENSG00000182836/ENSG00000187288/ENSG00000188257/ENSG00000196139/ENSG00000198848",23
"GO:0019229","GO:0019229","regulation of vasoconstriction","9/471","70/21468",0.128571428571429,5.86023657870792,6.10010549386496,2.16694651486367e-05,0.000899282803668422,0.000678484595056385,"ENSG00000018625/ENSG00000105974/ENSG00000115353/ENSG00000120907/ENSG00000124205/ENSG00000126895/ENSG00000130037/ENSG00000166148/ENSG00000174697",9
"GO:0030198","GO:0030198","extracellular matrix organization","23/471","394/21468",0.0583756345177665,2.66073911216011,4.98303049002614,2.27725210276903e-05,0.000935884286506924,0.000706099425631195,"ENSG00000029559/ENSG00000066056/ENSG00000069702/ENSG00000092009/ENSG00000100448/ENSG00000105509/ENSG00000105974/ENSG00000116147/ENSG00000122884/ENSG00000132170/ENSG00000132561/ENSG00000133392/ENSG00000136244/ENSG00000140873/ENSG00000154175/ENSG00000154734/ENSG00000164318/ENSG00000168477/ENSG00000171819/ENSG00000172987/ENSG00000185585/ENSG00000187955/ENSG00000205221",23
"GO:0043062","GO:0043062","extracellular structure organization","23/471","395/21468",0.0582278481012658,2.65400306377489,4.96923095022948,2.36974414375903e-05,0.00096453143851269,0.000727712928356771,"ENSG00000029559/ENSG00000066056/ENSG00000069702/ENSG00000092009/ENSG00000100448/ENSG00000105509/ENSG00000105974/ENSG00000116147/ENSG00000122884/ENSG00000132170/ENSG00000132561/ENSG00000133392/ENSG00000136244/ENSG00000140873/ENSG00000154175/ENSG00000154734/ENSG00000164318/ENSG00000168477/ENSG00000171819/ENSG00000172987/ENSG00000185585/ENSG00000187955/ENSG00000205221",23
"GO:0051235","GO:0051235","maintenance of location","22/471","369/21468",0.0596205962059621,2.71748399012653,4.98416546885319,2.48480599534236e-05,0.00100173178840802,0.000755779587956765,"ENSG00000018625/ENSG00000076555/ENSG00000084674/ENSG00000092051/ENSG00000105974/ENSG00000118729/ENSG00000123612/ENSG00000132170/ENSG00000135218/ENSG00000136244/ENSG00000137077/ENSG00000138039/ENSG00000138685/ENSG00000145335/ENSG00000145362/ENSG00000148180/ENSG00000174697/ENSG00000175445/ENSG00000176194/ENSG00000186439/ENSG00000187288/ENSG00000198848",22
"GO:0097009","GO:0097009","energy homeostasis","10/471","89/21468",0.112359550561798,5.12130537465111,5.83517133777971,2.53894854263512e-05,0.00100847074539127,0.000760863949051216,"ENSG00000009950/ENSG00000043591/ENSG00000076555/ENSG00000080293/ENSG00000094963/ENSG00000119508/ENSG00000123612/ENSG00000135218/ENSG00000174697/ENSG00000188778",10
"GO:0045229","GO:0045229","external encapsulating structure organization","23/471","397/21468",0.0579345088161209,2.64063277126217,4.94175908846813,2.56495530220792e-05,0.00100847074539127,0.000760863949051216,"ENSG00000029559/ENSG00000066056/ENSG00000069702/ENSG00000092009/ENSG00000100448/ENSG00000105509/ENSG00000105974/ENSG00000116147/ENSG00000122884/ENSG00000132170/ENSG00000132561/ENSG00000133392/ENSG00000136244/ENSG00000140873/ENSG00000154175/ENSG00000154734/ENSG00000164318/ENSG00000168477/ENSG00000171819/ENSG00000172987/ENSG00000185585/ENSG00000187955/ENSG00000205221",23
"GO:0045833","GO:0045833","negative regulation of lipid metabolic process","12/471","128/21468",0.09375,4.27308917197452,5.56266776678308,2.57299410588842e-05,0.00100847074539127,0.000760863949051216,"ENSG00000076555/ENSG00000094963/ENSG00000101255/ENSG00000115361/ENSG00000118432/ENSG00000138135/ENSG00000151468/ENSG00000167910/ENSG00000176194/ENSG00000182782/ENSG00000187288/ENSG00000196139",12
"GO:0050731","GO:0050731","positive regulation of peptidyl-tyrosine phosphorylation","12/471","129/21468",0.0930232558139535,4.23996444971115,5.52796870831251,2.78150531531968e-05,0.00108019376144479,0.000814977028168026,"ENSG00000017427/ENSG00000101280/ENSG00000108342/ENSG00000135218/ENSG00000136244/ENSG00000136960/ENSG00000153162/ENSG00000162407/ENSG00000181092/ENSG00000189056/ENSG00000241186/ENSG00000261371",12
"GO:0048660","GO:0048660","regulation of smooth muscle cell proliferation","15/471","195/21468",0.0769230769230769,3.50612444879961,5.26529946193119,2.82014708394344e-05,0.00108524387330296,0.000818787201213818,"ENSG00000017427/ENSG00000064989/ENSG00000081189/ENSG00000115252/ENSG00000115353/ENSG00000119508/ENSG00000132170/ENSG00000136244/ENSG00000138685/ENSG00000141052/ENSG00000154734/ENSG00000169418/ENSG00000170962/ENSG00000170989/ENSG00000181092",15
"GO:0071320","GO:0071320","cellular response to cAMP","8/471","56/21468",0.142857142857143,6.51137397634213,6.18504387840264,2.85287398967795e-05,0.00108794735119881,0.000820826902293305,"ENSG00000124253/ENSG00000145708/ENSG00000167588/ENSG00000180509/ENSG00000181092/ENSG00000181195/ENSG00000186642/ENSG00000240583",8
"GO:0016101","GO:0016101","diterpenoid metabolic process","11/471","110/21468",0.1,4.55796178343949,5.60318340357179,3.05245604988573e-05,0.00115366486242556,0.000870408990164784,"ENSG00000079435/ENSG00000128918/ENSG00000135437/ENSG00000138207/ENSG00000165092/ENSG00000187134/ENSG00000187758/ENSG00000196139/ENSG00000196616/ENSG00000198099/ENSG00000248144",11
"GO:0042310","GO:0042310","vasoconstriction","10/471","91/21468",0.10989010989011,5.00874921257087,5.73949540811147,3.08623917220735e-05,0.00115611065627909,0.00087225427559172,"ENSG00000018625/ENSG00000105974/ENSG00000115353/ENSG00000120907/ENSG00000124205/ENSG00000126895/ENSG00000130037/ENSG00000136160/ENSG00000166148/ENSG00000174697",10
"GO:0001570","GO:0001570","vasculogenesis","10/471","92/21468",0.108695652173913,4.95430628634727,5.69270273351478,3.39577676518527e-05,0.00125587789676263,0.00094752596485703,"ENSG00000066056/ENSG00000069702/ENSG00000105974/ENSG00000128052/ENSG00000141052/ENSG00000163513/ENSG00000164736/ENSG00000166292/ENSG00000174059/ENSG00000174804",10
"GO:0034219","GO:0034219","carbohydrate transmembrane transport","13/471","153/21468",0.0849673202614379,3.87277798592898,5.34100050025808,3.41190546013944e-05,0.00125587789676263,0.00094752596485703,"ENSG00000017427/ENSG00000076555/ENSG00000101255/ENSG00000119508/ENSG00000147257/ENSG00000163884/ENSG00000165269/ENSG00000174697/ENSG00000181092/ENSG00000181856/ENSG00000184811/ENSG00000240583/ENSG00000259916",13
"GO:0045766","GO:0045766","positive regulation of angiogenesis","15/471","199/21468",0.0753768844221105,3.43564958550715,5.16993778835588,3.57178543678328e-05,0.00129046616342045,0.000973621878179627,"ENSG00000004776/ENSG00000066056/ENSG00000092009/ENSG00000101280/ENSG00000114378/ENSG00000120156/ENSG00000124212/ENSG00000128052/ENSG00000138685/ENSG00000139567/ENSG00000163513/ENSG00000164619/ENSG00000174059/ENSG00000179776/ENSG00000240583",15
"GO:0009914","GO:0009914","hormone transport","22/471","378/21468",0.0582010582010582,2.65278199036161,4.85557525529783,3.57663419109324e-05,0.00129046616342045,0.000973621878179627,"ENSG00000053438/ENSG00000115353/ENSG00000118432/ENSG00000119147/ENSG00000123612/ENSG00000124205/ENSG00000130037/ENSG00000132170/ENSG00000136244/ENSG00000136999/ENSG00000138207/ENSG00000139155/ENSG00000145708/ENSG00000153162/ENSG00000164220/ENSG00000174697/ENSG00000174804/ENSG00000181092/ENSG00000182782/ENSG00000185897/ENSG00000240583/ENSG00000272636",22
"GO:0043491","GO:0043491","phosphatidylinositol 3-kinase/protein kinase B signal transduction","21/471","351/21468",0.0598290598290598,2.72698568239969,4.88589008773385,3.59733067053185e-05,0.00129046616342045,0.000973621878179627,"ENSG00000017427/ENSG00000034971/ENSG00000046889/ENSG00000108342/ENSG00000120156/ENSG00000128052/ENSG00000136158/ENSG00000137077/ENSG00000138685/ENSG00000140538/ENSG00000151632/ENSG00000160293/ENSG00000166292/ENSG00000169313/ENSG00000170962/ENSG00000174175/ENSG00000174697/ENSG00000184500/ENSG00000187800/ENSG00000189056/ENSG00000196139",21
"GO:2000146","GO:2000146","negative regulation of cell motility","24/471","434/21468",0.0552995391705069,2.52053186180986,4.79288449023022,3.63484851232234e-05,0.00129296754224037,0.000975509100962934,"ENSG00000064300/ENSG00000066056/ENSG00000069702/ENSG00000081189/ENSG00000091972/ENSG00000101280/ENSG00000105509/ENSG00000106511/ENSG00000123612/ENSG00000129244/ENSG00000132170/ENSG00000136999/ENSG00000137033/ENSG00000137077/ENSG00000137872/ENSG00000138685/ENSG00000139567/ENSG00000141052/ENSG00000161544/ENSG00000164007/ENSG00000173269/ENSG00000175471/ENSG00000181092/ENSG00000196104",24
"GO:0048545","GO:0048545","response to steroid hormone","22/471","379/21468",0.0580474934036939,2.64578256558493,4.84151828651951,3.72128071561445e-05,0.001312681772433,0.00099038295536616,"ENSG00000003436/ENSG00000018625/ENSG00000067113/ENSG00000073282/ENSG00000105974/ENSG00000115353/ENSG00000119508/ENSG00000124253/ENSG00000125740/ENSG00000126545/ENSG00000129596/ENSG00000136244/ENSG00000151623/ENSG00000153162/ENSG00000166148/ENSG00000168309/ENSG00000175899/ENSG00000178175/ENSG00000181092/ENSG00000196139/ENSG00000240583/ENSG00000265972",22
"GO:0033002","GO:0033002","muscle cell proliferation","18/471","274/21468",0.0656934306569343,2.99428146357339,4.97591297886482,3.87003518983732e-05,0.00135387264120507,0.00102146035371609,"ENSG00000017427/ENSG00000064989/ENSG00000069702/ENSG00000081189/ENSG00000115252/ENSG00000115353/ENSG00000119508/ENSG00000132170/ENSG00000136244/ENSG00000136999/ENSG00000138207/ENSG00000138685/ENSG00000141052/ENSG00000154734/ENSG00000169418/ENSG00000170962/ENSG00000170989/ENSG00000181092",18
"GO:0072012","GO:0072012","glomerulus vasculature development","6/471","30/21468",0.2,9.11592356687898,6.66229639713699,4.10067855098748e-05,0.00142280100871557,0.00107346494596169,"ENSG00000120156/ENSG00000143867/ENSG00000170962/ENSG00000174059/ENSG00000240583/ENSG00000261371",6
"GO:0060420","GO:0060420","regulation of heart growth","9/471","76/21468",0.118421052631579,5.39758632249413,5.75192191913694,4.22689279266542e-05,0.0014494875860979,0.00109359924806869,"ENSG00000017427/ENSG00000069702/ENSG00000076555/ENSG00000081189/ENSG00000138207/ENSG00000138685/ENSG00000139318/ENSG00000164530/ENSG00000187955",9
"GO:1904018","GO:1904018","positive regulation of vasculature development","15/471","202/21468",0.0742574257425743,3.38462508671249,5.10000258293613,4.2460775023893e-05,0.0014494875860979,0.00109359924806869,"ENSG00000004776/ENSG00000066056/ENSG00000092009/ENSG00000101280/ENSG00000114378/ENSG00000120156/ENSG00000124212/ENSG00000128052/ENSG00000138685/ENSG00000139567/ENSG00000163513/ENSG00000164619/ENSG00000174059/ENSG00000179776/ENSG00000240583",15
"GO:0030638","GO:0030638","polyketide metabolic process","4/471","10/21468",0.4,18.231847133758,8.16309255010993,4.32551577096076e-05,0.00145316732210134,0.00109637550953174,"ENSG00000151632/ENSG00000187134/ENSG00000196139/ENSG00000198075",4
"GO:0044598","GO:0044598","doxorubicin metabolic process","4/471","10/21468",0.4,18.231847133758,8.16309255010993,4.32551577096076e-05,0.00145316732210134,0.00109637550953174,"ENSG00000151632/ENSG00000187134/ENSG00000196139/ENSG00000198075",4
"GO:0060306","GO:0060306","regulation of membrane repolarization","7/471","44/21468",0.159090909090909,7.2513028372901,6.21676003871461,4.44276559609734e-05,0.00147819672106172,0.0011152595152626,"ENSG00000105974/ENSG00000118729/ENSG00000120049/ENSG00000130037/ENSG00000145362/ENSG00000177098/ENSG00000180509",7
"GO:0045471","GO:0045471","response to ethanol","13/471","157/21468",0.0828025477707006,3.77410848310276,5.22503085816613,4.46986015345855e-05,0.00147819672106172,0.0011152595152626,"ENSG00000078549/ENSG00000108342/ENSG00000115353/ENSG00000118432/ENSG00000125740/ENSG00000129596/ENSG00000138685/ENSG00000145708/ENSG00000167910/ENSG00000174697/ENSG00000181092/ENSG00000181195/ENSG00000181856",13
"GO:1902930","GO:1902930","regulation of alcohol biosynthetic process","8/471","60/21468",0.133333333333333,6.07728237791932,5.89842962997465,4.75976888464046e-05,0.00155487994575708,0.00117311493787583,"ENSG00000078549/ENSG00000084674/ENSG00000114859/ENSG00000138039/ENSG00000145335/ENSG00000153162/ENSG00000164849/ENSG00000167910",8
"GO:0008643","GO:0008643","carbohydrate transport","13/471","158/21468",0.0822784810126582,3.75022172055148,5.19663284481995,4.77520418021309e-05,0.00155487994575708,0.00117311493787583,"ENSG00000017427/ENSG00000076555/ENSG00000101255/ENSG00000119508/ENSG00000147257/ENSG00000163884/ENSG00000165269/ENSG00000174697/ENSG00000181092/ENSG00000181856/ENSG00000184811/ENSG00000240583/ENSG00000259916",13
"GO:0006937","GO:0006937","regulation of muscle contraction","14/471","181/21468",0.0773480662983425,3.52549530210789,5.11029686767861,4.87956133765987e-05,0.00157016509252681,0.00118464716842014,"ENSG00000007314/ENSG00000018625/ENSG00000100678/ENSG00000105974/ENSG00000111262/ENSG00000115353/ENSG00000118729/ENSG00000120907/ENSG00000123358/ENSG00000124205/ENSG00000130595/ENSG00000134548/ENSG00000141052/ENSG00000145362",14
"GO:0046883","GO:0046883","regulation of hormone secretion","19/471","305/21468",0.0622950819672131,2.83938602902788,4.84564612648671,4.89633338562577e-05,0.00157016509252681,0.00118464716842014,"ENSG00000053438/ENSG00000115353/ENSG00000118432/ENSG00000119147/ENSG00000123612/ENSG00000124205/ENSG00000130037/ENSG00000132170/ENSG00000136244/ENSG00000136999/ENSG00000138207/ENSG00000145708/ENSG00000153162/ENSG00000164220/ENSG00000174697/ENSG00000181092/ENSG00000182782/ENSG00000185897/ENSG00000272636",19
"GO:0018108","GO:0018108","peptidyl-tyrosine phosphorylation","16/471","229/21468",0.0698689956331878,3.1846021194337,4.97783580213859,4.97368662348475e-05,0.00157671384512313,0.0011895880254401,"ENSG00000017427/ENSG00000037280/ENSG00000101280/ENSG00000105974/ENSG00000108342/ENSG00000128052/ENSG00000135218/ENSG00000136244/ENSG00000136960/ENSG00000153162/ENSG00000162407/ENSG00000162878/ENSG00000181092/ENSG00000189056/ENSG00000241186/ENSG00000261371",16
"GO:0001945","GO:0001945","lymph vessel development","6/471","31/21468",0.193548387096774,8.8218615163345,6.52719328254811,4.99125100983933e-05,0.00157671384512313,0.0011895880254401,"ENSG00000037280/ENSG00000066056/ENSG00000128052/ENSG00000138685/ENSG00000139567/ENSG00000176435",6
"GO:0018212","GO:0018212","peptidyl-tyrosine modification","16/471","231/21468",0.0692640692640693,3.15702980671134,4.93665821654213,5.51861567050133e-05,0.00171766912744354,0.00129593498020906,"ENSG00000017427/ENSG00000037280/ENSG00000101280/ENSG00000105974/ENSG00000108342/ENSG00000128052/ENSG00000135218/ENSG00000136244/ENSG00000136960/ENSG00000153162/ENSG00000162407/ENSG00000162878/ENSG00000181092/ENSG00000189056/ENSG00000241186/ENSG00000261371",16
"GO:0071805","GO:0071805","potassium ion transmembrane transport","16/471","231/21468",0.0692640692640693,3.15702980671134,4.93665821654213,5.51861567050133e-05,0.00171766912744354,0.00129593498020906,"ENSG00000018625/ENSG00000022267/ENSG00000104888/ENSG00000105974/ENSG00000111262/ENSG00000118729/ENSG00000120049/ENSG00000121361/ENSG00000124205/ENSG00000129244/ENSG00000130037/ENSG00000145362/ENSG00000153822/ENSG00000180509/ENSG00000182132/ENSG00000240583",16
"GO:0030336","GO:0030336","negative regulation of cell migration","23/471","418/21468",0.0550239234449761,2.50796940237101,4.66307207194268,5.68091110923184e-05,0.0017552771332393,0.00132430920517936,"ENSG00000064300/ENSG00000066056/ENSG00000069702/ENSG00000081189/ENSG00000091972/ENSG00000101280/ENSG00000105509/ENSG00000106511/ENSG00000123612/ENSG00000129244/ENSG00000132170/ENSG00000136999/ENSG00000137033/ENSG00000137077/ENSG00000137872/ENSG00000138685/ENSG00000139567/ENSG00000141052/ENSG00000161544/ENSG00000164007/ENSG00000173269/ENSG00000175471/ENSG00000181092",23
"GO:0061437","GO:0061437","renal system vasculature development","6/471","32/21468",0.1875,8.54617834394904,6.39805085164034,6.03005461291649e-05,0.00183037035079374,0.00138096501033439,"ENSG00000120156/ENSG00000143867/ENSG00000170962/ENSG00000174059/ENSG00000240583/ENSG00000261371",6
"GO:0061440","GO:0061440","kidney vasculature development","6/471","32/21468",0.1875,8.54617834394904,6.39805085164034,6.03005461291649e-05,0.00183037035079374,0.00138096501033439,"ENSG00000120156/ENSG00000143867/ENSG00000170962/ENSG00000174059/ENSG00000240583/ENSG00000261371",6
"GO:0070542","GO:0070542","response to fatty acid","8/471","62/21468",0.129032258064516,5.88124101088967,5.76468847952495,6.05366995301497e-05,0.00183037035079374,0.00138096501033439,"ENSG00000004799/ENSG00000135218/ENSG00000151632/ENSG00000175445/ENSG00000181092/ENSG00000185897/ENSG00000187134/ENSG00000196139",8
"GO:0010959","GO:0010959","regulation of metal ion transport","24/471","449/21468",0.0534521158129176,2.4363270111926,4.60667931543356,6.2046733103049e-05,0.00186272213634898,0.00140537355904928,"ENSG00000018625/ENSG00000022267/ENSG00000078549/ENSG00000091513/ENSG00000092051/ENSG00000105974/ENSG00000118729/ENSG00000120049/ENSG00000123560/ENSG00000124205/ENSG00000129244/ENSG00000130037/ENSG00000137672/ENSG00000138039/ENSG00000143867/ENSG00000145335/ENSG00000145362/ENSG00000164949/ENSG00000166257/ENSG00000177098/ENSG00000180509/ENSG00000182132/ENSG00000186439/ENSG00000266964",24
"GO:0090100","GO:0090100","positive regulation of transmembrane receptor protein serine/threonine kinase signaling pathway","11/471","119/21468",0.092436974789916,4.21324198469197,5.26436087253366,6.32761987340471e-05,0.00188625457212128,0.00142312814647219,"ENSG00000069702/ENSG00000128052/ENSG00000139567/ENSG00000141052/ENSG00000147257/ENSG00000148204/ENSG00000153162/ENSG00000163513/ENSG00000164619/ENSG00000168874/ENSG00000179776",11
"GO:0046879","GO:0046879","hormone secretion","21/471","367/21468",0.0572207084468665,2.60809802322151,4.65384097490523,6.83022613082562e-05,0.00202184246236258,0.00152542554883511,"ENSG00000053438/ENSG00000115353/ENSG00000118432/ENSG00000119147/ENSG00000123612/ENSG00000124205/ENSG00000130037/ENSG00000132170/ENSG00000136244/ENSG00000136999/ENSG00000138207/ENSG00000145708/ENSG00000153162/ENSG00000164220/ENSG00000174697/ENSG00000174804/ENSG00000181092/ENSG00000182782/ENSG00000185897/ENSG00000240583/ENSG00000272636",21
"GO:0051896","GO:0051896","regulation of phosphatidylinositol 3-kinase/protein kinase B signal transduction","19/471","314/21468",0.0605095541401274,2.75800235303663,4.70008306846949,7.22203567231916e-05,0.00212297756950882,0.00160172925656552,"ENSG00000017427/ENSG00000034971/ENSG00000108342/ENSG00000120156/ENSG00000128052/ENSG00000136158/ENSG00000137077/ENSG00000138685/ENSG00000140538/ENSG00000151632/ENSG00000160293/ENSG00000166292/ENSG00000169313/ENSG00000170962/ENSG00000174175/ENSG00000174697/ENSG00000184500/ENSG00000189056/ENSG00000196139",19
"GO:0006813","GO:0006813","potassium ion transport","17/471","262/21468",0.0648854961832061,2.95745611902562,4.7745320153853,7.3546784725066e-05,0.00214705889476693,0.00161989796628567,"ENSG00000018625/ENSG00000022267/ENSG00000104888/ENSG00000105974/ENSG00000111262/ENSG00000118729/ENSG00000120049/ENSG00000121361/ENSG00000124205/ENSG00000129244/ENSG00000130037/ENSG00000145362/ENSG00000153822/ENSG00000180509/ENSG00000182132/ENSG00000240583/ENSG00000266964",17
"GO:0001822","GO:0001822","kidney development","20/471","342/21468",0.0584795321637427,2.6654747271576,4.6500751302194,7.52312268377434e-05,0.00216690568697041,0.00163487183514696,"ENSG00000081189/ENSG00000120156/ENSG00000121361/ENSG00000128918/ENSG00000136160/ENSG00000138685/ENSG00000143867/ENSG00000147257/ENSG00000153162/ENSG00000154734/ENSG00000163884/ENSG00000164056/ENSG00000164488/ENSG00000164619/ENSG00000164736/ENSG00000170962/ENSG00000174059/ENSG00000181092/ENSG00000240583/ENSG00000261371",20
"GO:0010885","GO:0010885","regulation of cholesterol storage","5/471","21/21468",0.238095238095238,10.8522899605702,6.76520660252365,7.57256454258385e-05,0.00216690568697041,0.00163487183514696,"ENSG00000084674/ENSG00000132170/ENSG00000135218/ENSG00000175445/ENSG00000198848",5
"GO:0040013","GO:0040013","negative regulation of locomotion","24/471","455/21468",0.0527472527472527,2.40419962203402,4.53427678821253,7.62332549703412e-05,0.00216690568697041,0.00163487183514696,"ENSG00000064300/ENSG00000066056/ENSG00000069702/ENSG00000081189/ENSG00000091972/ENSG00000101280/ENSG00000105509/ENSG00000106511/ENSG00000123612/ENSG00000129244/ENSG00000132170/ENSG00000136999/ENSG00000137033/ENSG00000137077/ENSG00000137872/ENSG00000138685/ENSG00000139567/ENSG00000141052/ENSG00000161544/ENSG00000164007/ENSG00000173269/ENSG00000175471/ENSG00000181092/ENSG00000196104",24
"GO:0048010","GO:0048010","vascular endothelial growth factor receptor signaling pathway","8/471","64/21468",0.125,5.69745222929936,5.63666722212612,7.627426112889e-05,0.00216690568697041,0.00163487183514696,"ENSG00000037280/ENSG00000087250/ENSG00000128052/ENSG00000160293/ENSG00000165197/ENSG00000173269/ENSG00000174804/ENSG00000176435",8
"GO:0019218","GO:0019218","regulation of steroid metabolic process","11/471","122/21468",0.0901639344262295,4.10963767359298,5.15880318821272,7.94165975931505e-05,0.0022178682837816,0.00167332173846926,"ENSG00000084674/ENSG00000114859/ENSG00000115361/ENSG00000138039/ENSG00000138135/ENSG00000153162/ENSG00000164849/ENSG00000167910/ENSG00000174697/ENSG00000196139/ENSG00000198848",11
"GO:0035249","GO:0035249","synaptic transmission, glutamatergic","11/471","122/21468",0.0901639344262295,4.10963767359298,5.15880318821272,7.94165975931505e-05,0.0022178682837816,0.00167332173846926,"ENSG00000018625/ENSG00000081189/ENSG00000104888/ENSG00000116147/ENSG00000118432/ENSG00000121361/ENSG00000137766/ENSG00000150394/ENSG00000152578/ENSG00000189056/ENSG00000251322",11
"GO:0010038","GO:0010038","response to metal ion","21/471","371/21468",0.0566037735849057,2.57997836798462,4.5977489288575,7.96399667221362e-05,0.0022178682837816,0.00167332173846926,"ENSG00000018625/ENSG00000036473/ENSG00000081189/ENSG00000087250/ENSG00000091513/ENSG00000091704/ENSG00000105974/ENSG00000109610/ENSG00000111262/ENSG00000118729/ENSG00000120049/ENSG00000125740/ENSG00000145335/ENSG00000145708/ENSG00000153162/ENSG00000170323/ENSG00000181195/ENSG00000196139/ENSG00000205364/ENSG00000240583/ENSG00000265972",21
"GO:0060986","GO:0060986","endocrine hormone secretion","8/471","65/21468",0.123076923076923,5.60979911807937,5.57466610826879,8.53324950211267e-05,0.00232498950803264,0.00175414180993224,"ENSG00000119147/ENSG00000132170/ENSG00000145708/ENSG00000153162/ENSG00000174697/ENSG00000174804/ENSG00000182782/ENSG00000240583",8
"GO:0006721","GO:0006721","terpenoid metabolic process","11/471","123/21468",0.0894308943089431,4.07622598518979,5.12436693347125,8.55256731488548e-05,0.00232498950803264,0.00175414180993224,"ENSG00000079435/ENSG00000128918/ENSG00000135437/ENSG00000138207/ENSG00000165092/ENSG00000187134/ENSG00000187758/ENSG00000196139/ENSG00000196616/ENSG00000198099/ENSG00000248144",11
"GO:0010644","GO:0010644","cell communication by electrical coupling","6/471","34/21468",0.176470588235294,8.04346197077557,6.15589958513712,8.6232778823795e-05,0.00232498950803264,0.00175414180993224,"ENSG00000018625/ENSG00000105974/ENSG00000111262/ENSG00000118729/ENSG00000129244/ENSG00000186439",6
"GO:0030212","GO:0030212","hyaluronan metabolic process","6/471","34/21468",0.176470588235294,8.04346197077557,6.15589958513712,8.6232778823795e-05,0.00232498950803264,0.00175414180993224,"ENSG00000105509/ENSG00000114378/ENSG00000123243/ENSG00000133800/ENSG00000136011/ENSG00000138685",6
"GO:0086011","GO:0086011","membrane repolarization during action potential","6/471","34/21468",0.176470588235294,8.04346197077557,6.15589958513712,8.6232778823795e-05,0.00232498950803264,0.00175414180993224,"ENSG00000105974/ENSG00000111262/ENSG00000120049/ENSG00000121361/ENSG00000130037/ENSG00000180509",6
"GO:1904064","GO:1904064","positive regulation of cation transmembrane transport","12/471","145/21468",0.0827586206896552,3.77210630353613,5.01634313023431,8.76499132884225e-05,0.00234824103132843,0.00177168445647617,"ENSG00000078549/ENSG00000105974/ENSG00000120049/ENSG00000123560/ENSG00000124205/ENSG00000129244/ENSG00000138039/ENSG00000145335/ENSG00000145362/ENSG00000180509/ENSG00000186439/ENSG00000266964",12
"GO:0042063","GO:0042063","gliogenesis","22/471","403/21468",0.054590570719603,2.48821735076101,4.51705795282417,9.19863534303393e-05,0.00244891971113601,0.00184764380210294,"ENSG00000034971/ENSG00000100678/ENSG00000108381/ENSG00000114859/ENSG00000122877/ENSG00000123560/ENSG00000127329/ENSG00000129244/ENSG00000132561/ENSG00000135144/ENSG00000136244/ENSG00000137033/ENSG00000138685/ENSG00000144230/ENSG00000145681/ENSG00000153902/ENSG00000162367/ENSG00000162407/ENSG00000163884/ENSG00000169313/ENSG00000181195/ENSG00000189056",22
"GO:0045834","GO:0045834","positive regulation of lipid metabolic process","12/471","146/21468",0.0821917808219178,3.74626995899136,4.98681425470116,9.36387234868767e-05,0.00247732947824968,0.00186907820433674,"ENSG00000009950/ENSG00000069122/ENSG00000114771/ENSG00000124253/ENSG00000132170/ENSG00000151468/ENSG00000153162/ENSG00000166148/ENSG00000167910/ENSG00000170509/ENSG00000181092/ENSG00000198848",12
"GO:0071375","GO:0071375","cellular response to peptide hormone stimulus","20/471","348/21468",0.0574712643678161,2.61951826634453,4.56190275579985,9.53744179467132e-05,0.00250343547384252,0.00188877447315906,"ENSG00000004799/ENSG00000065325/ENSG00000101255/ENSG00000105974/ENSG00000106113/ENSG00000119508/ENSG00000120833/ENSG00000123358/ENSG00000124253/ENSG00000132170/ENSG00000138039/ENSG00000145708/ENSG00000174697/ENSG00000181092/ENSG00000181856/ENSG00000184557/ENSG00000184811/ENSG00000185897/ENSG00000197891/ENSG00000204687",20
"GO:0097254","GO:0097254","renal tubular secretion","5/471","22/21468",0.227272727272727,10.3590040532716,6.57787070240436,9.62390504343231e-05,0.00250343547384252,0.00188877447315906,"ENSG00000118777/ENSG00000134548/ENSG00000136160/ENSG00000169418/ENSG00000197891",5
"GO:0007178","GO:0007178","cell surface receptor protein serine/threonine kinase signaling pathway","24/471","462/21468",0.051948051948052,2.3677723550335,4.45123616112972,9.63997123166384e-05,0.00250343547384252,0.00188877447315906,"ENSG00000069702/ENSG00000101938/ENSG00000105974/ENSG00000123612/ENSG00000128052/ENSG00000132170/ENSG00000136158/ENSG00000136999/ENSG00000139567/ENSG00000141052/ENSG00000142611/ENSG00000147257/ENSG00000148204/ENSG00000153162/ENSG00000163513/ENSG00000164056/ENSG00000164488/ENSG00000164619/ENSG00000166292/ENSG00000168874/ENSG00000176194/ENSG00000179776/ENSG00000241186/ENSG00000266524",24
"GO:0035265","GO:0035265","organ growth","14/471","193/21468",0.0725388601036269,3.30629352166595,4.82032096213362,9.7625242780983e-05,0.00251980276031647,0.00190112314889283,"ENSG00000017427/ENSG00000069702/ENSG00000076555/ENSG00000081189/ENSG00000120907/ENSG00000136158/ENSG00000138207/ENSG00000138685/ENSG00000139318/ENSG00000163513/ENSG00000164530/ENSG00000170989/ENSG00000174697/ENSG00000187955",14
"GO:0050878","GO:0050878","regulation of body fluid levels","23/471","434/21468",0.0529953917050691,2.41550970090111,4.46184303112469,9.99035359205907e-05,0.00256297980334461,0.00193369906209296,"ENSG00000003436/ENSG00000100448/ENSG00000103647/ENSG00000105974/ENSG00000110799/ENSG00000120833/ENSG00000126895/ENSG00000129596/ENSG00000135218/ENSG00000136160/ENSG00000136244/ENSG00000136267/ENSG00000138722/ENSG00000140873/ENSG00000160293/ENSG00000164220/ENSG00000169313/ENSG00000169418/ENSG00000173432/ENSG00000174175/ENSG00000184500/ENSG00000187800/ENSG00000240583",23
"GO:0010743","GO:0010743","regulation of macrophage derived foam cell differentiation","6/471","35/21468",0.171428571428571,7.81364877161055,6.04212618164148,0.000102161514917364,0.00260511863039279,0.00196549166936768,"ENSG00000084674/ENSG00000132170/ENSG00000135218/ENSG00000175445/ENSG00000181092/ENSG00000188257",6
"GO:0048167","GO:0048167","regulation of synaptic plasticity","16/471","244/21468",0.0655737704918033,2.98882739897672,4.67946169562289,0.00010525120432032,0.00266783441849052,0.00201280903818375,"ENSG00000080293/ENSG00000081189/ENSG00000092051/ENSG00000100678/ENSG00000101938/ENSG00000106113/ENSG00000116147/ENSG00000122877/ENSG00000137766/ENSG00000145335/ENSG00000168309/ENSG00000168824/ENSG00000175471/ENSG00000181195/ENSG00000189056/ENSG00000251322",16
"GO:0090092","GO:0090092","regulation of transmembrane receptor protein serine/threonine kinase signaling pathway","20/471","351/21468",0.056980056980057,2.59712922133304,4.51850754228498,0.000107133161325871,0.00269937304697864,0.00203660408184644,"ENSG00000069702/ENSG00000101938/ENSG00000105974/ENSG00000128052/ENSG00000132170/ENSG00000136158/ENSG00000136999/ENSG00000139567/ENSG00000141052/ENSG00000142611/ENSG00000147257/ENSG00000148204/ENSG00000153162/ENSG00000163513/ENSG00000164056/ENSG00000164488/ENSG00000164619/ENSG00000168874/ENSG00000176194/ENSG00000179776",20
"GO:0006112","GO:0006112","energy reserve metabolic process","10/471","106/21468",0.0943396226415094,4.29996394664103,5.10103942271722,0.000114228766483404,0.0028611264409719,0.00215864265033104,"ENSG00000017427/ENSG00000056998/ENSG00000068976/ENSG00000069122/ENSG00000087250/ENSG00000133116/ENSG00000135447/ENSG00000164776/ENSG00000174697/ENSG00000188778",10
"GO:0042551","GO:0042551","neuron maturation","7/471","51/21468",0.137254901960784,6.25602597726989,5.62834590500055,0.00011761047828146,0.00292850090920835,0.00220947486752909,"ENSG00000034971/ENSG00000074660/ENSG00000120049/ENSG00000135298/ENSG00000136160/ENSG00000153902/ENSG00000186417",7
"GO:0036303","GO:0036303","lymph vessel morphogenesis","5/471","23/21468",0.217391304347826,9.90861257269454,6.40218873059614,0.000120766201873379,0.00298949317269015,0.00225549188355699,"ENSG00000037280/ENSG00000066056/ENSG00000138685/ENSG00000139567/ENSG00000176435",5
"GO:0060537","GO:0060537","muscle tissue development","24/471","471/21468",0.0509554140127389,2.32252829729401,4.34664638428273,0.000129258262525357,0.00318110596087113,0.00240005855876335,"ENSG00000017427/ENSG00000069702/ENSG00000081189/ENSG00000101605/ENSG00000102683/ENSG00000105974/ENSG00000106511/ENSG00000108924/ENSG00000115593/ENSG00000120907/ENSG00000121361/ENSG00000122877/ENSG00000123358/ENSG00000128918/ENSG00000133392/ENSG00000138207/ENSG00000138685/ENSG00000141052/ENSG00000143867/ENSG00000154330/ENSG00000162772/ENSG00000164530/ENSG00000170989/ENSG00000187955",24
"GO:0001667","GO:0001667","ameboidal-type cell migration","16/471","249/21468",0.0642570281124498,2.92881078453943,4.58505289661672,0.000133159546733462,0.00325483143018272,0.00245568243479786,"ENSG00000079308/ENSG00000105509/ENSG00000115353/ENSG00000123612/ENSG00000124205/ENSG00000136160/ENSG00000136960/ENSG00000136999/ENSG00000137872/ENSG00000138685/ENSG00000147257/ENSG00000148204/ENSG00000161544/ENSG00000163513/ENSG00000164736/ENSG00000240583",16
"GO:0001937","GO:0001937","negative regulation of endothelial cell proliferation","9/471","88/21468",0.102272727272727,4.66155182397221,5.15489921357209,0.000134460552779767,0.00325483143018272,0.00245568243479786,"ENSG00000000005/ENSG00000064300/ENSG00000081189/ENSG00000105974/ENSG00000132170/ENSG00000139567/ENSG00000168874/ENSG00000171951/ENSG00000173269",9
"GO:0055074","GO:0055074","calcium ion homeostasis","20/471","357/21468",0.0560224089635854,2.5534799907224,4.43305251986556,0.000134560713508617,0.00325483143018272,0.00245568243479786,"ENSG00000018625/ENSG00000092051/ENSG00000100678/ENSG00000105974/ENSG00000118432/ENSG00000118729/ENSG00000124205/ENSG00000128052/ENSG00000133116/ENSG00000137077/ENSG00000137672/ENSG00000138039/ENSG00000138685/ENSG00000143028/ENSG00000145335/ENSG00000145362/ENSG00000179776/ENSG00000185518/ENSG00000186439/ENSG00000276409",20
"GO:0014897","GO:0014897","striated muscle hypertrophy","10/471","109/21468",0.0917431192660551,4.1816163150821,4.98755966059579,0.000144230007498785,0.00346889557808156,0.00261718805473273,"ENSG00000017427/ENSG00000034971/ENSG00000076555/ENSG00000119508/ENSG00000120907/ENSG00000132170/ENSG00000163884/ENSG00000164530/ENSG00000174697/ENSG00000187955",10
"GO:0006081","GO:0006081","cellular aldehyde metabolic process","9/471","89/21468",0.101123595505618,4.609174837186,5.11006869146801,0.000146731047857025,0.00350911031400446,0.00264752898720318,"ENSG00000114859/ENSG00000124253/ENSG00000128918/ENSG00000136160/ENSG00000153162/ENSG00000165092/ENSG00000187134/ENSG00000196139/ENSG00000198099",9
"GO:0014706","GO:0014706","striated muscle tissue development","23/471","446/21468",0.0515695067264574,2.35051840850019,4.31666582851079,0.000149296843379027,0.00355041313496304,0.00267869085045516,"ENSG00000017427/ENSG00000069702/ENSG00000081189/ENSG00000101605/ENSG00000102683/ENSG00000105974/ENSG00000106511/ENSG00000108924/ENSG00000115593/ENSG00000120907/ENSG00000121361/ENSG00000122877/ENSG00000123358/ENSG00000128918/ENSG00000133392/ENSG00000138207/ENSG00000138685/ENSG00000141052/ENSG00000154330/ENSG00000162772/ENSG00000164530/ENSG00000170989/ENSG00000187955",23
"GO:0007599","GO:0007599","hemostasis","17/471","278/21468",0.0611510791366906,2.7872428172112,4.49218866367491,0.000150966965218524,0.00356996849212065,0.00269344483944299,"ENSG00000003436/ENSG00000100448/ENSG00000105974/ENSG00000110799/ENSG00000126895/ENSG00000135218/ENSG00000136244/ENSG00000136267/ENSG00000138722/ENSG00000140873/ENSG00000160293/ENSG00000164220/ENSG00000169313/ENSG00000173432/ENSG00000174175/ENSG00000184500/ENSG00000187800",17
"GO:0050730","GO:0050730","regulation of peptidyl-tyrosine phosphorylation","13/471","177/21468",0.0734463276836158,3.34765554715895,4.69721552339668,0.00015180588910506,0.00356996849212065,0.00269344483944299,"ENSG00000017427/ENSG00000101280/ENSG00000105974/ENSG00000108342/ENSG00000135218/ENSG00000136244/ENSG00000136960/ENSG00000153162/ENSG00000162407/ENSG00000181092/ENSG00000189056/ENSG00000241186/ENSG00000261371",13
"GO:0033555","GO:0033555","multicellular organismal response to stress","10/471","110/21468",0.0909090909090909,4.14360162130863,4.95063677017076,0.000155600552198777,0.00363898970970952,0.0027455194845658,"ENSG00000018625/ENSG00000043591/ENSG00000078549/ENSG00000081189/ENSG00000115353/ENSG00000136160/ENSG00000153253/ENSG00000168356/ENSG00000181195/ENSG00000189056",10
"GO:0043534","GO:0043534","blood vessel endothelial cell migration","14/471","202/21468",0.0693069306930693,3.15898341426499,4.61742227347257,0.000158045265841759,0.00367585500169322,0.00277333335201791,"ENSG00000069702/ENSG00000081189/ENSG00000101280/ENSG00000106511/ENSG00000123358/ENSG00000126785/ENSG00000128052/ENSG00000132170/ENSG00000138685/ENSG00000139567/ENSG00000173269/ENSG00000176435/ENSG00000179776/ENSG00000241186",14
"GO:0034694","GO:0034694","response to prostaglandin","6/471","38/21468",0.157894736842105,7.19678176332551,5.72617243401968,0.000164360140345179,0.00379650339539423,0.0028643593076022,"ENSG00000069702/ENSG00000137077/ENSG00000151632/ENSG00000168356/ENSG00000175899/ENSG00000196139",6
"GO:0045926","GO:0045926","negative regulation of growth","16/471","254/21468",0.062992125984252,2.87115702893826,4.49296793325106,0.000167321753242983,0.00379650339539423,0.0028643593076022,"ENSG00000022267/ENSG00000043591/ENSG00000087250/ENSG00000114378/ENSG00000116147/ENSG00000120833/ENSG00000136999/ENSG00000137872/ENSG00000138207/ENSG00000139567/ENSG00000147257/ENSG00000164530/ENSG00000164736/ENSG00000169418/ENSG00000188778/ENSG00000205364",16
"GO:0006939","GO:0006939","smooth muscle contraction","10/471","111/21468",0.0900900900900901,4.10627187697251,4.91414919795922,0.000167717017467215,0.00379650339539423,0.0028643593076022,"ENSG00000018625/ENSG00000105974/ENSG00000115353/ENSG00000120907/ENSG00000124205/ENSG00000133392/ENSG00000134548/ENSG00000136160/ENSG00000141052/ENSG00000168356",10
"GO:0014896","GO:0014896","muscle hypertrophy","10/471","111/21468",0.0900900900900901,4.10627187697251,4.91414919795922,0.000167717017467215,0.00379650339539423,0.0028643593076022,"ENSG00000017427/ENSG00000034971/ENSG00000076555/ENSG00000119508/ENSG00000120907/ENSG00000132170/ENSG00000163884/ENSG00000164530/ENSG00000174697/ENSG00000187955",10
"GO:0043266","GO:0043266","regulation of potassium ion transport","10/471","111/21468",0.0900900900900901,4.10627187697251,4.91414919795922,0.000167717017467215,0.00379650339539423,0.0028643593076022,"ENSG00000022267/ENSG00000105974/ENSG00000118729/ENSG00000120049/ENSG00000124205/ENSG00000129244/ENSG00000130037/ENSG00000145362/ENSG00000180509/ENSG00000182132",10
"GO:0010594","GO:0010594","regulation of endothelial cell migration","16/471","255/21468",0.0627450980392157,2.85989758960909,4.47482013337048,0.000175002124587754,0.00394034039031895,0.0029728804367259,"ENSG00000037280/ENSG00000069702/ENSG00000081189/ENSG00000101280/ENSG00000106511/ENSG00000120156/ENSG00000126785/ENSG00000128052/ENSG00000132170/ENSG00000138685/ENSG00000139567/ENSG00000162407/ENSG00000164619/ENSG00000168874/ENSG00000173269/ENSG00000241186",16
"GO:0008207","GO:0008207","C21-steroid hormone metabolic process","6/471","39/21468",0.153846153846154,7.01224889759922,5.62841108989763,0.000190680013713431,0.00427062697380398,0.00322207274634669,"ENSG00000114859/ENSG00000136160/ENSG00000151632/ENSG00000153162/ENSG00000187134/ENSG00000196139",6
"GO:0046322","GO:0046322","negative regulation of fatty acid oxidation","4/471","14/21468",0.285714285714286,13.0227479526843,6.73955357249693,0.000192270649476941,0.00428301686977567,0.00323142058833461,"ENSG00000076555/ENSG00000094963/ENSG00000115361/ENSG00000118432",4
"GO:0150063","GO:0150063","visual system development","23/471","454/21468",0.0506607929515418,2.30909958191868,4.22244259757734,0.000193256844348489,0.00428301686977567,0.00323142058833461,"ENSG00000004846/ENSG00000101605/ENSG00000101938/ENSG00000104888/ENSG00000114859/ENSG00000126785/ENSG00000128052/ENSG00000128918/ENSG00000136158/ENSG00000138207/ENSG00000138685/ENSG00000139567/ENSG00000140873/ENSG00000148204/ENSG00000153162/ENSG00000163513/ENSG00000164007/ENSG00000164056/ENSG00000169313/ENSG00000171819/ENSG00000174804/ENSG00000198844/ENSG00000240583",23
"GO:0014909","GO:0014909","smooth muscle cell migration","10/471","113/21468",0.0884955752212389,4.03359449861902,4.84244246645433,0.000194343363755351,0.00428466384779375,0.00323266318878144,"ENSG00000017427/ENSG00000081189/ENSG00000115353/ENSG00000119508/ENSG00000136999/ENSG00000137872/ENSG00000141052/ENSG00000154734/ENSG00000170962/ENSG00000181092",10
"GO:1905952","GO:1905952","regulation of lipid localization","14/471","208/21468",0.0673076923076923,3.06785889269966,4.48836787064182,0.000214315795501104,0.00470051172205271,0.00354640918216716,"ENSG00000076555/ENSG00000084674/ENSG00000105974/ENSG00000119147/ENSG00000132170/ENSG00000135218/ENSG00000136244/ENSG00000141338/ENSG00000153162/ENSG00000174697/ENSG00000175445/ENSG00000176194/ENSG00000181092/ENSG00000198848",14
"GO:0010742","GO:0010742","macrophage derived foam cell differentiation","6/471","40/21468",0.15,6.83694267515924,5.53403768876721,0.000220215337184359,0.00470793698132016,0.00355201133980513,"ENSG00000084674/ENSG00000132170/ENSG00000135218/ENSG00000175445/ENSG00000181092/ENSG00000188257",6
"GO:0032350","GO:0032350","regulation of hormone metabolic process","6/471","40/21468",0.15,6.83694267515924,5.53403768876721,0.000220215337184359,0.00470793698132016,0.00355201133980513,"ENSG00000114859/ENSG00000138039/ENSG00000139155/ENSG00000153162/ENSG00000185897/ENSG00000196139",6
"GO:0045823","GO:0045823","positive regulation of heart contraction","6/471","40/21468",0.15,6.83694267515924,5.53403768876721,0.000220215337184359,0.00470793698132016,0.00355201133980513,"ENSG00000018625/ENSG00000043591/ENSG00000120907/ENSG00000124205/ENSG00000166148/ENSG00000166257",6
"GO:0070293","GO:0070293","renal absorption","6/471","40/21468",0.15,6.83694267515924,5.53403768876721,0.000220215337184359,0.00470793698132016,0.00355201133980513,"ENSG00000136160/ENSG00000148180/ENSG00000164007/ENSG00000181092/ENSG00000196139/ENSG00000240583",6
"GO:0071398","GO:0071398","cellular response to fatty acid","6/471","40/21468",0.15,6.83694267515924,5.53403768876721,0.000220215337184359,0.00470793698132016,0.00355201133980513,"ENSG00000004799/ENSG00000151632/ENSG00000175445/ENSG00000185897/ENSG00000187134/ENSG00000196139",6
"GO:1901379","GO:1901379","regulation of potassium ion transmembrane transport","9/471","94/21468",0.0957446808510638,4.3640059628676,4.89548009199501,0.00022299371622072,0.00474337889830306,0.00357875130924975,"ENSG00000022267/ENSG00000105974/ENSG00000118729/ENSG00000120049/ENSG00000124205/ENSG00000129244/ENSG00000145362/ENSG00000180509/ENSG00000182132",9
"GO:0072073","GO:0072073","kidney epithelium development","12/471","161/21468",0.0745341614906832,3.39723859635242,4.57278259441247,0.000235706404206019,0.00498872604502038,0.00376385910716348,"ENSG00000081189/ENSG00000136160/ENSG00000138685/ENSG00000143867/ENSG00000147257/ENSG00000163884/ENSG00000164056/ENSG00000164619/ENSG00000174059/ENSG00000181092/ENSG00000240583/ENSG00000261371",12
"GO:0141091","GO:0141091","transforming growth factor beta receptor superfamily signaling pathway","22/471","432/21468",0.0509259259259259,2.32118424156641,4.154714492817,0.000246310048750658,0.00518721610130117,0.00391361449546738,"ENSG00000069702/ENSG00000101938/ENSG00000105974/ENSG00000123612/ENSG00000128052/ENSG00000132170/ENSG00000136158/ENSG00000139567/ENSG00000141052/ENSG00000142611/ENSG00000147257/ENSG00000148204/ENSG00000153162/ENSG00000163513/ENSG00000164056/ENSG00000164488/ENSG00000164619/ENSG00000166292/ENSG00000176194/ENSG00000179776/ENSG00000241186/ENSG00000266524",22
"GO:1903524","GO:1903524","positive regulation of blood circulation","6/471","41/21468",0.146341463414634,6.67018797576511,5.44284802125267,0.00025323749702441,0.00530670457873429,0.00400376532554486,"ENSG00000018625/ENSG00000043591/ENSG00000120907/ENSG00000124205/ENSG00000166148/ENSG00000166257",6
"GO:0009410","GO:0009410","response to xenobiotic stimulus","24/471","493/21468",0.0486815415821501,2.21888606090361,4.10065368400301,0.000254910825801614,0.00531545579122283,0.00401036787908788,"ENSG00000036473/ENSG00000076555/ENSG00000078549/ENSG00000081189/ENSG00000085563/ENSG00000094963/ENSG00000114771/ENSG00000120907/ENSG00000121361/ENSG00000125740/ENSG00000138039/ENSG00000139318/ENSG00000145335/ENSG00000145708/ENSG00000149124/ENSG00000160293/ENSG00000163513/ENSG00000168356/ENSG00000181092/ENSG00000186642/ENSG00000187134/ENSG00000197891/ENSG00000198075/ENSG00000265972",24
"GO:0060347","GO:0060347","heart trabecula formation","4/471","15/21468",0.266666666666667,12.1545647558386,6.47249539012537,0.00025765617199301,0.00534636556885497,0.00403368847175848,"ENSG00000069702/ENSG00000120156/ENSG00000138207/ENSG00000154734",4
"GO:0055017","GO:0055017","cardiac muscle tissue growth","9/471","96/21468",0.09375,4.27308917197452,4.81380372595832,0.000261546026620725,0.00540060649114892,0.00407461178314393,"ENSG00000017427/ENSG00000069702/ENSG00000081189/ENSG00000120907/ENSG00000138207/ENSG00000138685/ENSG00000164530/ENSG00000170989/ENSG00000187955",9
"GO:0030168","GO:0030168","platelet activation","12/471","163/21468",0.0736196319018405,3.35555468719472,4.52130424088702,0.000264214298392674,0.00541038986965877,0.00408199307808191,"ENSG00000100448/ENSG00000110799/ENSG00000136244/ENSG00000136267/ENSG00000138722/ENSG00000140873/ENSG00000160293/ENSG00000164220/ENSG00000169313/ENSG00000173432/ENSG00000174175/ENSG00000187800",12
"GO:0006953","GO:0006953","acute-phase response","7/471","58/21468",0.120689655172414,5.50098835932352,5.14080416982535,0.000267710447646648,0.00541038986965877,0.00408199307808191,"ENSG00000118432/ENSG00000134339/ENSG00000136160/ENSG00000136244/ENSG00000173432/ENSG00000175899/ENSG00000257017",7
"GO:0010460","GO:0010460","positive regulation of heart rate","5/471","27/21468",0.185185185185185,8.44066996933239,5.79413904665759,0.000269528780319567,0.00541038986965877,0.00408199307808191,"ENSG00000043591/ENSG00000120907/ENSG00000124205/ENSG00000166148/ENSG00000166257",5
"GO:0010878","GO:0010878","cholesterol storage","5/471","27/21468",0.185185185185185,8.44066996933239,5.79413904665759,0.000269528780319567,0.00541038986965877,0.00408199307808191,"ENSG00000084674/ENSG00000132170/ENSG00000135218/ENSG00000175445/ENSG00000198848",5
"GO:0072010","GO:0072010","glomerular epithelium development","5/471","27/21468",0.185185185185185,8.44066996933239,5.79413904665759,0.000269528780319567,0.00541038986965877,0.00408199307808191,"ENSG00000136160/ENSG00000163884/ENSG00000174059/ENSG00000181092/ENSG00000261371",5
"GO:0010001","GO:0010001","glial cell differentiation","17/471","292/21468",0.0582191780821918,2.65360788761888,4.26107819842442,0.000269688698912828,0.00541038986965877,0.00408199307808191,"ENSG00000034971/ENSG00000100678/ENSG00000108381/ENSG00000114859/ENSG00000122877/ENSG00000123560/ENSG00000135144/ENSG00000136244/ENSG00000137033/ENSG00000138685/ENSG00000144230/ENSG00000145681/ENSG00000153902/ENSG00000162367/ENSG00000162407/ENSG00000163884/ENSG00000189056",17
"GO:0050810","GO:0050810","regulation of steroid biosynthetic process","9/471","97/21468",0.0927835051546392,4.22903670628406,4.77379686012859,0.000282799867130277,0.00564665961114368,0.00426025221883446,"ENSG00000084674/ENSG00000114859/ENSG00000138039/ENSG00000153162/ENSG00000164849/ENSG00000167910/ENSG00000174697/ENSG00000196139/ENSG00000198848",9
"GO:0090077","GO:0090077","foam cell differentiation","6/471","42/21468",0.142857142857143,6.51137397634213,5.35465486725924,0.000290029902112038,0.00576383368845192,0.00434865689650568,"ENSG00000084674/ENSG00000132170/ENSG00000135218/ENSG00000175445/ENSG00000181092/ENSG00000188257",6
"GO:0062013","GO:0062013","positive regulation of small molecule metabolic process","12/471","165/21468",0.0727272727272727,3.3148812970469,4.4706206735591,0.000295600021571925,0.00584454229658774,0.00440954936224084,"ENSG00000009950/ENSG00000017427/ENSG00000078549/ENSG00000132170/ENSG00000138039/ENSG00000145335/ENSG00000153162/ENSG00000166148/ENSG00000167588/ENSG00000167910/ENSG00000181092/ENSG00000198848",12
"GO:0045601","GO:0045601","regulation of endothelial cell differentiation","7/471","59/21468",0.11864406779661,5.40775126848753,5.07764578589149,0.00029808801592423,0.00584454229658774,0.00440954936224084,"ENSG00000139567/ENSG00000153162/ENSG00000166292/ENSG00000168874/ENSG00000178878/ENSG00000179776/ENSG00000204301",7
"GO:0048880","GO:0048880","sensory system development","23/471","468/21468",0.0491452991452991,2.24002395339975,4.06219587880049,0.000298233200109367,0.00584454229658774,0.00440954936224084,"ENSG00000004846/ENSG00000101605/ENSG00000101938/ENSG00000104888/ENSG00000114859/ENSG00000126785/ENSG00000128052/ENSG00000128918/ENSG00000136158/ENSG00000138207/ENSG00000138685/ENSG00000139567/ENSG00000140873/ENSG00000148204/ENSG00000153162/ENSG00000163513/ENSG00000164007/ENSG00000164056/ENSG00000169313/ENSG00000171819/ENSG00000174804/ENSG00000198844/ENSG00000240583",23
"GO:0007584","GO:0007584","response to nutrient","13/471","190/21468",0.068421052631579,3.11860543077439,4.39317989071016,0.000304655476784371,0.00593131450382779,0.00447501664978515,"ENSG00000009950/ENSG00000036473/ENSG00000076555/ENSG00000118432/ENSG00000128918/ENSG00000132170/ENSG00000133116/ENSG00000174697/ENSG00000175445/ENSG00000175899/ENSG00000181092/ENSG00000181195/ENSG00000196139",13
"GO:0140115","GO:0140115","export across plasma membrane","9/471","98/21468",0.0918367346938776,4.18588327050565,4.73432582687165,0.000305463397551254,0.00593131450382779,0.00447501664978515,"ENSG00000018625/ENSG00000085563/ENSG00000118777/ENSG00000120049/ENSG00000129244/ENSG00000130037/ENSG00000180509/ENSG00000182132/ENSG00000266964",9
"GO:0006638","GO:0006638","neutral lipid metabolic process","12/471","166/21468",0.072289156626506,3.29491213260686,4.44556969659674,0.000312443392396816,0.00603590997063895,0.00455393110545428,"ENSG00000079435/ENSG00000084674/ENSG00000105974/ENSG00000114771/ENSG00000119927/ENSG00000124253/ENSG00000136267/ENSG00000145335/ENSG00000168477/ENSG00000175445/ENSG00000187288/ENSG00000187546",12
"GO:0031589","GO:0031589","cell-substrate adhesion","21/471","410/21468",0.0512195121951219,2.33456579151779,4.08639988921273,0.000313701912010529,0.00603590997063895,0.00455393110545428,"ENSG00000034971/ENSG00000047648/ENSG00000103647/ENSG00000110799/ENSG00000120156/ENSG00000128052/ENSG00000129244/ENSG00000133800/ENSG00000135218/ENSG00000135424/ENSG00000136114/ENSG00000137077/ENSG00000139567/ENSG00000154175/ENSG00000164318/ENSG00000164946/ENSG00000168309/ENSG00000168477/ENSG00000174059/ENSG00000174804/ENSG00000205221",21
"GO:0030324","GO:0030324","lung development","14/471","216/21468",0.0648148148148148,2.95423448926634,4.32335754197394,0.000315590444922053,0.00604477082966085,0.00456061638434631,"ENSG00000037280/ENSG00000106004/ENSG00000114859/ENSG00000116016/ENSG00000128052/ENSG00000128918/ENSG00000136158/ENSG00000138207/ENSG00000138685/ENSG00000141052/ENSG00000147257/ENSG00000162878/ENSG00000163513/ENSG00000164056",14
"GO:0090287","GO:0090287","regulation of cellular response to growth factor stimulus","21/471","411/21468",0.0510948905109489,2.3288855827793,4.07406318011746,0.000324020672913989,0.00615337693093356,0.00464255675543099,"ENSG00000064300/ENSG00000069702/ENSG00000087250/ENSG00000101938/ENSG00000105974/ENSG00000128052/ENSG00000132170/ENSG00000136158/ENSG00000138685/ENSG00000139567/ENSG00000141052/ENSG00000142611/ENSG00000147257/ENSG00000148204/ENSG00000164056/ENSG00000164619/ENSG00000168477/ENSG00000173269/ENSG00000174804/ENSG00000176194/ENSG00000179776",21
"GO:0006720","GO:0006720","isoprenoid metabolic process","11/471","143/21468",0.0769230769230769,3.50612444879961,4.50343231398748,0.000324167979116037,0.00615337693093356,0.00464255675543099,"ENSG00000079435/ENSG00000128918/ENSG00000135437/ENSG00000138207/ENSG00000165092/ENSG00000187134/ENSG00000187758/ENSG00000196139/ENSG00000196616/ENSG00000198099/ENSG00000248144",11
"GO:0007596","GO:0007596","blood coagulation","16/471","270/21468",0.0592592592592593,2.70101439018636,4.21269418682697,0.000332934831354206,0.00629157652286765,0.00474682461620611,"ENSG00000003436/ENSG00000100448/ENSG00000105974/ENSG00000110799/ENSG00000135218/ENSG00000136244/ENSG00000136267/ENSG00000138722/ENSG00000140873/ENSG00000160293/ENSG00000164220/ENSG00000169313/ENSG00000173432/ENSG00000174175/ENSG00000184500/ENSG00000187800",16
"GO:0030214","GO:0030214","hyaluronan catabolic process","4/471","16/21468",0.25,11.3949044585987,6.22965658944516,0.000337608892796758,0.006351548636483,0.00479207195670345,"ENSG00000114378/ENSG00000133800/ENSG00000136011/ENSG00000138685",4
"GO:0098742","GO:0098742","cell-cell adhesion via plasma-membrane adhesion molecules","18/471","326/21468",0.0552147239263804,2.51666601539604,4.1327889613121,0.000342256074861863,0.00641048657031091,0.00483653903647365,"ENSG00000013297/ENSG00000074660/ENSG00000101542/ENSG00000113248/ENSG00000131409/ENSG00000148204/ENSG00000149564/ENSG00000150394/ENSG00000150471/ENSG00000152583/ENSG00000154133/ENSG00000162706/ENSG00000163513/ENSG00000164007/ENSG00000174175/ENSG00000179776/ENSG00000181092/ENSG00000261371",18
"GO:0014910","GO:0014910","regulation of smooth muscle cell migration","9/471","100/21468",0.09,4.10216560509554,4.65693899109307,0.000355307194958237,0.00662561830950757,0.00499885012521814,"ENSG00000017427/ENSG00000081189/ENSG00000115353/ENSG00000119508/ENSG00000137872/ENSG00000141052/ENSG00000154734/ENSG00000170962/ENSG00000181092",9
"GO:0060840","GO:0060840","artery development","10/471","122/21468",0.0819672131147541,3.73603424872089,4.53900540414149,0.000362289323866623,0.00672618731547113,0.00507472672489074,"ENSG00000064300/ENSG00000069122/ENSG00000084674/ENSG00000122877/ENSG00000139567/ENSG00000141052/ENSG00000163513/ENSG00000168356/ENSG00000174697/ENSG00000186642",10
"GO:0031960","GO:0031960","response to corticosteroid","12/471","169/21468",0.0710059171597633,3.23642256812272,4.37154667061129,0.000367937266128004,0.00674734979691027,0.00509069324575721,"ENSG00000124253/ENSG00000125740/ENSG00000126545/ENSG00000129596/ENSG00000136244/ENSG00000153162/ENSG00000166148/ENSG00000168309/ENSG00000175899/ENSG00000181092/ENSG00000196139/ENSG00000240583",12
"GO:0072006","GO:0072006","nephron development","12/471","169/21468",0.0710059171597633,3.23642256812272,4.37154667061129,0.000367937266128004,0.00674734979691027,0.00509069324575721,"ENSG00000081189/ENSG00000120156/ENSG00000136160/ENSG00000138685/ENSG00000143867/ENSG00000147257/ENSG00000163884/ENSG00000170962/ENSG00000174059/ENSG00000181092/ENSG00000240583/ENSG00000261371",12
"GO:0006874","GO:0006874","intracellular calcium ion homeostasis","18/471","328/21468",0.0548780487804878,2.50132049091192,4.10369759842106,0.000368211151213388,0.00674734979691027,0.00509069324575721,"ENSG00000018625/ENSG00000092051/ENSG00000100678/ENSG00000105974/ENSG00000118432/ENSG00000118729/ENSG00000124205/ENSG00000137077/ENSG00000137672/ENSG00000138039/ENSG00000138685/ENSG00000143028/ENSG00000145335/ENSG00000145362/ENSG00000179776/ENSG00000185518/ENSG00000186439/ENSG00000276409",18
"GO:0035725","GO:0035725","sodium ion transmembrane transport","13/471","194/21468",0.0670103092783505,3.05430428787182,4.30485539654604,0.000372438209951218,0.00679539199449787,0.00512693978671504,"ENSG00000007314/ENSG00000018625/ENSG00000100191/ENSG00000100678/ENSG00000104888/ENSG00000129244/ENSG00000136546/ENSG00000143867/ENSG00000153253/ENSG00000166257/ENSG00000168356/ENSG00000177098/ENSG00000266964",13
"GO:0086091","GO:0086091","regulation of heart rate by cardiac conduction","6/471","44/21468",0.136363636363636,6.21540243196294,5.1865837040295,0.00037611841695005,0.00680388572200668,0.00513334807479286,"ENSG00000105974/ENSG00000130037/ENSG00000145362/ENSG00000166257/ENSG00000177098/ENSG00000180509",6
"GO:0099622","GO:0099622","cardiac muscle cell membrane repolarization","6/471","44/21468",0.136363636363636,6.21540243196294,5.1865837040295,0.00037611841695005,0.00680388572200668,0.00513334807479286,"ENSG00000120049/ENSG00000121361/ENSG00000130037/ENSG00000145362/ENSG00000177098/ENSG00000180509",6
"GO:0030323","GO:0030323","respiratory tube development","14/471","220/21468",0.0636363636363636,2.90052113491604,4.24367897196827,0.000380021934711428,0.0068054758617483,0.00513454779229471,"ENSG00000037280/ENSG00000106004/ENSG00000114859/ENSG00000116016/ENSG00000128052/ENSG00000128918/ENSG00000136158/ENSG00000138207/ENSG00000138685/ENSG00000141052/ENSG00000147257/ENSG00000162878/ENSG00000163513/ENSG00000164056",14
"GO:0003094","GO:0003094","glomerular filtration","5/471","29/21468",0.172413793103448,7.85855479903361,5.53537257053752,0.000382424746398046,0.0068054758617483,0.00513454779229471,"ENSG00000069122/ENSG00000076706/ENSG00000103647/ENSG00000174059/ENSG00000240583",5
"GO:0010875","GO:0010875","positive regulation of cholesterol efflux","5/471","29/21468",0.172413793103448,7.85855479903361,5.53537257053752,0.000382424746398046,0.0068054758617483,0.00513454779229471,"ENSG00000105974/ENSG00000132170/ENSG00000141338/ENSG00000181092/ENSG00000198848",5
"GO:0002042","GO:0002042","cell migration involved in sprouting angiogenesis","9/471","101/21468",0.0891089108910891,4.06155010405499,4.61899817646883,0.000382637197046089,0.0068054758617483,0.00513454779229471,"ENSG00000069702/ENSG00000106511/ENSG00000123358/ENSG00000126785/ENSG00000128052/ENSG00000138685/ENSG00000173269/ENSG00000176435/ENSG00000241186",9
"GO:0032355","GO:0032355","response to estradiol","10/471","123/21468",0.0813008130081301,3.70565998653617,4.50707933518962,0.000386781682337223,0.00685040527754588,0.00516844582343596,"ENSG00000078549/ENSG00000115353/ENSG00000120833/ENSG00000126545/ENSG00000128918/ENSG00000139874/ENSG00000145708/ENSG00000174697/ENSG00000181195/ENSG00000265972",10
"GO:0007517","GO:0007517","muscle organ development","20/471","389/21468",0.051413881748072,2.34342508145989,4.00479932031369,0.000412505631903793,0.00727556808270315,0.00548921968068469,"ENSG00000017427/ENSG00000022267/ENSG00000052850/ENSG00000069702/ENSG00000081189/ENSG00000101605/ENSG00000102683/ENSG00000105974/ENSG00000106511/ENSG00000108924/ENSG00000115593/ENSG00000122877/ENSG00000123358/ENSG00000135424/ENSG00000141052/ENSG00000162772/ENSG00000168356/ENSG00000170989/ENSG00000175084/ENSG00000262179",20
"GO:0006979","GO:0006979","response to oxidative stress","22/471","449/21468",0.0489977728285078,2.23329976025988,3.95551740727971,0.000417732539218081,0.00733718605190928,0.00553570877478776,"ENSG00000078549/ENSG00000087250/ENSG00000101049/ENSG00000109610/ENSG00000113648/ENSG00000114378/ENSG00000115353/ENSG00000116016/ENSG00000130037/ENSG00000135218/ENSG00000136244/ENSG00000145335/ENSG00000161544/ENSG00000170962/ENSG00000171819/ENSG00000175471/ENSG00000181092/ENSG00000181195/ENSG00000211445/ENSG00000240583/ENSG00000257017/ENSG00000265972",22
"GO:0009409","GO:0009409","response to cold","6/471","45/21468",0.133333333333333,6.07728237791932,5.10640125741199,0.000426040191664031,0.00742151494367836,0.00559933264677786,"ENSG00000043591/ENSG00000150394/ENSG00000166819/ENSG00000168356/ENSG00000176194/ENSG00000188778",6
"GO:0043268","GO:0043268","positive regulation of potassium ion transport","6/471","45/21468",0.133333333333333,6.07728237791932,5.10640125741199,0.000426040191664031,0.00742151494367836,0.00559933264677786,"ENSG00000022267/ENSG00000120049/ENSG00000124205/ENSG00000129244/ENSG00000145362/ENSG00000180509",6
"GO:0001654","GO:0001654","eye development","22/471","450/21468",0.0488888888888889,2.22833687190375,3.94407858160882,0.000430465322165386,0.00746786765871344,0.00563430451876524,"ENSG00000004846/ENSG00000101605/ENSG00000101938/ENSG00000104888/ENSG00000114859/ENSG00000126785/ENSG00000128052/ENSG00000128918/ENSG00000136158/ENSG00000138207/ENSG00000138685/ENSG00000139567/ENSG00000140873/ENSG00000148204/ENSG00000153162/ENSG00000163513/ENSG00000164007/ENSG00000164056/ENSG00000171819/ENSG00000174804/ENSG00000198844/ENSG00000240583",22
"GO:0043500","GO:0043500","muscle adaptation","10/471","125/21468",0.08,3.64636942675159,4.44421696057475,0.000439913453710741,0.00757310374570216,0.00571370230506182,"ENSG00000006704/ENSG00000017427/ENSG00000034971/ENSG00000076555/ENSG00000119508/ENSG00000120907/ENSG00000132170/ENSG00000148180/ENSG00000163884/ENSG00000164530",10
"GO:0050817","GO:0050817","coagulation","16/471","277/21468",0.0577617328519856,2.63275770884592,4.09640992107475,0.000441391481684083,0.00757310374570216,0.00571370230506182,"ENSG00000003436/ENSG00000100448/ENSG00000105974/ENSG00000110799/ENSG00000135218/ENSG00000136244/ENSG00000136267/ENSG00000138722/ENSG00000140873/ENSG00000160293/ENSG00000164220/ENSG00000169313/ENSG00000173432/ENSG00000174175/ENSG00000184500/ENSG00000187800",16
"GO:0009636","GO:0009636","response to toxic substance","17/471","305/21468",0.0557377049180328,2.54050328913021,4.0582747058044,0.000445476690923657,0.00757310374570216,0.00571370230506182,"ENSG00000085563/ENSG00000087250/ENSG00000109610/ENSG00000118777/ENSG00000135218/ENSG00000146477/ENSG00000149124/ENSG00000161544/ENSG00000165092/ENSG00000168356/ENSG00000181195/ENSG00000198099/ENSG00000198848/ENSG00000205364/ENSG00000211445/ENSG00000241644/ENSG00000257017",17
"GO:0050708","GO:0050708","regulation of protein secretion","17/471","305/21468",0.0557377049180328,2.54050328913021,4.0582747058044,0.000445476690923657,0.00757310374570216,0.00571370230506182,"ENSG00000017427/ENSG00000053438/ENSG00000091972/ENSG00000101605/ENSG00000118432/ENSG00000123612/ENSG00000130037/ENSG00000132170/ENSG00000136244/ENSG00000136999/ENSG00000138207/ENSG00000153162/ENSG00000164220/ENSG00000173432/ENSG00000174697/ENSG00000182782/ENSG00000272636",17
"GO:0061448","GO:0061448","connective tissue development","17/471","305/21468",0.0557377049180328,2.54050328913021,4.0582747058044,0.000445476690923657,0.00757310374570216,0.00571370230506182,"ENSG00000081189/ENSG00000106004/ENSG00000114378/ENSG00000132170/ENSG00000136999/ENSG00000138685/ENSG00000139567/ENSG00000143867/ENSG00000153162/ENSG00000162878/ENSG00000163513/ENSG00000170891/ENSG00000170962/ENSG00000174059/ENSG00000174697/ENSG00000175445/ENSG00000221818",17
"GO:0006940","GO:0006940","regulation of smooth muscle contraction","7/471","63/21468",0.111111111111111,5.06440198159943,4.8386790989579,0.000448421990758409,0.00759268114752138,0.00572847292615164,"ENSG00000018625/ENSG00000105974/ENSG00000115353/ENSG00000120907/ENSG00000124205/ENSG00000134548/ENSG00000141052",7
"GO:0010884","GO:0010884","positive regulation of lipid storage","5/471","30/21468",0.166666666666667,7.59660297239915,5.41509833775562,0.000450708338575681,0.00760098963024246,0.00573474145203865,"ENSG00000076555/ENSG00000084674/ENSG00000135218/ENSG00000175445/ENSG00000176194",5
"GO:0060391","GO:0060391","positive regulation of SMAD protein signal transduction","6/471","46/21468",0.130434782608696,5.94516754361673,5.02860388010736,0.000480983155943663,0.0080793718218632,0.00609566789946982,"ENSG00000069702/ENSG00000139567/ENSG00000153162/ENSG00000163513/ENSG00000164619/ENSG00000168874",6
"GO:0030857","GO:0030857","negative regulation of epithelial cell differentiation","7/471","64/21468",0.109375,4.98527070063694,4.78209114921225,0.00049412434351993,0.00823475726818844,0.00621290202337119,"ENSG00000073282/ENSG00000105974/ENSG00000136158/ENSG00000139567/ENSG00000143867/ENSG00000164056/ENSG00000204301",7
"GO:0045778","GO:0045778","positive regulation of ossification","7/471","64/21468",0.109375,4.98527070063694,4.78209114921225,0.00049412434351993,0.00823475726818844,0.00621290202337119,"ENSG00000081189/ENSG00000115353/ENSG00000133116/ENSG00000136999/ENSG00000143867/ENSG00000153162/ENSG00000162878",7
"GO:0002526","GO:0002526","acute inflammatory response","10/471","127/21468",0.078740157480315,3.58894628617283,4.38263219979897,0.000498972536448956,0.0082505888546423,0.0062248465279035,"ENSG00000118432/ENSG00000134339/ENSG00000136160/ENSG00000136244/ENSG00000163687/ENSG00000168356/ENSG00000173432/ENSG00000175899/ENSG00000185897/ENSG00000257017",10
"GO:0014812","GO:0014812","muscle cell migration","10/471","127/21468",0.078740157480315,3.58894628617283,4.38263219979897,0.000498972536448956,0.0082505888546423,0.0062248465279035,"ENSG00000017427/ENSG00000081189/ENSG00000115353/ENSG00000119508/ENSG00000136999/ENSG00000137872/ENSG00000141052/ENSG00000154734/ENSG00000170962/ENSG00000181092",10
"GO:0007044","GO:0007044","cell-substrate junction assembly","9/471","105/21468",0.0857142857142857,3.90682438580528,4.47197978575381,0.000509869993767504,0.00836542513030173,0.0063114873973505,"ENSG00000034971/ENSG00000047648/ENSG00000079308/ENSG00000103647/ENSG00000120156/ENSG00000128052/ENSG00000136114/ENSG00000139567/ENSG00000168309",9
"GO:1904705","GO:1904705","regulation of vascular associated smooth muscle cell proliferation","9/471","105/21468",0.0857142857142857,3.90682438580528,4.47197978575381,0.000509869993767504,0.00836542513030173,0.0063114873973505,"ENSG00000017427/ENSG00000064989/ENSG00000081189/ENSG00000119508/ENSG00000132170/ENSG00000138685/ENSG00000141052/ENSG00000154734/ENSG00000181092",9
"GO:0051146","GO:0051146","striated muscle cell differentiation","18/471","338/21468",0.0532544378698225,2.42731692609204,3.96138018771712,0.000525217453835432,0.00858395939029105,0.00647636559616623,"ENSG00000017427/ENSG00000081189/ENSG00000101605/ENSG00000115593/ENSG00000120907/ENSG00000121361/ENSG00000130595/ENSG00000133392/ENSG00000135298/ENSG00000136999/ENSG00000141052/ENSG00000142661/ENSG00000154330/ENSG00000154721/ENSG00000164530/ENSG00000166148/ENSG00000187955/ENSG00000262179",18
"GO:1902932","GO:1902932","positive regulation of alcohol biosynthetic process","5/471","31/21468",0.161290322580645,7.35155126361208,5.30024760155008,0.000527784459436696,0.00859273698767514,0.00648298805640056,"ENSG00000078549/ENSG00000138039/ENSG00000145335/ENSG00000153162/ENSG00000167910",5
"GO:0045776","GO:0045776","negative regulation of blood pressure","7/471","65/21468",0.107692307692308,4.90857422831945,4.72666936761085,0.000543461290752543,0.00879011091786588,0.00663190135770452,"ENSG00000043591/ENSG00000118432/ENSG00000120907/ENSG00000133116/ENSG00000181092/ENSG00000185897/ENSG00000188778",7
"GO:0003300","GO:0003300","cardiac muscle hypertrophy","9/471","106/21468",0.0849056603773585,3.86996755197693,4.43635683943006,0.000546578973618608,0.00879011091786588,0.00663190135770452,"ENSG00000017427/ENSG00000076555/ENSG00000119508/ENSG00000120907/ENSG00000132170/ENSG00000163884/ENSG00000164530/ENSG00000174697/ENSG00000187955",9
"GO:0046620","GO:0046620","regulation of organ growth","9/471","106/21468",0.0849056603773585,3.86996755197693,4.43635683943006,0.000546578973618608,0.00879011091786588,0.00663190135770452,"ENSG00000017427/ENSG00000069702/ENSG00000076555/ENSG00000081189/ENSG00000138207/ENSG00000138685/ENSG00000139318/ENSG00000164530/ENSG00000187955",9
"GO:0072224","GO:0072224","metanephric glomerulus development","4/471","18/21468",0.222222222222222,10.1288039631989,5.8030190036872,0.000548213863056129,0.00879011091786588,0.00663190135770452,"ENSG00000143867/ENSG00000174059/ENSG00000181092/ENSG00000240583",4
"GO:0097529","GO:0097529","myeloid leukocyte migration","16/471","284/21468",0.0563380281690141,2.56786579348704,3.98365370713795,0.000578939140236792,0.00924773351178241,0.00697716524916952,"ENSG00000081041/ENSG00000091972/ENSG00000100448/ENSG00000124205/ENSG00000136160/ENSG00000136244/ENSG00000136999/ENSG00000137077/ENSG00000165197/ENSG00000169313/ENSG00000170962/ENSG00000171951/ENSG00000173432/ENSG00000261371/ENSG00000275152/ENSG00000276409",16
"GO:0006942","GO:0006942","regulation of striated muscle contraction","9/471","107/21468",0.0841121495327103,3.83379963093041,4.40116596501163,0.00058542588371556,0.00928130249351299,0.00700249213953483,"ENSG00000007314/ENSG00000018625/ENSG00000100678/ENSG00000105974/ENSG00000118729/ENSG00000120907/ENSG00000123358/ENSG00000130595/ENSG00000145362",9
"GO:1990874","GO:1990874","vascular associated smooth muscle cell proliferation","9/471","107/21468",0.0841121495327103,3.83379963093041,4.40116596501163,0.00058542588371556,0.00928130249351299,0.00700249213953483,"ENSG00000017427/ENSG00000064989/ENSG00000081189/ENSG00000119508/ENSG00000132170/ENSG00000138685/ENSG00000141052/ENSG00000154734/ENSG00000181092",9
"GO:0055078","GO:0055078","sodium ion homeostasis","6/471","48/21468",0.125,5.69745222929936,4.87967351164343,0.000607307933307419,0.0095566337609305,0.0072102221469564,"ENSG00000018625/ENSG00000129244/ENSG00000134548/ENSG00000136160/ENSG00000136546/ENSG00000169418",6
"GO:0071402","GO:0071402","cellular response to lipoprotein particle stimulus","6/471","48/21468",0.125,5.69745222929936,4.87967351164343,0.000607307933307419,0.0095566337609305,0.0072102221469564,"ENSG00000084674/ENSG00000132170/ENSG00000135218/ENSG00000175445/ENSG00000198848/ENSG00000265972",6
"GO:0097205","GO:0097205","renal filtration","5/471","32/21468",0.15625,7.1218152866242,5.19040018973018,0.000614355554493647,0.00958234386492207,0.0072296197262545,"ENSG00000069122/ENSG00000076706/ENSG00000103647/ENSG00000174059/ENSG00000240583",5
"GO:0060485","GO:0060485","mesenchyme development","19/471","372/21468",0.0510752688172043,2.32799123347716,3.86976085597863,0.000617982033060136,0.00958234386492207,0.0072296197262545,"ENSG00000005102/ENSG00000017427/ENSG00000069702/ENSG00000081189/ENSG00000106004/ENSG00000124205/ENSG00000128918/ENSG00000136158/ENSG00000136160/ENSG00000136244/ENSG00000137872/ENSG00000139567/ENSG00000143867/ENSG00000148204/ENSG00000163513/ENSG00000164056/ENSG00000166292/ENSG00000168477/ENSG00000204301",19
"GO:0070588","GO:0070588","calcium ion transmembrane transport","19/471","372/21468",0.0510752688172043,2.32799123347716,3.86976085597863,0.000617982033060136,0.00958234386492207,0.0072296197262545,"ENSG00000018625/ENSG00000078549/ENSG00000092051/ENSG00000100678/ENSG00000105974/ENSG00000118729/ENSG00000121361/ENSG00000123560/ENSG00000136160/ENSG00000137077/ENSG00000137672/ENSG00000138039/ENSG00000138685/ENSG00000145335/ENSG00000145362/ENSG00000164949/ENSG00000168356/ENSG00000171227/ENSG00000186439",19
"GO:0050679","GO:0050679","positive regulation of epithelial cell proliferation","14/471","231/21468",0.0606060606060606,2.76240108087242,4.03349631500752,0.000617996663152309,0.00958234386492207,0.0072296197262545,"ENSG00000017427/ENSG00000037280/ENSG00000073282/ENSG00000115353/ENSG00000119508/ENSG00000120156/ENSG00000123358/ENSG00000128052/ENSG00000138685/ENSG00000139567/ENSG00000143125/ENSG00000143867/ENSG00000153162/ENSG00000171951",14
"GO:0048638","GO:0048638","regulation of developmental growth","18/471","343/21468",0.0524781341107872,2.3919332974318,3.8921057601362,0.000623380747737591,0.00963055001888038,0.00726598996786728,"ENSG00000017427/ENSG00000043591/ENSG00000069702/ENSG00000076555/ENSG00000081189/ENSG00000087250/ENSG00000116147/ENSG00000119927/ENSG00000120833/ENSG00000137872/ENSG00000138207/ENSG00000138685/ENSG00000139318/ENSG00000164530/ENSG00000174697/ENSG00000187955/ENSG00000188778/ENSG00000221866",18
"GO:0006641","GO:0006641","triglyceride metabolic process","10/471","131/21468",0.0763358778625954,3.47936014003015,4.26310561140463,0.000636903280995234,0.00976815792917691,0.00736981142082204,"ENSG00000079435/ENSG00000084674/ENSG00000105974/ENSG00000114771/ENSG00000119927/ENSG00000124253/ENSG00000168477/ENSG00000175445/ENSG00000187288/ENSG00000187546",10
"GO:0072009","GO:0072009","nephron epithelium development","10/471","131/21468",0.0763358778625954,3.47936014003015,4.26310561140463,0.000636903280995234,0.00976815792917691,0.00736981142082204,"ENSG00000081189/ENSG00000136160/ENSG00000138685/ENSG00000143867/ENSG00000147257/ENSG00000163884/ENSG00000174059/ENSG00000181092/ENSG00000240583/ENSG00000261371",10
"GO:0046165","GO:0046165","alcohol biosynthetic process","11/471","155/21468",0.0709677419354839,3.23468255598932,4.18193138729375,0.000642260778253667,0.00981476488934214,0.00740497511389559,"ENSG00000078549/ENSG00000084674/ENSG00000114859/ENSG00000124253/ENSG00000138039/ENSG00000145335/ENSG00000153162/ENSG00000164849/ENSG00000167910/ENSG00000174697/ENSG00000198848",11
"GO:0060538","GO:0060538","skeletal muscle organ development","13/471","206/21468",0.0631067961165049,2.87638364974337,4.05294491233997,0.000657590096817951,0.0100128736684546,0.00755444283887037,"ENSG00000081189/ENSG00000101605/ENSG00000105974/ENSG00000106511/ENSG00000108924/ENSG00000115593/ENSG00000122877/ENSG00000123358/ENSG00000141052/ENSG00000162772/ENSG00000168356/ENSG00000175084/ENSG00000262179",13
"GO:0090181","GO:0090181","regulation of cholesterol metabolic process","6/471","49/21468",0.122448979591837,5.58117769400754,4.80831697541782,0.000679404296309447,0.0102076493116984,0.00770139580282569,"ENSG00000084674/ENSG00000115361/ENSG00000138135/ENSG00000164849/ENSG00000167910/ENSG00000198848",6
"GO:0098754","GO:0098754","detoxification","12/471","181/21468",0.0662983425414365,3.02185311609248,4.09118545476994,0.000680669443269932,0.0102076493116984,0.00770139580282569,"ENSG00000085563/ENSG00000087250/ENSG00000109610/ENSG00000118777/ENSG00000135218/ENSG00000146477/ENSG00000161544/ENSG00000165092/ENSG00000198099/ENSG00000205364/ENSG00000211445/ENSG00000257017",12
"GO:0001946","GO:0001946","lymphangiogenesis","4/471","19/21468",0.210526315789474,9.59570901776735,5.61400104031887,0.000682439110609653,0.0102076493116984,0.00770139580282569,"ENSG00000037280/ENSG00000066056/ENSG00000139567/ENSG00000176435",4
"GO:0007620","GO:0007620","copulation","4/471","19/21468",0.210526315789474,9.59570901776735,5.61400104031887,0.000682439110609653,0.0102076493116984,0.00770139580282569,"ENSG00000115353/ENSG00000118432/ENSG00000136160/ENSG00000166148",4
"GO:0045603","GO:0045603","positive regulation of endothelial cell differentiation","4/471","19/21468",0.210526315789474,9.59570901776735,5.61400104031887,0.000682439110609653,0.0102076493116984,0.00770139580282569,"ENSG00000139567/ENSG00000153162/ENSG00000166292/ENSG00000168874",4
"GO:0042692","GO:0042692","muscle cell differentiation","22/471","466/21468",0.0472103004291846,2.1518274514092,3.76502239401127,0.000685566463245098,0.0102183198553398,0.00770944643990225,"ENSG00000017427/ENSG00000081189/ENSG00000101605/ENSG00000115593/ENSG00000120907/ENSG00000121361/ENSG00000130595/ENSG00000133392/ENSG00000135298/ENSG00000136160/ENSG00000136999/ENSG00000141052/ENSG00000142661/ENSG00000143028/ENSG00000145362/ENSG00000154330/ENSG00000154721/ENSG00000164530/ENSG00000166148/ENSG00000187955/ENSG00000204301/ENSG00000262179",22
"GO:0042573","GO:0042573","retinoic acid metabolic process","5/471","33/21468",0.151515151515152,6.90600270218105,5.08518052338022,0.000711143114184649,0.0103802372494608,0.00783160874205526,"ENSG00000128918/ENSG00000187758/ENSG00000196139/ENSG00000196616/ENSG00000248144",5
"GO:0045907","GO:0045907","positive regulation of vasoconstriction","5/471","33/21468",0.151515151515152,6.90600270218105,5.08518052338022,0.000711143114184649,0.0103802372494608,0.00783160874205526,"ENSG00000105974/ENSG00000115353/ENSG00000120907/ENSG00000126895/ENSG00000166148",5
"GO:0045987","GO:0045987","positive regulation of smooth muscle contraction","5/471","33/21468",0.151515151515152,6.90600270218105,5.08518052338022,0.000711143114184649,0.0103802372494608,0.00783160874205526,"ENSG00000115353/ENSG00000120907/ENSG00000124205/ENSG00000134548/ENSG00000141052",5
"GO:0050927","GO:0050927","positive regulation of positive chemotaxis","5/471","33/21468",0.151515151515152,6.90600270218105,5.08518052338022,0.000711143114184649,0.0103802372494608,0.00783160874205526,"ENSG00000128052/ENSG00000140538/ENSG00000165197/ENSG00000170989/ENSG00000171951",5
"GO:0061384","GO:0061384","heart trabecula morphogenesis","5/471","33/21468",0.151515151515152,6.90600270218105,5.08518052338022,0.000711143114184649,0.0103802372494608,0.00783160874205526,"ENSG00000069702/ENSG00000120156/ENSG00000138207/ENSG00000154734/ENSG00000170989",5
"GO:0086019","GO:0086019","cell-cell signaling involved in cardiac conduction","5/471","33/21468",0.151515151515152,6.90600270218105,5.08518052338022,0.000711143114184649,0.0103802372494608,0.00783160874205526,"ENSG00000118729/ENSG00000130037/ENSG00000145362/ENSG00000166257/ENSG00000177098",5
"GO:0001938","GO:0001938","positive regulation of endothelial cell proliferation","9/471","110/21468",0.0818181818181818,3.72924145917777,4.29809013676973,0.000715737922768668,0.010411404216769,0.00785512337739244,"ENSG00000037280/ENSG00000120156/ENSG00000123358/ENSG00000128052/ENSG00000138685/ENSG00000139567/ENSG00000143125/ENSG00000153162/ENSG00000171951",9
"GO:1901654","GO:1901654","response to ketone","14/471","235/21468",0.0595744680851064,2.7153814880065,3.96010296347249,0.000731318190910657,0.0106016092538521,0.00799862794240423,"ENSG00000069702/ENSG00000105974/ENSG00000115353/ENSG00000124253/ENSG00000125740/ENSG00000126545/ENSG00000137077/ENSG00000151632/ENSG00000166148/ENSG00000168356/ENSG00000175899/ENSG00000196139/ENSG00000240583/ENSG00000265972",14
"GO:0030509","GO:0030509","BMP signaling pathway","12/471","183/21468",0.0655737704918033,2.98882739897672,4.04672152607868,0.000749919071714854,0.0107973041856088,0.00814627448472204,"ENSG00000069702/ENSG00000101938/ENSG00000105974/ENSG00000128052/ENSG00000132170/ENSG00000139567/ENSG00000147257/ENSG00000148204/ENSG00000153162/ENSG00000164619/ENSG00000166292/ENSG00000179776",12
"GO:1901343","GO:1901343","negative regulation of vasculature development","12/471","183/21468",0.0655737704918033,2.98882739897672,4.04672152607868,0.000749919071714854,0.0107973041856088,0.00814627448472204,"ENSG00000000005/ENSG00000066056/ENSG00000101280/ENSG00000106004/ENSG00000120156/ENSG00000132170/ENSG00000135218/ENSG00000135298/ENSG00000136158/ENSG00000154734/ENSG00000169418/ENSG00000171819",12
"GO:0045922","GO:0045922","negative regulation of fatty acid metabolic process","6/471","50/21468",0.12,5.46955414012739,4.73889684217894,0.000757950375116792,0.0108661370874037,0.00819820705066282,"ENSG00000076555/ENSG00000094963/ENSG00000101255/ENSG00000115361/ENSG00000118432/ENSG00000167910",6
"GO:1904659","GO:1904659","D-glucose transmembrane transport","10/471","134/21468",0.0746268656716418,3.40146401749216,4.17647460607524,0.000759833824207773,0.0108661370874037,0.00819820705066282,"ENSG00000017427/ENSG00000076555/ENSG00000101255/ENSG00000119508/ENSG00000147257/ENSG00000163884/ENSG00000174697/ENSG00000181092/ENSG00000181856/ENSG00000184811",10
"GO:0032868","GO:0032868","response to insulin","16/471","292/21468",0.0547945205479452,2.49751330599424,3.85884788516032,0.000779601516103295,0.0111112902951692,0.00838316852687364,"ENSG00000004799/ENSG00000036473/ENSG00000101255/ENSG00000121361/ENSG00000122877/ENSG00000123612/ENSG00000124253/ENSG00000132170/ENSG00000163884/ENSG00000174697/ENSG00000181092/ENSG00000181856/ENSG00000184557/ENSG00000184811/ENSG00000185897/ENSG00000197891",16
"GO:0000302","GO:0000302","response to reactive oxygen species","13/471","210/21468",0.0619047619047619,2.82159538974826,3.97299366036732,0.000786399052850992,0.0111705610426787,0.00842788670558075,"ENSG00000078549/ENSG00000087250/ENSG00000109610/ENSG00000114378/ENSG00000115353/ENSG00000130037/ENSG00000135218/ENSG00000136244/ENSG00000161544/ENSG00000170962/ENSG00000240583/ENSG00000257017/ENSG00000265972",13
"GO:0060390","GO:0060390","regulation of SMAD protein signal transduction","8/471","90/21468",0.0888888888888889,4.05152158527955,4.34481883303478,0.000813963703295668,0.0115007214910151,0.00867698384963755,"ENSG00000069702/ENSG00000132170/ENSG00000136999/ENSG00000139567/ENSG00000153162/ENSG00000163513/ENSG00000164619/ENSG00000168874",8
"GO:0150115","GO:0150115","cell-substrate junction organization","9/471","112/21468",0.0803571428571429,3.66264786169245,4.23136312616849,0.000815075938413547,0.0115007214910151,0.00867698384963755,"ENSG00000034971/ENSG00000047648/ENSG00000079308/ENSG00000103647/ENSG00000120156/ENSG00000128052/ENSG00000136114/ENSG00000139567/ENSG00000168309",9
"GO:0050926","GO:0050926","regulation of positive chemotaxis","5/471","34/21468",0.147058823529412,6.70288497564631,4.98425169346094,0.000818886275453761,0.0115160983521454,0.00868858527619062,"ENSG00000128052/ENSG00000140538/ENSG00000165197/ENSG00000170989/ENSG00000171951",5
"GO:0002064","GO:0002064","epithelial cell development","14/471","238/21468",0.0588235294117647,2.68115399025852,3.9060561747792,0.000827426958018223,0.0115976765340766,0.00875013381187623,"ENSG00000000005/ENSG00000073282/ENSG00000106004/ENSG00000116016/ENSG00000128052/ENSG00000136160/ENSG00000153162/ENSG00000154133/ENSG00000164488/ENSG00000179776/ENSG00000180509/ENSG00000181092/ENSG00000186642/ENSG00000261371",14
"GO:0061298","GO:0061298","retina vasculature development in camera-type eye","4/471","20/21468",0.2,9.11592356687898,5.43847395811965,0.000838361207033712,0.0117121550804413,0.00883650478422888,"ENSG00000126785/ENSG00000139567/ENSG00000174804/ENSG00000198844",4
"GO:0055021","GO:0055021","regulation of cardiac muscle tissue growth","7/471","70/21468",0.1,4.55796178343949,4.46561435243771,0.00085203032063154,0.0118268388628662,0.00892303060164771,"ENSG00000017427/ENSG00000069702/ENSG00000081189/ENSG00000138207/ENSG00000138685/ENSG00000164530/ENSG00000187955",7
"GO:1990748","GO:1990748","cellular detoxification","10/471","136/21468",0.0735294117647059,3.35144248782315,4.12007892368676,0.000852158245493548,0.0118268388628662,0.00892303060164771,"ENSG00000087250/ENSG00000109610/ENSG00000118777/ENSG00000135218/ENSG00000146477/ENSG00000161544/ENSG00000165092/ENSG00000198099/ENSG00000211445/ENSG00000257017",10
"GO:0019395","GO:0019395","fatty acid oxidation","9/471","113/21468",0.079646017699115,3.63023504875712,4.19857100303162,0.000868793180451272,0.0120183056629093,0.00906748713274564,"ENSG00000004799/ENSG00000076555/ENSG00000094963/ENSG00000115361/ENSG00000118432/ENSG00000161544/ENSG00000174697/ENSG00000181092/ENSG00000198099",9
"GO:0048863","GO:0048863","stem cell differentiation","15/471","267/21468",0.0561797752808989,2.56065268732556,3.84327295479693,0.000875548756671845,0.0120343440856481,0.00907958768967043,"ENSG00000005102/ENSG00000073282/ENSG00000081189/ENSG00000124205/ENSG00000128918/ENSG00000136160/ENSG00000137872/ENSG00000138685/ENSG00000141052/ENSG00000143867/ENSG00000162367/ENSG00000163513/ENSG00000164736/ENSG00000175899/ENSG00000186847",15
"GO:0046323","GO:0046323","D-glucose import","8/471","91/21468",0.0879120879120879,4.0069993700567,4.30524788692538,0.000875638549109284,0.0120343440856481,0.00907958768967043,"ENSG00000017427/ENSG00000076555/ENSG00000147257/ENSG00000163884/ENSG00000174697/ENSG00000181092/ENSG00000181856/ENSG00000184811",8
"GO:0009306","GO:0009306","protein secretion","20/471","414/21468",0.0483091787439614,2.20191390504323,3.69848386549703,0.000895788003003479,0.0122714259440574,0.00925845955071557,"ENSG00000017427/ENSG00000053438/ENSG00000091972/ENSG00000101605/ENSG00000118432/ENSG00000121361/ENSG00000123612/ENSG00000130037/ENSG00000132170/ENSG00000136160/ENSG00000136244/ENSG00000136999/ENSG00000138207/ENSG00000153162/ENSG00000164220/ENSG00000171951/ENSG00000173432/ENSG00000174697/ENSG00000182782/ENSG00000272636",20
"GO:0008645","GO:0008645","hexose transmembrane transport","10/471","137/21468",0.072992700729927,3.32697940397043,4.09227417245839,0.000901663408068293,0.0123120684075906,0.00928912319211953,"ENSG00000017427/ENSG00000076555/ENSG00000101255/ENSG00000119508/ENSG00000147257/ENSG00000163884/ENSG00000174697/ENSG00000181092/ENSG00000181856/ENSG00000184811",10
"GO:0042886","GO:0042886","amide transport","19/471","385/21468",0.0493506493506494,2.24938373728183,3.70490875498554,0.000930108825317522,0.0126095076906482,0.00951353310043313,"ENSG00000053438/ENSG00000085563/ENSG00000118432/ENSG00000118777/ENSG00000119147/ENSG00000123612/ENSG00000124205/ENSG00000130037/ENSG00000136244/ENSG00000136999/ENSG00000138207/ENSG00000145708/ENSG00000164220/ENSG00000165269/ENSG00000174697/ENSG00000185897/ENSG00000240583/ENSG00000259916/ENSG00000272636",19
"GO:0001894","GO:0001894","tissue homeostasis","16/471","297/21468",0.0538720538720539,2.45546762744215,3.78292382738012,0.00093295611538391,0.0126095076906482,0.00951353310043313,"ENSG00000004799/ENSG00000091513/ENSG00000129244/ENSG00000136244/ENSG00000138207/ENSG00000148204/ENSG00000149564/ENSG00000154721/ENSG00000165092/ENSG00000169744/ENSG00000170891/ENSG00000170989/ENSG00000174059/ENSG00000179776/ENSG00000187955/ENSG00000261371",16
"GO:0060249","GO:0060249","anatomical structure homeostasis","16/471","297/21468",0.0538720538720539,2.45546762744215,3.78292382738012,0.00093295611538391,0.0126095076906482,0.00951353310043313,"ENSG00000004799/ENSG00000091513/ENSG00000129244/ENSG00000136244/ENSG00000138207/ENSG00000148204/ENSG00000149564/ENSG00000154721/ENSG00000165092/ENSG00000169744/ENSG00000170891/ENSG00000170989/ENSG00000174059/ENSG00000179776/ENSG00000187955/ENSG00000261371",16
"GO:0046320","GO:0046320","regulation of fatty acid oxidation","5/471","35/21468",0.142857142857143,6.51137397634213,4.88731047277082,0.000938340402209826,0.0126095076906482,0.00951353310043313,"ENSG00000004799/ENSG00000076555/ENSG00000094963/ENSG00000115361/ENSG00000118432",5
"GO:0050995","GO:0050995","negative regulation of lipid catabolic process","5/471","35/21468",0.142857142857143,6.51137397634213,4.88731047277082,0.000938340402209826,0.0126095076906482,0.00951353310043313,"ENSG00000076555/ENSG00000118432/ENSG00000176194/ENSG00000182782/ENSG00000187288",5
"GO:0048762","GO:0048762","mesenchymal cell differentiation","16/471","298/21468",0.0536912751677852,2.44722780318899,3.76792377057613,0.000966518495271924,0.0129470657926774,0.00976821157446708,"ENSG00000017427/ENSG00000069702/ENSG00000081189/ENSG00000124205/ENSG00000128918/ENSG00000136158/ENSG00000136160/ENSG00000136244/ENSG00000137872/ENSG00000143867/ENSG00000148204/ENSG00000163513/ENSG00000164056/ENSG00000166292/ENSG00000168477/ENSG00000204301",16
"GO:0035592","GO:0035592","establishment of protein localization to extracellular region","20/471","417/21468",0.0479616306954436,2.18607279781271,3.6631990262547,0.000977968143353377,0.0130591140404254,0.00985274895213066,"ENSG00000017427/ENSG00000053438/ENSG00000091972/ENSG00000101605/ENSG00000118432/ENSG00000121361/ENSG00000123612/ENSG00000130037/ENSG00000132170/ENSG00000136160/ENSG00000136244/ENSG00000136999/ENSG00000138207/ENSG00000153162/ENSG00000164220/ENSG00000171951/ENSG00000173432/ENSG00000174697/ENSG00000182782/ENSG00000272636",20
"GO:0010595","GO:0010595","positive regulation of endothelial cell migration","10/471","139/21468",0.0719424460431655,3.27910919671906,4.03742803374243,0.00100776336990465,0.0133726092313679,0.0100892726094397,"ENSG00000037280/ENSG00000069702/ENSG00000101280/ENSG00000120156/ENSG00000126785/ENSG00000128052/ENSG00000138685/ENSG00000162407/ENSG00000168874/ENSG00000241186",10
"GO:0030278","GO:0030278","regulation of ossification","10/471","139/21468",0.0719424460431655,3.27910919671906,4.03742803374243,0.00100776336990465,0.0133726092313679,0.0100892726094397,"ENSG00000081189/ENSG00000115353/ENSG00000122877/ENSG00000133116/ENSG00000136999/ENSG00000143867/ENSG00000153162/ENSG00000162878/ENSG00000170989/ENSG00000266524",10
"GO:0060541","GO:0060541","respiratory system development","14/471","243/21468",0.0576131687242798,2.62598621268119,3.81780422003074,0.00101126297076563,0.0133771129851591,0.0100926705700754,"ENSG00000037280/ENSG00000106004/ENSG00000114859/ENSG00000116016/ENSG00000128052/ENSG00000128918/ENSG00000136158/ENSG00000138207/ENSG00000138685/ENSG00000141052/ENSG00000147257/ENSG00000162878/ENSG00000163513/ENSG00000164056",14
"GO:0010744","GO:0010744","positive regulation of macrophage derived foam cell differentiation","4/471","21/21468",0.19047619047619,8.68183196845617,5.27483260850649,0.0010178048685885,0.0133800248718483,0.0100948675099625,"ENSG00000084674/ENSG00000135218/ENSG00000175445/ENSG00000188257",4
"GO:0016137","GO:0016137","glycoside metabolic process","4/471","21/21468",0.19047619047619,8.68183196845617,5.27483260850649,0.0010178048685885,0.0133800248718483,0.0100948675099625,"ENSG00000151632/ENSG00000187134/ENSG00000196139/ENSG00000198075",4
"GO:0035850","GO:0035850","epithelial cell differentiation involved in kidney development","6/471","53/21468",0.113207547169811,5.15995673596923,4.54135253970428,0.00103616337100736,0.0135372825601054,0.0102135141898516,"ENSG00000081189/ENSG00000136160/ENSG00000143867/ENSG00000163884/ENSG00000174059/ENSG00000181092",6
"GO:1901016","GO:1901016","regulation of potassium ion transmembrane transporter activity","6/471","53/21468",0.113207547169811,5.15995673596923,4.54135253970428,0.00103616337100736,0.0135372825601054,0.0102135141898516,"ENSG00000022267/ENSG00000105974/ENSG00000118729/ENSG00000129244/ENSG00000145362/ENSG00000180509",6
"GO:0032231","GO:0032231","regulation of actin filament bundle assembly","9/471","116/21468",0.0775862068965517,3.53634965956512,4.10238434983051,0.00104744189538577,0.0136425278251322,0.0102929189007301,"ENSG00000034971/ENSG00000047648/ENSG00000103647/ENSG00000115353/ENSG00000170989/ENSG00000171992/ENSG00000172403/ENSG00000198844/ENSG00000251322",9
"GO:0015749","GO:0015749","monosaccharide transmembrane transport","10/471","140/21468",0.0714285714285714,3.25568698817106,4.01037785750477,0.00106452492213779,0.0137802262856553,0.010396808671386,"ENSG00000017427/ENSG00000076555/ENSG00000101255/ENSG00000119508/ENSG00000147257/ENSG00000163884/ENSG00000174697/ENSG00000181092/ENSG00000181856/ENSG00000184811",10
"GO:0031644","GO:0031644","regulation of nervous system process","10/471","140/21468",0.0714285714285714,3.25568698817106,4.01037785750477,0.00106452492213779,0.0137802262856553,0.010396808671386,"ENSG00000100678/ENSG00000116147/ENSG00000122877/ENSG00000134548/ENSG00000136999/ENSG00000154721/ENSG00000166148/ENSG00000166292/ENSG00000189056/ENSG00000251322",10
"GO:0019934","GO:0019934","cGMP-mediated signaling","5/471","36/21468",0.138888888888889,6.33050247699929,4.7940830934566,0.00107027565076279,0.0138124293587771,0.010421105020585,"ENSG00000135218/ENSG00000136160/ENSG00000169418/ENSG00000186642/ENSG00000240583",5
"GO:0006639","GO:0006639","acylglycerol metabolic process","11/471","165/21468",0.0666666666666667,3.03864118895966,3.93713122869795,0.00107563117088198,0.013839351812594,0.0104414172850933,"ENSG00000079435/ENSG00000084674/ENSG00000105974/ENSG00000114771/ENSG00000119927/ENSG00000124253/ENSG00000136267/ENSG00000168477/ENSG00000175445/ENSG00000187288/ENSG00000187546",11
"GO:0048041","GO:0048041","focal adhesion assembly","8/471","94/21468",0.0851063829787234,3.87911641143786,4.1898430711209,0.00108345460381992,0.0138653265962097,0.0104610145580216,"ENSG00000034971/ENSG00000047648/ENSG00000103647/ENSG00000120156/ENSG00000128052/ENSG00000136114/ENSG00000139567/ENSG00000168309",8
"GO:0070371","GO:0070371","ERK1 and ERK2 cascade","18/471","360/21468",0.05,2.27898089171975,3.6652978430102,0.00108420106386615,0.0138653265962097,0.0104610145580216,"ENSG00000017427/ENSG00000037280/ENSG00000087250/ENSG00000091513/ENSG00000120156/ENSG00000120907/ENSG00000128052/ENSG00000135218/ENSG00000136158/ENSG00000137077/ENSG00000138685/ENSG00000139318/ENSG00000162772/ENSG00000164056/ENSG00000164619/ENSG00000170962/ENSG00000181092/ENSG00000188257",18
"GO:0009612","GO:0009612","response to mechanical stimulus","14/471","245/21468",0.0571428571428571,2.60454959053685,3.78312165078753,0.0010938481460014,0.0139465638615179,0.0105223058813198,"ENSG00000018625/ENSG00000111262/ENSG00000115353/ENSG00000125740/ENSG00000130037/ENSG00000137033/ENSG00000138685/ENSG00000148180/ENSG00000153162/ENSG00000168356/ENSG00000186642/ENSG00000240583/ENSG00000251322/ENSG00000265972",14
"GO:0030647","GO:0030647","aminoglycoside antibiotic metabolic process","3/471","10/21468",0.3,13.6738853503185,6.00388909448094,0.00112253434348034,0.0141841429132904,0.0107015528613334,"ENSG00000151632/ENSG00000187134/ENSG00000196139",3
"GO:0061299","GO:0061299","retina vasculature morphogenesis in camera-type eye","3/471","10/21468",0.3,13.6738853503185,6.00388909448094,0.00112253434348034,0.0141841429132904,0.0107015528613334,"ENSG00000126785/ENSG00000174804/ENSG00000198844",3
"GO:0097017","GO:0097017","renal protein absorption","3/471","10/21468",0.3,13.6738853503185,6.00388909448094,0.00112253434348034,0.0141841429132904,0.0107015528613334,"ENSG00000136160/ENSG00000148180/ENSG00000181092",3
"GO:0030258","GO:0030258","lipid modification","13/471","219/21468",0.0593607305936073,2.70563941482709,3.79977201714587,0.00115528290947026,0.0145545016541298,0.0109809785317442,"ENSG00000004799/ENSG00000067113/ENSG00000076555/ENSG00000094963/ENSG00000115361/ENSG00000118432/ENSG00000136267/ENSG00000161544/ENSG00000162407/ENSG00000172318/ENSG00000174697/ENSG00000181092/ENSG00000198099",13
"GO:0019233","GO:0019233","sensory perception of pain","8/471","95/21468",0.0842105263157895,3.83828360710694,4.15243034630212,0.00116086349837583,0.0145814100552667,0.0110012801938849,"ENSG00000111262/ENSG00000134548/ENSG00000136999/ENSG00000166292/ENSG00000168356/ENSG00000181195/ENSG00000183695/ENSG00000240583",8
"GO:0002067","GO:0002067","glandular epithelial cell differentiation","7/471","74/21468",0.0945945945945946,4.31158547082114,4.27388999994819,0.00118675489392003,0.0148274002913781,0.0111868731853833,"ENSG00000073282/ENSG00000105974/ENSG00000106004/ENSG00000114859/ENSG00000116833/ENSG00000138685/ENSG00000153162",7
"GO:0001558","GO:0001558","regulation of cell growth","21/471","455/21468",0.0461538461538462,2.10367466927976,3.56385684494376,0.00119397720859014,0.0148274002913781,0.0111868731853833,"ENSG00000017427/ENSG00000022267/ENSG00000066735/ENSG00000087250/ENSG00000101049/ENSG00000101349/ENSG00000114378/ENSG00000116147/ENSG00000117425/ENSG00000120833/ENSG00000136999/ENSG00000137872/ENSG00000139567/ENSG00000141052/ENSG00000164530/ENSG00000164736/ENSG00000166148/ENSG00000168309/ENSG00000169418/ENSG00000187955/ENSG00000221866",21
"GO:0071692","GO:0071692","protein localization to extracellular region","20/471","424/21468",0.0471698113207547,2.14998197332051,3.58201435449033,0.00119527981447788,0.0148274002913781,0.0111868731853833,"ENSG00000017427/ENSG00000053438/ENSG00000091972/ENSG00000101605/ENSG00000118432/ENSG00000121361/ENSG00000123612/ENSG00000130037/ENSG00000132170/ENSG00000136160/ENSG00000136244/ENSG00000136999/ENSG00000138207/ENSG00000153162/ENSG00000164220/ENSG00000171951/ENSG00000173432/ENSG00000174697/ENSG00000182782/ENSG00000272636",20
"GO:0007369","GO:0007369","gastrulation","13/471","220/21468",0.0590909090909091,2.69334105385061,3.78106598794223,0.00120397079677395,0.0148274002913781,0.0111868731853833,"ENSG00000113648/ENSG00000119508/ENSG00000135424/ENSG00000143867/ENSG00000147257/ENSG00000148204/ENSG00000162367/ENSG00000162407/ENSG00000163513/ENSG00000164736/ENSG00000168874/ENSG00000171056/ENSG00000181092",13
"GO:0016051","GO:0016051","carbohydrate biosynthetic process","13/471","220/21468",0.0590909090909091,2.69334105385061,3.78106598794223,0.00120397079677395,0.0148274002913781,0.0111868731853833,"ENSG00000017427/ENSG00000056998/ENSG00000078549/ENSG00000105509/ENSG00000124253/ENSG00000138039/ENSG00000138207/ENSG00000145335/ENSG00000162772/ENSG00000167588/ENSG00000172318/ENSG00000174697/ENSG00000181092",13
"GO:0002021","GO:0002021","response to dietary excess","5/471","37/21468",0.135135135135135,6.15940781545877,4.70432165488265,0.00121547552589374,0.0148274002913781,0.0111868731853833,"ENSG00000043591/ENSG00000080293/ENSG00000123612/ENSG00000174697/ENSG00000188778",5
"GO:0032373","GO:0032373","positive regulation of sterol transport","5/471","37/21468",0.135135135135135,6.15940781545877,4.70432165488265,0.00121547552589374,0.0148274002913781,0.0111868731853833,"ENSG00000105974/ENSG00000132170/ENSG00000141338/ENSG00000181092/ENSG00000198848",5
"GO:0032376","GO:0032376","positive regulation of cholesterol transport","5/471","37/21468",0.135135135135135,6.15940781545877,4.70432165488265,0.00121547552589374,0.0148274002913781,0.0111868731853833,"ENSG00000105974/ENSG00000132170/ENSG00000141338/ENSG00000181092/ENSG00000198848",5
"GO:1901381","GO:1901381","positive regulation of potassium ion transmembrane transport","5/471","37/21468",0.135135135135135,6.15940781545877,4.70432165488265,0.00121547552589374,0.0148274002913781,0.0111868731853833,"ENSG00000120049/ENSG00000124205/ENSG00000129244/ENSG00000145362/ENSG00000180509",5
"GO:2000649","GO:2000649","regulation of sodium ion transmembrane transporter activity","5/471","37/21468",0.135135135135135,6.15940781545877,4.70432165488265,0.00121547552589374,0.0148274002913781,0.0111868731853833,"ENSG00000018625/ENSG00000143867/ENSG00000166257/ENSG00000177098/ENSG00000266964",5
"GO:0019430","GO:0019430","removal of superoxide radicals","4/471","22/21468",0.181818181818182,8.28720324261726,5.12172881208679,0.00122259727262277,0.0148288087536165,0.0111879358321142,"ENSG00000087250/ENSG00000109610/ENSG00000135218/ENSG00000161544",4
"GO:0098801","GO:0098801","regulation of renal system process","4/471","22/21468",0.181818181818182,8.28720324261726,5.12172881208679,0.00122259727262277,0.0148288087536165,0.0111879358321142,"ENSG00000103647/ENSG00000134548/ENSG00000169418/ENSG00000181092",4
"GO:0007193","GO:0007193","adenylate cyclase-inhibiting G protein-coupled receptor signaling pathway","8/471","96/21468",0.0833333333333333,3.79830148619958,4.11552310763841,0.00124261963217174,0.0150285968656657,0.0113386705684483,"ENSG00000129467/ENSG00000164849/ENSG00000169313/ENSG00000170989/ENSG00000183134/ENSG00000185149/ENSG00000185897/ENSG00000186642",8
"GO:1902305","GO:1902305","regulation of sodium ion transmembrane transport","6/471","55/21468",0.109090909090909,4.97232194557035,4.41778456430527,0.0012611566487991,0.015209333602184,0.0114750315563247,"ENSG00000018625/ENSG00000129244/ENSG00000143867/ENSG00000166257/ENSG00000177098/ENSG00000266964",6
"GO:0050920","GO:0050920","regulation of chemotaxis","14/471","249/21468",0.0562248995983936,2.562709436472,3.71477880863111,0.00127608295987104,0.0153456226395856,0.0115778579552893,"ENSG00000104967/ENSG00000124205/ENSG00000128052/ENSG00000136244/ENSG00000136999/ENSG00000137077/ENSG00000138685/ENSG00000140538/ENSG00000165197/ENSG00000169313/ENSG00000170962/ENSG00000170989/ENSG00000171951/ENSG00000221866",14
"GO:0030858","GO:0030858","positive regulation of epithelial cell differentiation","7/471","75/21468",0.0933333333333333,4.25409766454352,4.22807689281397,0.00128466153095755,0.0154050205681114,0.0116226720886394,"ENSG00000113648/ENSG00000117425/ENSG00000138685/ENSG00000139567/ENSG00000153162/ENSG00000166292/ENSG00000168874",7
"GO:0070372","GO:0070372","regulation of ERK1 and ERK2 cascade","17/471","336/21468",0.0505952380952381,2.30611161662117,3.61407480448865,0.00130024640195497,0.0155096097277249,0.0117015817856982,"ENSG00000017427/ENSG00000037280/ENSG00000087250/ENSG00000120156/ENSG00000120907/ENSG00000128052/ENSG00000135218/ENSG00000136158/ENSG00000137077/ENSG00000138685/ENSG00000139318/ENSG00000162772/ENSG00000164056/ENSG00000164619/ENSG00000170962/ENSG00000181092/ENSG00000188257",17
"GO:0071248","GO:0071248","cellular response to metal ion","12/471","195/21468",0.0615384615384615,2.80489955903969,3.79204499664949,0.00130071142294882,0.0155096097277249,0.0117015817856982,"ENSG00000081189/ENSG00000087250/ENSG00000091513/ENSG00000111262/ENSG00000125740/ENSG00000145335/ENSG00000145708/ENSG00000153162/ENSG00000170323/ENSG00000196139/ENSG00000205364/ENSG00000240583",12
"GO:0030282","GO:0030282","bone mineralization","10/471","144/21468",0.0694444444444444,3.16525123849965,3.90456549803153,0.00131834209722459,0.0156756800493025,0.0118268773594896,"ENSG00000017427/ENSG00000029559/ENSG00000081189/ENSG00000133116/ENSG00000143867/ENSG00000147257/ENSG00000153162/ENSG00000162878/ENSG00000170989/ENSG00000174697",10
"GO:0071772","GO:0071772","response to BMP","12/471","196/21468",0.0612244897959184,2.79058884700377,3.77170099372317,0.00135874379482635,0.0160658169930166,0.0121212251499651,"ENSG00000069702/ENSG00000101938/ENSG00000105974/ENSG00000128052/ENSG00000132170/ENSG00000139567/ENSG00000147257/ENSG00000148204/ENSG00000153162/ENSG00000164619/ENSG00000166292/ENSG00000179776",12
"GO:0071773","GO:0071773","cellular response to BMP stimulus","12/471","196/21468",0.0612244897959184,2.79058884700377,3.77170099372317,0.00135874379482635,0.0160658169930166,0.0121212251499651,"ENSG00000069702/ENSG00000101938/ENSG00000105974/ENSG00000128052/ENSG00000132170/ENSG00000139567/ENSG00000147257/ENSG00000148204/ENSG00000153162/ENSG00000164619/ENSG00000166292/ENSG00000179776",12
"GO:0046887","GO:0046887","positive regulation of hormone secretion","11/471","170/21468",0.0647058823529412,2.94926938928438,3.82159288536037,0.00136940983830871,0.0161468296533726,0.0121823470148912,"ENSG00000053438/ENSG00000115353/ENSG00000119147/ENSG00000124205/ENSG00000132170/ENSG00000138207/ENSG00000153162/ENSG00000164220/ENSG00000174697/ENSG00000182782/ENSG00000272636",11
"GO:0086005","GO:0086005","ventricular cardiac muscle cell action potential","5/471","38/21468",0.131578947368421,5.99731813610459,4.61780105349913,0.00137473543279504,0.0161645974639484,0.0121957523482461,"ENSG00000105974/ENSG00000121361/ENSG00000145362/ENSG00000166257/ENSG00000180509",5
"GO:0042304","GO:0042304","regulation of fatty acid biosynthetic process","6/471","56/21468",0.107142857142857,4.8835304822566,4.35822474377125,0.00138676596987427,0.016196658758378,0.0122199417292498,"ENSG00000004799/ENSG00000009950/ENSG00000101255/ENSG00000115361/ENSG00000166148/ENSG00000167910",6
"GO:0032413","GO:0032413","negative regulation of ion transmembrane transporter activity","7/471","76/21468",0.0921052631578947,4.19812269527321,4.18305649554554,0.0013887736037078,0.016196658758378,0.0122199417292498,"ENSG00000018625/ENSG00000105974/ENSG00000118729/ENSG00000143867/ENSG00000164949/ENSG00000180509/ENSG00000186439",7
"GO:0051384","GO:0051384","response to glucocorticoid","10/471","145/21468",0.0689655172413793,3.14342191961344,3.87868957547947,0.00138894097077515,0.016196658758378,0.0122199417292498,"ENSG00000124253/ENSG00000125740/ENSG00000129596/ENSG00000136244/ENSG00000153162/ENSG00000166148/ENSG00000168309/ENSG00000175899/ENSG00000181092/ENSG00000240583",10
"GO:0002274","GO:0002274","myeloid leukocyte activation","16/471","309/21468",0.0517799352750809,2.36010966132789,3.60680865867533,0.00140859940330151,0.0163807727312508,0.0123588507507715,"ENSG00000069122/ENSG00000091972/ENSG00000100448/ENSG00000118432/ENSG00000119508/ENSG00000121361/ENSG00000125810/ENSG00000136244/ENSG00000137033/ENSG00000145335/ENSG00000145777/ENSG00000163513/ENSG00000163687/ENSG00000168356/ENSG00000183695/ENSG00000188257",16
"GO:0050921","GO:0050921","positive regulation of chemotaxis","11/471","171/21468",0.064327485380117,2.93202219987336,3.79899270589095,0.00143541136357124,0.0166468391835536,0.0125595907053357,"ENSG00000124205/ENSG00000128052/ENSG00000136244/ENSG00000137077/ENSG00000138685/ENSG00000140538/ENSG00000165197/ENSG00000169313/ENSG00000170962/ENSG00000170989/ENSG00000171951",11
"GO:0044241","GO:0044241","lipid digestion","4/471","23/21468",0.173913043478261,7.92689005815564,4.97802066332187,0.00145456170857001,0.016686069681238,0.0125891890566293,"ENSG00000135218/ENSG00000174697/ENSG00000187134/ENSG00000240583",4
"GO:0086012","GO:0086012","membrane depolarization during cardiac muscle cell action potential","4/471","23/21468",0.173913043478261,7.92689005815564,4.97802066332187,0.00145456170857001,0.016686069681238,0.0125891890566293,"ENSG00000018625/ENSG00000145362/ENSG00000166257/ENSG00000177098",4
"GO:0097623","GO:0097623","potassium ion export across plasma membrane","4/471","23/21468",0.173913043478261,7.92689005815564,4.97802066332187,0.00145456170857001,0.016686069681238,0.0125891890566293,"ENSG00000120049/ENSG00000130037/ENSG00000180509/ENSG00000182132",4
"GO:1902644","GO:1902644","tertiary alcohol metabolic process","4/471","23/21468",0.173913043478261,7.92689005815564,4.97802066332187,0.00145456170857001,0.016686069681238,0.0125891890566293,"ENSG00000151632/ENSG00000187134/ENSG00000196139/ENSG00000198075",4
"GO:0006836","GO:0006836","neurotransmitter transport","13/471","225/21468",0.0577777777777778,2.63348903043171,3.68907143059056,0.00147381786981114,0.0168158249135055,0.0126870858760306,"ENSG00000018625/ENSG00000064692/ENSG00000081189/ENSG00000104888/ENSG00000121361/ENSG00000123358/ENSG00000137766/ENSG00000145335/ENSG00000146477/ENSG00000157152/ENSG00000175471/ENSG00000185518/ENSG00000272636",13
"GO:0007626","GO:0007626","locomotory behavior","13/471","225/21468",0.0577777777777778,2.63348903043171,3.68907143059056,0.00147381786981114,0.0168158249135055,0.0126870858760306,"ENSG00000018625/ENSG00000046889/ENSG00000101349/ENSG00000116147/ENSG00000123360/ENSG00000145335/ENSG00000152092/ENSG00000153902/ENSG00000162367/ENSG00000174804/ENSG00000181195/ENSG00000185149/ENSG00000189056",13
"GO:0055088","GO:0055088","lipid homeostasis","12/471","198/21468",0.0606060606060606,2.76240108087242,3.73139399488499,0.00148123913719762,0.0168550679240794,0.0127166936679614,"ENSG00000009950/ENSG00000084674/ENSG00000105974/ENSG00000116833/ENSG00000119927/ENSG00000130173/ENSG00000132170/ENSG00000167910/ENSG00000170323/ENSG00000175445/ENSG00000187134/ENSG00000198848",12
"GO:0034440","GO:0034440","lipid oxidation","9/471","122/21468",0.0737704918032787,3.3624308238488,3.91920762007027,0.00149392110722898,0.0169538017343171,0.0127911856620085,"ENSG00000004799/ENSG00000076555/ENSG00000094963/ENSG00000115361/ENSG00000118432/ENSG00000161544/ENSG00000174697/ENSG00000181092/ENSG00000198099",9
"GO:0007160","GO:0007160","cell-matrix adhesion","15/471","282/21468",0.0531914893617021,2.42444775714867,3.60631869732941,0.00150988877700925,0.0170857652856035,0.0128907485984858,"ENSG00000034971/ENSG00000047648/ENSG00000103647/ENSG00000120156/ENSG00000128052/ENSG00000133800/ENSG00000135218/ENSG00000135424/ENSG00000136114/ENSG00000137077/ENSG00000139567/ENSG00000164946/ENSG00000168309/ENSG00000168477/ENSG00000174059",15
"GO:0032410","GO:0032410","negative regulation of transporter activity","8/471","99/21468",0.0808080808080808,3.68320144116323,4.00770995999477,0.00151571429181396,0.0170857652856035,0.0128907485984858,"ENSG00000018625/ENSG00000105974/ENSG00000118729/ENSG00000143867/ENSG00000145335/ENSG00000164949/ENSG00000180509/ENSG00000186439",8
"GO:0086070","GO:0086070","SA node cell to atrial cardiac muscle cell communication","3/471","11/21468",0.272727272727273,12.4308048639259,5.67944843073036,0.00151843686426503,0.0170857652856035,0.0128907485984858,"ENSG00000130037/ENSG00000145362/ENSG00000166257",3
"GO:0043114","GO:0043114","regulation of vascular permeability","6/471","57/21468",0.105263157894737,4.79785450888367,4.30006265022375,0.00152169466399067,0.0170857652856035,0.0128907485984858,"ENSG00000115353/ENSG00000120156/ENSG00000153162/ENSG00000169418/ENSG00000179776/ENSG00000186642",6
"GO:0097553","GO:0097553","calcium ion transmembrane import into cytosol","12/471","199/21468",0.0603015075376884,2.74851966840572,3.71142793329689,0.00154582080535245,0.0172534989089466,0.0130172990885508,"ENSG00000018625/ENSG00000078549/ENSG00000092051/ENSG00000100678/ENSG00000105974/ENSG00000118729/ENSG00000137077/ENSG00000138039/ENSG00000138685/ENSG00000145335/ENSG00000145362/ENSG00000186439",12
"GO:0032232","GO:0032232","negative regulation of actin filament bundle assembly","5/471","39/21468",0.128205128205128,5.84354074799935,4.53431634729834,0.00154886122971881,0.0172534989089466,0.0130172990885508,"ENSG00000034971/ENSG00000047648/ENSG00000103647/ENSG00000170989/ENSG00000251322",5
"GO:0070633","GO:0070633","transepithelial transport","5/471","39/21468",0.128205128205128,5.84354074799935,4.53431634729834,0.00154886122971881,0.0172534989089466,0.0130172990885508,"ENSG00000085563/ENSG00000118777/ENSG00000136160/ENSG00000164007/ENSG00000240583",5
"GO:0007204","GO:0007204","positive regulation of cytosolic calcium ion concentration","11/471","173/21468",0.0635838150289017,2.8981259894702,3.7542809747715,0.0015752459081142,0.0175013541444814,0.0132042991717599,"ENSG00000078549/ENSG00000092051/ENSG00000105974/ENSG00000115353/ENSG00000120907/ENSG00000135218/ENSG00000136160/ENSG00000137672/ENSG00000138039/ENSG00000166148/ENSG00000173432",11
"GO:0010761","GO:0010761","fibroblast migration","6/471","58/21468",0.103448275862069,4.71513287942016,4.24323927841681,0.00166638515049191,0.0184172541567421,0.0138953210020405,"ENSG00000079308/ENSG00000105509/ENSG00000136999/ENSG00000138685/ENSG00000161544/ENSG00000240583",6
"GO:0014888","GO:0014888","striated muscle adaptation","6/471","58/21468",0.103448275862069,4.71513287942016,4.24323927841681,0.00166638515049191,0.0184172541567421,0.0138953210020405,"ENSG00000006704/ENSG00000034971/ENSG00000076555/ENSG00000132170/ENSG00000148180/ENSG00000163884",6
"GO:0032098","GO:0032098","regulation of appetite","4/471","24/21468",0.166666666666667,7.59660297239915,4.84273355812054,0.00171551169355002,0.0187844090074468,0.0141723294238486,"ENSG00000080293/ENSG00000134548/ENSG00000146477/ENSG00000174697",4
"GO:0071450","GO:0071450","cellular response to oxygen radical","4/471","24/21468",0.166666666666667,7.59660297239915,4.84273355812054,0.00171551169355002,0.0187844090074468,0.0141723294238486,"ENSG00000087250/ENSG00000109610/ENSG00000135218/ENSG00000161544",4
"GO:0071451","GO:0071451","cellular response to superoxide","4/471","24/21468",0.166666666666667,7.59660297239915,4.84273355812054,0.00171551169355002,0.0187844090074468,0.0141723294238486,"ENSG00000087250/ENSG00000109610/ENSG00000135218/ENSG00000161544",4
"GO:0019722","GO:0019722","calcium-mediated signaling","14/471","257/21468",0.0544747081712062,2.48293638008377,3.58200359102844,0.00171735560734277,0.0187844090074468,0.0141723294238486,"ENSG00000017427/ENSG00000018625/ENSG00000116833/ENSG00000118729/ENSG00000121361/ENSG00000136160/ENSG00000138039/ENSG00000145362/ENSG00000166148/ENSG00000166292/ENSG00000169313/ENSG00000172348/ENSG00000175471/ENSG00000183134",14
"GO:0046164","GO:0046164","alcohol catabolic process","5/471","40/21468",0.125,5.69745222929936,4.45368048392167,0.00173866778579516,0.0189197448258892,0.0142744366448451,"ENSG00000074660/ENSG00000167910/ENSG00000196139/ENSG00000198075/ENSG00000198099",5
"GO:0071404","GO:0071404","cellular response to low-density lipoprotein particle stimulus","5/471","40/21468",0.125,5.69745222929936,4.45368048392167,0.00173866778579516,0.0189197448258892,0.0142744366448451,"ENSG00000132170/ENSG00000135218/ENSG00000175445/ENSG00000198848/ENSG00000265972",5
"GO:0003007","GO:0003007","heart morphogenesis","15/471","287/21468",0.0522648083623693,2.38220999134468,3.53068728703033,0.00179250952758309,0.0194556226416903,0.0146787419883592,"ENSG00000069702/ENSG00000081189/ENSG00000101331/ENSG00000120156/ENSG00000121361/ENSG00000128918/ENSG00000138207/ENSG00000139567/ENSG00000154734/ENSG00000163513/ENSG00000164056/ENSG00000164736/ENSG00000166292/ENSG00000170989/ENSG00000185149",15
"GO:0003205","GO:0003205","cardiac chamber development","11/471","176/21468",0.0625,2.84872611464968,3.68840148965663,0.00180572767906436,0.0195489648733489,0.014749166181939,"ENSG00000069702/ENSG00000081189/ENSG00000120156/ENSG00000121361/ENSG00000138207/ENSG00000141052/ENSG00000145362/ENSG00000154734/ENSG00000163513/ENSG00000185149/ENSG00000186642",11
"GO:0048771","GO:0048771","tissue remodeling","12/471","203/21468",0.0591133004926108,2.69436164538295,3.63277872033771,0.00182780517406144,0.0197374982188829,0.0148914095008121,"ENSG00000004799/ENSG00000037280/ENSG00000066056/ENSG00000081189/ENSG00000091513/ENSG00000105974/ENSG00000116016/ENSG00000132170/ENSG00000136244/ENSG00000139567/ENSG00000170989/ENSG00000174697",12
"GO:0008202","GO:0008202","steroid metabolic process","18/471","378/21468",0.0476190476190476,2.17045799211404,3.43859438027341,0.00186162232258384,0.0199723437764797,0.0150685941332735,"ENSG00000074660/ENSG00000079435/ENSG00000084674/ENSG00000114859/ENSG00000115361/ENSG00000116833/ENSG00000135437/ENSG00000136160/ENSG00000138039/ENSG00000138135/ENSG00000151632/ENSG00000153162/ENSG00000164849/ENSG00000167910/ENSG00000174697/ENSG00000187134/ENSG00000196139/ENSG00000198848",18
"GO:0032526","GO:0032526","response to retinoic acid","9/471","126/21468",0.0714285714285714,3.25568698817106,3.80333041720319,0.00186842620729647,0.0199723437764797,0.0150685941332735,"ENSG00000066056/ENSG00000124253/ENSG00000128918/ENSG00000138207/ENSG00000143867/ENSG00000153162/ENSG00000174697/ENSG00000174804/ENSG00000240583",9
"GO:0044344","GO:0044344","cellular response to fibroblast growth factor stimulus","9/471","126/21468",0.0714285714285714,3.25568698817106,3.80333041720319,0.00186842620729647,0.0199723437764797,0.0150685941332735,"ENSG00000064300/ENSG00000114378/ENSG00000123358/ENSG00000133116/ENSG00000134962/ENSG00000136158/ENSG00000138685/ENSG00000164056/ENSG00000241186",9
"GO:0046660","GO:0046660","female sex differentiation","9/471","126/21468",0.0714285714285714,3.25568698817106,3.80333041720319,0.00186842620729647,0.0199723437764797,0.0150685941332735,"ENSG00000073282/ENSG00000078549/ENSG00000128052/ENSG00000138039/ENSG00000138207/ENSG00000154734/ENSG00000174697/ENSG00000174804/ENSG00000175899",9
"GO:0055094","GO:0055094","response to lipoprotein particle","5/471","41/21468",0.121951219512195,5.55848997980426,4.37572233451922,0.00194497754812443,0.0205233582784868,0.015484319697845,"ENSG00000132170/ENSG00000135218/ENSG00000175445/ENSG00000198848/ENSG00000265972",5
"GO:0046889","GO:0046889","positive regulation of lipid biosynthetic process","8/471","103/21468",0.0776699029126214,3.54016449199184,3.87031677459538,0.00195155852508455,0.0205233582784868,0.015484319697845,"ENSG00000009950/ENSG00000069122/ENSG00000124253/ENSG00000151468/ENSG00000153162/ENSG00000166148/ENSG00000167910/ENSG00000170509",8
"GO:0007269","GO:0007269","neurotransmitter secretion","10/471","152/21468",0.0657894736842105,2.9986590680523,3.70360928420628,0.00197390143813842,0.0205233582784868,0.015484319697845,"ENSG00000064692/ENSG00000081189/ENSG00000121361/ENSG00000123358/ENSG00000137766/ENSG00000145335/ENSG00000157152/ENSG00000175471/ENSG00000185518/ENSG00000272636",10
"GO:0099643","GO:0099643","signal release from synapse","10/471","152/21468",0.0657894736842105,2.9986590680523,3.70360928420628,0.00197390143813842,0.0205233582784868,0.015484319697845,"ENSG00000064692/ENSG00000081189/ENSG00000121361/ENSG00000123358/ENSG00000137766/ENSG00000145335/ENSG00000157152/ENSG00000175471/ENSG00000185518/ENSG00000272636",10
"GO:0006814","GO:0006814","sodium ion transport","14/471","261/21468",0.053639846743295,2.4448837152549,3.51747516177498,0.00198163819977003,0.0205233582784868,0.015484319697845,"ENSG00000007314/ENSG00000018625/ENSG00000100191/ENSG00000100678/ENSG00000104888/ENSG00000129244/ENSG00000136160/ENSG00000136546/ENSG00000143867/ENSG00000153253/ENSG00000166257/ENSG00000168356/ENSG00000177098/ENSG00000266964",14
"GO:0006584","GO:0006584","catecholamine metabolic process","6/471","60/21468",0.1,4.55796178343949,4.13338980258907,0.001986855053881,0.0205233582784868,0.015484319697845,"ENSG00000064692/ENSG00000116016/ENSG00000123360/ENSG00000133116/ENSG00000145335/ENSG00000169418",6
"GO:0009712","GO:0009712","catechol-containing compound metabolic process","6/471","60/21468",0.1,4.55796178343949,4.13338980258907,0.001986855053881,0.0205233582784868,0.015484319697845,"ENSG00000064692/ENSG00000116016/ENSG00000123360/ENSG00000133116/ENSG00000145335/ENSG00000169418",6
"GO:0048008","GO:0048008","platelet-derived growth factor receptor signaling pathway","6/471","60/21468",0.1,4.55796178343949,4.13338980258907,0.001986855053881,0.0205233582784868,0.015484319697845,"ENSG00000119508/ENSG00000141052/ENSG00000145335/ENSG00000170962/ENSG00000181092/ENSG00000265972",6
"GO:0007494","GO:0007494","midgut development","3/471","12/21468",0.25,11.3949044585987,5.39453794642845,0.00199176376662918,0.0205233582784868,0.015484319697845,"ENSG00000036473/ENSG00000128918/ENSG00000136160",3
"GO:0015791","GO:0015791","polyol transmembrane transport","3/471","12/21468",0.25,11.3949044585987,5.39453794642845,0.00199176376662918,0.0205233582784868,0.015484319697845,"ENSG00000165269/ENSG00000240583/ENSG00000259916",3
"GO:0032966","GO:0032966","negative regulation of collagen biosynthetic process","3/471","12/21468",0.25,11.3949044585987,5.39453794642845,0.00199176376662918,0.0205233582784868,0.015484319697845,"ENSG00000136244/ENSG00000161544/ENSG00000167910",3
"GO:0051458","GO:0051458","corticotropin secretion","3/471","12/21468",0.25,11.3949044585987,5.39453794642845,0.00199176376662918,0.0205233582784868,0.015484319697845,"ENSG00000119147/ENSG00000145708/ENSG00000240583",3
"GO:1902883","GO:1902883","negative regulation of response to oxidative stress","3/471","12/21468",0.25,11.3949044585987,5.39453794642845,0.00199176376662918,0.0205233582784868,0.015484319697845,"ENSG00000078549/ENSG00000113648/ENSG00000175471",3
"GO:2001214","GO:2001214","positive regulation of vasculogenesis","3/471","12/21468",0.25,11.3949044585987,5.39453794642845,0.00199176376662918,0.0205233582784868,0.015484319697845,"ENSG00000128052/ENSG00000166292/ENSG00000174059",3
"GO:0003081","GO:0003081","regulation of systemic arterial blood pressure by renin-angiotensin","4/471","25/21468",0.16,7.29273885350318,4.7150298680661,0.00200724552971735,0.0205233582784868,0.015484319697845,"ENSG00000092009/ENSG00000100448/ENSG00000115353/ENSG00000136160",4
"GO:0031649","GO:0031649","heat generation","4/471","25/21468",0.16,7.29273885350318,4.7150298680661,0.00200724552971735,0.0205233582784868,0.015484319697845,"ENSG00000043591/ENSG00000118432/ENSG00000136160/ENSG00000188778",4
"GO:0040037","GO:0040037","negative regulation of fibroblast growth factor receptor signaling pathway","4/471","25/21468",0.16,7.29273885350318,4.7150298680661,0.00200724552971735,0.0205233582784868,0.015484319697845,"ENSG00000064300/ENSG00000136158/ENSG00000138685/ENSG00000164056",4
"GO:0046885","GO:0046885","regulation of hormone biosynthetic process","4/471","25/21468",0.16,7.29273885350318,4.7150298680661,0.00200724552971735,0.0205233582784868,0.015484319697845,"ENSG00000114859/ENSG00000138039/ENSG00000153162/ENSG00000185897",4
"GO:0030072","GO:0030072","peptide hormone secretion","15/471","291/21468",0.0515463917525773,2.34946483682448,3.47130965589033,0.0020492366380696,0.020887497304421,0.01575905276129,"ENSG00000053438/ENSG00000118432/ENSG00000119147/ENSG00000123612/ENSG00000124205/ENSG00000130037/ENSG00000136244/ENSG00000136999/ENSG00000138207/ENSG00000145708/ENSG00000164220/ENSG00000174697/ENSG00000185897/ENSG00000240583/ENSG00000272636",15
"GO:0048738","GO:0048738","cardiac muscle tissue development","14/471","262/21468",0.0534351145038168,2.4355520980211,3.5015290433009,0.00205272829639479,0.020887497304421,0.01575905276129,"ENSG00000017427/ENSG00000069702/ENSG00000081189/ENSG00000102683/ENSG00000120907/ENSG00000121361/ENSG00000128918/ENSG00000133392/ENSG00000138207/ENSG00000138685/ENSG00000141052/ENSG00000164530/ENSG00000170989/ENSG00000187955",14
"GO:0016525","GO:0016525","negative regulation of angiogenesis","11/471","179/21468",0.0614525139664804,2.80098210155499,3.62389652755505,0.00206299605231034,0.0209416361856827,0.0157998990854716,"ENSG00000000005/ENSG00000066056/ENSG00000101280/ENSG00000106004/ENSG00000120156/ENSG00000132170/ENSG00000135218/ENSG00000135298/ENSG00000136158/ENSG00000154734/ENSG00000169418",11
"GO:0009308","GO:0009308","amine metabolic process","9/471","128/21468",0.0703125,3.20481687898089,3.74712179838581,0.00208193456721317,0.0210833230215631,0.0159067979776499,"ENSG00000064692/ENSG00000116016/ENSG00000123360/ENSG00000131471/ENSG00000133116/ENSG00000145335/ENSG00000146477/ENSG00000169418/ENSG00000241644",9
"GO:0060326","GO:0060326","cell chemotaxis","18/471","382/21468",0.0471204188481675,2.14773068329609,3.38994053565782,0.00208694051876401,0.0210835780809738,0.0159069904130888,"ENSG00000081041/ENSG00000100448/ENSG00000123358/ENSG00000124205/ENSG00000128052/ENSG00000136160/ENSG00000136244/ENSG00000136999/ENSG00000137077/ENSG00000138135/ENSG00000138685/ENSG00000165197/ENSG00000170962/ENSG00000170989/ENSG00000171951/ENSG00000173432/ENSG00000275152/ENSG00000276409",18
"GO:0071560","GO:0071560","cellular response to transforming growth factor beta stimulus","16/471","322/21468",0.0496894409937888,2.26482573090161,3.4250114015854,0.0021396988912092,0.021565108110687,0.0162702918193702,"ENSG00000069702/ENSG00000081189/ENSG00000105974/ENSG00000132170/ENSG00000136158/ENSG00000139567/ENSG00000141052/ENSG00000142611/ENSG00000163513/ENSG00000164056/ENSG00000170962/ENSG00000176194/ENSG00000179776/ENSG00000181195/ENSG00000186642/ENSG00000266524",16
"GO:0051017","GO:0051017","actin filament bundle assembly","11/471","180/21468",0.0611111111111111,2.78542108987969,3.60269079448326,0.00215508949337613,0.021668631414397,0.0163483973569275,"ENSG00000006453/ENSG00000034971/ENSG00000047648/ENSG00000103647/ENSG00000115353/ENSG00000168309/ENSG00000170989/ENSG00000171992/ENSG00000172403/ENSG00000198844/ENSG00000251322",11
"GO:0035633","GO:0035633","maintenance of blood-brain barrier","5/471","42/21468",0.119047619047619,5.42614498028511,4.30028498585185,0.00216861912190989,0.0217480704144732,0.0164083319376607,"ENSG00000136244/ENSG00000149564/ENSG00000154721/ENSG00000179776/ENSG00000261371",5
"GO:0097237","GO:0097237","cellular response to toxic substance","10/471","154/21468",0.0649350649350649,2.95971544379188,3.65542941657806,0.0021732657182429,0.0217480704144732,0.0164083319376607,"ENSG00000087250/ENSG00000109610/ENSG00000118777/ENSG00000135218/ENSG00000146477/ENSG00000161544/ENSG00000165092/ENSG00000198099/ENSG00000211445/ENSG00000257017",10
"GO:0030510","GO:0030510","regulation of BMP signaling pathway","9/471","129/21468",0.0697674418604651,3.17997333728337,3.71943105565013,0.00219574517337529,0.0219212012238151,0.0165389544588397,"ENSG00000101938/ENSG00000105974/ENSG00000128052/ENSG00000132170/ENSG00000139567/ENSG00000147257/ENSG00000148204/ENSG00000164619/ENSG00000179776",9
"GO:0070374","GO:0070374","positive regulation of ERK1 and ERK2 cascade","13/471","236/21468",0.0550847457627119,2.51074166036921,3.49516966032757,0.00224690865925988,0.0223622945473832,0.0168717474621111,"ENSG00000017427/ENSG00000037280/ENSG00000087250/ENSG00000120156/ENSG00000120907/ENSG00000128052/ENSG00000135218/ENSG00000136158/ENSG00000137077/ENSG00000138685/ENSG00000164619/ENSG00000170962/ENSG00000188257",13
"GO:2000181","GO:2000181","negative regulation of blood vessel morphogenesis","11/471","181/21468",0.0607734806629834,2.77003202308477,3.58162974831561,0.00225049314367712,0.0223622945473832,0.0168717474621111,"ENSG00000000005/ENSG00000066056/ENSG00000101280/ENSG00000106004/ENSG00000120156/ENSG00000132170/ENSG00000135218/ENSG00000135298/ENSG00000136158/ENSG00000154734/ENSG00000169418",11
"GO:0042593","GO:0042593","glucose homeostasis","15/471","294/21468",0.0510204081632653,2.32549070583647,3.42741272882098,0.00226125731806109,0.0224166328509428,0.0169127442450323,"ENSG00000004799/ENSG00000009950/ENSG00000064300/ENSG00000069122/ENSG00000092009/ENSG00000118432/ENSG00000124253/ENSG00000132170/ENSG00000136244/ENSG00000138207/ENSG00000163884/ENSG00000167910/ENSG00000174697/ENSG00000181092/ENSG00000181856",15
"GO:0035914","GO:0035914","skeletal muscle cell differentiation","7/471","83/21468",0.0843373493975904,3.844064154708,3.88813481689756,0.00231431325582323,0.0228889906820087,0.0172691254750804,"ENSG00000081189/ENSG00000108924/ENSG00000115593/ENSG00000122877/ENSG00000123358/ENSG00000141052/ENSG00000162772",7
"GO:0051047","GO:0051047","positive regulation of secretion","17/471","355/21468",0.047887323943662,2.18268592446398,3.36531823256006,0.002322632971886,0.0229177281351828,0.0172908071075994,"ENSG00000017427/ENSG00000053438/ENSG00000101605/ENSG00000115353/ENSG00000119147/ENSG00000124205/ENSG00000132170/ENSG00000138207/ENSG00000145335/ENSG00000153162/ENSG00000164220/ENSG00000166148/ENSG00000169418/ENSG00000174697/ENSG00000182782/ENSG00000240583/ENSG00000272636",17
"GO:0086064","GO:0086064","cell communication by electrical coupling involved in cardiac conduction","4/471","26/21468",0.153846153846154,7.01224889759922,4.59418508063898,0.00233154128142727,0.0229180362510232,0.0172910395726819,"ENSG00000018625/ENSG00000105974/ENSG00000129244/ENSG00000186439",4
"GO:0033500","GO:0033500","carbohydrate homeostasis","15/471","295/21468",0.0508474576271186,2.31760768649466,3.41289900313431,0.00233585362094714,0.0229180362510232,0.0172910395726819,"ENSG00000004799/ENSG00000009950/ENSG00000064300/ENSG00000069122/ENSG00000092009/ENSG00000118432/ENSG00000124253/ENSG00000132170/ENSG00000136244/ENSG00000138207/ENSG00000163884/ENSG00000167910/ENSG00000174697/ENSG00000181092/ENSG00000181856",15
"GO:0048640","GO:0048640","negative regulation of developmental growth","8/471","106/21468",0.0754716981132075,3.43997115731282,3.7716742561429,0.00233890660534893,0.0229180362510232,0.0172910395726819,"ENSG00000043591/ENSG00000087250/ENSG00000116147/ENSG00000120833/ENSG00000137872/ENSG00000138207/ENSG00000164530/ENSG00000188778",8
"GO:0030513","GO:0030513","positive regulation of BMP signaling pathway","5/471","43/21468",0.116279069767442,5.29995556213894,4.22722425144907,0.00241042586707785,0.0234021392094967,0.0176562821842448,"ENSG00000128052/ENSG00000139567/ENSG00000147257/ENSG00000148204/ENSG00000179776",5
"GO:0048265","GO:0048265","response to pain","5/471","43/21468",0.116279069767442,5.29995556213894,4.22722425144907,0.00241042586707785,0.0234021392094967,0.0176562821842448,"ENSG00000115353/ENSG00000136160/ENSG00000153253/ENSG00000168356/ENSG00000189056",5
"GO:0052652","GO:0052652","cyclic purine nucleotide metabolic process","5/471","43/21468",0.116279069767442,5.29995556213894,4.22722425144907,0.00241042586707785,0.0234021392094967,0.0176562821842448,"ENSG00000115252/ENSG00000129467/ENSG00000169418/ENSG00000171408/ENSG00000186642",5
"GO:0060421","GO:0060421","positive regulation of heart growth","5/471","43/21468",0.116279069767442,5.29995556213894,4.22722425144907,0.00241042586707785,0.0234021392094967,0.0176562821842448,"ENSG00000017427/ENSG00000069702/ENSG00000076555/ENSG00000081189/ENSG00000138685",5
"GO:0044242","GO:0044242","cellular lipid catabolic process","14/471","267/21468",0.052434456928839,2.38994250817052,3.42288101238506,0.00244062040796789,0.0236410667893091,0.0178365465922548,"ENSG00000067113/ENSG00000076555/ENSG00000079435/ENSG00000084674/ENSG00000114771/ENSG00000115361/ENSG00000118432/ENSG00000124253/ENSG00000136960/ENSG00000162407/ENSG00000174697/ENSG00000175445/ENSG00000181092/ENSG00000196139",14
"GO:0006633","GO:0006633","fatty acid biosynthetic process","11/471","183/21468",0.0601092896174863,2.73975844906199,3.53993411877711,0.00245157936491907,0.0236930033143891,0.0178757312981602,"ENSG00000004799/ENSG00000009950/ENSG00000076555/ENSG00000101255/ENSG00000115361/ENSG00000123560/ENSG00000124212/ENSG00000166148/ENSG00000167910/ENSG00000175445/ENSG00000196139",11
"GO:0140962","GO:0140962","multicellular organismal-level chemical homeostasis","7/471","84/21468",0.0833333333333333,3.79830148619958,3.84863903928193,0.00247806392999487,0.0237404379608781,0.0179115194582178,"ENSG00000069122/ENSG00000091513/ENSG00000116016/ENSG00000128052/ENSG00000153162/ENSG00000166947/ENSG00000240583",7
"GO:0060395","GO:0060395","SMAD protein signal transduction","8/471","107/21468",0.0747663551401869,3.40782189416037,3.73958118094224,0.00248060201719808,0.0237404379608781,0.0179115194582178,"ENSG00000069702/ENSG00000132170/ENSG00000136999/ENSG00000139567/ENSG00000153162/ENSG00000163513/ENSG00000164619/ENSG00000168874",8
"GO:0090276","GO:0090276","regulation of peptide hormone secretion","13/471","239/21468",0.0543933054393305,2.4792260746742,3.44418319339359,0.00250762382993614,0.0237404379608781,0.0179115194582178,"ENSG00000053438/ENSG00000118432/ENSG00000119147/ENSG00000123612/ENSG00000130037/ENSG00000136244/ENSG00000136999/ENSG00000138207/ENSG00000145708/ENSG00000164220/ENSG00000174697/ENSG00000185897/ENSG00000272636",13
"GO:0010642","GO:0010642","negative regulation of platelet-derived growth factor receptor signaling pathway","3/471","13/21468",0.230769230769231,10.5183733463988,5.1414741872474,0.00254736695604858,0.0237404379608781,0.0179115194582178,"ENSG00000141052/ENSG00000145335/ENSG00000181092",3
"GO:0010713","GO:0010713","negative regulation of collagen metabolic process","3/471","13/21468",0.230769230769231,10.5183733463988,5.1414741872474,0.00254736695604858,0.0237404379608781,0.0179115194582178,"ENSG00000136244/ENSG00000161544/ENSG00000167910",3
"GO:0010764","GO:0010764","negative regulation of fibroblast migration","3/471","13/21468",0.230769230769231,10.5183733463988,5.1414741872474,0.00254736695604858,0.0237404379608781,0.0179115194582178,"ENSG00000105509/ENSG00000138685/ENSG00000161544",3
"GO:0032341","GO:0032341","aldosterone metabolic process","3/471","13/21468",0.230769230769231,10.5183733463988,5.1414741872474,0.00254736695604858,0.0237404379608781,0.0179115194582178,"ENSG00000114859/ENSG00000136160/ENSG00000153162",3
"GO:0035812","GO:0035812","renal sodium excretion","3/471","13/21468",0.230769230769231,10.5183733463988,5.1414741872474,0.00254736695604858,0.0237404379608781,0.0179115194582178,"ENSG00000134548/ENSG00000136160/ENSG00000169418",3
"GO:0040015","GO:0040015","negative regulation of multicellular organism growth","3/471","13/21468",0.230769230769231,10.5183733463988,5.1414741872474,0.00254736695604858,0.0237404379608781,0.0179115194582178,"ENSG00000043591/ENSG00000120833/ENSG00000188778",3
"GO:0042074","GO:0042074","cell migration involved in gastrulation","3/471","13/21468",0.230769230769231,10.5183733463988,5.1414741872474,0.00254736695604858,0.0237404379608781,0.0179115194582178,"ENSG00000147257/ENSG00000148204/ENSG00000164736",3
"GO:0045161","GO:0045161","neuronal ion channel clustering","3/471","13/21468",0.230769230769231,10.5183733463988,5.1414741872474,0.00254736695604858,0.0237404379608781,0.0179115194582178,"ENSG00000034971/ENSG00000120049/ENSG00000186417",3
"GO:0060732","GO:0060732","positive regulation of inositol phosphate biosynthetic process","3/471","13/21468",0.230769230769231,10.5183733463988,5.1414741872474,0.00254736695604858,0.0237404379608781,0.0179115194582178,"ENSG00000078549/ENSG00000138039/ENSG00000145335",3
"GO:0010543","GO:0010543","regulation of platelet activation","6/471","63/21468",0.0952380952380952,4.34091598422809,3.9773674989444,0.00255220448723224,0.0237404379608781,0.0179115194582178,"ENSG00000100448/ENSG00000136244/ENSG00000138722/ENSG00000140873/ENSG00000174175/ENSG00000187800",6
"GO:0061005","GO:0061005","cell differentiation involved in kidney development","6/471","63/21468",0.0952380952380952,4.34091598422809,3.9773674989444,0.00255220448723224,0.0237404379608781,0.0179115194582178,"ENSG00000081189/ENSG00000136160/ENSG00000143867/ENSG00000163884/ENSG00000174059/ENSG00000181092",6
"GO:1901616","GO:1901616","organic hydroxy compound catabolic process","6/471","63/21468",0.0952380952380952,4.34091598422809,3.9773674989444,0.00255220448723224,0.0237404379608781,0.0179115194582178,"ENSG00000074660/ENSG00000123360/ENSG00000167910/ENSG00000196139/ENSG00000198075/ENSG00000198099",6
"GO:1902895","GO:1902895","positive regulation of miRNA transcription","6/471","63/21468",0.0952380952380952,4.34091598422809,3.9773674989444,0.00255220448723224,0.0237404379608781,0.0179115194582178,"ENSG00000064300/ENSG00000132170/ENSG00000136244/ENSG00000138685/ENSG00000141052/ENSG00000168874",6
"GO:0035051","GO:0035051","cardiocyte differentiation","11/471","184/21468",0.0597826086956522,2.724868457491,3.51929582524634,0.00255743909996702,0.0237404379608781,0.0179115194582178,"ENSG00000017427/ENSG00000069702/ENSG00000081189/ENSG00000120907/ENSG00000121361/ENSG00000133392/ENSG00000141052/ENSG00000164056/ENSG00000164530/ENSG00000164736/ENSG00000187955",11
"GO:0061572","GO:0061572","actin filament bundle organization","11/471","184/21468",0.0597826086956522,2.724868457491,3.51929582524634,0.00255743909996702,0.0237404379608781,0.0179115194582178,"ENSG00000006453/ENSG00000034971/ENSG00000047648/ENSG00000103647/ENSG00000115353/ENSG00000168309/ENSG00000170989/ENSG00000171992/ENSG00000172403/ENSG00000198844/ENSG00000251322",11
"GO:0002790","GO:0002790","peptide secretion","15/471","298/21468",0.0503355704697987,2.29427606548968,3.36970692664993,0.00257199026093512,0.0238232708414406,0.0179740146301443,"ENSG00000053438/ENSG00000118432/ENSG00000119147/ENSG00000123612/ENSG00000124205/ENSG00000130037/ENSG00000136244/ENSG00000136999/ENSG00000138207/ENSG00000145708/ENSG00000164220/ENSG00000174697/ENSG00000185897/ENSG00000240583/ENSG00000272636",15
"GO:0071559","GO:0071559","response to transforming growth factor beta","16/471","329/21468",0.0486322188449848,2.21663794939307,3.33069293668836,0.00264969220820774,0.0243911381881383,0.0184024552110141,"ENSG00000069702/ENSG00000081189/ENSG00000105974/ENSG00000132170/ENSG00000136158/ENSG00000139567/ENSG00000141052/ENSG00000142611/ENSG00000163513/ENSG00000164056/ENSG00000170962/ENSG00000176194/ENSG00000179776/ENSG00000181195/ENSG00000186642/ENSG00000266524",16
"GO:0051279","GO:0051279","regulation of release of sequestered calcium ion into cytosol","7/471","85/21468",0.0823529411764706,3.75361558636193,3.80974549092013,0.0026505843530696,0.0243911381881383,0.0184024552110141,"ENSG00000018625/ENSG00000092051/ENSG00000118729/ENSG00000138039/ENSG00000145335/ENSG00000145362/ENSG00000186439",7
"GO:1904427","GO:1904427","positive regulation of calcium ion transmembrane transport","7/471","85/21468",0.0823529411764706,3.75361558636193,3.80974549092013,0.0026505843530696,0.0243911381881383,0.0184024552110141,"ENSG00000078549/ENSG00000105974/ENSG00000123560/ENSG00000138039/ENSG00000145335/ENSG00000145362/ENSG00000186439",7
"GO:0071453","GO:0071453","cellular response to oxygen levels","11/471","185/21468",0.0594594594594595,2.71013943880186,3.49879479658751,0.00266696334854333,0.0244747525974157,0.018465540025255,"ENSG00000087250/ENSG00000100678/ENSG00000101280/ENSG00000105974/ENSG00000116016/ENSG00000124212/ENSG00000124253/ENSG00000124440/ENSG00000132170/ENSG00000181856/ENSG00000240583",11
"GO:0009187","GO:0009187","cyclic nucleotide metabolic process","5/471","44/21468",0.113636363636364,5.17950202663578,4.15640736934439,0.00267123451453013,0.0244747525974157,0.018465540025255,"ENSG00000115252/ENSG00000129467/ENSG00000169418/ENSG00000171408/ENSG00000186642",5
"GO:0046394","GO:0046394","carboxylic acid biosynthetic process","17/471","360/21468",0.0472222222222222,2.15237084217976,3.30245931705041,0.00268255702937736,0.0244890624859499,0.0184763364497922,"ENSG00000004799/ENSG00000009950/ENSG00000036473/ENSG00000059573/ENSG00000076555/ENSG00000101255/ENSG00000115361/ENSG00000123560/ENSG00000124212/ENSG00000128918/ENSG00000129596/ENSG00000165092/ENSG00000166148/ENSG00000167910/ENSG00000175445/ENSG00000196139/ENSG00000198848",17
"GO:0000303","GO:0000303","response to superoxide","4/471","27/21468",0.148148148148148,6.75253597546591,4.47956883588806,0.00269015215118514,0.0244890624859499,0.0184763364497922,"ENSG00000087250/ENSG00000109610/ENSG00000135218/ENSG00000161544",4
"GO:0002070","GO:0002070","epithelial cell maturation","4/471","27/21468",0.148148148148148,6.75253597546591,4.47956883588806,0.00269015215118514,0.0244890624859499,0.0184763364497922,"ENSG00000106004/ENSG00000116016/ENSG00000128052/ENSG00000180509",4
"GO:1990830","GO:1990830","cellular response to leukemia inhibitory factor","8/471","109/21468",0.073394495412844,3.34529305206568,3.67652408724103,0.00278409987954966,0.0252590259984218,0.0190572531312151,"ENSG00000116833/ENSG00000135144/ENSG00000136158/ENSG00000139874/ENSG00000163710/ENSG00000164736/ENSG00000174804/ENSG00000184557",8
"GO:0002791","GO:0002791","regulation of peptide secretion","13/471","242/21468",0.0537190082644628,2.44849186713692,3.39396353368186,0.00279263505014444,0.0252590259984218,0.0190572531312151,"ENSG00000053438/ENSG00000118432/ENSG00000119147/ENSG00000123612/ENSG00000130037/ENSG00000136244/ENSG00000136999/ENSG00000138207/ENSG00000145708/ENSG00000164220/ENSG00000174697/ENSG00000185897/ENSG00000272636",13
"GO:0090087","GO:0090087","regulation of peptide transport","13/471","242/21468",0.0537190082644628,2.44849186713692,3.39396353368186,0.00279263505014444,0.0252590259984218,0.0190572531312151,"ENSG00000053438/ENSG00000118432/ENSG00000119147/ENSG00000123612/ENSG00000130037/ENSG00000136244/ENSG00000136999/ENSG00000138207/ENSG00000145708/ENSG00000164220/ENSG00000174697/ENSG00000185897/ENSG00000272636",13
"GO:0071774","GO:0071774","response to fibroblast growth factor","9/471","134/21468",0.0671641791044776,3.06131761574294,3.58491345883098,0.00284124834322024,0.0256439322747362,0.0193476545243636,"ENSG00000064300/ENSG00000114378/ENSG00000123358/ENSG00000133116/ENSG00000134962/ENSG00000136158/ENSG00000138685/ENSG00000164056/ENSG00000241186",9
"GO:1903169","GO:1903169","regulation of calcium ion transmembrane transport","11/471","187/21468",0.0588235294117647,2.68115399025852,3.45819748606344,0.00289737272540985,0.0260948483971487,0.0196878585641512,"ENSG00000018625/ENSG00000078549/ENSG00000092051/ENSG00000105974/ENSG00000118729/ENSG00000123560/ENSG00000138039/ENSG00000145335/ENSG00000145362/ENSG00000164949/ENSG00000186439",11
"GO:0016053","GO:0016053","organic acid biosynthetic process","17/471","363/21468",0.046831955922865,2.13458265340141,3.26523378338396,0.00291999407676052,0.0262427493140707,0.0197994458126973,"ENSG00000004799/ENSG00000009950/ENSG00000036473/ENSG00000059573/ENSG00000076555/ENSG00000101255/ENSG00000115361/ENSG00000123560/ENSG00000124212/ENSG00000128918/ENSG00000129596/ENSG00000165092/ENSG00000166148/ENSG00000167910/ENSG00000175445/ENSG00000196139/ENSG00000198848",17
"GO:0046688","GO:0046688","response to copper ion","5/471","45/21468",0.111111111111111,5.06440198159943,4.08771185934558,0.00295188380488839,0.0264731443773147,0.0199732726673314,"ENSG00000087250/ENSG00000109610/ENSG00000145335/ENSG00000205364/ENSG00000240583",5
"GO:0062014","GO:0062014","negative regulation of small molecule metabolic process","9/471","135/21468",0.0666666666666667,3.03864118895966,3.55876425413954,0.00298670122139199,0.0267287658988421,0.0201661322036348,"ENSG00000076555/ENSG00000094963/ENSG00000101255/ENSG00000115361/ENSG00000118432/ENSG00000138135/ENSG00000167910/ENSG00000181092/ENSG00000196139",9
"GO:0010810","GO:0010810","regulation of cell-substrate adhesion","13/471","244/21468",0.0532786885245902,2.42842226166858,3.36089861900148,0.00299695249522767,0.0267639238656091,0.0201926579403081,"ENSG00000034971/ENSG00000047648/ENSG00000103647/ENSG00000120156/ENSG00000128052/ENSG00000135218/ENSG00000137077/ENSG00000139567/ENSG00000154175/ENSG00000164318/ENSG00000168309/ENSG00000174804/ENSG00000205221",13
"GO:0032970","GO:0032970","regulation of actin filament-based process","19/471","427/21468",0.0444964871194379,2.02813287787706,3.21401207646965,0.00301039279940327,0.0268273530944717,0.0202405135809186,"ENSG00000006453/ENSG00000018625/ENSG00000034971/ENSG00000047648/ENSG00000103647/ENSG00000105974/ENSG00000108342/ENSG00000115353/ENSG00000120318/ENSG00000137077/ENSG00000145362/ENSG00000148180/ENSG00000149564/ENSG00000168309/ENSG00000170989/ENSG00000171992/ENSG00000172403/ENSG00000198844/ENSG00000251322",19
"GO:0010827","GO:0010827","regulation of D-glucose transmembrane transport","7/471","87/21468",0.0804597701149425,3.66732557288235,3.73369773149316,0.00302315836418869,0.0268281537853475,0.020241117680566,"ENSG00000017427/ENSG00000101255/ENSG00000119508/ENSG00000147257/ENSG00000163884/ENSG00000174697/ENSG00000181092",7
"GO:0032411","GO:0032411","positive regulation of transporter activity","7/471","87/21468",0.0804597701149425,3.66732557288235,3.73369773149316,0.00302315836418869,0.0268281537853475,0.020241117680566,"ENSG00000101049/ENSG00000129244/ENSG00000137672/ENSG00000145362/ENSG00000181092/ENSG00000186439/ENSG00000189056",7
"GO:0043010","GO:0043010","camera-type eye development","18/471","396/21468",0.0454545454545455,2.07180081065431,3.22423214078876,0.0030642754371407,0.0270794946250868,0.0204307475580373,"ENSG00000101605/ENSG00000104888/ENSG00000114859/ENSG00000126785/ENSG00000128052/ENSG00000128918/ENSG00000136158/ENSG00000138207/ENSG00000138685/ENSG00000139567/ENSG00000148204/ENSG00000163513/ENSG00000164007/ENSG00000164056/ENSG00000171819/ENSG00000174804/ENSG00000198844/ENSG00000240583",18
"GO:0050890","GO:0050890","cognition","18/471","396/21468",0.0454545454545455,2.07180081065431,3.22423214078876,0.0030642754371407,0.0270794946250868,0.0204307475580373,"ENSG00000018625/ENSG00000081189/ENSG00000092051/ENSG00000100678/ENSG00000101349/ENSG00000115353/ENSG00000116147/ENSG00000118432/ENSG00000122877/ENSG00000123360/ENSG00000135298/ENSG00000138039/ENSG00000145708/ENSG00000158352/ENSG00000168309/ENSG00000181856/ENSG00000189056/ENSG00000251322",18
"GO:0000305","GO:0000305","response to oxygen radical","4/471","28/21468",0.142857142857143,6.51137397634213,4.37062971395322,0.0030848022342078,0.0270912196211652,0.0204395937510078,"ENSG00000087250/ENSG00000109610/ENSG00000135218/ENSG00000161544",4
"GO:0002026","GO:0002026","regulation of the force of heart contraction","4/471","28/21468",0.142857142857143,6.51137397634213,4.37062971395322,0.0030848022342078,0.0270912196211652,0.0204395937510078,"ENSG00000018625/ENSG00000043591/ENSG00000105974/ENSG00000120907",4
"GO:0006027","GO:0006027","glycosaminoglycan catabolic process","4/471","28/21468",0.142857142857143,6.51137397634213,4.37062971395322,0.0030848022342078,0.0270912196211652,0.0204395937510078,"ENSG00000114378/ENSG00000133800/ENSG00000136011/ENSG00000138685",4
"GO:1903035","GO:1903035","negative regulation of response to wounding","8/471","111/21468",0.0720720720720721,3.28501750157801,3.61491761424518,0.00311581806622139,0.0272349563265579,0.0205480392143874,"ENSG00000003436/ENSG00000116147/ENSG00000137033/ENSG00000138685/ENSG00000138722/ENSG00000140873/ENSG00000164007/ENSG00000184500",8
"GO:1990823","GO:1990823","response to leukemia inhibitory factor","8/471","111/21468",0.0720720720720721,3.28501750157801,3.61491761424518,0.00311581806622139,0.0272349563265579,0.0205480392143874,"ENSG00000116833/ENSG00000135144/ENSG00000136158/ENSG00000139874/ENSG00000163710/ENSG00000164736/ENSG00000174804/ENSG00000184557",8
"GO:0006816","GO:0006816","calcium ion transport","21/471","493/21468",0.0425963488843813,1.94152530329065,3.167539056652,0.00312047101780784,0.0272349563265579,0.0205480392143874,"ENSG00000018625/ENSG00000064989/ENSG00000078549/ENSG00000092051/ENSG00000100678/ENSG00000105974/ENSG00000118729/ENSG00000121361/ENSG00000123560/ENSG00000136160/ENSG00000137077/ENSG00000137672/ENSG00000138039/ENSG00000138685/ENSG00000145335/ENSG00000145362/ENSG00000164949/ENSG00000168356/ENSG00000171227/ENSG00000185739/ENSG00000186439",21
"GO:0051209","GO:0051209","release of sequestered calcium ion into cytosol","9/471","136/21468",0.0661764705882353,3.01629823904084,3.5328560751785,0.00313796804645566,0.0272819119419869,0.0205834659584439,"ENSG00000018625/ENSG00000092051/ENSG00000118729/ENSG00000137077/ENSG00000138039/ENSG00000138685/ENSG00000145335/ENSG00000145362/ENSG00000186439",9
"GO:0071456","GO:0071456","cellular response to hypoxia","10/471","162/21468",0.0617283950617284,2.81355665644413,3.47020539979344,0.00313874110931907,0.0272819119419869,0.0205834659584439,"ENSG00000087250/ENSG00000100678/ENSG00000101280/ENSG00000116016/ENSG00000124212/ENSG00000124253/ENSG00000124440/ENSG00000132170/ENSG00000181856/ENSG00000240583",10
"GO:0002024","GO:0002024","diet induced thermogenesis","3/471","14/21468",0.214285714285714,9.76706096451319,4.91452347468462,0.00318966594874993,0.027498688311728,0.0207470178765297,"ENSG00000043591/ENSG00000080293/ENSG00000188778",3
"GO:0003084","GO:0003084","positive regulation of systemic arterial blood pressure","3/471","14/21468",0.214285714285714,9.76706096451319,4.91452347468462,0.00318966594874993,0.027498688311728,0.0207470178765297,"ENSG00000126895/ENSG00000134548/ENSG00000166148",3
"GO:0010524","GO:0010524","positive regulation of calcium ion transport into cytosol","3/471","14/21468",0.214285714285714,9.76706096451319,4.91452347468462,0.00318966594874993,0.027498688311728,0.0207470178765297,"ENSG00000078549/ENSG00000105974/ENSG00000138039",3
"GO:0070417","GO:0070417","cellular response to cold","3/471","14/21468",0.214285714285714,9.76706096451319,4.91452347468462,0.00318966594874993,0.027498688311728,0.0207470178765297,"ENSG00000166819/ENSG00000168356/ENSG00000176194",3
"GO:0085029","GO:0085029","extracellular matrix assembly","6/471","66/21468",0.0909090909090909,4.14360162130863,3.83080283007968,0.00323047988285361,0.0277939458213807,0.0209697816957164,"ENSG00000066056/ENSG00000069702/ENSG00000105509/ENSG00000132170/ENSG00000133392/ENSG00000168477",6
"GO:0010828","GO:0010828","positive regulation of D-glucose transmembrane transport","5/471","46/21468",0.108695652173913,4.95430628634727,4.0210245172231,0.00325321315232067,0.0278199015631786,0.0209893646021072,"ENSG00000017427/ENSG00000119508/ENSG00000147257/ENSG00000163884/ENSG00000181092",5
"GO:0032570","GO:0032570","response to progesterone","5/471","46/21468",0.108695652173913,4.95430628634727,4.0210245172231,0.00325321315232067,0.0278199015631786,0.0209893646021072,"ENSG00000105974/ENSG00000115353/ENSG00000125740/ENSG00000126545/ENSG00000265972",5
"GO:0048483","GO:0048483","autonomic nervous system development","5/471","46/21468",0.108695652173913,4.95430628634727,4.0210245172231,0.00325321315232067,0.0278199015631786,0.0209893646021072,"ENSG00000066735/ENSG00000073282/ENSG00000122877/ENSG00000136160/ENSG00000221866",5
"GO:0050680","GO:0050680","negative regulation of epithelial cell proliferation","11/471","190/21468",0.0578947368421053,2.63881997988602,3.39828779608938,0.00327279667363664,0.0279309441925482,0.0210731432678556,"ENSG00000000005/ENSG00000064300/ENSG00000069702/ENSG00000081189/ENSG00000105974/ENSG00000132170/ENSG00000139567/ENSG00000147257/ENSG00000168874/ENSG00000171951/ENSG00000173269",11
"GO:1901617","GO:1901617","organic hydroxy compound biosynthetic process","14/471","276/21468",0.0507246376811594,2.31200960029539,3.28566354238457,0.00329066284575694,0.0280092698389093,0.0211322378532709,"ENSG00000078549/ENSG00000084674/ENSG00000114859/ENSG00000124253/ENSG00000133116/ENSG00000138039/ENSG00000138135/ENSG00000145335/ENSG00000153162/ENSG00000164849/ENSG00000167910/ENSG00000174697/ENSG00000196139/ENSG00000198848",14
"GO:0051283","GO:0051283","negative regulation of sequestering of calcium ion","9/471","137/21468",0.0656934306569343,2.99428146357339,3.5071846841742,0.00329520821634227,0.0280092698389093,0.0211322378532709,"ENSG00000018625/ENSG00000092051/ENSG00000118729/ENSG00000137077/ENSG00000138039/ENSG00000138685/ENSG00000145335/ENSG00000145362/ENSG00000186439",9
"GO:0072330","GO:0072330","monocarboxylic acid biosynthetic process","13/471","247/21468",0.0526315789473684,2.39892725444184,3.31190745612603,0.00332615263143394,0.028215639456633,0.0212879381579381,"ENSG00000004799/ENSG00000009950/ENSG00000076555/ENSG00000101255/ENSG00000115361/ENSG00000123560/ENSG00000124212/ENSG00000128918/ENSG00000166148/ENSG00000167910/ENSG00000175445/ENSG00000196139/ENSG00000198848",13
"GO:0045669","GO:0045669","positive regulation of osteoblast differentiation","7/471","89/21468",0.0786516853932584,3.58491376225578,3.65986339884462,0.00343451549605639,0.0290766081896134,0.0219375158211265,"ENSG00000017427/ENSG00000073282/ENSG00000081189/ENSG00000136244/ENSG00000138685/ENSG00000153162/ENSG00000266524",7
"GO:0060343","GO:0060343","trabecula formation","4/471","29/21468",0.137931034482759,6.28684383922688,4.26688292648697,0.00351718263225736,0.0296578368174212,0.0223760371278441,"ENSG00000069702/ENSG00000120156/ENSG00000138207/ENSG00000154734",4
"GO:0060586","GO:0060586","multicellular organismal-level iron ion homeostasis","4/471","29/21468",0.137931034482759,6.28684383922688,4.26688292648697,0.00351718263225736,0.0296578368174212,0.0223760371278441,"ENSG00000091513/ENSG00000116016/ENSG00000153162/ENSG00000166947",4
"GO:0051282","GO:0051282","regulation of sequestering of calcium ion","9/471","139/21468",0.0647482014388489,2.95119827704715,3.45653584061738,0.00362825503133498,0.0305336054625069,0.0230367809251237,"ENSG00000018625/ENSG00000092051/ENSG00000118729/ENSG00000137077/ENSG00000138039/ENSG00000138685/ENSG00000145335/ENSG00000145362/ENSG00000186439",9
"GO:0060078","GO:0060078","regulation of postsynaptic membrane potential","10/471","166/21468",0.0602409638554217,2.74576011050572,3.38178448513222,0.00373543250803786,0.0313731861240561,0.0236702218658874,"ENSG00000043591/ENSG00000081189/ENSG00000100678/ENSG00000111262/ENSG00000145335/ENSG00000151834/ENSG00000152578/ENSG00000163285/ENSG00000189056/ENSG00000251322",10
"GO:0051216","GO:0051216","cartilage development","12/471","222/21468",0.0540540540540541,2.46376312618351,3.2834182581765,0.0038024187733431,0.0318725518169532,0.0240469797984846,"ENSG00000081189/ENSG00000106004/ENSG00000114378/ENSG00000136999/ENSG00000138685/ENSG00000139567/ENSG00000143867/ENSG00000153162/ENSG00000162878/ENSG00000163513/ENSG00000170891/ENSG00000174697",12
"GO:0010919","GO:0010919","regulation of inositol phosphate biosynthetic process","3/471","15/21468",0.2,9.11592356687898,4.70930771599475,0.00392266839293916,0.0327507994227051,0.0247095939046557,"ENSG00000078549/ENSG00000138039/ENSG00000145335",3
"GO:0032352","GO:0032352","positive regulation of hormone metabolic process","3/471","15/21468",0.2,9.11592356687898,4.70930771599475,0.00392266839293916,0.0327507994227051,0.0247095939046557,"ENSG00000138039/ENSG00000139155/ENSG00000153162",3
"GO:0019433","GO:0019433","triglyceride catabolic process","4/471","30/21468",0.133333333333333,6.07728237791932,4.16790027837425,0.00398894790820839,0.0329789384676682,0.0248817186544084,"ENSG00000079435/ENSG00000084674/ENSG00000114771/ENSG00000175445",4
"GO:0034695","GO:0034695","response to prostaglandin E","4/471","30/21468",0.133333333333333,6.07728237791932,4.16790027837425,0.00398894790820839,0.0329789384676682,0.0248817186544084,"ENSG00000069702/ENSG00000137077/ENSG00000168356/ENSG00000175899",4
"GO:0035116","GO:0035116","embryonic hindlimb morphogenesis","4/471","30/21468",0.133333333333333,6.07728237791932,4.16790027837425,0.00398894790820839,0.0329789384676682,0.0248817186544084,"ENSG00000052850/ENSG00000073282/ENSG00000143867/ENSG00000147257",4
"GO:0060402","GO:0060402","calcium ion transport into cytosol","4/471","30/21468",0.133333333333333,6.07728237791932,4.16790027837425,0.00398894790820839,0.0329789384676682,0.0248817186544084,"ENSG00000078549/ENSG00000092051/ENSG00000105974/ENSG00000138039",4
"GO:0086013","GO:0086013","membrane repolarization during cardiac muscle cell action potential","4/471","30/21468",0.133333333333333,6.07728237791932,4.16790027837425,0.00398894790820839,0.0329789384676682,0.0248817186544084,"ENSG00000120049/ENSG00000121361/ENSG00000130037/ENSG00000180509",4
"GO:0030595","GO:0030595","leukocyte chemotaxis","14/471","283/21468",0.049469964664311,2.25482208368031,3.18257498166697,0.00410748147914692,0.0338927272928439,0.0255711476510347,"ENSG00000081041/ENSG00000100448/ENSG00000124205/ENSG00000136160/ENSG00000136244/ENSG00000136999/ENSG00000137077/ENSG00000138135/ENSG00000165197/ENSG00000170989/ENSG00000171951/ENSG00000173432/ENSG00000275152/ENSG00000276409",14
"GO:0032370","GO:0032370","positive regulation of lipid transport","7/471","92/21468",0.0760869565217391,3.46801440044309,3.55300558590123,0.00412980953405674,0.034010668789226,0.0256601313256771,"ENSG00000105974/ENSG00000119147/ENSG00000132170/ENSG00000141338/ENSG00000153162/ENSG00000181092/ENSG00000198848",7
"GO:0042632","GO:0042632","cholesterol homeostasis","8/471","117/21468",0.0683760683760684,3.11655506559965,3.43819813195525,0.00429775266312789,0.035138187451751,0.0265108137139549,"ENSG00000084674/ENSG00000105974/ENSG00000116833/ENSG00000167910/ENSG00000170323/ENSG00000175445/ENSG00000187134/ENSG00000198848",8
"GO:1903034","GO:1903034","regulation of response to wounding","11/471","197/21468",0.0558375634517767,2.54505480293576,3.26287589336841,0.00430153930484327,0.035138187451751,0.0265108137139549,"ENSG00000003436/ENSG00000074660/ENSG00000105974/ENSG00000116147/ENSG00000135218/ENSG00000137033/ENSG00000138685/ENSG00000138722/ENSG00000140873/ENSG00000164007/ENSG00000184500",11
"GO:0001709","GO:0001709","cell fate determination","6/471","70/21468",0.0857142857142857,3.90682438580528,3.64836878172408,0.00433312871481551,0.035138187451751,0.0265108137139549,"ENSG00000081189/ENSG00000117425/ENSG00000164736/ENSG00000168477/ENSG00000204301/ENSG00000221818",6
"GO:0015909","GO:0015909","long-chain fatty acid transport","6/471","70/21468",0.0857142857142857,3.90682438580528,3.64836878172408,0.00433312871481551,0.035138187451751,0.0265108137139549,"ENSG00000132170/ENSG00000134548/ENSG00000135218/ENSG00000138039/ENSG00000170323/ENSG00000188257",6
"GO:0035904","GO:0035904","aorta development","6/471","70/21468",0.0857142857142857,3.90682438580528,3.64836878172408,0.00433312871481551,0.035138187451751,0.0265108137139549,"ENSG00000064300/ENSG00000122877/ENSG00000139567/ENSG00000163513/ENSG00000174697/ENSG00000186642",6
"GO:0051893","GO:0051893","regulation of focal adhesion assembly","6/471","70/21468",0.0857142857142857,3.90682438580528,3.64836878172408,0.00433312871481551,0.035138187451751,0.0265108137139549,"ENSG00000034971/ENSG00000047648/ENSG00000120156/ENSG00000128052/ENSG00000139567/ENSG00000168309",6
"GO:0090109","GO:0090109","regulation of cell-substrate junction assembly","6/471","70/21468",0.0857142857142857,3.90682438580528,3.64836878172408,0.00433312871481551,0.035138187451751,0.0265108137139549,"ENSG00000034971/ENSG00000047648/ENSG00000120156/ENSG00000128052/ENSG00000139567/ENSG00000168309",6
"GO:0098900","GO:0098900","regulation of action potential","6/471","70/21468",0.0857142857142857,3.90682438580528,3.64836878172408,0.00433312871481551,0.035138187451751,0.0265108137139549,"ENSG00000105974/ENSG00000115353/ENSG00000118432/ENSG00000120907/ENSG00000135218/ENSG00000145362",6
"GO:0051208","GO:0051208","sequestering of calcium ion","9/471","143/21468",0.0629370629370629,2.86864727629059,3.35790448535887,0.00437323328957891,0.0353280467839456,0.0266540574539622,"ENSG00000018625/ENSG00000092051/ENSG00000118729/ENSG00000137077/ENSG00000138039/ENSG00000138685/ENSG00000145335/ENSG00000145362/ENSG00000186439",9
"GO:0090288","GO:0090288","negative regulation of cellular response to growth factor stimulus","9/471","143/21468",0.0629370629370629,2.86864727629059,3.35790448535887,0.00437323328957891,0.0353280467839456,0.0266540574539622,"ENSG00000064300/ENSG00000101938/ENSG00000105974/ENSG00000132170/ENSG00000136158/ENSG00000138685/ENSG00000164056/ENSG00000164619/ENSG00000173269",9
"GO:1903510","GO:1903510","mucopolysaccharide metabolic process","7/471","93/21468",0.0752688172043011,3.43072392301897,3.51837037697521,0.00438372929578379,0.0353453830648624,0.0266671372098406,"ENSG00000105509/ENSG00000114378/ENSG00000123243/ENSG00000133800/ENSG00000136011/ENSG00000136160/ENSG00000138685",7
"GO:0036294","GO:0036294","cellular response to decreased oxygen levels","10/471","170/21468",0.0588235294117647,2.68115399025852,3.29594573417368,0.00441865167137047,0.0355592253325308,0.0268284754271323,"ENSG00000087250/ENSG00000100678/ENSG00000101280/ENSG00000116016/ENSG00000124212/ENSG00000124253/ENSG00000124440/ENSG00000132170/ENSG00000181856/ENSG00000240583",10
"GO:0042744","GO:0042744","hydrogen peroxide catabolic process","4/471","31/21468",0.129032258064516,5.88124101088967,4.07330192055204,0.00450171286358197,0.0360222127628402,0.0271777869428071,"ENSG00000087250/ENSG00000145335/ENSG00000211445/ENSG00000257017",4
"GO:0071280","GO:0071280","cellular response to copper ion","4/471","31/21468",0.129032258064516,5.88124101088967,4.07330192055204,0.00450171286358197,0.0360222127628402,0.0271777869428071,"ENSG00000087250/ENSG00000145335/ENSG00000205364/ENSG00000240583",4
"GO:0099623","GO:0099623","regulation of cardiac muscle cell membrane repolarization","4/471","31/21468",0.129032258064516,5.88124101088967,4.07330192055204,0.00450171286358197,0.0360222127628402,0.0271777869428071,"ENSG00000130037/ENSG00000145362/ENSG00000177098/ENSG00000180509",4
"GO:0055092","GO:0055092","sterol homeostasis","8/471","118/21468",0.0677966101694915,3.09014358199287,3.40985328006551,0.00452433409245477,0.0361349173837001,0.0272628195362617,"ENSG00000084674/ENSG00000105974/ENSG00000116833/ENSG00000167910/ENSG00000170323/ENSG00000175445/ENSG00000187134/ENSG00000198848",8
"GO:0050728","GO:0050728","negative regulation of inflammatory response","12/471","227/21468",0.052863436123348,2.40949521591515,3.19747062152898,0.00453817020924052,0.0361771647753581,0.0272946940526033,"ENSG00000017427/ENSG00000091972/ENSG00000120156/ENSG00000124212/ENSG00000132170/ENSG00000136999/ENSG00000137033/ENSG00000144230/ENSG00000173432/ENSG00000179776/ENSG00000181092/ENSG00000184557",12
"GO:0014902","GO:0014902","myotube differentiation","9/471","144/21468",0.0625,2.84872611464968,3.33378042890435,0.00457689270240253,0.0363489433569792,0.0274242963544767,"ENSG00000017427/ENSG00000081189/ENSG00000115593/ENSG00000135298/ENSG00000136999/ENSG00000141052/ENSG00000154721/ENSG00000166148/ENSG00000262179",9
"GO:0051592","GO:0051592","response to calcium ion","9/471","144/21468",0.0625,2.84872611464968,3.33378042890435,0.00457689270240253,0.0363489433569792,0.0274242963544767,"ENSG00000081189/ENSG00000105974/ENSG00000118729/ENSG00000120049/ENSG00000125740/ENSG00000145708/ENSG00000181195/ENSG00000196139/ENSG00000265972",9
"GO:0007612","GO:0007612","learning","10/471","171/21468",0.0584795321637427,2.6654747271576,3.27487248372828,0.00460394610042632,0.036495325548885,0.0275347377660033,"ENSG00000018625/ENSG00000092051/ENSG00000100678/ENSG00000101349/ENSG00000115353/ENSG00000116147/ENSG00000123360/ENSG00000135298/ENSG00000189056/ENSG00000251322",10
"GO:0010611","GO:0010611","regulation of cardiac muscle hypertrophy","6/471","71/21468",0.0845070422535211,3.85179869023055,3.60486581788778,0.00464747800419029,0.036648704186416,0.0276504578068525,"ENSG00000017427/ENSG00000076555/ENSG00000119508/ENSG00000120907/ENSG00000132170/ENSG00000164530",6
"GO:0043537","GO:0043537","negative regulation of blood vessel endothelial cell migration","7/471","94/21468",0.074468085106383,3.39422686000813,3.48420605024678,0.00464926863881536,0.036648704186416,0.0276504578068525,"ENSG00000081189/ENSG00000101280/ENSG00000106511/ENSG00000132170/ENSG00000138685/ENSG00000139567/ENSG00000173269",7
"GO:0045123","GO:0045123","cellular extravasation","7/471","94/21468",0.074468085106383,3.39422686000813,3.48420605024678,0.00464926863881536,0.036648704186416,0.0276504578068525,"ENSG00000133800/ENSG00000137077/ENSG00000154721/ENSG00000170962/ENSG00000174175/ENSG00000174697/ENSG00000261371",7
"GO:0060976","GO:0060976","coronary vasculature development","5/471","50/21468",0.1,4.55796178343949,3.77237042700957,0.00468207052115945,0.0368386701042155,0.0277937819628209,"ENSG00000069702/ENSG00000121361/ENSG00000138685/ENSG00000141052/ENSG00000147257",5
"GO:0009214","GO:0009214","cyclic nucleotide catabolic process","3/471","16/21468",0.1875,8.54617834394904,4.5224176742311,0.00474998981604894,0.0370289261350556,0.0279373250012455,"ENSG00000115252/ENSG00000171408/ENSG00000186642",3
"GO:0010649","GO:0010649","regulation of cell communication by electrical coupling","3/471","16/21468",0.1875,8.54617834394904,4.5224176742311,0.00474998981604894,0.0370289261350556,0.0279373250012455,"ENSG00000105974/ENSG00000118729/ENSG00000186439",3
"GO:0010889","GO:0010889","regulation of sequestering of triglyceride","3/471","16/21468",0.1875,8.54617834394904,4.5224176742311,0.00474998981604894,0.0370289261350556,0.0279373250012455,"ENSG00000132170/ENSG00000175445/ENSG00000176194",3
"GO:0090030","GO:0090030","regulation of steroid hormone biosynthetic process","3/471","16/21468",0.1875,8.54617834394904,4.5224176742311,0.00474998981604894,0.0370289261350556,0.0279373250012455,"ENSG00000114859/ENSG00000138039/ENSG00000153162",3
"GO:0170043","GO:0170043","non-proteinogenic amino acid biosynthetic process","3/471","16/21468",0.1875,8.54617834394904,4.5224176742311,0.00474998981604894,0.0370289261350556,0.0279373250012455,"ENSG00000036473/ENSG00000059573/ENSG00000165092",3
"GO:0043535","GO:0043535","regulation of blood vessel endothelial cell migration","10/471","173/21468",0.0578034682080925,2.63465999042745,3.23317468720551,0.00499285029363283,0.0388506163473304,0.029311741081428,"ENSG00000069702/ENSG00000081189/ENSG00000101280/ENSG00000106511/ENSG00000126785/ENSG00000128052/ENSG00000132170/ENSG00000138685/ENSG00000139567/ENSG00000173269",10
"GO:0048661","GO:0048661","positive regulation of smooth muscle cell proliferation","8/471","120/21468",0.0666666666666667,3.03864118895966,3.3540561440819,0.00500492567054692,0.0388731199328901,0.0293287194291441,"ENSG00000017427/ENSG00000064989/ENSG00000119508/ENSG00000136244/ENSG00000138685/ENSG00000154734/ENSG00000170962/ENSG00000170989",8
"GO:0010888","GO:0010888","negative regulation of lipid storage","4/471","32/21468",0.125,5.69745222929936,3.98274952782001,0.00505704962202317,0.0389917869763644,0.0294182505094781,"ENSG00000132170/ENSG00000136244/ENSG00000174697/ENSG00000198848",4
"GO:0030262","GO:0030262","apoptotic nuclear changes","4/471","32/21468",0.125,5.69745222929936,3.98274952782001,0.00505704962202317,0.0389917869763644,0.0294182505094781,"ENSG00000123612/ENSG00000136244/ENSG00000163687/ENSG00000176194",4
"GO:0035767","GO:0035767","endothelial cell chemotaxis","4/471","32/21468",0.125,5.69745222929936,3.98274952782001,0.00505704962202317,0.0389917869763644,0.0294182505094781,"ENSG00000123358/ENSG00000128052/ENSG00000136999/ENSG00000138685",4
"GO:0099625","GO:0099625","ventricular cardiac muscle cell membrane repolarization","4/471","32/21468",0.125,5.69745222929936,3.98274952782001,0.00505704962202317,0.0389917869763644,0.0294182505094781,"ENSG00000121361/ENSG00000145362/ENSG00000177098/ENSG00000180509",4
"GO:0022602","GO:0022602","ovulation cycle process","5/471","51/21468",0.0980392156862745,4.46858998376421,3.71429371081336,0.00509932503128242,0.039175032409108,0.0295565042409225,"ENSG00000138039/ENSG00000154734/ENSG00000174697/ENSG00000174804/ENSG00000175899",5
"GO:0061383","GO:0061383","trabecula morphogenesis","5/471","51/21468",0.0980392156862745,4.46858998376421,3.71429371081336,0.00509932503128242,0.039175032409108,0.0295565042409225,"ENSG00000069702/ENSG00000120156/ENSG00000138207/ENSG00000154734/ENSG00000170989",5
"GO:0031032","GO:0031032","actomyosin structure organization","12/471","231/21468",0.051948051948052,2.3677723550335,3.13033441347291,0.00520529658417031,0.0399167036970886,0.0301160752028465,"ENSG00000034971/ENSG00000047648/ENSG00000101605/ENSG00000103647/ENSG00000115353/ENSG00000130595/ENSG00000133392/ENSG00000142661/ENSG00000154330/ENSG00000170989/ENSG00000171992/ENSG00000198844",12
"GO:0002062","GO:0002062","chondrocyte differentiation","8/471","121/21468",0.0661157024793388,3.01352845186082,3.32659199740325,0.00525940252693748,0.0402586815488723,0.0303740882587386,"ENSG00000081189/ENSG00000136999/ENSG00000139567/ENSG00000143867/ENSG00000153162/ENSG00000162878/ENSG00000163513/ENSG00000170891",8
"GO:2000630","GO:2000630","positive regulation of miRNA metabolic process","6/471","73/21468",0.0821917808219178,3.74626995899136,3.52018929981668,0.00532606882327469,0.0406953959005808,0.0307035774459727,"ENSG00000064300/ENSG00000132170/ENSG00000136244/ENSG00000138685/ENSG00000141052/ENSG00000168874",6
"GO:0051223","GO:0051223","regulation of protein transport","20/471","485/21468",0.0412371134020619,1.87957186945958,2.93444462066376,0.0055135975718111,0.0420523576963538,0.0317273684834042,"ENSG00000017427/ENSG00000053438/ENSG00000091972/ENSG00000101605/ENSG00000118432/ENSG00000123612/ENSG00000130037/ENSG00000132170/ENSG00000135218/ENSG00000136244/ENSG00000136999/ENSG00000138207/ENSG00000153162/ENSG00000162878/ENSG00000164220/ENSG00000173432/ENSG00000174697/ENSG00000181092/ENSG00000182782/ENSG00000272636",20
"GO:0032095","GO:0032095","regulation of response to food","3/471","17/21468",0.176470588235294,8.04346197077557,4.35115316267043,0.00567487262378106,0.0427909113348768,0.0322845872629879,"ENSG00000087250/ENSG00000134548/ENSG00000174697",3
"GO:0042448","GO:0042448","progesterone metabolic process","3/471","17/21468",0.176470588235294,8.04346197077557,4.35115316267043,0.00567487262378106,0.0427909113348768,0.0322845872629879,"ENSG00000151632/ENSG00000187134/ENSG00000196139",3
"GO:0044320","GO:0044320","cellular response to leptin stimulus","3/471","17/21468",0.176470588235294,8.04346197077557,4.35115316267043,0.00567487262378106,0.0427909113348768,0.0322845872629879,"ENSG00000087250/ENSG00000119508/ENSG00000174697",3
"GO:0046068","GO:0046068","cGMP metabolic process","3/471","17/21468",0.176470588235294,8.04346197077557,4.35115316267043,0.00567487262378106,0.0427909113348768,0.0322845872629879,"ENSG00000115252/ENSG00000169418/ENSG00000186642",3
"GO:2001212","GO:2001212","regulation of vasculogenesis","3/471","17/21468",0.176470588235294,8.04346197077557,4.35115316267043,0.00567487262378106,0.0427909113348768,0.0322845872629879,"ENSG00000128052/ENSG00000166292/ENSG00000174059",3
"GO:0010812","GO:0010812","negative regulation of cell-substrate adhesion","6/471","74/21468",0.0810810810810811,3.69564468927526,3.47896467792217,0.00569130240527656,0.0427909113348768,0.0322845872629879,"ENSG00000034971/ENSG00000047648/ENSG00000103647/ENSG00000139567/ENSG00000168309/ENSG00000174804",6
"GO:0014743","GO:0014743","regulation of muscle hypertrophy","6/471","74/21468",0.0810810810810811,3.69564468927526,3.47896467792217,0.00569130240527656,0.0427909113348768,0.0322845872629879,"ENSG00000017427/ENSG00000076555/ENSG00000119508/ENSG00000120907/ENSG00000132170/ENSG00000164530",6
"GO:1901019","GO:1901019","regulation of calcium ion transmembrane transporter activity","6/471","74/21468",0.0810810810810811,3.69564468927526,3.47896467792217,0.00569130240527656,0.0427909113348768,0.0322845872629879,"ENSG00000018625/ENSG00000092051/ENSG00000118729/ENSG00000145362/ENSG00000164949/ENSG00000186439",6
"GO:0015833","GO:0015833","peptide transport","15/471","325/21468",0.0461538461538462,2.10367466927976,3.00273466877881,0.00572191181238646,0.0429447742940282,0.0324006727114232,"ENSG00000053438/ENSG00000118432/ENSG00000119147/ENSG00000123612/ENSG00000124205/ENSG00000130037/ENSG00000136244/ENSG00000136999/ENSG00000138207/ENSG00000145708/ENSG00000164220/ENSG00000174697/ENSG00000185897/ENSG00000240583/ENSG00000272636",15
"GO:0043502","GO:0043502","regulation of muscle adaptation","7/471","98/21468",0.0714285714285714,3.25568698817106,3.35202399419412,0.00583419901015423,0.0436327993109238,0.0329197690102435,"ENSG00000006704/ENSG00000017427/ENSG00000076555/ENSG00000119508/ENSG00000120907/ENSG00000132170/ENSG00000164530",7
"GO:0050918","GO:0050918","positive chemotaxis","7/471","98/21468",0.0714285714285714,3.25568698817106,3.35202399419412,0.00583419901015423,0.0436327993109238,0.0329197690102435,"ENSG00000128052/ENSG00000138685/ENSG00000140538/ENSG00000165197/ENSG00000170989/ENSG00000171951/ENSG00000275152",7
"GO:0007219","GO:0007219","Notch signaling pathway","11/471","206/21468",0.0533980582524272,2.43386308824439,3.09711082234541,0.0059853176141304,0.044644203314775,0.0336828460236059,"ENSG00000053702/ENSG00000073282/ENSG00000101280/ENSG00000130037/ENSG00000135144/ENSG00000136999/ENSG00000139567/ENSG00000157150/ENSG00000163513/ENSG00000166292/ENSG00000204301",11
"GO:0003254","GO:0003254","regulation of membrane depolarization","5/471","53/21468",0.0943396226415094,4.29996394664103,3.60251334357186,0.00601162199135879,0.044644203314775,0.0336828460236059,"ENSG00000022267/ENSG00000034971/ENSG00000114859/ENSG00000128052/ENSG00000166257",5
"GO:0006693","GO:0006693","prostaglandin metabolic process","5/471","53/21468",0.0943396226415094,4.29996394664103,3.60251334357186,0.00601162199135879,0.044644203314775,0.0336828460236059,"ENSG00000124212/ENSG00000151632/ENSG00000166148/ENSG00000187134/ENSG00000196139",5
"GO:0030501","GO:0030501","positive regulation of bone mineralization","5/471","53/21468",0.0943396226415094,4.29996394664103,3.60251334357186,0.00601162199135879,0.044644203314775,0.0336828460236059,"ENSG00000081189/ENSG00000133116/ENSG00000143867/ENSG00000153162/ENSG00000162878",5
"GO:0150116","GO:0150116","regulation of cell-substrate junction organization","6/471","75/21468",0.08,3.64636942675159,3.43845040209244,0.00607448856826082,0.0449814279451053,0.0339372729022466,"ENSG00000034971/ENSG00000047648/ENSG00000120156/ENSG00000128052/ENSG00000139567/ENSG00000168309",6
"GO:0007043","GO:0007043","cell-cell junction assembly","10/471","178/21468",0.0561797752808989,2.56065268732556,3.13145332298447,0.00607828414472011,0.0449814279451053,0.0339372729022466,"ENSG00000013297/ENSG00000101542/ENSG00000105974/ENSG00000139567/ENSG00000145362/ENSG00000149564/ENSG00000150394/ENSG00000164007/ENSG00000179776/ENSG00000261371",10
"GO:0009266","GO:0009266","response to temperature stimulus","11/471","207/21468",0.0531400966183575,2.42210529554756,3.07923326786882,0.00620052485326127,0.0457261702157752,0.0344991608376943,"ENSG00000004776/ENSG00000017427/ENSG00000043591/ENSG00000059573/ENSG00000064300/ENSG00000150394/ENSG00000166819/ENSG00000168079/ENSG00000168356/ENSG00000176194/ENSG00000188778",11
"GO:0051302","GO:0051302","regulation of cell division","11/471","207/21468",0.0531400966183575,2.42210529554756,3.07923326786882,0.00620052485326127,0.0457261702157752,0.0344991608376943,"ENSG00000073282/ENSG00000138685/ENSG00000143125/ENSG00000144031/ENSG00000162367/ENSG00000164736/ENSG00000165197/ENSG00000170962/ENSG00000183695/ENSG00000186462/ENSG00000265972",11
"GO:0006026","GO:0006026","aminoglycan catabolic process","4/471","34/21468",0.117647058823529,5.36230798051705,3.81260380178475,0.00630149816600947,0.04630944745958,0.0349392277698698,"ENSG00000114378/ENSG00000133800/ENSG00000136011/ENSG00000138685",4
"GO:0006921","GO:0006921","cellular component disassembly involved in execution phase of apoptosis","4/471","34/21468",0.117647058823529,5.36230798051705,3.81260380178475,0.00630149816600947,0.04630944745958,0.0349392277698698,"ENSG00000123612/ENSG00000136244/ENSG00000163687/ENSG00000176194",4
"GO:0018958","GO:0018958","phenol-containing compound metabolic process","8/471","125/21468",0.064,2.91709554140127,3.21950081270249,0.00637735558761547,0.0467047512151838,0.035237473780414,"ENSG00000064692/ENSG00000116016/ENSG00000123360/ENSG00000133116/ENSG00000139155/ENSG00000145335/ENSG00000167588/ENSG00000169418",8
"GO:1901890","GO:1901890","positive regulation of cell junction assembly","8/471","125/21468",0.064,2.91709554140127,3.21950081270249,0.00637735558761547,0.0467047512151838,0.035237473780414,"ENSG00000034971/ENSG00000105974/ENSG00000120156/ENSG00000128052/ENSG00000131409/ENSG00000135298/ENSG00000139567/ENSG00000164007",8
"GO:0042698","GO:0042698","ovulation cycle","6/471","76/21468",0.0789473684210526,3.59839088166276,3.39862378374984,0.00647612127950823,0.0470128398557087,0.0354699183414078,"ENSG00000138039/ENSG00000154734/ENSG00000174697/ENSG00000174804/ENSG00000175899/ENSG00000266524",6
"GO:0048645","GO:0048645","animal organ formation","6/471","76/21468",0.0789473684210526,3.59839088166276,3.39862378374984,0.00647612127950823,0.0470128398557087,0.0354699183414078,"ENSG00000073282/ENSG00000081189/ENSG00000138685/ENSG00000163513/ENSG00000164056/ENSG00000164736",6
"GO:0071260","GO:0071260","cellular response to mechanical stimulus","6/471","76/21468",0.0789473684210526,3.59839088166276,3.39862378374984,0.00647612127950823,0.0470128398557087,0.0354699183414078,"ENSG00000018625/ENSG00000137033/ENSG00000138685/ENSG00000153162/ENSG00000186642/ENSG00000240583",6
"GO:0034103","GO:0034103","regulation of tissue remodeling","7/471","100/21468",0.07,3.19057324840764,3.28846595313882,0.00650496346364015,0.0470128398557087,0.0354699183414078,"ENSG00000004799/ENSG00000037280/ENSG00000091513/ENSG00000132170/ENSG00000136244/ENSG00000170989/ENSG00000174697",7
"GO:0006692","GO:0006692","prostanoid metabolic process","5/471","54/21468",0.0925925925925926,4.22033498466619,3.54867754493414,0.00650827407404803,0.0470128398557087,0.0354699183414078,"ENSG00000124212/ENSG00000151632/ENSG00000166148/ENSG00000187134/ENSG00000196139",5
"GO:0008206","GO:0008206","bile acid metabolic process","5/471","54/21468",0.0925925925925926,4.22033498466619,3.54867754493414,0.00650827407404803,0.0470128398557087,0.0354699183414078,"ENSG00000116833/ENSG00000167910/ENSG00000174697/ENSG00000187134/ENSG00000198848",5
"GO:1904752","GO:1904752","regulation of vascular associated smooth muscle cell migration","5/471","54/21468",0.0925925925925926,4.22033498466619,3.54867754493414,0.00650827407404803,0.0470128398557087,0.0354699183414078,"ENSG00000081189/ENSG00000119508/ENSG00000141052/ENSG00000154734/ENSG00000181092",5
"GO:1905562","GO:1905562","regulation of vascular endothelial cell proliferation","5/471","54/21468",0.0925925925925926,4.22033498466619,3.54867754493414,0.00650827407404803,0.0470128398557087,0.0354699183414078,"ENSG00000081189/ENSG00000128918/ENSG00000132170/ENSG00000138685/ENSG00000143125",5
"GO:1903532","GO:1903532","positive regulation of secretion by cell","15/471","330/21468",0.0454545454545455,2.07180081065431,2.93870919561235,0.00655433422536599,0.0472171677486757,0.035624078219872,"ENSG00000017427/ENSG00000053438/ENSG00000101605/ENSG00000115353/ENSG00000119147/ENSG00000124205/ENSG00000132170/ENSG00000138207/ENSG00000145335/ENSG00000153162/ENSG00000164220/ENSG00000166148/ENSG00000174697/ENSG00000182782/ENSG00000272636",15
"GO:0001763","GO:0001763","morphogenesis of a branching structure","12/471","238/21468",0.0504201680672269,2.29813199165016,3.01612851115667,0.00655886951009245,0.0472171677486757,0.035624078219872,"ENSG00000066056/ENSG00000073282/ENSG00000106004/ENSG00000128052/ENSG00000136158/ENSG00000138685/ENSG00000147257/ENSG00000163513/ENSG00000164056/ENSG00000184557/ENSG00000204301/ENSG00000241186",12
"GO:0110053","GO:0110053","regulation of actin filament organization","14/471","299/21468",0.0468227424749164,2.13416270796498,2.95786462622875,0.00660018537002481,0.0474339298324533,0.0357876193595841,"ENSG00000006453/ENSG00000034971/ENSG00000047648/ENSG00000103647/ENSG00000108342/ENSG00000115353/ENSG00000137077/ENSG00000148180/ENSG00000149564/ENSG00000170989/ENSG00000171992/ENSG00000172403/ENSG00000198844/ENSG00000251322",14
"GO:0001991","GO:0001991","regulation of systemic arterial blood pressure by circulatory renin-angiotensin","3/471","18/21468",0.166666666666667,7.59660297239915,4.19334368039138,0.00670020437592604,0.0477474160324831,0.0360241362334921,"ENSG00000092009/ENSG00000100448/ENSG00000136160",3
"GO:0030299","GO:0030299","intestinal cholesterol absorption","3/471","18/21468",0.166666666666667,7.59660297239915,4.19334368039138,0.00670020437592604,0.0477474160324831,0.0360241362334921,"ENSG00000135218/ENSG00000174697/ENSG00000187134",3
"GO:0032148","GO:0032148","activation of protein kinase B activity","3/471","18/21468",0.166666666666667,7.59660297239915,4.19334368039138,0.00670020437592604,0.0477474160324831,0.0360241362334921,"ENSG00000017427/ENSG00000087250/ENSG00000140538",3
"GO:0035641","GO:0035641","locomotory exploration behavior","3/471","18/21468",0.166666666666667,7.59660297239915,4.19334368039138,0.00670020437592604,0.0477474160324831,0.0360241362334921,"ENSG00000018625/ENSG00000116147/ENSG00000181195",3
"GO:0046184","GO:0046184","aldehyde biosynthetic process","3/471","18/21468",0.166666666666667,7.59660297239915,4.19334368039138,0.00670020437592604,0.0477474160324831,0.0360241362334921,"ENSG00000114859/ENSG00000124253/ENSG00000153162",3
"GO:0007611","GO:0007611","learning or memory","15/471","331/21468",0.0453172205438066,2.0655415937037,2.92603985968583,0.00673194494657249,0.0478929797627586,0.0361339601378168,"ENSG00000018625/ENSG00000081189/ENSG00000092051/ENSG00000100678/ENSG00000101349/ENSG00000115353/ENSG00000116147/ENSG00000118432/ENSG00000122877/ENSG00000123360/ENSG00000135298/ENSG00000145708/ENSG00000181856/ENSG00000189056/ENSG00000251322",15
"GO:0001656","GO:0001656","metanephros development","7/471","101/21468",0.0693069306930693,3.15898341426499,3.25728474615136,0.0068610843837198,0.04856546323255,0.0366413307589632,"ENSG00000143867/ENSG00000147257/ENSG00000164056/ENSG00000164736/ENSG00000174059/ENSG00000181092/ENSG00000240583",7
"GO:1904892","GO:1904892","regulation of receptor signaling pathway via STAT","7/471","101/21468",0.0693069306930693,3.15898341426499,3.25728474615136,0.0068610843837198,0.04856546323255,0.0366413307589632,"ENSG00000105974/ENSG00000120833/ENSG00000132170/ENSG00000136244/ENSG00000145777/ENSG00000174697/ENSG00000184557",7
"GO:0050806","GO:0050806","positive regulation of synaptic transmission","11/471","210/21468",0.0523809523809524,2.38750379132545,3.02621745624502,0.00688279057747566,0.04856546323255,0.0366413307589632,"ENSG00000100678/ENSG00000106113/ENSG00000115353/ENSG00000116147/ENSG00000120907/ENSG00000130876/ENSG00000145335/ENSG00000168309/ENSG00000168824/ENSG00000189056/ENSG00000251322",11
"GO:0050994","GO:0050994","regulation of lipid catabolic process","6/471","77/21468",0.0779220779220779,3.55165853255025,3.35946315412888,0.00689669284296545,0.04856546323255,0.0366413307589632,"ENSG00000076555/ENSG00000114771/ENSG00000118432/ENSG00000176194/ENSG00000182782/ENSG00000187288",6
"GO:0071496","GO:0071496","cellular response to external stimulus","6/471","77/21468",0.0779220779220779,3.55165853255025,3.35946315412888,0.00689669284296545,0.04856546323255,0.0366413307589632,"ENSG00000018625/ENSG00000137033/ENSG00000138685/ENSG00000153162/ENSG00000186642/ENSG00000240583",6
"GO:0003298","GO:0003298","physiological muscle hypertrophy","4/471","35/21468",0.114285714285714,5.2090991810737,3.73249476390016,0.00699351852262878,0.04856546323255,0.0366413307589632,"ENSG00000017427/ENSG00000120907/ENSG00000164530/ENSG00000187955",4
"GO:0003301","GO:0003301","physiological cardiac muscle hypertrophy","4/471","35/21468",0.114285714285714,5.2090991810737,3.73249476390016,0.00699351852262878,0.04856546323255,0.0366413307589632,"ENSG00000017427/ENSG00000120907/ENSG00000164530/ENSG00000187955",4
"GO:0010880","GO:0010880","regulation of release of sequestered calcium ion into cytosol by sarcoplasmic reticulum","4/471","35/21468",0.114285714285714,5.2090991810737,3.73249476390016,0.00699351852262878,0.04856546323255,0.0366413307589632,"ENSG00000018625/ENSG00000118729/ENSG00000145362/ENSG00000186439",4
"GO:0051497","GO:0051497","negative regulation of stress fiber assembly","4/471","35/21468",0.114285714285714,5.2090991810737,3.73249476390016,0.00699351852262878,0.04856546323255,0.0366413307589632,"ENSG00000034971/ENSG00000047648/ENSG00000103647/ENSG00000170989",4
"GO:0061049","GO:0061049","cell growth involved in cardiac muscle cell development","4/471","35/21468",0.114285714285714,5.2090991810737,3.73249476390016,0.00699351852262878,0.04856546323255,0.0366413307589632,"ENSG00000017427/ENSG00000120907/ENSG00000164530/ENSG00000187955",4
"GO:1901020","GO:1901020","negative regulation of calcium ion transmembrane transporter activity","4/471","35/21468",0.114285714285714,5.2090991810737,3.73249476390016,0.00699351852262878,0.04856546323255,0.0366413307589632,"ENSG00000018625/ENSG00000118729/ENSG00000164949/ENSG00000186439",4
"GO:0015908","GO:0015908","fatty acid transport","8/471","127/21468",0.062992125984252,2.87115702893826,3.1675408214157,0.00699969577570293,0.04856546323255,0.0366413307589632,"ENSG00000121361/ENSG00000132170/ENSG00000134548/ENSG00000135218/ENSG00000138039/ENSG00000170323/ENSG00000174697/ENSG00000188257",8
"GO:0010559","GO:0010559","regulation of glycoprotein biosynthetic process","5/471","55/21468",0.0909090909090909,4.14360162130863,3.49613020022934,0.00703298581657292,0.04856546323255,0.0366413307589632,"ENSG00000017427/ENSG00000078596/ENSG00000123119/ENSG00000137033/ENSG00000137077",5
"GO:0045933","GO:0045933","positive regulation of muscle contraction","5/471","55/21468",0.0909090909090909,4.14360162130863,3.49613020022934,0.00703298581657292,0.04856546323255,0.0366413307589632,"ENSG00000115353/ENSG00000120907/ENSG00000124205/ENSG00000134548/ENSG00000141052",5
"GO:0046622","GO:0046622","positive regulation of organ growth","5/471","55/21468",0.0909090909090909,4.14360162130863,3.49613020022934,0.00703298581657292,0.04856546323255,0.0366413307589632,"ENSG00000017427/ENSG00000069702/ENSG00000076555/ENSG00000081189/ENSG00000138685",5
"GO:0048286","GO:0048286","lung alveolus development","5/471","55/21468",0.0909090909090909,4.14360162130863,3.49613020022934,0.00703298581657292,0.04856546323255,0.0366413307589632,"ENSG00000037280/ENSG00000106004/ENSG00000128052/ENSG00000141052/ENSG00000162878",5
"GO:0101023","GO:0101023","vascular endothelial cell proliferation","5/471","55/21468",0.0909090909090909,4.14360162130863,3.49613020022934,0.00703298581657292,0.04856546323255,0.0366413307589632,"ENSG00000081189/ENSG00000128918/ENSG00000132170/ENSG00000138685/ENSG00000143125",5
"GO:2001258","GO:2001258","negative regulation of cation channel activity","5/471","55/21468",0.0909090909090909,4.14360162130863,3.49613020022934,0.00703298581657292,0.04856546323255,0.0366413307589632,"ENSG00000105974/ENSG00000118729/ENSG00000164949/ENSG00000180509/ENSG00000186439",5
"GO:0003002","GO:0003002","regionalization","19/471","464/21468",0.040948275862069,1.86640676477048,2.82583843374706,0.00722937083589271,0.0497737153492869,0.0375529243586697,"ENSG00000005102/ENSG00000052850/ENSG00000073282/ENSG00000081189/ENSG00000106004/ENSG00000106511/ENSG00000122877/ENSG00000128918/ENSG00000138685/ENSG00000139567/ENSG00000143867/ENSG00000147257/ENSG00000148204/ENSG00000163513/ENSG00000164056/ENSG00000164736/ENSG00000173253/ENSG00000189056/ENSG00000241186",19
"GO:0055006","GO:0055006","cardiac cell development","7/471","102/21468",0.0686274509803922,3.12801298863495,3.22648949806448,0.00723147529879788,0.0497737153492869,0.0375529243586697,"ENSG00000017427/ENSG00000069702/ENSG00000120907/ENSG00000133392/ENSG00000164056/ENSG00000164530/ENSG00000187955",7
