"","ID","Description","GeneRatio","BgRatio","RichFactor","FoldEnrichment","zScore","pvalue","p.adjust","qvalue","geneID","Count"
"GO:0030098","GO:0030098","lymphocyte differentiation","39/259","484/21468",0.0805785123966942,6.67899422444877,13.9645013762918,4.36141080182447e-21,1.28181863465621e-17,1.02194741524855e-17,"ENSG00000049249/ENSG00000049768/ENSG00000089692/ENSG00000100060/ENSG00000102524/ENSG00000104951/ENSG00000105369/ENSG00000107738/ENSG00000111537/ENSG00000113302/ENSG00000117215/ENSG00000117322/ENSG00000121594/ENSG00000125245/ENSG00000126353/ENSG00000127951/ENSG00000134321/ENSG00000138684/ENSG00000147168/ENSG00000150782/ENSG00000151651/ENSG00000154822/ENSG00000156738/ENSG00000158714/ENSG00000160856/ENSG00000161405/ENSG00000163508/ENSG00000163599/ENSG00000167286/ENSG00000169884/ENSG00000171522/ENSG00000171855/ENSG00000172724/ENSG00000177455/ENSG00000180549/ENSG00000182393/ENSG00000196092/ENSG00000197272/ENSG00000203710",39
"GO:0070098","GO:0070098","chemokine-mediated signaling pathway","19/259","108/21468",0.175925925925926,14.5821535821536,15.6370690781959,4.61571403092143e-17,6.45629574073934e-14,5.14736996790379e-14,"ENSG00000102970/ENSG00000106178/ENSG00000108691/ENSG00000108702/ENSG00000121966/ENSG00000126353/ENSG00000131142/ENSG00000138755/ENSG00000156234/ENSG00000160683/ENSG00000169245/ENSG00000169248/ENSG00000172156/ENSG00000172724/ENSG00000179934/ENSG00000181374/ENSG00000183813/ENSG00000186810/ENSG00000274736",19
"GO:0006959","GO:0006959","humoral immune response","32/259","418/21468",0.076555023923445,6.34549518760045,12.1962269674777,8.65478431327903e-17,6.45629574073934e-14,5.14736996790379e-14,"ENSG00000090382/ENSG00000102794/ENSG00000102970/ENSG00000104921/ENSG00000106178/ENSG00000108691/ENSG00000108702/ENSG00000111537/ENSG00000117322/ENSG00000125730/ENSG00000126353/ENSG00000126759/ENSG00000131142/ENSG00000132465/ENSG00000138755/ENSG00000149131/ENSG00000155659/ENSG00000156234/ENSG00000156738/ENSG00000162894/ENSG00000167207/ENSG00000169245/ENSG00000169248/ENSG00000171855/ENSG00000172156/ENSG00000172724/ENSG00000181374/ENSG00000188389/ENSG00000197721/ENSG00000203710/ENSG00000226979/ENSG00000274736",32
"GO:0046651","GO:0046651","lymphocyte proliferation","31/259","389/21468",0.0796915167095116,6.60547289853202,12.3292744485973,8.78706463523558e-17,6.45629574073934e-14,5.14736996790379e-14,"ENSG00000013725/ENSG00000027869/ENSG00000049249/ENSG00000049768/ENSG00000090659/ENSG00000102524/ENSG00000102879/ENSG00000104951/ENSG00000105369/ENSG00000107738/ENSG00000113302/ENSG00000117215/ENSG00000117322/ENSG00000121594/ENSG00000131203/ENSG00000138684/ENSG00000150782/ENSG00000154822/ENSG00000155659/ENSG00000156738/ENSG00000160856/ENSG00000161405/ENSG00000163599/ENSG00000169194/ENSG00000170476/ENSG00000171855/ENSG00000172724/ENSG00000177455/ENSG00000197272/ENSG00000203710/ENSG00000203747",31
"GO:0032943","GO:0032943","mononuclear cell proliferation","31/259","397/21468",0.0780856423173804,6.47236513231475,12.161949928142,1.55782941329651e-16,9.15692129135688e-14,7.30048057683796e-14,"ENSG00000013725/ENSG00000027869/ENSG00000049249/ENSG00000049768/ENSG00000090659/ENSG00000102524/ENSG00000102879/ENSG00000104951/ENSG00000105369/ENSG00000107738/ENSG00000113302/ENSG00000117215/ENSG00000117322/ENSG00000121594/ENSG00000131203/ENSG00000138684/ENSG00000150782/ENSG00000154822/ENSG00000155659/ENSG00000156738/ENSG00000160856/ENSG00000161405/ENSG00000163599/ENSG00000169194/ENSG00000170476/ENSG00000171855/ENSG00000172724/ENSG00000177455/ENSG00000197272/ENSG00000203710/ENSG00000203747",31
"GO:1990868","GO:1990868","response to chemokine","19/259","117/21468",0.162393162393162,13.4604494604495,14.9345792834241,2.19996186163889e-16,9.23669701622386e-14,7.36408286317018e-14,"ENSG00000102970/ENSG00000106178/ENSG00000108691/ENSG00000108702/ENSG00000121966/ENSG00000126353/ENSG00000131142/ENSG00000138755/ENSG00000156234/ENSG00000160683/ENSG00000169245/ENSG00000169248/ENSG00000172156/ENSG00000172724/ENSG00000179934/ENSG00000181374/ENSG00000183813/ENSG00000186810/ENSG00000274736",19
"GO:1990869","GO:1990869","cellular response to chemokine","19/259","117/21468",0.162393162393162,13.4604494604495,14.9345792834241,2.19996186163889e-16,9.23669701622386e-14,7.36408286317018e-14,"ENSG00000102970/ENSG00000106178/ENSG00000108691/ENSG00000108702/ENSG00000121966/ENSG00000126353/ENSG00000131142/ENSG00000138755/ENSG00000156234/ENSG00000160683/ENSG00000169245/ENSG00000169248/ENSG00000172156/ENSG00000172724/ENSG00000179934/ENSG00000181374/ENSG00000183813/ENSG00000186810/ENSG00000274736",19
"GO:0030217","GO:0030217","T cell differentiation","29/259","369/21468",0.0785907859078591,6.51423548984525,11.807093983636,1.32874745623315e-15,4.88148596733653e-13,3.89183136523025e-13,"ENSG00000049249/ENSG00000049768/ENSG00000089692/ENSG00000104951/ENSG00000107738/ENSG00000111537/ENSG00000113302/ENSG00000117215/ENSG00000121594/ENSG00000125245/ENSG00000126353/ENSG00000127951/ENSG00000134321/ENSG00000138684/ENSG00000147168/ENSG00000150782/ENSG00000151651/ENSG00000161405/ENSG00000163508/ENSG00000163599/ENSG00000167286/ENSG00000169884/ENSG00000171522/ENSG00000171855/ENSG00000172724/ENSG00000180549/ENSG00000182393/ENSG00000197272/ENSG00000203710",29
"GO:0070661","GO:0070661","leukocyte proliferation","31/259","438/21468",0.0707762557077626,5.8665044692442,11.3712971791656,2.39301585071457e-15,7.81452620583347e-13,6.2302377587025e-13,"ENSG00000013725/ENSG00000027869/ENSG00000049249/ENSG00000049768/ENSG00000090659/ENSG00000102524/ENSG00000102879/ENSG00000104951/ENSG00000105369/ENSG00000107738/ENSG00000113302/ENSG00000117215/ENSG00000117322/ENSG00000121594/ENSG00000131203/ENSG00000138684/ENSG00000150782/ENSG00000154822/ENSG00000155659/ENSG00000156738/ENSG00000160856/ENSG00000161405/ENSG00000163599/ENSG00000169194/ENSG00000170476/ENSG00000171855/ENSG00000172724/ENSG00000177455/ENSG00000197272/ENSG00000203710/ENSG00000203747",31
"GO:0001906","GO:0001906","cell killing","31/259","471/21468",0.0658174097664544,5.45547549369205,10.8044173801541,1.7384416054638e-14,4.91932358058535e-12,3.92199791922888e-12,"ENSG00000035720/ENSG00000089692/ENSG00000090382/ENSG00000100453/ENSG00000102879/ENSG00000102970/ENSG00000104921/ENSG00000108702/ENSG00000111537/ENSG00000113302/ENSG00000125730/ENSG00000131142/ENSG00000138684/ENSG00000138755/ENSG00000150337/ENSG00000150782/ENSG00000154451/ENSG00000156234/ENSG00000158477/ENSG00000158485/ENSG00000169194/ENSG00000169245/ENSG00000169248/ENSG00000172156/ENSG00000172243/ENSG00000172724/ENSG00000181374/ENSG00000189013/ENSG00000197721/ENSG00000203710/ENSG00000203747",31
"GO:0050900","GO:0050900","leukocyte migration","31/259","472/21468",0.0656779661016949,5.44391728290033,10.788079742642,1.84118949936845e-14,4.91932358058535e-12,3.92199791922888e-12,"ENSG00000007908/ENSG00000035720/ENSG00000102879/ENSG00000106178/ENSG00000108691/ENSG00000108702/ENSG00000121966/ENSG00000125245/ENSG00000126353/ENSG00000131142/ENSG00000136286/ENSG00000138755/ENSG00000151651/ENSG00000153898/ENSG00000154165/ENSG00000156234/ENSG00000158714/ENSG00000160683/ENSG00000163606/ENSG00000167207/ENSG00000169245/ENSG00000169248/ENSG00000171522/ENSG00000172156/ENSG00000172724/ENSG00000180549/ENSG00000181374/ENSG00000186810/ENSG00000188404/ENSG00000188822/ENSG00000274736",31
"GO:0042113","GO:0042113","B cell activation","25/259","299/21468",0.0836120401337793,6.93043736521997,11.4116281137306,3.28851186565023e-14,8.05411364428836e-12,6.42125211661177e-12,"ENSG00000049768/ENSG00000100060/ENSG00000102524/ENSG00000104951/ENSG00000105369/ENSG00000117322/ENSG00000125730/ENSG00000138684/ENSG00000147168/ENSG00000153064/ENSG00000154822/ENSG00000156738/ENSG00000158714/ENSG00000160683/ENSG00000160856/ENSG00000161405/ENSG00000163534/ENSG00000163599/ENSG00000167207/ENSG00000169194/ENSG00000170476/ENSG00000171855/ENSG00000177455/ENSG00000196092/ENSG00000203710",25
"GO:0002822","GO:0002822","regulation of adaptive immune response based on somatic recombination of immune receptors built from immunoglobulin superfamily domains","25/259","314/21468",0.0796178343949045,6.59936551656297,11.045435820944,1.00279273132445e-13,2.26708295181734e-11,1.8074628501443e-11,"ENSG00000049768/ENSG00000102524/ENSG00000104921/ENSG00000104951/ENSG00000113302/ENSG00000117322/ENSG00000121594/ENSG00000125730/ENSG00000134321/ENSG00000150337/ENSG00000150782/ENSG00000158477/ENSG00000158485/ENSG00000167207/ENSG00000171855/ENSG00000172243/ENSG00000172724/ENSG00000173762/ENSG00000180549/ENSG00000188389/ENSG00000197272/ENSG00000197721/ENSG00000203710/ENSG00000205846/ENSG00000226979",25
"GO:0097530","GO:0097530","granulocyte migration","19/259","176/21468",0.107954545454545,8.9481396981397,11.7000861902172,4.68593612047096e-13,9.64771227041277e-11,7.69177038876053e-11,"ENSG00000106178/ENSG00000108691/ENSG00000108702/ENSG00000126353/ENSG00000131142/ENSG00000138755/ENSG00000151651/ENSG00000153898/ENSG00000156234/ENSG00000158714/ENSG00000167207/ENSG00000169245/ENSG00000169248/ENSG00000171522/ENSG00000172156/ENSG00000172724/ENSG00000180549/ENSG00000181374/ENSG00000274736",19
"GO:0002819","GO:0002819","regulation of adaptive immune response","25/259","337/21468",0.0741839762611276,6.14896371572929,10.5281053229577,4.92397700089117e-13,9.64771227041277e-11,7.69177038876053e-11,"ENSG00000049768/ENSG00000102524/ENSG00000104921/ENSG00000104951/ENSG00000113302/ENSG00000117322/ENSG00000121594/ENSG00000125730/ENSG00000134321/ENSG00000150337/ENSG00000150782/ENSG00000158477/ENSG00000158485/ENSG00000167207/ENSG00000171855/ENSG00000172243/ENSG00000172724/ENSG00000173762/ENSG00000180549/ENSG00000188389/ENSG00000197272/ENSG00000197721/ENSG00000203710/ENSG00000205846/ENSG00000226979",25
"GO:0050729","GO:0050729","positive regulation of inflammatory response","20/259","203/21468",0.0985221674876847,8.16630846187497,11.3366904228758,6.32915148049909e-13,1.16258601257418e-10,9.26887578657301e-11,"ENSG00000035720/ENSG00000060566/ENSG00000091592/ENSG00000099985/ENSG00000106178/ENSG00000108702/ENSG00000111537/ENSG00000113302/ENSG00000124256/ENSG00000125730/ENSG00000126353/ENSG00000131203/ENSG00000138684/ENSG00000150337/ENSG00000150782/ENSG00000151651/ENSG00000154451/ENSG00000163568/ENSG00000171522/ENSG00000226979",20
"GO:0051251","GO:0051251","positive regulation of lymphocyte activation","29/259","475/21468",0.0610526315789474,5.06053241211136,9.88935569266843,8.50413606186795e-13,1.47021505210764e-10,1.17214903242836e-10,"ENSG00000013725/ENSG00000049768/ENSG00000089012/ENSG00000090659/ENSG00000102524/ENSG00000102879/ENSG00000104951/ENSG00000107738/ENSG00000108691/ENSG00000110448/ENSG00000111537/ENSG00000113302/ENSG00000121594/ENSG00000126353/ENSG00000138684/ENSG00000147168/ENSG00000150782/ENSG00000151651/ENSG00000160856/ENSG00000163600/ENSG00000167207/ENSG00000169194/ENSG00000169884/ENSG00000172243/ENSG00000172724/ENSG00000203710/ENSG00000203747/ENSG00000232629/ENSG00000237541",29
"GO:0060326","GO:0060326","cell chemotaxis","26/259","382/21468",0.0680628272251309,5.64159372536336,10.1152627629136,1.19463729367565e-12,1.95057722561818e-10,1.55512433667953e-10,"ENSG00000035720/ENSG00000102879/ENSG00000102970/ENSG00000106178/ENSG00000108691/ENSG00000108702/ENSG00000121966/ENSG00000125245/ENSG00000126353/ENSG00000131142/ENSG00000138755/ENSG00000151651/ENSG00000156234/ENSG00000158714/ENSG00000160683/ENSG00000167207/ENSG00000169245/ENSG00000169248/ENSG00000172156/ENSG00000172724/ENSG00000179934/ENSG00000181374/ENSG00000183813/ENSG00000186810/ENSG00000188822/ENSG00000274736",26
"GO:0002703","GO:0002703","regulation of leukocyte mediated immunity","27/259","423/21468",0.0638297872340425,5.29072537583176,9.84922143454703,1.94747426090514e-12,3.01243518568431e-10,2.40170509959825e-10,"ENSG00000035720/ENSG00000049768/ENSG00000089692/ENSG00000104921/ENSG00000104951/ENSG00000113302/ENSG00000117322/ENSG00000121594/ENSG00000125730/ENSG00000134321/ENSG00000138684/ENSG00000150337/ENSG00000150782/ENSG00000158477/ENSG00000158485/ENSG00000167207/ENSG00000169194/ENSG00000171855/ENSG00000172243/ENSG00000173762/ENSG00000180549/ENSG00000188389/ENSG00000188820/ENSG00000189013/ENSG00000197721/ENSG00000203710/ENSG00000226979",27
"GO:0050670","GO:0050670","regulation of lymphocyte proliferation","24/259","331/21468",0.0725075528700906,6.01000828191161,10.1509393068909,2.40249684601284e-12,3.53046911521587e-10,2.81471472590768e-10,"ENSG00000013725/ENSG00000049249/ENSG00000049768/ENSG00000090659/ENSG00000102524/ENSG00000102879/ENSG00000104951/ENSG00000107738/ENSG00000113302/ENSG00000117215/ENSG00000121594/ENSG00000131203/ENSG00000138684/ENSG00000150782/ENSG00000155659/ENSG00000160856/ENSG00000161405/ENSG00000163599/ENSG00000169194/ENSG00000170476/ENSG00000172724/ENSG00000197272/ENSG00000203710/ENSG00000203747",24
"GO:1903039","GO:1903039","positive regulation of leukocyte cell-cell adhesion","27/259","430/21468",0.0627906976744186,5.20459728831822,9.73266717996918,2.85620075579344e-12,3.99732096251283e-10,3.18691873804321e-10,"ENSG00000007908/ENSG00000013725/ENSG00000049768/ENSG00000089012/ENSG00000090659/ENSG00000102524/ENSG00000102879/ENSG00000104951/ENSG00000107738/ENSG00000108691/ENSG00000110448/ENSG00000111537/ENSG00000113302/ENSG00000121594/ENSG00000126353/ENSG00000138684/ENSG00000147168/ENSG00000150782/ENSG00000151651/ENSG00000163600/ENSG00000167207/ENSG00000169884/ENSG00000172724/ENSG00000180549/ENSG00000203710/ENSG00000232629/ENSG00000237541",27
"GO:0032944","GO:0032944","regulation of mononuclear cell proliferation","24/259","336/21468",0.0714285714285714,5.92057363485935,10.045939008003,3.30706669797223e-12,4.41794046606381e-10,3.52226338262497e-10,"ENSG00000013725/ENSG00000049249/ENSG00000049768/ENSG00000090659/ENSG00000102524/ENSG00000102879/ENSG00000104951/ENSG00000107738/ENSG00000113302/ENSG00000117215/ENSG00000121594/ENSG00000131203/ENSG00000138684/ENSG00000150782/ENSG00000155659/ENSG00000160856/ENSG00000161405/ENSG00000163599/ENSG00000169194/ENSG00000170476/ENSG00000172724/ENSG00000197272/ENSG00000203710/ENSG00000203747",24
"GO:0051607","GO:0051607","defense response to virus","26/259","406/21468",0.0640394088669951,5.30810050021873,9.68443977550853,4.756790609597e-12,6.07835113113286e-10,4.84604846542926e-10,"ENSG00000049768/ENSG00000091592/ENSG00000102794/ENSG00000111335/ENSG00000111537/ENSG00000113302/ENSG00000115415/ENSG00000119922/ENSG00000124256/ENSG00000127951/ENSG00000128383/ENSG00000134321/ENSG00000135114/ENSG00000138684/ENSG00000138755/ENSG00000154451/ENSG00000157601/ENSG00000163568/ENSG00000165949/ENSG00000169245/ENSG00000169385/ENSG00000171855/ENSG00000172183/ENSG00000182393/ENSG00000183709/ENSG00000197272",26
"GO:0030595","GO:0030595","leukocyte chemotaxis","22/259","283/21468",0.0777385159010601,6.44359250719675,10.1868533793902,5.19870104842882e-12,6.36624265888846e-10,5.07557391833446e-10,"ENSG00000035720/ENSG00000102879/ENSG00000106178/ENSG00000108691/ENSG00000108702/ENSG00000121966/ENSG00000125245/ENSG00000126353/ENSG00000131142/ENSG00000138755/ENSG00000151651/ENSG00000156234/ENSG00000158714/ENSG00000160683/ENSG00000167207/ENSG00000169245/ENSG00000169248/ENSG00000172156/ENSG00000172724/ENSG00000181374/ENSG00000188822/ENSG00000274736",22
"GO:0002920","GO:0002920","regulation of humoral immune response","12/259","63/21468",0.19047619047619,15.7881963596249,12.9898259294186,1.13986221231394e-11,1.34002201679627e-09,1.06835085667825e-09,"ENSG00000102794/ENSG00000104921/ENSG00000117322/ENSG00000125730/ENSG00000126353/ENSG00000149131/ENSG00000155659/ENSG00000156234/ENSG00000167207/ENSG00000197721/ENSG00000203710/ENSG00000226979",12
"GO:0045619","GO:0045619","regulation of lymphocyte differentiation","21/259","268/21468",0.0783582089552239,6.49495764421138,10.0032075516748,1.38681351851328e-11,1.5458503819717e-09,1.23245033228954e-09,"ENSG00000049768/ENSG00000089692/ENSG00000104951/ENSG00000107738/ENSG00000111537/ENSG00000113302/ENSG00000121594/ENSG00000127951/ENSG00000147168/ENSG00000150782/ENSG00000151651/ENSG00000158714/ENSG00000160856/ENSG00000161405/ENSG00000163599/ENSG00000169884/ENSG00000171855/ENSG00000172724/ENSG00000182393/ENSG00000197272/ENSG00000203710",21
"GO:0002706","GO:0002706","regulation of lymphocyte mediated immunity","24/259","360/21468",0.0666666666666667,5.52586872586873,9.56984987064813,1.42014155540102e-11,1.5458503819717e-09,1.23245033228954e-09,"ENSG00000049768/ENSG00000089692/ENSG00000104921/ENSG00000104951/ENSG00000113302/ENSG00000117322/ENSG00000121594/ENSG00000125730/ENSG00000134321/ENSG00000138684/ENSG00000150337/ENSG00000150782/ENSG00000158477/ENSG00000158485/ENSG00000167207/ENSG00000171855/ENSG00000173762/ENSG00000180549/ENSG00000188389/ENSG00000188820/ENSG00000189013/ENSG00000197721/ENSG00000203710/ENSG00000226979",24
"GO:0002237","GO:0002237","response to molecule of bacterial origin","27/259","463/21468",0.0583153347732181,4.83364326992837,9.21544507328105,1.57385822582579e-11,1.65198904489357e-09,1.3170708310858e-09,"ENSG00000005381/ENSG00000007908/ENSG00000013725/ENSG00000035720/ENSG00000049768/ENSG00000050730/ENSG00000102794/ENSG00000108691/ENSG00000113302/ENSG00000120436/ENSG00000121594/ENSG00000126353/ENSG00000131203/ENSG00000134326/ENSG00000138755/ENSG00000154451/ENSG00000156234/ENSG00000167207/ENSG00000167634/ENSG00000169194/ENSG00000169245/ENSG00000169248/ENSG00000171522/ENSG00000188822/ENSG00000226979/ENSG00000255833/ENSG00000260314",27
"GO:0032496","GO:0032496","response to lipopolysaccharide","26/259","430/21468",0.0604651162790698,5.01183442578791,9.28646587767609,1.71868622456149e-11,1.74179959102973e-09,1.38867351574369e-09,"ENSG00000005381/ENSG00000007908/ENSG00000013725/ENSG00000035720/ENSG00000049768/ENSG00000050730/ENSG00000102794/ENSG00000108691/ENSG00000113302/ENSG00000121594/ENSG00000126353/ENSG00000131203/ENSG00000134326/ENSG00000138755/ENSG00000154451/ENSG00000156234/ENSG00000167207/ENSG00000167634/ENSG00000169194/ENSG00000169245/ENSG00000169248/ENSG00000171522/ENSG00000188822/ENSG00000226979/ENSG00000255833/ENSG00000260314",26
"GO:0050870","GO:0050870","positive regulation of T cell activation","25/259","397/21468",0.0629722921914358,5.21964930025383,9.37787634106551,1.79937367558206e-11,1.76278641084523e-09,1.40540554450725e-09,"ENSG00000013725/ENSG00000049768/ENSG00000089012/ENSG00000090659/ENSG00000102524/ENSG00000102879/ENSG00000104951/ENSG00000107738/ENSG00000108691/ENSG00000110448/ENSG00000111537/ENSG00000113302/ENSG00000121594/ENSG00000126353/ENSG00000138684/ENSG00000147168/ENSG00000150782/ENSG00000151651/ENSG00000163600/ENSG00000167207/ENSG00000169884/ENSG00000172724/ENSG00000203710/ENSG00000232629/ENSG00000237541",25
"GO:0070663","GO:0070663","regulation of leukocyte proliferation","24/259","365/21468",0.0657534246575342,5.45017189400751,9.4760334134456,1.89542641723573e-11,1.79698652911478e-09,1.43267205594796e-09,"ENSG00000013725/ENSG00000049249/ENSG00000049768/ENSG00000090659/ENSG00000102524/ENSG00000102879/ENSG00000104951/ENSG00000107738/ENSG00000113302/ENSG00000117215/ENSG00000121594/ENSG00000131203/ENSG00000138684/ENSG00000150782/ENSG00000155659/ENSG00000160856/ENSG00000161405/ENSG00000163599/ENSG00000169194/ENSG00000170476/ENSG00000172724/ENSG00000197272/ENSG00000203710/ENSG00000203747",24
"GO:0097529","GO:0097529","myeloid leukocyte migration","21/259","284/21468",0.073943661971831,6.12904453749524,9.6153947956369,4.13699535471135e-11,3.7995716710927e-09,3.02926041433798e-09,"ENSG00000035720/ENSG00000106178/ENSG00000108691/ENSG00000108702/ENSG00000126353/ENSG00000131142/ENSG00000138755/ENSG00000151651/ENSG00000153898/ENSG00000156234/ENSG00000158714/ENSG00000163606/ENSG00000167207/ENSG00000169245/ENSG00000169248/ENSG00000171522/ENSG00000172156/ENSG00000172724/ENSG00000180549/ENSG00000181374/ENSG00000274736",21
"GO:0002285","GO:0002285","lymphocyte activation involved in immune response","20/259","268/21468",0.0746268656716418,6.18567394686798,9.44017700308917,1.03831448040752e-10,9.24729169065972e-09,7.37252961208021e-09,"ENSG00000049768/ENSG00000077420/ENSG00000100060/ENSG00000102879/ENSG00000111537/ENSG00000113302/ENSG00000121594/ENSG00000127951/ENSG00000138684/ENSG00000150782/ENSG00000154822/ENSG00000163508/ENSG00000171522/ENSG00000171855/ENSG00000172724/ENSG00000177455/ENSG00000182393/ENSG00000197272/ENSG00000203710/ENSG00000203747",20
"GO:0050864","GO:0050864","regulation of B cell activation","15/259","138/21468",0.108695652173913,9.00956857478597,10.4310662474414,1.29330548452264e-10,1.11794847618001e-08,8.91299693048730e-09,"ENSG00000049768/ENSG00000102524/ENSG00000104951/ENSG00000138684/ENSG00000147168/ENSG00000153064/ENSG00000158714/ENSG00000160856/ENSG00000161405/ENSG00000163599/ENSG00000167207/ENSG00000169194/ENSG00000170476/ENSG00000177455/ENSG00000203710",15
"GO:0042100","GO:0042100","B cell proliferation","13/259","97/21468",0.134020618556701,11.1087051705608,11.0266715692345,1.60862190466522e-10,1.3507827936603e-08,1.07693003301798e-08,"ENSG00000102524/ENSG00000105369/ENSG00000117322/ENSG00000138684/ENSG00000154822/ENSG00000156738/ENSG00000160856/ENSG00000161405/ENSG00000163599/ENSG00000169194/ENSG00000170476/ENSG00000171855/ENSG00000177455",13
"GO:0031640","GO:0031640","killing of cells of another organism","16/259","165/21468",0.096969696969697,8.03762723762724,10.0282075167424,1.73892909018402e-10,1.38127367460833e-08,1.10123930433844e-08,"ENSG00000090382/ENSG00000100453/ENSG00000102970/ENSG00000104921/ENSG00000108702/ENSG00000111537/ENSG00000131142/ENSG00000138755/ENSG00000154451/ENSG00000156234/ENSG00000169245/ENSG00000169248/ENSG00000172156/ENSG00000172243/ENSG00000172724/ENSG00000181374",16
"GO:0141061","GO:0141061","disruption of cell in another organism","16/259","165/21468",0.096969696969697,8.03762723762724,10.0282075167424,1.73892909018402e-10,1.38127367460833e-08,1.10123930433844e-08,"ENSG00000090382/ENSG00000100453/ENSG00000102970/ENSG00000104921/ENSG00000108702/ENSG00000111537/ENSG00000131142/ENSG00000138755/ENSG00000154451/ENSG00000156234/ENSG00000169245/ENSG00000169248/ENSG00000172156/ENSG00000172243/ENSG00000172724/ENSG00000181374",16
"GO:0141060","GO:0141060","disruption of anatomical structure in another organism","16/259","174/21468",0.0919540229885057,7.62188789774997,9.69177420787754,3.84433401539012e-10,2.90684507966643e-08,2.31752194528661e-08,"ENSG00000090382/ENSG00000100453/ENSG00000102970/ENSG00000104921/ENSG00000108702/ENSG00000111537/ENSG00000131142/ENSG00000138755/ENSG00000154451/ENSG00000156234/ENSG00000169245/ENSG00000169248/ENSG00000172156/ENSG00000172243/ENSG00000172724/ENSG00000181374",16
"GO:0030183","GO:0030183","B cell differentiation","15/259","149/21468",0.100671140939597,8.34443263973465,9.94130585519596,3.85733100057812e-10,2.90684507966643e-08,2.31752194528661e-08,"ENSG00000100060/ENSG00000102524/ENSG00000104951/ENSG00000105369/ENSG00000117322/ENSG00000138684/ENSG00000147168/ENSG00000154822/ENSG00000156738/ENSG00000158714/ENSG00000160856/ENSG00000161405/ENSG00000177455/ENSG00000196092/ENSG00000203710",15
"GO:0002699","GO:0002699","positive regulation of immune effector process","24/259","426/21468",0.0563380281690141,4.66974821904399,8.45420985534222,4.51567076348755e-10,3.31788909347248e-08,2.64523239987455e-08,"ENSG00000035720/ENSG00000049768/ENSG00000089692/ENSG00000104921/ENSG00000111537/ENSG00000113302/ENSG00000121594/ENSG00000125730/ENSG00000126759/ENSG00000134321/ENSG00000138684/ENSG00000150337/ENSG00000150782/ENSG00000158477/ENSG00000158485/ENSG00000167207/ENSG00000169194/ENSG00000170476/ENSG00000172243/ENSG00000172724/ENSG00000173762/ENSG00000189013/ENSG00000203710/ENSG00000226979",24
"GO:0002429","GO:0002429","immune response-activating cell surface receptor signaling pathway","24/259","429/21468",0.0559440559440559,4.63709263709264,8.40903046984345,5.1998839932303e-10,3.72742903807411e-08,2.97174371474471e-08,"ENSG00000035720/ENSG00000049768/ENSG00000050730/ENSG00000102794/ENSG00000105369/ENSG00000117322/ENSG00000124557/ENSG00000125730/ENSG00000126353/ENSG00000136286/ENSG00000136573/ENSG00000153064/ENSG00000154822/ENSG00000156738/ENSG00000160856/ENSG00000162894/ENSG00000163519/ENSG00000163599/ENSG00000167207/ENSG00000167286/ENSG00000172243/ENSG00000177455/ENSG00000203710/ENSG00000205846",24
"GO:0042129","GO:0042129","regulation of T cell proliferation","19/259","263/21468",0.0722433460076046,5.98810869533303,8.99435673404052,5.35304803278548e-10,3.74585908770393e-08,2.986437323554e-08,"ENSG00000013725/ENSG00000049249/ENSG00000049768/ENSG00000090659/ENSG00000102524/ENSG00000102879/ENSG00000104951/ENSG00000107738/ENSG00000113302/ENSG00000117215/ENSG00000121594/ENSG00000131203/ENSG00000138684/ENSG00000150782/ENSG00000155659/ENSG00000163599/ENSG00000172724/ENSG00000197272/ENSG00000203710",19
"GO:0050766","GO:0050766","positive regulation of phagocytosis","12/259","87/21468",0.137931034482759,11.4328318466249,10.7751491722416,5.86520835484505e-10,3.94221278326998e-08,3.14298298940169e-08,"ENSG00000035720/ENSG00000089012/ENSG00000100385/ENSG00000108691/ENSG00000111537/ENSG00000125730/ENSG00000126759/ENSG00000147168/ENSG00000150337/ENSG00000167207/ENSG00000172243/ENSG00000186074",12
"GO:0042098","GO:0042098","T cell proliferation","20/259","296/21468",0.0675675675675676,5.60054262756965,8.80743478539073,6.02154219230727e-10,3.94221278326998e-08,3.14298298940169e-08,"ENSG00000013725/ENSG00000027869/ENSG00000049249/ENSG00000049768/ENSG00000090659/ENSG00000102524/ENSG00000102879/ENSG00000104951/ENSG00000107738/ENSG00000113302/ENSG00000117215/ENSG00000121594/ENSG00000131203/ENSG00000138684/ENSG00000150782/ENSG00000155659/ENSG00000163599/ENSG00000172724/ENSG00000197272/ENSG00000203710",20
"GO:0045580","GO:0045580","regulation of T cell differentiation","18/259","235/21468",0.0765957446808511,6.34887045099811,9.11099471790605,6.03605223705849e-10,3.94221278326998e-08,3.14298298940169e-08,"ENSG00000049768/ENSG00000089692/ENSG00000104951/ENSG00000107738/ENSG00000111537/ENSG00000113302/ENSG00000121594/ENSG00000127951/ENSG00000147168/ENSG00000150782/ENSG00000151651/ENSG00000163599/ENSG00000169884/ENSG00000171855/ENSG00000172724/ENSG00000182393/ENSG00000197272/ENSG00000203710",18
"GO:0046632","GO:0046632","alpha-beta T cell differentiation","15/259","157/21468",0.0955414012738854,7.91923861987556,9.61571723902801,8.06141268261943e-10,5.15054171178663e-08,4.10633973261118e-08,"ENSG00000049768/ENSG00000111537/ENSG00000113302/ENSG00000117215/ENSG00000121594/ENSG00000125245/ENSG00000134321/ENSG00000138684/ENSG00000147168/ENSG00000150782/ENSG00000163508/ENSG00000171522/ENSG00000172724/ENSG00000180549/ENSG00000197272",15
"GO:0002366","GO:0002366","leukocyte activation involved in immune response","22/259","373/21468",0.0589812332439678,4.88883828294016,8.37259335394473,1.06087287736073e-09,6.63384124800675e-08,5.28892054872335e-08,"ENSG00000049768/ENSG00000077420/ENSG00000100060/ENSG00000102879/ENSG00000107317/ENSG00000111537/ENSG00000113302/ENSG00000121594/ENSG00000127951/ENSG00000138684/ENSG00000150782/ENSG00000154822/ENSG00000163508/ENSG00000169194/ENSG00000171522/ENSG00000171855/ENSG00000172724/ENSG00000177455/ENSG00000182393/ENSG00000197272/ENSG00000203710/ENSG00000203747",22
"GO:0002685","GO:0002685","regulation of leukocyte migration","19/259","277/21468",0.0685920577617329,5.68546060242811,8.67345068215664,1.27737901120337e-09,7.7616509824812e-08,6.18808226464539e-08,"ENSG00000007908/ENSG00000035720/ENSG00000102879/ENSG00000106178/ENSG00000108691/ENSG00000108702/ENSG00000125245/ENSG00000126353/ENSG00000131142/ENSG00000151651/ENSG00000156234/ENSG00000158714/ENSG00000163606/ENSG00000167207/ENSG00000169245/ENSG00000171522/ENSG00000172724/ENSG00000180549/ENSG00000186810",19
"GO:0002263","GO:0002263","cell activation involved in immune response","22/259","377/21468",0.0583554376657825,4.83696731972594,8.30588002525039,1.29404864968213e-09,7.7616509824812e-08,6.18808226464539e-08,"ENSG00000049768/ENSG00000077420/ENSG00000100060/ENSG00000102879/ENSG00000107317/ENSG00000111537/ENSG00000113302/ENSG00000121594/ENSG00000127951/ENSG00000138684/ENSG00000150782/ENSG00000154822/ENSG00000163508/ENSG00000169194/ENSG00000171522/ENSG00000171855/ENSG00000172724/ENSG00000177455/ENSG00000182393/ENSG00000197272/ENSG00000203710/ENSG00000203747",22
"GO:0050764","GO:0050764","regulation of phagocytosis","13/259","118/21468",0.110169491525424,9.13173221647798,9.78814956163825,1.9182179264835e-09,1.127528497187e-07,8.98937495653108e-08,"ENSG00000011347/ENSG00000035720/ENSG00000089012/ENSG00000100385/ENSG00000108691/ENSG00000111537/ENSG00000125730/ENSG00000126759/ENSG00000147168/ENSG00000150337/ENSG00000167207/ENSG00000172243/ENSG00000186074",13
"GO:0043367","GO:0043367","CD4-positive, alpha-beta T cell differentiation","13/259","120/21468",0.108333333333333,8.97953667953668,9.68646169700163,2.36404114293853e-09,1.36233665080321e-07,1.08614150344297e-07,"ENSG00000049768/ENSG00000111537/ENSG00000113302/ENSG00000117215/ENSG00000121594/ENSG00000134321/ENSG00000138684/ENSG00000147168/ENSG00000150782/ENSG00000171522/ENSG00000172724/ENSG00000180549/ENSG00000197272",13
"GO:0002695","GO:0002695","negative regulation of leukocyte activation","18/259","258/21468",0.0697674418604651,5.78288587590913,8.54092682796392,2.69163068540191e-09,1.52128895853773e-07,1.2128684019645e-07,"ENSG00000049768/ENSG00000089692/ENSG00000104951/ENSG00000107738/ENSG00000117215/ENSG00000121594/ENSG00000127951/ENSG00000131203/ENSG00000153064/ENSG00000155659/ENSG00000163599/ENSG00000171855/ENSG00000181847/ENSG00000182393/ENSG00000186074/ENSG00000188389/ENSG00000188822/ENSG00000203710",18
"GO:0071621","GO:0071621","granulocyte chemotaxis","14/259","146/21468",0.0958904109589041,7.94816734542762,9.30911064745394,2.84929188110696e-09,1.58001298841006e-07,1.25968693691044e-07,"ENSG00000106178/ENSG00000108691/ENSG00000108702/ENSG00000126353/ENSG00000131142/ENSG00000138755/ENSG00000156234/ENSG00000167207/ENSG00000169245/ENSG00000169248/ENSG00000172156/ENSG00000172724/ENSG00000181374/ENSG00000274736",14
"GO:0002456","GO:0002456","T cell mediated immunity","17/259","229/21468",0.074235807860262,6.15325993491932,8.66379608625882,2.95155618919266e-09,1.60641178519208e-07,1.28073373823447e-07,"ENSG00000049768/ENSG00000104951/ENSG00000113302/ENSG00000117322/ENSG00000121594/ENSG00000134321/ENSG00000136286/ENSG00000150782/ENSG00000158477/ENSG00000158485/ENSG00000167207/ENSG00000171855/ENSG00000173762/ENSG00000180549/ENSG00000188389/ENSG00000197721/ENSG00000203710",17
"GO:1903038","GO:1903038","negative regulation of leukocyte cell-cell adhesion","16/259","202/21468",0.0792079207920792,6.56538858519057,8.78220836783505,3.42947525957736e-09,1.83258687052688e-07,1.46105491441516e-07,"ENSG00000049768/ENSG00000089692/ENSG00000104951/ENSG00000107738/ENSG00000117215/ENSG00000121594/ENSG00000127951/ENSG00000131142/ENSG00000131203/ENSG00000155659/ENSG00000163599/ENSG00000171855/ENSG00000181847/ENSG00000182393/ENSG00000188389/ENSG00000203710",16
"GO:0072677","GO:0072677","eosinophil migration","9/259","46/21468",0.195652173913043,16.2172234346147,11.4172047598065,3.51695391746112e-09,1.84577277918183e-07,1.47156756020084e-07,"ENSG00000106178/ENSG00000108691/ENSG00000108702/ENSG00000131142/ENSG00000151651/ENSG00000171522/ENSG00000172156/ENSG00000181374/ENSG00000274736",9
"GO:0019730","GO:0019730","antimicrobial humoral response","17/259","239/21468",0.0711297071129707,5.89580136023651,8.41072502660256,5.62803005279402e-09,2.90189128511607e-07,2.31357246491588e-07,"ENSG00000090382/ENSG00000102794/ENSG00000102970/ENSG00000106178/ENSG00000108691/ENSG00000108702/ENSG00000131142/ENSG00000132465/ENSG00000138755/ENSG00000156234/ENSG00000167207/ENSG00000169245/ENSG00000169248/ENSG00000172156/ENSG00000172724/ENSG00000181374/ENSG00000274736",17
"GO:0046631","GO:0046631","alpha-beta T cell activation","18/259","272/21468",0.0661764705882353,5.48523733817852,8.22656227367559,6.19083961340997e-09,3.13704786617447e-07,2.5010542612433e-07,"ENSG00000049768/ENSG00000107738/ENSG00000111537/ENSG00000113302/ENSG00000117215/ENSG00000121594/ENSG00000125245/ENSG00000134321/ENSG00000138684/ENSG00000147168/ENSG00000150045/ENSG00000150782/ENSG00000163508/ENSG00000167286/ENSG00000171522/ENSG00000172724/ENSG00000180549/ENSG00000197272",18
"GO:0050868","GO:0050868","negative regulation of T cell activation","15/259","183/21468",0.0819672131147541,6.79410089246155,8.69861751568054,6.72172505406928e-09,3.34833049727281e-07,2.6695022248632e-07,"ENSG00000049768/ENSG00000089692/ENSG00000104951/ENSG00000107738/ENSG00000117215/ENSG00000121594/ENSG00000127951/ENSG00000131203/ENSG00000155659/ENSG00000163599/ENSG00000171855/ENSG00000181847/ENSG00000182393/ENSG00000188389/ENSG00000203710",15
"GO:1902105","GO:1902105","regulation of leukocyte differentiation","22/259","413/21468",0.0532687651331719,4.41534304972562,7.74474636415512,6.91834615256157e-09,3.38883655706308e-07,2.70179623431615e-07,"ENSG00000049768/ENSG00000089692/ENSG00000104951/ENSG00000107738/ENSG00000111537/ENSG00000113302/ENSG00000121594/ENSG00000127951/ENSG00000147168/ENSG00000150782/ENSG00000151651/ENSG00000158714/ENSG00000160856/ENSG00000161405/ENSG00000163599/ENSG00000164935/ENSG00000169884/ENSG00000171855/ENSG00000172724/ENSG00000182393/ENSG00000197272/ENSG00000203710",22
"GO:0071674","GO:0071674","mononuclear cell migration","18/259","278/21468",0.0647482014388489,5.36685092080775,8.09842845138528,8.70701859429838e-09,4.19507010633491e-07,3.34457694407389e-07,"ENSG00000035720/ENSG00000102879/ENSG00000108691/ENSG00000108702/ENSG00000121966/ENSG00000126353/ENSG00000136286/ENSG00000151651/ENSG00000153898/ENSG00000154165/ENSG00000156234/ENSG00000158714/ENSG00000163606/ENSG00000169245/ENSG00000169248/ENSG00000172724/ENSG00000180549/ENSG00000274736",18
"GO:0032620","GO:0032620","interleukin-17 production","9/259","51/21468",0.176470588235294,14.627299568476,10.7669088626696,9.21454181500705e-09,4.29865688798504e-07,3.42716292066929e-07,"ENSG00000049768/ENSG00000099985/ENSG00000107738/ENSG00000108702/ENSG00000111537/ENSG00000113302/ENSG00000138684/ENSG00000150782/ENSG00000167207",9
"GO:0032660","GO:0032660","regulation of interleukin-17 production","9/259","51/21468",0.176470588235294,14.627299568476,10.7669088626696,9.21454181500705e-09,4.29865688798504e-07,3.42716292066929e-07,"ENSG00000049768/ENSG00000099985/ENSG00000107738/ENSG00000108702/ENSG00000111537/ENSG00000113302/ENSG00000138684/ENSG00000150782/ENSG00000167207",9
"GO:0045066","GO:0045066","regulatory T cell differentiation","10/259","69/21468",0.144927536231884,12.0127580997146,10.1251011374822,9.99457545740128e-09,4.5654948198213e-07,3.63990310665003e-07,"ENSG00000049768/ENSG00000089692/ENSG00000104951/ENSG00000107738/ENSG00000111537/ENSG00000117215/ENSG00000147168/ENSG00000163599/ENSG00000180549/ENSG00000203710",10
"GO:0002292","GO:0002292","T cell differentiation involved in immune response","12/259","111/21468",0.108108108108108,8.96086820411145,9.29238646861594,1.00972154912686e-08,4.5654948198213e-07,3.63990310665003e-07,"ENSG00000049768/ENSG00000111537/ENSG00000113302/ENSG00000121594/ENSG00000127951/ENSG00000138684/ENSG00000150782/ENSG00000163508/ENSG00000171522/ENSG00000172724/ENSG00000182393/ENSG00000197272",12
"GO:0050866","GO:0050866","negative regulation of cell activation","18/259","281/21468",0.0640569395017794,5.30955358001621,8.03574553018554,1.02911393540703e-08,4.58267553963829e-07,3.65360067020105e-07,"ENSG00000049768/ENSG00000089692/ENSG00000104951/ENSG00000107738/ENSG00000117215/ENSG00000121594/ENSG00000127951/ENSG00000131203/ENSG00000153064/ENSG00000155659/ENSG00000163599/ENSG00000171855/ENSG00000181847/ENSG00000182393/ENSG00000186074/ENSG00000188389/ENSG00000188822/ENSG00000203710",18
"GO:0002286","GO:0002286","T cell activation involved in immune response","14/259","166/21468",0.0843373493975904,6.99055682188212,8.56222251110325,1.50312207095046e-08,6.41394342734857e-07,5.11360400754926e-07,"ENSG00000049768/ENSG00000077420/ENSG00000111537/ENSG00000113302/ENSG00000121594/ENSG00000127951/ENSG00000138684/ENSG00000150782/ENSG00000163508/ENSG00000171522/ENSG00000171855/ENSG00000172724/ENSG00000182393/ENSG00000197272",14
"GO:0035710","GO:0035710","CD4-positive, alpha-beta T cell activation","14/259","166/21468",0.0843373493975904,6.99055682188212,8.56222251110325,1.50312207095046e-08,6.41394342734857e-07,5.11360400754926e-07,"ENSG00000049768/ENSG00000107738/ENSG00000111537/ENSG00000113302/ENSG00000117215/ENSG00000121594/ENSG00000134321/ENSG00000138684/ENSG00000147168/ENSG00000150782/ENSG00000171522/ENSG00000172724/ENSG00000180549/ENSG00000197272",14
"GO:0002698","GO:0002698","negative regulation of immune effector process","16/259","224/21468",0.0714285714285714,5.92057363485935,8.18082423983507,1.50582543888075e-08,6.41394342734857e-07,5.11360400754926e-07,"ENSG00000049768/ENSG00000104951/ENSG00000117322/ENSG00000121594/ENSG00000127951/ENSG00000149131/ENSG00000155659/ENSG00000158714/ENSG00000160856/ENSG00000167207/ENSG00000171855/ENSG00000182393/ENSG00000188389/ENSG00000189013/ENSG00000197721/ENSG00000203710",16
"GO:0097553","GO:0097553","calcium ion transmembrane import into cytosol","15/259","199/21468",0.0753768844221105,6.24784152422343,8.21881449760012,2.09016217758718e-08,8.77569519989817e-07,6.99654286813392e-07,"ENSG00000083454/ENSG00000102879/ENSG00000126353/ENSG00000138755/ENSG00000140090/ENSG00000155962/ENSG00000156738/ENSG00000169194/ENSG00000169245/ENSG00000169248/ENSG00000171631/ENSG00000172724/ENSG00000177455/ENSG00000186810/ENSG00000198216",15
"GO:0051250","GO:0051250","negative regulation of lymphocyte activation","16/259","230/21468",0.0695652173913043,5.76612388786302,8.0305982692921,2.18713274234376e-08,9.0534973658427e-07,7.21802443952145e-07,"ENSG00000049768/ENSG00000089692/ENSG00000104951/ENSG00000107738/ENSG00000117215/ENSG00000121594/ENSG00000127951/ENSG00000131203/ENSG00000153064/ENSG00000155659/ENSG00000163599/ENSG00000171855/ENSG00000181847/ENSG00000182393/ENSG00000188389/ENSG00000203710",16
"GO:0061844","GO:0061844","antimicrobial humoral immune response mediated by antimicrobial peptide","14/259","175/21468",0.08,6.63104247104247,8.26541881255118,2.9452818513425e-08,1.20224768904106e-06,9.5850839197199e-07,"ENSG00000102970/ENSG00000106178/ENSG00000108691/ENSG00000108702/ENSG00000131142/ENSG00000138755/ENSG00000156234/ENSG00000167207/ENSG00000169245/ENSG00000169248/ENSG00000172156/ENSG00000172724/ENSG00000181374/ENSG00000274736",14
"GO:0016064","GO:0016064","immunoglobulin mediated immune response","16/259","237/21468",0.0675105485232067,5.59581643125947,7.86189221621514,3.33131173046545e-08,1.34119522956684e-06,1.06928621658487e-06,"ENSG00000049768/ENSG00000100385/ENSG00000103522/ENSG00000104921/ENSG00000117322/ENSG00000124334/ENSG00000125730/ENSG00000149131/ENSG00000150337/ENSG00000162894/ENSG00000167207/ENSG00000177455/ENSG00000197721/ENSG00000203710/ENSG00000203747/ENSG00000226979",16
"GO:0019724","GO:0019724","B cell mediated immunity","16/259","247/21468",0.0647773279352227,5.36926515873884,7.63219432902527,5.92293511526754e-08,2.35236571672585e-06,1.87545569937206e-06,"ENSG00000049768/ENSG00000100385/ENSG00000103522/ENSG00000104921/ENSG00000117322/ENSG00000124334/ENSG00000125730/ENSG00000149131/ENSG00000150337/ENSG00000162894/ENSG00000167207/ENSG00000177455/ENSG00000197721/ENSG00000203710/ENSG00000203747/ENSG00000226979",16
"GO:0045807","GO:0045807","positive regulation of endocytosis","14/259","186/21468",0.0752688172043011,6.23888404533566,7.92984142896537,6.34942422072226e-08,2.48812770462703e-06,1.98369379864249e-06,"ENSG00000007908/ENSG00000035720/ENSG00000089012/ENSG00000100385/ENSG00000108691/ENSG00000111537/ENSG00000125730/ENSG00000126759/ENSG00000147168/ENSG00000150337/ENSG00000167207/ENSG00000172243/ENSG00000172724/ENSG00000186074",14
"GO:0001818","GO:0001818","negative regulation of cytokine production","22/259","473/21468",0.0465116279069767,3.85525725060609,6.93894328881437,7.73888288613132e-08,2.96443013952823e-06,2.3634324208341e-06,"ENSG00000049768/ENSG00000089692/ENSG00000102794/ENSG00000107738/ENSG00000111537/ENSG00000113302/ENSG00000125245/ENSG00000126353/ENSG00000131203/ENSG00000153064/ENSG00000155659/ENSG00000163606/ENSG00000167207/ENSG00000167634/ENSG00000169194/ENSG00000171522/ENSG00000171855/ENSG00000173208/ENSG00000181847/ENSG00000182393/ENSG00000186188/ENSG00000203710",22
"GO:0050853","GO:0050853","B cell receptor signaling pathway","10/259","85/21468",0.117647058823529,9.75153304565069,8.9337695611597,7.76662540808689e-08,2.96443013952823e-06,2.3634324208341e-06,"ENSG00000035720/ENSG00000105369/ENSG00000136573/ENSG00000153064/ENSG00000154822/ENSG00000156738/ENSG00000160856/ENSG00000162894/ENSG00000163599/ENSG00000177455",10
"GO:0002705","GO:0002705","positive regulation of leukocyte mediated immunity","17/259","288/21468",0.0590277777777778,4.89269626769627,7.34952461572244,8.76823516609396e-08,3.26200546242407e-06,2.60067841168889e-06,"ENSG00000035720/ENSG00000049768/ENSG00000089692/ENSG00000104921/ENSG00000113302/ENSG00000125730/ENSG00000134321/ENSG00000138684/ENSG00000150337/ENSG00000150782/ENSG00000158477/ENSG00000158485/ENSG00000167207/ENSG00000172243/ENSG00000173762/ENSG00000189013/ENSG00000226979",17
"GO:0071222","GO:0071222","cellular response to lipopolysaccharide","17/259","288/21468",0.0590277777777778,4.89269626769627,7.34952461572244,8.76823516609396e-08,3.26200546242407e-06,2.60067841168889e-06,"ENSG00000013725/ENSG00000035720/ENSG00000050730/ENSG00000102794/ENSG00000108691/ENSG00000113302/ENSG00000121594/ENSG00000134326/ENSG00000138755/ENSG00000154451/ENSG00000156234/ENSG00000167207/ENSG00000167634/ENSG00000169245/ENSG00000169248/ENSG00000255833/ENSG00000260314",17
"GO:0002824","GO:0002824","positive regulation of adaptive immune response based on somatic recombination of immune receptors built from immunoglobulin superfamily domains","15/259","225/21468",0.0666666666666667,5.52586872586873,7.54155237663867,1.06398531771806e-07,3.90881606096673e-06,3.11635699636895e-06,"ENSG00000049768/ENSG00000102524/ENSG00000104921/ENSG00000113302/ENSG00000125730/ENSG00000134321/ENSG00000150337/ENSG00000150782/ENSG00000158477/ENSG00000158485/ENSG00000167207/ENSG00000172243/ENSG00000173762/ENSG00000205846/ENSG00000226979",15
"GO:0071216","GO:0071216","cellular response to biotic stimulus","18/259","330/21468",0.0545454545454545,4.52116532116532,7.12339296866028,1.19457726326448e-07,4.33439824288185e-06,3.45565820406332e-06,"ENSG00000013725/ENSG00000035720/ENSG00000050730/ENSG00000102794/ENSG00000108691/ENSG00000113302/ENSG00000121594/ENSG00000134326/ENSG00000138755/ENSG00000154451/ENSG00000156234/ENSG00000167207/ENSG00000167634/ENSG00000169245/ENSG00000169248/ENSG00000172243/ENSG00000255833/ENSG00000260314",18
"GO:0002821","GO:0002821","positive regulation of adaptive immune response","15/259","231/21468",0.0649350649350649,5.38233966805395,7.40015653701738,1.49958566468357e-07,5.31287781842167e-06,4.23576441102654e-06,"ENSG00000049768/ENSG00000102524/ENSG00000104921/ENSG00000113302/ENSG00000125730/ENSG00000134321/ENSG00000150337/ENSG00000150782/ENSG00000158477/ENSG00000158485/ENSG00000167207/ENSG00000172243/ENSG00000173762/ENSG00000205846/ENSG00000226979",15
"GO:1990266","GO:1990266","neutrophil migration","11/259","115/21468",0.0956521739130435,7.92842034581165,8.23245115540238,1.50040441962912e-07,5.31287781842167e-06,4.23576441102654e-06,"ENSG00000126353/ENSG00000138755/ENSG00000151651/ENSG00000153898/ENSG00000156234/ENSG00000158714/ENSG00000167207/ENSG00000169245/ENSG00000169248/ENSG00000172724/ENSG00000180549",11
"GO:0071219","GO:0071219","cellular response to molecule of bacterial origin","17/259","303/21468",0.0561056105610561,4.65048358117665,7.07193143582998,1.81317929727143e-07,6.27754365582815e-06,5.00485742657669e-06,"ENSG00000013725/ENSG00000035720/ENSG00000050730/ENSG00000102794/ENSG00000108691/ENSG00000113302/ENSG00000121594/ENSG00000134326/ENSG00000138755/ENSG00000154451/ENSG00000156234/ENSG00000167207/ENSG00000167634/ENSG00000169245/ENSG00000169248/ENSG00000255833/ENSG00000260314",17
"GO:0006909","GO:0006909","phagocytosis","16/259","268/21468",0.0597014925373134,4.94853915749438,7.18805480874645,1.81555362621774e-07,6.27754365582815e-06,5.00485742657669e-06,"ENSG00000011347/ENSG00000035720/ENSG00000089012/ENSG00000100385/ENSG00000102879/ENSG00000108691/ENSG00000111537/ENSG00000125730/ENSG00000126759/ENSG00000136286/ENSG00000147168/ENSG00000150337/ENSG00000167207/ENSG00000171631/ENSG00000172243/ENSG00000186074",16
"GO:0072678","GO:0072678","T cell migration","10/259","93/21468",0.10752688172043,8.91269149333666,8.45061098996895,1.84285068648143e-07,6.2978350785685e-06,5.02103504052344e-06,"ENSG00000102879/ENSG00000108691/ENSG00000136286/ENSG00000151651/ENSG00000154165/ENSG00000156234/ENSG00000163606/ENSG00000169245/ENSG00000169248/ENSG00000180549",10
"GO:0022408","GO:0022408","negative regulation of cell-cell adhesion","16/259","273/21468",0.0586080586080586,4.85790657219229,7.08911110969502,2.33283415979691e-07,7.88068919039438e-06,6.28298710188496e-06,"ENSG00000049768/ENSG00000089692/ENSG00000104951/ENSG00000107738/ENSG00000117215/ENSG00000121594/ENSG00000127951/ENSG00000131142/ENSG00000131203/ENSG00000155659/ENSG00000163599/ENSG00000171855/ENSG00000181847/ENSG00000182393/ENSG00000188389/ENSG00000203710",16
"GO:0002438","GO:0002438","acute inflammatory response to antigenic stimulus","7/259","37/21468",0.189189189189189,15.681519357195,9.87702402331532,2.59303597965817e-07,8.66015084569927e-06,6.90442355349173e-06,"ENSG00000013725/ENSG00000117215/ENSG00000125730/ENSG00000126353/ENSG00000150337/ENSG00000180549/ENSG00000203747",7
"GO:0050777","GO:0050777","negative regulation of immune response","17/259","315/21468",0.053968253968254,4.47332230189373,6.86261825586956,3.14052535581372e-07,1.02735289415967e-05,8.19071127809111e-06,"ENSG00000049768/ENSG00000102794/ENSG00000104951/ENSG00000113302/ENSG00000117322/ENSG00000121594/ENSG00000127951/ENSG00000149131/ENSG00000155659/ENSG00000158714/ENSG00000167207/ENSG00000171855/ENSG00000182393/ENSG00000188389/ENSG00000189013/ENSG00000197721/ENSG00000203710",17
"GO:0002922","GO:0002922","positive regulation of humoral immune response","7/259","38/21468",0.184210526315789,15.2688477951636,9.72848205883405,3.14602791678702e-07,1.02735289415967e-05,8.19071127809111e-06,"ENSG00000102794/ENSG00000104921/ENSG00000125730/ENSG00000126353/ENSG00000167207/ENSG00000203710/ENSG00000226979",7
"GO:0030449","GO:0030449","regulation of complement activation","6/259","24/21468",0.25,20.7220077220077,10.6826576391435,3.26423322322352e-07,1.05423971901691e-05,8.4050701618225e-06,"ENSG00000117322/ENSG00000125730/ENSG00000149131/ENSG00000155659/ENSG00000197721/ENSG00000203710",6
"GO:0032609","GO:0032609","type II interferon production","13/259","182/21468",0.0714285714285714,5.92057363485935,7.36681670937011,3.46585125009914e-07,1.09528352946681e-05,8.73229754693909e-06,"ENSG00000049768/ENSG00000107738/ENSG00000113302/ENSG00000126353/ENSG00000138684/ENSG00000150782/ENSG00000167207/ENSG00000172243/ENSG00000182393/ENSG00000197272/ENSG00000203710/ENSG00000221887/ENSG00000226979",13
"GO:0032649","GO:0032649","regulation of type II interferon production","13/259","182/21468",0.0714285714285714,5.92057363485935,7.36681670937011,3.46585125009914e-07,1.09528352946681e-05,8.73229754693909e-06,"ENSG00000049768/ENSG00000107738/ENSG00000113302/ENSG00000126353/ENSG00000138684/ENSG00000150782/ENSG00000167207/ENSG00000172243/ENSG00000182393/ENSG00000197272/ENSG00000203710/ENSG00000221887/ENSG00000226979",13
"GO:0002287","GO:0002287","alpha-beta T cell activation involved in immune response","10/259","102/21468",0.0980392156862745,8.12627753804224,7.97217218705014,4.41821679775423e-07,1.36685675458944e-05,1.08974521792808e-05,"ENSG00000049768/ENSG00000111537/ENSG00000113302/ENSG00000121594/ENSG00000138684/ENSG00000150782/ENSG00000163508/ENSG00000171522/ENSG00000172724/ENSG00000197272",10
"GO:0002293","GO:0002293","alpha-beta T cell differentiation involved in immune response","10/259","102/21468",0.0980392156862745,8.12627753804224,7.97217218705014,4.41821679775423e-07,1.36685675458944e-05,1.08974521792808e-05,"ENSG00000049768/ENSG00000111537/ENSG00000113302/ENSG00000121594/ENSG00000138684/ENSG00000150782/ENSG00000163508/ENSG00000171522/ENSG00000172724/ENSG00000197272",10
"GO:0002335","GO:0002335","mature B cell differentiation","7/259","40/21468",0.175,14.5054054054054,9.44761672515146,4.55291258867659e-07,1.39385521855422e-05,1.11127011210462e-05,"ENSG00000100060/ENSG00000138684/ENSG00000147168/ENSG00000154822/ENSG00000158714/ENSG00000177455/ENSG00000203710",7
"GO:0048245","GO:0048245","eosinophil chemotaxis","7/259","41/21468",0.170731707317073,14.1516150296638,9.31463401491474,5.4341070406656e-07,1.60762161238972e-05,1.28169828949321e-05,"ENSG00000106178/ENSG00000108691/ENSG00000108702/ENSG00000131142/ENSG00000172156/ENSG00000181374/ENSG00000274736",7
"GO:0070670","GO:0070670","response to interleukin-4","7/259","41/21468",0.170731707317073,14.1516150296638,9.31463401491474,5.4341070406656e-07,1.60762161238972e-05,1.28169828949321e-05,"ENSG00000102879/ENSG00000147168/ENSG00000164935/ENSG00000172156/ENSG00000186074/ENSG00000188282/ENSG00000260314",7
"GO:0034767","GO:0034767","positive regulation of monoatomic ion transmembrane transport","12/259","159/21468",0.0754716981132075,6.25570044437969,7.3506051693109,5.46996125345259e-07,1.60762161238972e-05,1.28169828949321e-05,"ENSG00000083454/ENSG00000108691/ENSG00000111537/ENSG00000137731/ENSG00000138755/ENSG00000156738/ENSG00000169194/ENSG00000169245/ENSG00000169248/ENSG00000171631/ENSG00000177455/ENSG00000186810",12
"GO:0045582","GO:0045582","positive regulation of T cell differentiation","12/259","159/21468",0.0754716981132075,6.25570044437969,7.3506051693109,5.46996125345259e-07,1.60762161238972e-05,1.28169828949321e-05,"ENSG00000049768/ENSG00000104951/ENSG00000107738/ENSG00000111537/ENSG00000113302/ENSG00000121594/ENSG00000147168/ENSG00000150782/ENSG00000151651/ENSG00000169884/ENSG00000172724/ENSG00000203710",12
"GO:0072676","GO:0072676","lymphocyte migration","11/259","132/21468",0.0833333333333333,6.90733590733591,7.52311317317894,6.09438067036761e-07,1.7734044346743e-05,1.41387090903995e-05,"ENSG00000102879/ENSG00000108691/ENSG00000126353/ENSG00000136286/ENSG00000151651/ENSG00000154165/ENSG00000156234/ENSG00000163606/ENSG00000169245/ENSG00000169248/ENSG00000180549",11
"GO:0045916","GO:0045916","negative regulation of complement activation","5/259","15/21468",0.333333333333333,27.6293436293436,11.4008580711132,6.69018285324357e-07,1.92769092212577e-05,1.53687791860889e-05,"ENSG00000117322/ENSG00000149131/ENSG00000155659/ENSG00000197721/ENSG00000203710",5
"GO:0002673","GO:0002673","regulation of acute inflammatory response","8/259","61/21468",0.131147540983607,10.8705614279385,8.53108624992562,6.82830470642535e-07,1.948387139047e-05,1.55337826024556e-05,"ENSG00000060566/ENSG00000099985/ENSG00000117215/ENSG00000125730/ENSG00000126353/ENSG00000150337/ENSG00000151651/ENSG00000180549",8
"GO:0002709","GO:0002709","regulation of T cell mediated immunity","13/259","194/21468",0.0670103092783505,5.55435258528042,7.04171430680441,7.19051180602621e-07,2.03201098056837e-05,1.62004851014315e-05,"ENSG00000049768/ENSG00000104951/ENSG00000113302/ENSG00000121594/ENSG00000134321/ENSG00000150782/ENSG00000158477/ENSG00000158485/ENSG00000167207/ENSG00000171855/ENSG00000173762/ENSG00000180549/ENSG00000188389",13
"GO:0051281","GO:0051281","positive regulation of release of sequestered calcium ion into cytosol","7/259","43/21468",0.162790697674419,13.4934003771213,9.06212262745843,7.63036098907962e-07,2.13577437589571e-05,1.70277529440514e-05,"ENSG00000138755/ENSG00000169194/ENSG00000169245/ENSG00000169248/ENSG00000171631/ENSG00000177455/ENSG00000186810",7
"GO:0002712","GO:0002712","regulation of B cell mediated immunity","9/259","84/21468",0.107142857142857,8.88086045228902,7.99731627611317,7.88564076298712e-07,2.16597179461861e-05,1.72685059895812e-05,"ENSG00000049768/ENSG00000104921/ENSG00000117322/ENSG00000125730/ENSG00000150337/ENSG00000167207/ENSG00000197721/ENSG00000203710/ENSG00000226979",9
"GO:0002889","GO:0002889","regulation of immunoglobulin mediated immune response","9/259","84/21468",0.107142857142857,8.88086045228902,7.99731627611317,7.88564076298712e-07,2.16597179461861e-05,1.72685059895812e-05,"ENSG00000049768/ENSG00000104921/ENSG00000117322/ENSG00000125730/ENSG00000150337/ENSG00000167207/ENSG00000197721/ENSG00000203710/ENSG00000226979",9
"GO:0051209","GO:0051209","release of sequestered calcium ion into cytosol","11/259","136/21468",0.0808823529411765,6.70417896888485,7.37432500062649,8.21767919178666e-07,2.23627399487602e-05,1.78289998839348e-05,"ENSG00000102879/ENSG00000126353/ENSG00000138755/ENSG00000155962/ENSG00000169194/ENSG00000169245/ENSG00000169248/ENSG00000171631/ENSG00000172724/ENSG00000177455/ENSG00000186810",11
"GO:0002708","GO:0002708","positive regulation of lymphocyte mediated immunity","15/259","265/21468",0.0566037735849057,4.69177533328477,6.68243907888332,8.68479244946046e-07,2.27924643254986e-05,1.81716035130316e-05,"ENSG00000049768/ENSG00000089692/ENSG00000104921/ENSG00000113302/ENSG00000125730/ENSG00000134321/ENSG00000138684/ENSG00000150337/ENSG00000150782/ENSG00000158477/ENSG00000158485/ENSG00000167207/ENSG00000173762/ENSG00000189013/ENSG00000226979",15
"GO:0002455","GO:0002455","humoral immune response mediated by circulating immunoglobulin","9/259","85/21468",0.105882352941176,8.77637974108562,7.93831026684585,8.72749344719247e-07,2.27924643254986e-05,1.81716035130316e-05,"ENSG00000104921/ENSG00000117322/ENSG00000125730/ENSG00000149131/ENSG00000162894/ENSG00000167207/ENSG00000197721/ENSG00000203710/ENSG00000226979",9
"GO:0051279","GO:0051279","regulation of release of sequestered calcium ion into cytosol","9/259","85/21468",0.105882352941176,8.77637974108562,7.93831026684585,8.72749344719247e-07,2.27924643254986e-05,1.81716035130316e-05,"ENSG00000102879/ENSG00000138755/ENSG00000155962/ENSG00000169194/ENSG00000169245/ENSG00000169248/ENSG00000171631/ENSG00000177455/ENSG00000186810",9
"GO:1904427","GO:1904427","positive regulation of calcium ion transmembrane transport","9/259","85/21468",0.105882352941176,8.77637974108562,7.93831026684585,8.72749344719247e-07,2.27924643254986e-05,1.81716035130316e-05,"ENSG00000083454/ENSG00000138755/ENSG00000156738/ENSG00000169194/ENSG00000169245/ENSG00000169248/ENSG00000171631/ENSG00000177455/ENSG00000186810",9
"GO:0032740","GO:0032740","positive regulation of interleukin-17 production","6/259","28/21468",0.214285714285714,17.761720904578,9.80755369117185,8.77424020574175e-07,2.27924643254986e-05,1.81716035130316e-05,"ENSG00000099985/ENSG00000108702/ENSG00000113302/ENSG00000138684/ENSG00000150782/ENSG00000167207",6
"GO:0051283","GO:0051283","negative regulation of sequestering of calcium ion","11/259","137/21468",0.0802919708029197,6.65524335597328,7.33806303432955,8.84090143962859e-07,2.27924643254986e-05,1.81716035130316e-05,"ENSG00000102879/ENSG00000126353/ENSG00000138755/ENSG00000155962/ENSG00000169194/ENSG00000169245/ENSG00000169248/ENSG00000171631/ENSG00000172724/ENSG00000177455/ENSG00000186810",11
"GO:0051770","GO:0051770","positive regulation of nitric-oxide synthase biosynthetic process","5/259","16/21468",0.3125,25.9025096525097,11.011454242027,9.63544441447237e-07,2.44391688551244e-05,1.94844611921373e-05,"ENSG00000104921/ENSG00000108691/ENSG00000111537/ENSG00000115415/ENSG00000167207",5
"GO:0002823","GO:0002823","negative regulation of adaptive immune response based on somatic recombination of immune receptors built from immunoglobulin superfamily domains","9/259","86/21468",0.104651162790698,8.6743288138637,7.88026695682791,9.64594619664659e-07,2.44391688551244e-05,1.94844611921373e-05,"ENSG00000049768/ENSG00000104951/ENSG00000117322/ENSG00000121594/ENSG00000167207/ENSG00000171855/ENSG00000188389/ENSG00000197721/ENSG00000203710",9
"GO:0032735","GO:0032735","positive regulation of interleukin-12 production","8/259","64/21468",0.125,10.3610038610039,8.28782179609246,9.94798814800199e-07,2.49890061256221e-05,1.99228264664439e-05,"ENSG00000111537/ENSG00000113302/ENSG00000126353/ENSG00000131203/ENSG00000167207/ENSG00000172243/ENSG00000172724/ENSG00000227507",8
"GO:0050671","GO:0050671","positive regulation of lymphocyte proliferation","13/259","200/21468",0.065,5.38772200772201,6.88915950942492,1.01486405144273e-06,2.52246260546697e-05,2.01106776732848e-05,"ENSG00000013725/ENSG00000049768/ENSG00000090659/ENSG00000102524/ENSG00000102879/ENSG00000113302/ENSG00000121594/ENSG00000138684/ENSG00000150782/ENSG00000160856/ENSG00000169194/ENSG00000172724/ENSG00000203747",13
"GO:0051282","GO:0051282","regulation of sequestering of calcium ion","11/259","139/21468",0.079136690647482,6.55948445876503,7.26661477686978,1.02134416485393e-06,2.52246260546697e-05,2.01106776732848e-05,"ENSG00000102879/ENSG00000126353/ENSG00000138755/ENSG00000155962/ENSG00000169194/ENSG00000169245/ENSG00000169248/ENSG00000171631/ENSG00000172724/ENSG00000177455/ENSG00000186810",11
"GO:0050851","GO:0050851","antigen receptor-mediated signaling pathway","15/259","269/21468",0.0557620817843866,4.62200915732514,6.60607440189688,1.04813621238112e-06,2.56576478597463e-05,2.04559102221648e-05,"ENSG00000035720/ENSG00000049768/ENSG00000105369/ENSG00000124557/ENSG00000126353/ENSG00000136573/ENSG00000153064/ENSG00000154822/ENSG00000156738/ENSG00000160856/ENSG00000162894/ENSG00000163519/ENSG00000163599/ENSG00000167286/ENSG00000177455",15
"GO:0002437","GO:0002437","inflammatory response to antigenic stimulus","10/259","112/21468",0.0892857142857143,7.40071704357419,7.50504236539069,1.05633732256867e-06,2.56576478597463e-05,2.04559102221648e-05,"ENSG00000013725/ENSG00000113302/ENSG00000117215/ENSG00000125730/ENSG00000126353/ENSG00000150337/ENSG00000167207/ENSG00000180549/ENSG00000203747/ENSG00000226979",10
"GO:0045589","GO:0045589","regulation of regulatory T cell differentiation","8/259","65/21468",0.123076923076923,10.2016038016038,8.21028714645094,1.12268929504398e-06,2.7045769165035e-05,2.15626088935971e-05,"ENSG00000049768/ENSG00000089692/ENSG00000104951/ENSG00000107738/ENSG00000111537/ENSG00000147168/ENSG00000163599/ENSG00000203710",8
"GO:0032946","GO:0032946","positive regulation of mononuclear cell proliferation","13/259","203/21468",0.0640394088669951,5.30810050021873,6.8151687778226,1.20000938371503e-06,2.86733949490932e-05,2.28602557821964e-05,"ENSG00000013725/ENSG00000049768/ENSG00000090659/ENSG00000102524/ENSG00000102879/ENSG00000113302/ENSG00000121594/ENSG00000138684/ENSG00000150782/ENSG00000160856/ENSG00000169194/ENSG00000172724/ENSG00000203747",13
"GO:0051208","GO:0051208","sequestering of calcium ion","11/259","143/21468",0.0769230769230769,6.37600237600238,7.12784775471756,1.35319013244375e-06,3.20727887036465e-05,2.55704688864158e-05,"ENSG00000102879/ENSG00000126353/ENSG00000138755/ENSG00000155962/ENSG00000169194/ENSG00000169245/ENSG00000169248/ENSG00000171631/ENSG00000172724/ENSG00000177455/ENSG00000186810",11
"GO:0007162","GO:0007162","negative regulation of cell adhesion","18/259","392/21468",0.0459183673469388,3.80608305098101,6.19619280764051,1.46940178622207e-06,3.45485747976534e-05,2.75443231674134e-05,"ENSG00000049768/ENSG00000089692/ENSG00000104951/ENSG00000107738/ENSG00000117215/ENSG00000121594/ENSG00000127951/ENSG00000131142/ENSG00000131203/ENSG00000134028/ENSG00000152270/ENSG00000155659/ENSG00000163599/ENSG00000171855/ENSG00000181847/ENSG00000182393/ENSG00000188389/ENSG00000203710",18
"GO:0045621","GO:0045621","positive regulation of lymphocyte differentiation","12/259","175/21468",0.0685714285714286,5.68375068946498,6.87495455079323,1.51724080450572e-06,3.53902438447801e-05,2.82153553118607e-05,"ENSG00000049768/ENSG00000104951/ENSG00000107738/ENSG00000111537/ENSG00000113302/ENSG00000121594/ENSG00000147168/ENSG00000150782/ENSG00000151651/ENSG00000169884/ENSG00000172724/ENSG00000203710",12
"GO:1904064","GO:1904064","positive regulation of cation transmembrane transport","11/259","145/21468",0.0758620689655172,6.28805751564372,7.06043536977771,1.55214035660155e-06,3.59192165988344e-05,2.86370860654377e-05,"ENSG00000083454/ENSG00000111537/ENSG00000137731/ENSG00000138755/ENSG00000156738/ENSG00000169194/ENSG00000169245/ENSG00000169248/ENSG00000171631/ENSG00000177455/ENSG00000186810",11
"GO:0002923","GO:0002923","regulation of humoral immune response mediated by circulating immunoglobulin","6/259","32/21468",0.1875,15.5415057915058,9.09678561386091,2.02684080865725e-06,4.65381651300286e-05,3.71031878295316e-05,"ENSG00000104921/ENSG00000117322/ENSG00000167207/ENSG00000197721/ENSG00000203710/ENSG00000226979",6
"GO:0140888","GO:0140888","interferon-mediated signaling pathway","10/259","122/21468",0.0819672131147541,6.79410089246155,7.0922360251067,2.31505323972443e-06,5.27437323375976e-05,4.20506610495845e-05,"ENSG00000111335/ENSG00000111537/ENSG00000115415/ENSG00000117322/ENSG00000124256/ENSG00000135114/ENSG00000165949/ENSG00000171855/ENSG00000182393/ENSG00000183709",10
"GO:0002921","GO:0002921","negative regulation of humoral immune response","5/259","19/21468",0.263157894736842,21.8126397073765,10.0294220220762,2.49011878014972e-06,5.6295839191231e-05,4.48826267580023e-05,"ENSG00000117322/ENSG00000149131/ENSG00000155659/ENSG00000197721/ENSG00000203710",5
"GO:0006874","GO:0006874","intracellular calcium ion homeostasis","16/259","328/21468",0.0487804878048781,4.04331857990395,6.13772338782494,2.633169587903e-06,5.90754612125719e-05,4.70987183822586e-05,"ENSG00000102879/ENSG00000108702/ENSG00000126353/ENSG00000138755/ENSG00000140090/ENSG00000155962/ENSG00000169194/ENSG00000169245/ENSG00000169248/ENSG00000171631/ENSG00000172156/ENSG00000172724/ENSG00000177455/ENSG00000181374/ENSG00000186810/ENSG00000274736",16
"GO:0002820","GO:0002820","negative regulation of adaptive immune response","9/259","98/21468",0.0918367346938776,7.61216610196202,7.24986626978775,2.91094992299937e-06,6.38453867439936e-05,5.09016066661162e-05,"ENSG00000049768/ENSG00000104951/ENSG00000117322/ENSG00000121594/ENSG00000167207/ENSG00000171855/ENSG00000188389/ENSG00000197721/ENSG00000203710",9
"GO:0032615","GO:0032615","interleukin-12 production","9/259","98/21468",0.0918367346938776,7.61216610196202,7.24986626978775,2.91094992299937e-06,6.38453867439936e-05,5.09016066661162e-05,"ENSG00000111537/ENSG00000113302/ENSG00000126353/ENSG00000131203/ENSG00000167207/ENSG00000172243/ENSG00000172724/ENSG00000181847/ENSG00000227507",9
"GO:0032655","GO:0032655","regulation of interleukin-12 production","9/259","98/21468",0.0918367346938776,7.61216610196202,7.24986626978775,2.91094992299937e-06,6.38453867439936e-05,5.09016066661162e-05,"ENSG00000111537/ENSG00000113302/ENSG00000126353/ENSG00000131203/ENSG00000167207/ENSG00000172243/ENSG00000172724/ENSG00000181847/ENSG00000227507",9
"GO:0034764","GO:0034764","positive regulation of transmembrane transport","13/259","220/21468",0.0590909090909091,4.8979290979291,6.42187297399232,2.93732827117628e-06,6.39467243628674e-05,5.09823994669662e-05,"ENSG00000083454/ENSG00000108691/ENSG00000111537/ENSG00000125730/ENSG00000137731/ENSG00000138755/ENSG00000156738/ENSG00000169194/ENSG00000169245/ENSG00000169248/ENSG00000171631/ENSG00000177455/ENSG00000186810",13
"GO:0019722","GO:0019722","calcium-mediated signaling","14/259","257/21468",0.0544747081712062,4.51530129351141,6.26504230281519,3.16446540899176e-06,6.83850282134323e-05,5.45208978360346e-05,"ENSG00000007908/ENSG00000083454/ENSG00000121966/ENSG00000126353/ENSG00000140090/ENSG00000153898/ENSG00000155962/ENSG00000160683/ENSG00000163519/ENSG00000172243/ENSG00000179934/ENSG00000183813/ENSG00000186810/ENSG00000203747",14
"GO:0051767","GO:0051767","nitric-oxide synthase biosynthetic process","5/259","20/21468",0.25,20.7220077220077,9.75097821100675,3.28752924142969e-06,7.00148437721873e-05,5.58202905524217e-05,"ENSG00000104921/ENSG00000108691/ENSG00000111537/ENSG00000115415/ENSG00000167207",5
"GO:0051769","GO:0051769","regulation of nitric-oxide synthase biosynthetic process","5/259","20/21468",0.25,20.7220077220077,9.75097821100675,3.28752924142969e-06,7.00148437721873e-05,5.58202905524217e-05,"ENSG00000104921/ENSG00000108691/ENSG00000111537/ENSG00000115415/ENSG00000167207",5
"GO:0002526","GO:0002526","acute inflammatory response","10/259","127/21468",0.078740157480315,6.52661660535676,6.90286340030079,3.33245223811754e-06,7.04609865311327e-05,5.61759839609969e-05,"ENSG00000013725/ENSG00000060566/ENSG00000099985/ENSG00000117215/ENSG00000125730/ENSG00000126353/ENSG00000150337/ENSG00000151651/ENSG00000180549/ENSG00000203747",10
"GO:0002861","GO:0002861","regulation of inflammatory response to antigenic stimulus","8/259","75/21468",0.106666666666667,8.84138996138996,7.51732458284016,3.38236269588295e-06,7.10054568799999e-05,5.66100703837251e-05,"ENSG00000113302/ENSG00000117215/ENSG00000125730/ENSG00000126353/ENSG00000150337/ENSG00000167207/ENSG00000180549/ENSG00000226979",8
"GO:0070665","GO:0070665","positive regulation of leukocyte proliferation","13/259","223/21468",0.0582959641255605,4.832037675087,6.35666461546028,3.40948470269925e-06,7.10672024200928e-05,5.66592978589662e-05,"ENSG00000013725/ENSG00000049768/ENSG00000090659/ENSG00000102524/ENSG00000102879/ENSG00000113302/ENSG00000121594/ENSG00000138684/ENSG00000150782/ENSG00000160856/ENSG00000169194/ENSG00000172724/ENSG00000203747",13
"GO:0002294","GO:0002294","CD4-positive, alpha-beta T cell differentiation involved in immune response","9/259","101/21468",0.0891089108910891,7.38606215833939,7.10881999471259,3.74350223212425e-06,7.74799511282617e-05,6.17719493603305e-05,"ENSG00000049768/ENSG00000111537/ENSG00000113302/ENSG00000121594/ENSG00000138684/ENSG00000150782/ENSG00000171522/ENSG00000172724/ENSG00000197272",9
"GO:0002828","GO:0002828","regulation of type 2 immune response","6/259","36/21468",0.166666666666667,13.8146718146718,8.50360057340321,4.18395135293711e-06,8.53932849047373e-05,6.80809628043715e-05,"ENSG00000131203/ENSG00000134321/ENSG00000150782/ENSG00000167207/ENSG00000171855/ENSG00000182393",6
"GO:0045577","GO:0045577","regulation of B cell differentiation","6/259","36/21468",0.166666666666667,13.8146718146718,8.50360057340321,4.18395135293711e-06,8.53932849047373e-05,6.80809628043715e-05,"ENSG00000104951/ENSG00000147168/ENSG00000158714/ENSG00000160856/ENSG00000161405/ENSG00000203710",6
"GO:0043372","GO:0043372","positive regulation of CD4-positive, alpha-beta T cell differentiation","7/259","56/21468",0.125,10.3610038610039,7.75109901343005,4.80518893853147e-06,9.73962088989241e-05,7.76504579104977e-05,"ENSG00000049768/ENSG00000111537/ENSG00000113302/ENSG00000121594/ENSG00000147168/ENSG00000150782/ENSG00000172724",7
"GO:0051928","GO:0051928","positive regulation of calcium ion transport","10/259","133/21468",0.075187969924812,6.23218277353616,6.68864070685279,5.04770026631398e-06,0.00010161089782669,8.10106762279375e-05,"ENSG00000083454/ENSG00000108691/ENSG00000138755/ENSG00000156738/ENSG00000169194/ENSG00000169245/ENSG00000169248/ENSG00000171631/ENSG00000177455/ENSG00000186810",10
"GO:0002864","GO:0002864","regulation of acute inflammatory response to antigenic stimulus","5/259","22/21468",0.227272727272727,18.8381888381888,9.25048303169195,5.47479216255108e-06,0.000109458599766923,8.72673637940472e-05,"ENSG00000117215/ENSG00000125730/ENSG00000126353/ENSG00000150337/ENSG00000180549",5
"GO:0043370","GO:0043370","regulation of CD4-positive, alpha-beta T cell differentiation","8/259","80/21468",0.1,8.28880308880309,7.21757968869952,5.5175939686644e-06,0.000109568977526383,8.7355363970462e-05,"ENSG00000049768/ENSG00000111537/ENSG00000113302/ENSG00000121594/ENSG00000147168/ENSG00000150782/ENSG00000172724/ENSG00000197272",8
"GO:0030100","GO:0030100","regulation of endocytosis","16/259","348/21468",0.0459770114942529,3.81094394887498,5.8421178685211,5.59954109737207e-06,0.000110450008625346,8.80577780483944e-05,"ENSG00000007908/ENSG00000011347/ENSG00000035720/ENSG00000089012/ENSG00000100385/ENSG00000108691/ENSG00000111537/ENSG00000125730/ENSG00000126759/ENSG00000130208/ENSG00000147168/ENSG00000150337/ENSG00000167207/ENSG00000172243/ENSG00000172724/ENSG00000186074",16
"GO:0071353","GO:0071353","cellular response to interleukin-4","6/259","38/21468",0.157894736842105,13.0875838244259,8.24129909146825,5.81149018411405e-06,0.000113866464340741,9.078159403395e-05,"ENSG00000102879/ENSG00000147168/ENSG00000164935/ENSG00000186074/ENSG00000188282/ENSG00000260314",6
"GO:0002604","GO:0002604","regulation of dendritic cell antigen processing and presentation","4/259","11/21468",0.363636363636364,30.1411021411021,10.6830012507566,6.39089189129009e-06,0.000123571258345405,9.85188736150398e-05,"ENSG00000126353/ENSG00000127951/ENSG00000167207/ENSG00000172724",4
"GO:0097278","GO:0097278","complement-dependent cytotoxicity","4/259","11/21468",0.363636363636364,30.1411021411021,10.6830012507566,6.39089189129009e-06,0.000123571258345405,9.85188736150398e-05,"ENSG00000125730/ENSG00000169194/ENSG00000197721/ENSG00000203710",4
"GO:0002361","GO:0002361","CD4-positive, CD25-positive, alpha-beta regulatory T cell differentiation","5/259","23/21468",0.217391304347826,18.0191371495719,9.02430769989271,6.92687084590561e-06,0.000133059303373311,0.000106083347113766,"ENSG00000049768/ENSG00000111537/ENSG00000117215/ENSG00000147168/ENSG00000180549",5
"GO:0042130","GO:0042130","negative regulation of T cell proliferation","9/259","110/21468",0.0818181818181818,6.78174798174798,6.71816510918578,7.57542756508816e-06,0.00014457260788178,0.000115262486397035,"ENSG00000049768/ENSG00000104951/ENSG00000107738/ENSG00000117215/ENSG00000121594/ENSG00000131203/ENSG00000155659/ENSG00000163599/ENSG00000203710",9
"GO:0055074","GO:0055074","calcium ion homeostasis","16/259","357/21468",0.0448179271708683,3.71486973167645,5.71615721395406,7.71984859481299e-06,0.000146378290452615,0.000116702091491027,"ENSG00000102879/ENSG00000108702/ENSG00000126353/ENSG00000138755/ENSG00000140090/ENSG00000155962/ENSG00000169194/ENSG00000169245/ENSG00000169248/ENSG00000171631/ENSG00000172156/ENSG00000172724/ENSG00000177455/ENSG00000181374/ENSG00000186810/ENSG00000274736",16
"GO:0019058","GO:0019058","viral life cycle","17/259","399/21468",0.0426065162907268,3.53157023833716,5.64066011795678,7.79572604907416e-06,0.000146869479860442,0.000117093698955729,"ENSG00000078081/ENSG00000090659/ENSG00000108691/ENSG00000111335/ENSG00000117322/ENSG00000121594/ENSG00000121966/ENSG00000128383/ENSG00000134321/ENSG00000135114/ENSG00000154165/ENSG00000157601/ENSG00000165949/ENSG00000171855/ENSG00000172183/ENSG00000203710/ENSG00000260314",17
"GO:0007204","GO:0007204","positive regulation of cytosolic calcium ion concentration","11/259","173/21468",0.0635838150289017,5.27033722409445,6.231919943375,8.58165196228778e-06,0.000160646338325884,0.000128077487549799,"ENSG00000083454/ENSG00000108702/ENSG00000121966/ENSG00000126353/ENSG00000156234/ENSG00000160683/ENSG00000171522/ENSG00000179934/ENSG00000183813/ENSG00000186188/ENSG00000186810",11
"GO:0002675","GO:0002675","positive regulation of acute inflammatory response","6/259","41/21468",0.146341463414634,12.1299557397118,7.88279341235139,9.18294761378501e-06,0.000170814449600722,0.000136184153153134,"ENSG00000060566/ENSG00000099985/ENSG00000125730/ENSG00000126353/ENSG00000150337/ENSG00000151651",6
"GO:0006816","GO:0006816","calcium ion transport","19/259","493/21468",0.0385395537525355,3.19446772185109,5.44724785161045,9.51655479897853e-06,0.000175906632416339,0.000140243965458631,"ENSG00000083454/ENSG00000102879/ENSG00000108691/ENSG00000121966/ENSG00000126353/ENSG00000138755/ENSG00000140090/ENSG00000153898/ENSG00000155962/ENSG00000156738/ENSG00000160856/ENSG00000169194/ENSG00000169245/ENSG00000169248/ENSG00000171631/ENSG00000172724/ENSG00000177455/ENSG00000186810/ENSG00000198216",19
"GO:0019079","GO:0019079","viral genome replication","10/259","144/21468",0.0694444444444444,5.75611325611326,6.32811788697787,1.02252348555931e-05,0.000187824782753676,0.000149745873608883,"ENSG00000090659/ENSG00000108691/ENSG00000111335/ENSG00000128383/ENSG00000134321/ENSG00000135114/ENSG00000157601/ENSG00000165949/ENSG00000171855/ENSG00000172183",10
"GO:0002700","GO:0002700","regulation of production of molecular mediator of immune response","14/259","285/21468",0.0491228070175439,4.07169274537696,5.76875285157798,1.03481869926694e-05,0.000188902618456244,0.000150605192845257,"ENSG00000049768/ENSG00000134321/ENSG00000138684/ENSG00000150782/ENSG00000160856/ENSG00000167207/ENSG00000169194/ENSG00000170476/ENSG00000171855/ENSG00000172243/ENSG00000173762/ENSG00000188820/ENSG00000189013/ENSG00000203710",14
"GO:0002524","GO:0002524","hypersensitivity","5/259","25/21468",0.2,16.5776061776062,8.61198799563151,1.07234938287225e-05,0.000193275836789851,0.000154091800896907,"ENSG00000125730/ENSG00000126353/ENSG00000150337/ENSG00000180549/ENSG00000203747",5
"GO:1902107","GO:1902107","positive regulation of leukocyte differentiation","13/259","248/21468",0.0524193548387097,4.34493710300162,5.85486075279606,1.07850415901788e-05,0.000193275836789851,0.000154091800896907,"ENSG00000049768/ENSG00000104951/ENSG00000107738/ENSG00000111537/ENSG00000113302/ENSG00000121594/ENSG00000147168/ENSG00000150782/ENSG00000151651/ENSG00000164935/ENSG00000169884/ENSG00000172724/ENSG00000203710",13
"GO:1903708","GO:1903708","positive regulation of hemopoiesis","13/259","248/21468",0.0524193548387097,4.34493710300162,5.85486075279606,1.07850415901788e-05,0.000193275836789851,0.000154091800896907,"ENSG00000049768/ENSG00000104951/ENSG00000107738/ENSG00000111537/ENSG00000113302/ENSG00000121594/ENSG00000147168/ENSG00000150782/ENSG00000151651/ENSG00000164935/ENSG00000169884/ENSG00000172724/ENSG00000203710",13
"GO:0050920","GO:0050920","regulation of chemotaxis","13/259","249/21468",0.0522088353413655,4.32748755640322,5.83618595785644,1.1258616434071e-05,0.000200539840604452,0.000159883127159439,"ENSG00000035720/ENSG00000108691/ENSG00000108702/ENSG00000121966/ENSG00000125245/ENSG00000126353/ENSG00000156234/ENSG00000158714/ENSG00000167207/ENSG00000169245/ENSG00000172724/ENSG00000183813/ENSG00000186810",13
"GO:0002707","GO:0002707","negative regulation of lymphocyte mediated immunity","10/259","146/21468",0.0684931506849315,5.67726238959116,6.26656655593248,1.1544654194374e-05,0.000203172087887816,0.000161981722260804,"ENSG00000049768/ENSG00000104951/ENSG00000117322/ENSG00000121594/ENSG00000167207/ENSG00000171855/ENSG00000188389/ENSG00000189013/ENSG00000197721/ENSG00000203710",10
"GO:0007259","GO:0007259","cell surface receptor signaling pathway via JAK-STAT","10/259","146/21468",0.0684931506849315,5.67726238959116,6.26656655593248,1.1544654194374e-05,0.000203172087887816,0.000161981722260804,"ENSG00000099985/ENSG00000108691/ENSG00000111537/ENSG00000113302/ENSG00000115415/ENSG00000138684/ENSG00000150782/ENSG00000171855/ENSG00000182393/ENSG00000183709",10
"GO:0002686","GO:0002686","negative regulation of leukocyte migration","7/259","64/21468",0.109375,9.06587837837838,7.141174560074,1.18573696050302e-05,0.000207433388507045,0.000165379102385947,"ENSG00000035720/ENSG00000108691/ENSG00000125245/ENSG00000131142/ENSG00000158714/ENSG00000163606/ENSG00000171522",7
"GO:0002688","GO:0002688","regulation of leukocyte chemotaxis","10/259","147/21468",0.0680272108843537,5.6386415570089,6.23621616828063,1.22576693961372e-05,0.000213167398551759,0.000169950620216764,"ENSG00000035720/ENSG00000108691/ENSG00000108702/ENSG00000125245/ENSG00000126353/ENSG00000156234/ENSG00000158714/ENSG00000167207/ENSG00000169245/ENSG00000172724",10
"GO:0070588","GO:0070588","calcium ion transmembrane transport","16/259","372/21468",0.043010752688172,3.56507659733466,5.51502155342971,1.28799318573713e-05,0.000222671292522436,0.0001775277295016,"ENSG00000083454/ENSG00000102879/ENSG00000126353/ENSG00000138755/ENSG00000140090/ENSG00000153898/ENSG00000155962/ENSG00000156738/ENSG00000169194/ENSG00000169245/ENSG00000169248/ENSG00000171631/ENSG00000172724/ENSG00000177455/ENSG00000186810/ENSG00000198216",16
"GO:0006957","GO:0006957","complement activation, alternative pathway","5/259","26/21468",0.192307692307692,15.9400059400059,8.42326109012582,1.31464291411361e-05,0.000224053614518791,0.00017862980459477,"ENSG00000117322/ENSG00000125730/ENSG00000126759/ENSG00000155659/ENSG00000203710",5
"GO:0045071","GO:0045071","negative regulation of viral genome replication","7/259","65/21468",0.107692307692308,8.92640332640333,7.07246788185037,1.31529344700284e-05,0.000224053614518791,0.00017862980459477,"ENSG00000111335/ENSG00000128383/ENSG00000134321/ENSG00000135114/ENSG00000157601/ENSG00000171855/ENSG00000172183",7
"GO:0032613","GO:0032613","interleukin-10 production","8/259","90/21468",0.0888888888888889,7.36782496782497,6.68966392025689,1.33010273252535e-05,0.000224053614518791,0.00017862980459477,"ENSG00000049768/ENSG00000107738/ENSG00000113302/ENSG00000131203/ENSG00000167207/ENSG00000169194/ENSG00000172243/ENSG00000181847",8
"GO:0032653","GO:0032653","regulation of interleukin-10 production","8/259","90/21468",0.0888888888888889,7.36782496782497,6.68966392025689,1.33010273252535e-05,0.000224053614518791,0.00017862980459477,"ENSG00000049768/ENSG00000107738/ENSG00000113302/ENSG00000131203/ENSG00000167207/ENSG00000169194/ENSG00000172243/ENSG00000181847",8
"GO:0031341","GO:0031341","regulation of cell killing","13/259","253/21468",0.0513833992094862,4.25906878080791,5.7624574658529,1.33410624500811e-05,0.000224053614518791,0.00017862980459477,"ENSG00000035720/ENSG00000089692/ENSG00000104921/ENSG00000111537/ENSG00000113302/ENSG00000138684/ENSG00000158477/ENSG00000158485/ENSG00000169194/ENSG00000172243/ENSG00000189013/ENSG00000197721/ENSG00000203710",13
"GO:0051924","GO:0051924","regulation of calcium ion transport","14/259","293/21468",0.0477815699658703,3.96052024720967,5.63852616936503,1.41258426477292e-05,0.00023588552012316,0.000188062952953619,"ENSG00000083454/ENSG00000102879/ENSG00000108691/ENSG00000121966/ENSG00000138755/ENSG00000155962/ENSG00000156738/ENSG00000160856/ENSG00000169194/ENSG00000169245/ENSG00000169248/ENSG00000171631/ENSG00000177455/ENSG00000186810",14
"GO:0042531","GO:0042531","positive regulation of tyrosine phosphorylation of STAT protein","5/259","27/21468",0.185185185185185,15.3496353496353,8.2447158557564,1.59759777508844e-05,0.000265273438473724,0.000211492872277542,"ENSG00000099985/ENSG00000111537/ENSG00000138684/ENSG00000150782/ENSG00000182393",5
"GO:0045620","GO:0045620","negative regulation of lymphocyte differentiation","7/259","67/21468",0.104477611940299,8.65994352561517,6.93939165836014,1.60967404646912e-05,0.000265777079919817,0.000211894407299838,"ENSG00000049768/ENSG00000089692/ENSG00000127951/ENSG00000163599/ENSG00000171855/ENSG00000182393/ENSG00000203710",7
"GO:2000514","GO:2000514","regulation of CD4-positive, alpha-beta T cell activation","9/259","121/21468",0.0743801652892562,6.16522543795271,6.29635208715611,1.64280238643259e-05,0.000269731632051697,0.000215047228003466,"ENSG00000049768/ENSG00000107738/ENSG00000111537/ENSG00000113302/ENSG00000121594/ENSG00000147168/ENSG00000150782/ENSG00000172724/ENSG00000197272",9
"GO:2000516","GO:2000516","positive regulation of CD4-positive, alpha-beta T cell activation","7/259","68/21468",0.102941176470588,8.53259141494436,6.87491676892047,1.7761019703091e-05,0.000289941404271248,0.000231159744957217,"ENSG00000049768/ENSG00000111537/ENSG00000113302/ENSG00000121594/ENSG00000147168/ENSG00000150782/ENSG00000172724",7
"GO:1903169","GO:1903169","regulation of calcium ion transmembrane transport","11/259","187/21468",0.0588235294117647,4.87576652282535,5.88244477544199,1.78562076124858e-05,0.000289941404271248,0.000231159744957217,"ENSG00000083454/ENSG00000102879/ENSG00000138755/ENSG00000155962/ENSG00000156738/ENSG00000169194/ENSG00000169245/ENSG00000169248/ENSG00000171631/ENSG00000177455/ENSG00000186810",11
"GO:0042092","GO:0042092","type 2 immune response","6/259","46/21468",0.130434782608696,10.8114822897432,7.36137592909365,1.81888616243508e-05,0.000292115105540804,0.000232892757985648,"ENSG00000131203/ENSG00000134321/ENSG00000150782/ENSG00000167207/ENSG00000171855/ENSG00000182393",6
"GO:0070269","GO:0070269","pyroptotic inflammatory response","6/259","46/21468",0.130434782608696,10.8114822897432,7.36137592909365,1.81888616243508e-05,0.000292115105540804,0.000232892757985648,"ENSG00000091592/ENSG00000100453/ENSG00000124256/ENSG00000154451/ENSG00000163568/ENSG00000165949",6
"GO:0034340","GO:0034340","response to type I interferon","8/259","96/21468",0.0833333333333333,6.90733590733591,6.41032671313276,2.13817112777822e-05,0.000341526355681532,0.000272286552084343,"ENSG00000111335/ENSG00000115415/ENSG00000117322/ENSG00000124256/ENSG00000135114/ENSG00000157601/ENSG00000165949/ENSG00000171855",8
"GO:0002704","GO:0002704","negative regulation of leukocyte mediated immunity","10/259","158/21468",0.0632911392405063,5.24607790430575,5.91970739889651,2.29730528577638e-05,0.000362145294518414,0.000288725282712699,"ENSG00000049768/ENSG00000104951/ENSG00000117322/ENSG00000121594/ENSG00000167207/ENSG00000171855/ENSG00000188389/ENSG00000189013/ENSG00000197721/ENSG00000203710",10
"GO:0042102","GO:0042102","positive regulation of T cell proliferation","10/259","158/21468",0.0632911392405063,5.24607790430575,5.91970739889651,2.29730528577638e-05,0.000362145294518414,0.000288725282712699,"ENSG00000013725/ENSG00000049768/ENSG00000090659/ENSG00000102524/ENSG00000102879/ENSG00000113302/ENSG00000121594/ENSG00000138684/ENSG00000150782/ENSG00000172724",10
"GO:0050855","GO:0050855","regulation of B cell receptor signaling pathway","5/259","29/21468",0.172413793103448,14.2910398082812,7.91463989240683,2.30422490898072e-05,0.000362145294518414,0.000288725282712699,"ENSG00000035720/ENSG00000154822/ENSG00000160856/ENSG00000162894/ENSG00000177455",5
"GO:1902622","GO:1902622","regulation of neutrophil migration","6/259","48/21468",0.125,10.3610038610039,7.17478305777275,2.33536825218079e-05,0.000365087621976561,0.000291071093468893,"ENSG00000126353/ENSG00000151651/ENSG00000158714/ENSG00000167207/ENSG00000172724/ENSG00000180549",6
"GO:0030888","GO:0030888","regulation of B cell proliferation","7/259","71/21468",0.0985915492957746,8.17205938332699,6.68916751393863,2.36274961052691e-05,0.000367413815097279,0.000292925682708599,"ENSG00000102524/ENSG00000138684/ENSG00000160856/ENSG00000161405/ENSG00000163599/ENSG00000169194/ENSG00000170476",7
"GO:0032611","GO:0032611","interleukin-1 beta production","10/259","159/21468",0.0628930817610063,5.21308370364974,5.89240486183044,2.42584856116387e-05,0.000373275859751865,0.000297599277881002,"ENSG00000091592/ENSG00000111537/ENSG00000126353/ENSG00000154451/ENSG00000163568/ENSG00000167207/ENSG00000167634/ENSG00000172243/ENSG00000172724/ENSG00000186188",10
"GO:0032651","GO:0032651","regulation of interleukin-1 beta production","10/259","159/21468",0.0628930817610063,5.21308370364974,5.89240486183044,2.42584856116387e-05,0.000373275859751865,0.000297599277881002,"ENSG00000091592/ENSG00000111537/ENSG00000126353/ENSG00000154451/ENSG00000163568/ENSG00000167207/ENSG00000167634/ENSG00000172243/ENSG00000172724/ENSG00000186188",10
"GO:0002713","GO:0002713","negative regulation of B cell mediated immunity","4/259","15/21468",0.266666666666667,22.1034749034749,9.03506017762658,2.5447330549262e-05,0.000387511422198347,0.00030894877448954,"ENSG00000049768/ENSG00000117322/ENSG00000197721/ENSG00000203710",4
"GO:0002890","GO:0002890","negative regulation of immunoglobulin mediated immune response","4/259","15/21468",0.266666666666667,22.1034749034749,9.03506017762658,2.5447330549262e-05,0.000387511422198347,0.00030894877448954,"ENSG00000049768/ENSG00000117322/ENSG00000197721/ENSG00000203710",4
"GO:0043270","GO:0043270","positive regulation of monoatomic ion transport","12/259","231/21468",0.051948051948052,4.30587173444316,5.5823989419433,2.57613438784529e-05,0.000390271080715326,0.000311148949937256,"ENSG00000083454/ENSG00000108691/ENSG00000111537/ENSG00000137731/ENSG00000138755/ENSG00000156738/ENSG00000169194/ENSG00000169245/ENSG00000169248/ENSG00000171631/ENSG00000177455/ENSG00000186810",12
"GO:0042093","GO:0042093","T-helper cell differentiation","8/259","99/21468",0.0808080808080808,6.6980226980227,6.27950104165553,2.67613510568174e-05,0.000403341593620443,0.000321569594885159,"ENSG00000049768/ENSG00000113302/ENSG00000121594/ENSG00000138684/ENSG00000150782/ENSG00000171522/ENSG00000172724/ENSG00000197272",8
"GO:0050731","GO:0050731","positive regulation of peptidyl-tyrosine phosphorylation","9/259","129/21468",0.0697674418604651,5.78288587590913,6.02106486514026,2.74109680637708e-05,0.000411024669078686,0.000327695031739817,"ENSG00000099985/ENSG00000111537/ENSG00000121594/ENSG00000138684/ENSG00000150782/ENSG00000153064/ENSG00000167207/ENSG00000182393/ENSG00000205846",9
"GO:0045591","GO:0045591","positive regulation of regulatory T cell differentiation","6/259","51/21468",0.117647058823529,9.75153304565069,6.91457307720281,3.32529512779207e-05,0.000496093521856898,0.000395517336599794,"ENSG00000049768/ENSG00000104951/ENSG00000107738/ENSG00000111537/ENSG00000147168/ENSG00000203710",6
"GO:0002883","GO:0002883","regulation of hypersensitivity","4/259","16/21468",0.25,20.7220077220077,8.72072689147237,3.36085925852004e-05,0.000498866937413657,0.000397728480035386,"ENSG00000125730/ENSG00000126353/ENSG00000150337/ENSG00000180549",4
"GO:0042509","GO:0042509","regulation of tyrosine phosphorylation of STAT protein","5/259","32/21468",0.15625,12.9512548262548,7.47639237159103,3.79358479058105e-05,0.000560268628116467,0.000446681816653447,"ENSG00000099985/ENSG00000111537/ENSG00000138684/ENSG00000150782/ENSG00000182393",5
"GO:0046637","GO:0046637","regulation of alpha-beta T cell differentiation","8/259","104/21468",0.0769230769230769,6.37600237600238,6.07309816567655,3.82320747187635e-05,0.00056182033799223,0.000447918938547198,"ENSG00000049768/ENSG00000111537/ENSG00000113302/ENSG00000121594/ENSG00000147168/ENSG00000150782/ENSG00000172724/ENSG00000197272",8
"GO:0002440","GO:0002440","production of molecular mediator of immune response","14/259","321/21468",0.043613707165109,3.61505430664309,5.21656123746457,3.86686257147612e-05,0.000565408412814344,0.000450779580209785,"ENSG00000049768/ENSG00000134321/ENSG00000138684/ENSG00000150782/ENSG00000160856/ENSG00000167207/ENSG00000169194/ENSG00000170476/ENSG00000171855/ENSG00000172243/ENSG00000173762/ENSG00000188820/ENSG00000189013/ENSG00000203710",14
"GO:0050672","GO:0050672","negative regulation of lymphocyte proliferation","9/259","135/21468",0.0666666666666667,5.52586872586873,5.82932588088087,3.92686293023294e-05,0.000571339116433396,0.000455507914679444,"ENSG00000049768/ENSG00000104951/ENSG00000107738/ENSG00000117215/ENSG00000121594/ENSG00000131203/ENSG00000155659/ENSG00000163599/ENSG00000203710",9
"GO:0032945","GO:0032945","negative regulation of mononuclear cell proliferation","9/259","137/21468",0.0656934306569343,5.44519910943269,5.7679482936325,4.40784789059681e-05,0.000638160834998228,0.000508782442544387,"ENSG00000049768/ENSG00000104951/ENSG00000107738/ENSG00000117215/ENSG00000121594/ENSG00000131203/ENSG00000155659/ENSG00000163599/ENSG00000203710",9
"GO:0034765","GO:0034765","regulation of monoatomic ion transmembrane transport","15/259","368/21468",0.0407608695652174,3.37858821554474,5.08601233012788,4.45842735765419e-05,0.000642319510007141,0.000512098002999909,"ENSG00000083454/ENSG00000102879/ENSG00000108691/ENSG00000111537/ENSG00000137731/ENSG00000138755/ENSG00000155962/ENSG00000156738/ENSG00000169194/ENSG00000169245/ENSG00000169248/ENSG00000171631/ENSG00000177455/ENSG00000177807/ENSG00000186810",15
"GO:1903557","GO:1903557","positive regulation of tumor necrosis factor superfamily cytokine production","9/259","138/21468",0.0652173913043478,5.40574114487158,5.73770950609057,4.66642345341791e-05,0.000669005781931475,0.00053337399780787,"ENSG00000111335/ENSG00000111537/ENSG00000113302/ENSG00000120949/ENSG00000151651/ENSG00000167207/ENSG00000172243/ENSG00000172724/ENSG00000203747",9
"GO:0050854","GO:0050854","regulation of antigen receptor-mediated signaling pathway","7/259","79/21468",0.0886075949367089,7.34450906602805,6.2429778181782,4.74525388658847e-05,0.000672558155493914,0.000536206176153526,"ENSG00000035720/ENSG00000126353/ENSG00000154822/ENSG00000160856/ENSG00000162894/ENSG00000163519/ENSG00000177455",7
"GO:0071706","GO:0071706","tumor necrosis factor superfamily cytokine production","12/259","246/21468",0.0487804878048781,4.04331857990395,5.30514526277415,4.75985356729275e-05,0.000672558155493914,0.000536206176153526,"ENSG00000049768/ENSG00000107738/ENSG00000111335/ENSG00000111537/ENSG00000113302/ENSG00000120949/ENSG00000125245/ENSG00000151651/ENSG00000167207/ENSG00000172243/ENSG00000172724/ENSG00000203747",12
"GO:1903555","GO:1903555","regulation of tumor necrosis factor superfamily cytokine production","12/259","246/21468",0.0487804878048781,4.04331857990395,5.30514526277415,4.75985356729275e-05,0.000672558155493914,0.000536206176153526,"ENSG00000049768/ENSG00000107738/ENSG00000111335/ENSG00000111537/ENSG00000113302/ENSG00000120949/ENSG00000125245/ENSG00000151651/ENSG00000167207/ENSG00000172243/ENSG00000172724/ENSG00000203747",12
"GO:0002825","GO:0002825","regulation of T-helper 1 type immune response","5/259","34/21468",0.147058823529412,12.1894163070634,7.21557161972077,5.13970686463016e-05,0.000710240367704,0.000566248834551353,"ENSG00000113302/ENSG00000121594/ENSG00000150782/ENSG00000172724/ENSG00000197272",5
"GO:0002710","GO:0002710","negative regulation of T cell mediated immunity","6/259","55/21468",0.109090909090909,9.04233064233064,6.59933195600764,5.14139627075266e-05,0.000710240367704,0.000566248834551353,"ENSG00000049768/ENSG00000104951/ENSG00000121594/ENSG00000167207/ENSG00000171855/ENSG00000188389",6
"GO:0032623","GO:0032623","interleukin-2 production","7/259","80/21468",0.0875,7.2527027027027,6.1916036798731,5.14736979656183e-05,0.000710240367704,0.000566248834551353,"ENSG00000049768/ENSG00000089692/ENSG00000121594/ENSG00000155659/ENSG00000167207/ENSG00000172243/ENSG00000203710",7
"GO:0032663","GO:0032663","regulation of interleukin-2 production","7/259","80/21468",0.0875,7.2527027027027,6.1916036798731,5.14736979656183e-05,0.000710240367704,0.000566248834551353,"ENSG00000049768/ENSG00000089692/ENSG00000121594/ENSG00000155659/ENSG00000167207/ENSG00000172243/ENSG00000203710",7
"GO:0046638","GO:0046638","positive regulation of alpha-beta T cell differentiation","7/259","80/21468",0.0875,7.2527027027027,6.1916036798731,5.14736979656183e-05,0.000710240367704,0.000566248834551353,"ENSG00000049768/ENSG00000111537/ENSG00000113302/ENSG00000121594/ENSG00000147168/ENSG00000150782/ENSG00000172724",7
"GO:0002830","GO:0002830","positive regulation of type 2 immune response","4/259","18/21468",0.222222222222222,18.4195624195624,8.17024932457318,5.54426171826071e-05,0.000761429214484496,0.000607059841851861,"ENSG00000131203/ENSG00000134321/ENSG00000150782/ENSG00000167207",4
"GO:0097696","GO:0097696","cell surface receptor signaling pathway via STAT","10/259","176/21468",0.0568181818181818,4.70954720954721,5.46065164009893,5.76491762589122e-05,0.000788050832674154,0.000628284290586725,"ENSG00000099985/ENSG00000108691/ENSG00000111537/ENSG00000113302/ENSG00000115415/ENSG00000138684/ENSG00000150782/ENSG00000171855/ENSG00000182393/ENSG00000183709",10
"GO:0002544","GO:0002544","chronic inflammatory response","5/259","35/21468",0.142857142857143,11.8411472697187,7.09321703490915,5.93762418283604e-05,0.000807901734877552,0.000644110693518179,"ENSG00000049768/ENSG00000131203/ENSG00000156234/ENSG00000172156/ENSG00000226979",5
"GO:0031295","GO:0031295","T cell costimulation","6/259","57/21468",0.105263157894737,8.72505588295062,6.4535108718352,6.30758414489696e-05,0.000854285244324985,0.000681090579992269,"ENSG00000102524/ENSG00000110448/ENSG00000121594/ENSG00000126353/ENSG00000163600/ENSG00000172724",6
"GO:0140374","GO:0140374","antiviral innate immune response","7/259","83/21468",0.0843373493975904,6.99055682188212,6.04264492141056,6.52433354493915e-05,0.000879587903145695,0.000701263470354154,"ENSG00000091592/ENSG00000111335/ENSG00000119922/ENSG00000124256/ENSG00000135114/ENSG00000157601/ENSG00000169245",7
"GO:0071675","GO:0071675","regulation of mononuclear cell migration","10/259","179/21468",0.0558659217877095,4.63061625072798,5.39019771831079,6.64429170908331e-05,0.000891670015205289,0.000710896099227082,"ENSG00000035720/ENSG00000102879/ENSG00000108691/ENSG00000108702/ENSG00000126353/ENSG00000151651/ENSG00000156234/ENSG00000158714/ENSG00000163606/ENSG00000169245",10
"GO:0042742","GO:0042742","defense response to bacterium","16/259","428/21468",0.0373831775700935,3.09861797712265,4.84627293905959,6.96472453239479e-05,0.000917938022270071,0.000731838626662552,"ENSG00000005381/ENSG00000090382/ENSG00000091592/ENSG00000111335/ENSG00000113302/ENSG00000126759/ENSG00000132205/ENSG00000132465/ENSG00000150337/ENSG00000150782/ENSG00000154451/ENSG00000156234/ENSG00000158714/ENSG00000167207/ENSG00000181804/ENSG00000226979",16
"GO:0002507","GO:0002507","tolerance induction","6/259","58/21468",0.103448275862069,8.57462388496871,6.38325509058532,6.96496015536665e-05,0.000917938022270071,0.000731838626662552,"ENSG00000049768/ENSG00000102794/ENSG00000131203/ENSG00000163600/ENSG00000183813/ENSG00000188389",6
"GO:0031294","GO:0031294","lymphocyte costimulation","6/259","58/21468",0.103448275862069,8.57462388496871,6.38325509058532,6.96496015536665e-05,0.000917938022270071,0.000731838626662552,"ENSG00000102524/ENSG00000110448/ENSG00000121594/ENSG00000126353/ENSG00000163600/ENSG00000172724",6
"GO:0045581","GO:0045581","negative regulation of T cell differentiation","6/259","58/21468",0.103448275862069,8.57462388496871,6.38325509058532,6.96496015536665e-05,0.000917938022270071,0.000731838626662552,"ENSG00000049768/ENSG00000089692/ENSG00000127951/ENSG00000163599/ENSG00000171855/ENSG00000182393",6
"GO:0070664","GO:0070664","negative regulation of leukocyte proliferation","9/259","146/21468",0.0616438356164384,5.10953615063204,5.50593053305212,7.23562947223518e-05,0.000949353349058,0.000756884925056181,"ENSG00000049768/ENSG00000104951/ENSG00000107738/ENSG00000117215/ENSG00000121594/ENSG00000131203/ENSG00000155659/ENSG00000163599/ENSG00000203710",9
"GO:0002687","GO:0002687","positive regulation of leukocyte migration","10/259","184/21468",0.0543478260869565,4.50478428739298,5.27617320057452,8.36336729168384e-05,0.0010828165845929,0.00086329031260321,"ENSG00000007908/ENSG00000102879/ENSG00000106178/ENSG00000108702/ENSG00000126353/ENSG00000151651/ENSG00000156234/ENSG00000169245/ENSG00000172724/ENSG00000180549",10
"GO:0032612","GO:0032612","interleukin-1 production","10/259","184/21468",0.0543478260869565,4.50478428739298,5.27617320057452,8.36336729168384e-05,0.0010828165845929,0.00086329031260321,"ENSG00000091592/ENSG00000111537/ENSG00000126353/ENSG00000154451/ENSG00000163568/ENSG00000167207/ENSG00000167634/ENSG00000172243/ENSG00000172724/ENSG00000186188",10
"GO:0032652","GO:0032652","regulation of interleukin-1 production","10/259","184/21468",0.0543478260869565,4.50478428739298,5.27617320057452,8.36336729168384e-05,0.0010828165845929,0.00086329031260321,"ENSG00000091592/ENSG00000111537/ENSG00000126353/ENSG00000154451/ENSG00000163568/ENSG00000167207/ENSG00000167634/ENSG00000172243/ENSG00000172724/ENSG00000186188",10
"GO:0007260","GO:0007260","tyrosine phosphorylation of STAT protein","5/259","38/21468",0.131578947368421,10.9063198536883,6.75411612410244,8.91383221881254e-05,0.00114902424960921,0.000916075277889045,"ENSG00000099985/ENSG00000111537/ENSG00000138684/ENSG00000150782/ENSG00000182393",5
"GO:0031343","GO:0031343","positive regulation of cell killing","9/259","152/21468",0.0592105263157895,4.90784393415972,5.34295619397609,9.86567424246874e-05,0.00126616666369501,0.00100946866760448,"ENSG00000035720/ENSG00000089692/ENSG00000104921/ENSG00000111537/ENSG00000113302/ENSG00000138684/ENSG00000158477/ENSG00000158485/ENSG00000172243",9
"GO:0008037","GO:0008037","cell recognition","10/259","188/21468",0.0531914893617021,4.40893781319313,5.18785292908978,9.99759743449792e-05,0.0012775190808691,0.00101851953726281,"ENSG00000013725/ENSG00000090659/ENSG00000110448/ENSG00000121966/ENSG00000126353/ENSG00000126759/ENSG00000150337/ENSG00000165457/ENSG00000172243/ENSG00000172724",10
"GO:0060337","GO:0060337","type I interferon-mediated signaling pathway","7/259","89/21468",0.0786516853932584,6.51928332827209,5.76579852399347,0.000101836285808063,0.0012956573332896,0.00103298050676122,"ENSG00000111335/ENSG00000115415/ENSG00000117322/ENSG00000124256/ENSG00000135114/ENSG00000165949/ENSG00000171855",7
"GO:0002274","GO:0002274","myeloid leukocyte activation","13/259","309/21468",0.0420711974110032,3.48719871049968,4.8665099810709,0.000104825085028104,0.00132793502111033,0.00105871433426751,"ENSG00000035720/ENSG00000104921/ENSG00000107317/ENSG00000111537/ENSG00000150782/ENSG00000155659/ENSG00000164935/ENSG00000168062/ENSG00000169194/ENSG00000186074/ENSG00000188822/ENSG00000203747/ENSG00000213886",13
"GO:0030593","GO:0030593","neutrophil chemotaxis","7/259","90/21468",0.0777777777777778,6.44684684684685,5.72213825201326,0.000109303114836734,0.00137282843805625,0.00109450622414112,"ENSG00000126353/ENSG00000138755/ENSG00000156234/ENSG00000167207/ENSG00000169245/ENSG00000169248/ENSG00000172724",7
"GO:0071357","GO:0071357","cellular response to type I interferon","7/259","90/21468",0.0777777777777778,6.44684684684685,5.72213825201326,0.000109303114836734,0.00137282843805625,0.00109450622414112,"ENSG00000111335/ENSG00000115415/ENSG00000117322/ENSG00000124256/ENSG00000135114/ENSG00000165949/ENSG00000171855",7
"GO:0050792","GO:0050792","regulation of viral process","11/259","229/21468",0.0480349344978166,3.98152113435956,5.01261171786141,0.000112570525489552,0.00140785010388848,0.00112242772559795,"ENSG00000078081/ENSG00000090659/ENSG00000111335/ENSG00000115415/ENSG00000121966/ENSG00000128383/ENSG00000134321/ENSG00000135114/ENSG00000157601/ENSG00000171855/ENSG00000172183",11
"GO:0010959","GO:0010959","regulation of metal ion transport","16/259","449/21468",0.0356347438752784,2.95369375102115,4.62326829526392,0.000121355678022372,0.00151128956655827,0.001204896250124,"ENSG00000083454/ENSG00000102879/ENSG00000108691/ENSG00000111537/ENSG00000121966/ENSG00000137731/ENSG00000138755/ENSG00000155962/ENSG00000156738/ENSG00000160856/ENSG00000169194/ENSG00000169245/ENSG00000169248/ENSG00000171631/ENSG00000177455/ENSG00000186810",16
"GO:0006956","GO:0006956","complement activation","7/259","92/21468",0.0760869565217391,6.30669800235018,5.63677280524969,0.000125573138959532,0.00155721289199183,0.00124150924860723,"ENSG00000117322/ENSG00000125730/ENSG00000126759/ENSG00000149131/ENSG00000155659/ENSG00000197721/ENSG00000203710",7
"GO:0051651","GO:0051651","maintenance of location in cell","11/259","233/21468",0.0472103004291846,3.91316884020747,4.94075078134921,0.000131124650351547,0.0016192241486689,0.00129094857002452,"ENSG00000102879/ENSG00000126353/ENSG00000138755/ENSG00000155962/ENSG00000169194/ENSG00000169245/ENSG00000169248/ENSG00000171631/ENSG00000172724/ENSG00000177455/ENSG00000186810",11
"GO:2000107","GO:2000107","negative regulation of leukocyte apoptotic process","6/259","65/21468",0.0923076923076923,7.65120285120285,5.93464861724981,0.000132477782723038,0.00162733517710139,0.00129741519823344,"ENSG00000126353/ENSG00000131203/ENSG00000167207/ENSG00000171611/ENSG00000172724/ENSG00000188389",6
"GO:0032729","GO:0032729","positive regulation of type II interferon production","8/259","124/21468",0.0645161290322581,5.34761489600199,5.36536743117811,0.000132888888228762,0.00162733517710139,0.00129741519823344,"ENSG00000113302/ENSG00000138684/ENSG00000150782/ENSG00000172243/ENSG00000182393/ENSG00000197272/ENSG00000221887/ENSG00000226979",8
"GO:0045123","GO:0045123","cellular extravasation","7/259","94/21468",0.074468085106383,6.17251293847039,5.5539002331581,0.000143755946022211,0.00175209597880784,0.00139688245154143,"ENSG00000007908/ENSG00000108691/ENSG00000131142/ENSG00000151651/ENSG00000171522/ENSG00000180549/ENSG00000188404",7
"GO:0045622","GO:0045622","regulation of T-helper cell differentiation","6/259","66/21468",0.0909090909090909,7.53527553527554,5.87603203395565,0.000144269216356412,0.00175209597880784,0.00139688245154143,"ENSG00000049768/ENSG00000113302/ENSG00000121594/ENSG00000150782/ENSG00000172724/ENSG00000197272",6
"GO:0031348","GO:0031348","negative regulation of defense response","15/259","410/21468",0.0365853658536585,3.03248893492796,4.59184290585703,0.000148427730518502,0.00179518148145629,0.00143123295704651,"ENSG00000049768/ENSG00000102794/ENSG00000113302/ENSG00000120436/ENSG00000127951/ENSG00000149131/ENSG00000155659/ENSG00000158714/ENSG00000163606/ENSG00000167207/ENSG00000169194/ENSG00000171522/ENSG00000186188/ENSG00000189013/ENSG00000203710",15
"GO:0019882","GO:0019882","antigen processing and presentation","12/259","278/21468",0.0431654676258993,3.57790061387184,4.78077774002909,0.000151897688510019,0.00182962010873339,0.00145868962305135,"ENSG00000090659/ENSG00000104921/ENSG00000126353/ENSG00000127951/ENSG00000150337/ENSG00000158477/ENSG00000158485/ENSG00000167207/ENSG00000168394/ENSG00000172724/ENSG00000232629/ENSG00000237541",12
"GO:0045069","GO:0045069","regulation of viral genome replication","7/259","95/21468",0.0736842105263158,6.10753911806543,5.51335840499874,0.000153615760439455,0.00184276212216962,0.00146916727277433,"ENSG00000111335/ENSG00000128383/ENSG00000134321/ENSG00000135114/ENSG00000157601/ENSG00000171855/ENSG00000172183",7
"GO:0032703","GO:0032703","negative regulation of interleukin-2 production","5/259","43/21468",0.116279069767442,9.63814312651522,6.26570108401946,0.000162752656644498,0.00194443112958609,0.00155022427766646,"ENSG00000049768/ENSG00000089692/ENSG00000155659/ENSG00000167207/ENSG00000203710",5
"GO:0032731","GO:0032731","positive regulation of interleukin-1 beta production","7/259","97/21468",0.0721649484536082,5.98161047645584,5.43398800171838,0.000174979175822483,0.00207068318175366,0.00165088045077404,"ENSG00000091592/ENSG00000111537/ENSG00000154451/ENSG00000163568/ENSG00000167207/ENSG00000172243/ENSG00000172724",7
"GO:0098586","GO:0098586","cellular response to virus","7/259","97/21468",0.0721649484536082,5.98161047645584,5.43398800171838,0.000174979175822483,0.00207068318175366,0.00165088045077404,"ENSG00000111537/ENSG00000138684/ENSG00000169245/ENSG00000171855/ENSG00000172724/ENSG00000182393/ENSG00000183709",7
"GO:0032640","GO:0032640","tumor necrosis factor production","11/259","241/21468",0.045643153526971,3.7832711193707,4.80170183380261,0.000176138412874589,0.00207068318175366,0.00165088045077404,"ENSG00000049768/ENSG00000107738/ENSG00000111335/ENSG00000111537/ENSG00000113302/ENSG00000120949/ENSG00000125245/ENSG00000167207/ENSG00000172243/ENSG00000172724/ENSG00000203747",11
"GO:0032680","GO:0032680","regulation of tumor necrosis factor production","11/259","241/21468",0.045643153526971,3.7832711193707,4.80170183380261,0.000176138412874589,0.00207068318175366,0.00165088045077404,"ENSG00000049768/ENSG00000107738/ENSG00000111335/ENSG00000111537/ENSG00000113302/ENSG00000120949/ENSG00000125245/ENSG00000167207/ENSG00000172243/ENSG00000172724/ENSG00000203747",11
"GO:0006569","GO:0006569","tryptophan catabolic process","3/259","10/21468",0.3,24.8664092664093,8.34195662568698,0.000195637160910049,0.00226369140123871,0.00180475889011922,"ENSG00000104951/ENSG00000131203/ENSG00000188676",3
"GO:0042436","GO:0042436","indole-containing compound catabolic process","3/259","10/21468",0.3,24.8664092664093,8.34195662568698,0.000195637160910049,0.00226369140123871,0.00180475889011922,"ENSG00000104951/ENSG00000131203/ENSG00000188676",3
"GO:0051709","GO:0051709","regulation of killing of cells of another organism","3/259","10/21468",0.3,24.8664092664093,8.34195662568698,0.000195637160910049,0.00226369140123871,0.00180475889011922,"ENSG00000104921/ENSG00000111537/ENSG00000172243",3
"GO:0071104","GO:0071104","response to interleukin-9","3/259","10/21468",0.3,24.8664092664093,8.34195662568698,0.000195637160910049,0.00226369140123871,0.00180475889011922,"ENSG00000115415/ENSG00000124334/ENSG00000147168",3
"GO:1904062","GO:1904062","regulation of monoatomic cation transmembrane transport","13/259","330/21468",0.0393939393939394,3.26528606528607,4.58272229720885,0.00020045443038793,0.00231033557219658,0.00184194659254296,"ENSG00000083454/ENSG00000102879/ENSG00000111537/ENSG00000137731/ENSG00000138755/ENSG00000155962/ENSG00000156738/ENSG00000169194/ENSG00000169245/ENSG00000169248/ENSG00000171631/ENSG00000177455/ENSG00000186810",13
"GO:0032700","GO:0032700","negative regulation of interleukin-17 production","4/259","25/21468",0.16,13.2620849420849,6.77902157229123,0.000214468599334938,0.00246220005252102,0.00196302262384692,"ENSG00000049768/ENSG00000107738/ENSG00000111537/ENSG00000113302",4
"GO:0032733","GO:0032733","positive regulation of interleukin-10 production","5/259","46/21468",0.108695652173913,9.00956857478597,6.0094329855227,0.000225040090793706,0.00257351294491324,0.00205176834776486,"ENSG00000113302/ENSG00000167207/ENSG00000169194/ENSG00000172243/ENSG00000181847",5
"GO:0032760","GO:0032760","positive regulation of tumor necrosis factor production","8/259","134/21468",0.0597014925373134,4.94853915749438,5.06673472866933,0.00022686119396521,0.00258428313590601,0.00206035502964732,"ENSG00000111335/ENSG00000111537/ENSG00000113302/ENSG00000120949/ENSG00000167207/ENSG00000172243/ENSG00000172724/ENSG00000203747",8
"GO:0002407","GO:0002407","dendritic cell chemotaxis","4/259","26/21468",0.153846153846154,12.7520047520048,6.62584772429455,0.000251072630279265,0.00284904424861298,0.00227143944320929,"ENSG00000121966/ENSG00000126353/ENSG00000158714/ENSG00000172724",4
"GO:0002924","GO:0002924","negative regulation of humoral immune response mediated by circulating immunoglobulin","3/259","11/21468",0.272727272727273,22.6058266058266,7.92060202582804,0.000266604511792082,0.00300210980903038,0.00239347305202329,"ENSG00000117322/ENSG00000197721/ENSG00000203710",3
"GO:0045625","GO:0045625","regulation of T-helper 1 cell differentiation","3/259","11/21468",0.272727272727273,22.6058266058266,7.92060202582804,0.000266604511792082,0.00300210980903038,0.00239347305202329,"ENSG00000121594/ENSG00000172724/ENSG00000197272",3
"GO:0038093","GO:0038093","Fc receptor signaling pathway","6/259","74/21468",0.0810810810810811,6.72065115308359,5.44741915281366,0.000271457872107877,0.00304509422185134,0.00242774296228258,"ENSG00000104921/ENSG00000136286/ENSG00000150337/ENSG00000162894/ENSG00000163606/ENSG00000203747",6
"GO:0098659","GO:0098659","inorganic cation import across plasma membrane","8/259","138/21468",0.0579710144927536,4.80510323988585,4.9554833825321,0.000277190331766505,0.00308584236765818,0.00246022997811898,"ENSG00000070915/ENSG00000111537/ENSG00000137731/ENSG00000140090/ENSG00000156738/ENSG00000177807/ENSG00000181804/ENSG00000198216",8
"GO:0099587","GO:0099587","inorganic ion import across plasma membrane","8/259","138/21468",0.0579710144927536,4.80510323988585,4.9554833825321,0.000277190331766505,0.00308584236765818,0.00246022997811898,"ENSG00000070915/ENSG00000111537/ENSG00000137731/ENSG00000140090/ENSG00000156738/ENSG00000177807/ENSG00000181804/ENSG00000198216",8
"GO:0002689","GO:0002689","negative regulation of leukocyte chemotaxis","4/259","27/21468",0.148148148148148,12.2797082797083,6.48086083277237,0.000291959004632028,0.00323799062118314,0.0025815322514832,"ENSG00000035720/ENSG00000108691/ENSG00000125245/ENSG00000158714",4
"GO:0050730","GO:0050730","regulation of peptidyl-tyrosine phosphorylation","9/259","177/21468",0.0508474576271186,4.21464563837445,4.74566604515211,0.000309989961263453,0.00342503945922288,0.00273065949257003,"ENSG00000099985/ENSG00000111537/ENSG00000121594/ENSG00000138684/ENSG00000150782/ENSG00000153064/ENSG00000167207/ENSG00000182393/ENSG00000205846",9
"GO:0035458","GO:0035458","cellular response to interferon-beta","4/259","28/21468",0.142857142857143,11.8411472697187,6.34333040902901,0.000337409126730685,0.00371402780322653,0.00296105939721074,"ENSG00000102794/ENSG00000115415/ENSG00000163568/ENSG00000171855",4
"GO:0002638","GO:0002638","negative regulation of immunoglobulin production","3/259","12/21468",0.25,20.7220077220077,7.55166700780801,0.000352307529541017,0.00384918895658383,0.00306881847293408,"ENSG00000049768/ENSG00000160856/ENSG00000203710",3
"GO:0002885","GO:0002885","positive regulation of hypersensitivity","3/259","12/21468",0.25,20.7220077220077,7.55166700780801,0.000352307529541017,0.00384918895658383,0.00306881847293408,"ENSG00000125730/ENSG00000126353/ENSG00000150337",3
"GO:0002312","GO:0002312","B cell activation involved in immune response","7/259","110/21468",0.0636363636363636,5.27469287469287,4.96702599523621,0.000379677410775733,0.00413285892692548,0.00329497823152742,"ENSG00000049768/ENSG00000100060/ENSG00000138684/ENSG00000154822/ENSG00000171855/ENSG00000177455/ENSG00000203710",7
"GO:0002523","GO:0002523","leukocyte migration involved in inflammatory response","4/259","29/21468",0.137931034482759,11.4328318466249,6.21261453694709,0.000387707827153226,0.00420469853875767,0.00335225334334077,"ENSG00000007908/ENSG00000151651/ENSG00000158714/ENSG00000180549",4
"GO:0002218","GO:0002218","activation of innate immune response","14/259","401/21468",0.0349127182044888,2.89384646491878,4.23049387337726,0.000394088540083521,0.00425818462979952,0.00339489586000742,"ENSG00000050730/ENSG00000091592/ENSG00000102794/ENSG00000124256/ENSG00000134321/ENSG00000135114/ENSG00000154451/ENSG00000160856/ENSG00000163568/ENSG00000167207/ENSG00000172243/ENSG00000186074/ENSG00000205846/ENSG00000255833",14
"GO:0002691","GO:0002691","regulation of cellular extravasation","5/259","52/21468",0.0961538461538462,7.97000297000297,5.5608466653745,0.000402314900757526,0.00433114832720282,0.00345306716439658,"ENSG00000007908/ENSG00000131142/ENSG00000151651/ENSG00000171522/ENSG00000180549",5
"GO:0046634","GO:0046634","regulation of alpha-beta T cell activation","9/259","185/21468",0.0486486486486487,4.03239069185015,4.57751799949944,0.000428528078267781,0.00459651102930295,0.00366463120331956,"ENSG00000049768/ENSG00000107738/ENSG00000111537/ENSG00000113302/ENSG00000121594/ENSG00000147168/ENSG00000150782/ENSG00000172724/ENSG00000197272",9
"GO:0002832","GO:0002832","negative regulation of response to biotic stimulus","10/259","226/21468",0.0442477876106195,3.66761198619606,4.45507112165149,0.00044115471796573,0.00470179448120574,0.00374856987344925,"ENSG00000049768/ENSG00000102794/ENSG00000104951/ENSG00000127951/ENSG00000149131/ENSG00000155659/ENSG00000158714/ENSG00000188389/ENSG00000189013/ENSG00000203710",10
"GO:0002468","GO:0002468","dendritic cell antigen processing and presentation","4/259","30/21468",0.133333333333333,11.0517374517375,6.08814650350384,0.000443142930008163,0.00470179448120574,0.00374856987344925,"ENSG00000126353/ENSG00000127951/ENSG00000167207/ENSG00000172724",4
"GO:0034695","GO:0034695","response to prostaglandin E","4/259","30/21468",0.133333333333333,11.0517374517375,6.08814650350384,0.000443142930008163,0.00470179448120574,0.00374856987344925,"ENSG00000126353/ENSG00000171522/ENSG00000171631/ENSG00000172724",4
"GO:0032732","GO:0032732","positive regulation of interleukin-1 production","7/259","113/21468",0.0619469026548673,5.13465678067448,4.86972416725821,0.000446939774657606,0.00470808601332869,0.00375358588337231,"ENSG00000091592/ENSG00000111537/ENSG00000154451/ENSG00000163568/ENSG00000167207/ENSG00000172243/ENSG00000172724",7
"GO:2000106","GO:2000106","regulation of leukocyte apoptotic process","7/259","113/21468",0.0619469026548673,5.13465678067448,4.86972416725821,0.000446939774657606,0.00470808601332869,0.00375358588337231,"ENSG00000126353/ENSG00000131203/ENSG00000151651/ENSG00000167207/ENSG00000171611/ENSG00000172724/ENSG00000188389",7
"GO:0050728","GO:0050728","negative regulation of inflammatory response","10/259","227/21468",0.0440528634361234,3.6514551051996,4.43797847245767,0.000456684125445427,0.00479355230244325,0.00382172504978015,"ENSG00000049768/ENSG00000102794/ENSG00000113302/ENSG00000120436/ENSG00000158714/ENSG00000163606/ENSG00000167207/ENSG00000169194/ENSG00000171522/ENSG00000186188",10
"GO:0050688","GO:0050688","regulation of defense response to virus","6/259","82/21468",0.0731707317073171,6.06497786985592,5.0780288187105,0.000473592169099341,0.00495333588961908,0.00394911469719098,"ENSG00000049768/ENSG00000113302/ENSG00000115415/ENSG00000127951/ENSG00000163568/ENSG00000197272",6
"GO:0048525","GO:0048525","negative regulation of viral process","8/259","150/21468",0.0533333333333333,4.42069498069498,4.64581824401655,0.000485414014006458,0.00505897796867014,0.00403333928771323,"ENSG00000111335/ENSG00000115415/ENSG00000128383/ENSG00000134321/ENSG00000135114/ENSG00000157601/ENSG00000171855/ENSG00000172183",8
"GO:0018108","GO:0018108","peptidyl-tyrosine phosphorylation","10/259","229/21468",0.0436681222707424,3.6195646675996,4.40408098979518,0.000489107768786416,0.00507946195216705,0.0040496704233534,"ENSG00000099985/ENSG00000111537/ENSG00000121594/ENSG00000136573/ENSG00000138684/ENSG00000150782/ENSG00000153064/ENSG00000167207/ENSG00000182393/ENSG00000205846",10
"GO:0046635","GO:0046635","positive regulation of alpha-beta T cell activation","7/259","115/21468",0.0608695652173913,5.04535840188014,4.80675446744614,0.000496832509980934,0.0051415167142041,0.00409914443001319,"ENSG00000049768/ENSG00000111537/ENSG00000113302/ENSG00000121594/ENSG00000147168/ENSG00000150782/ENSG00000172724",7
"GO:0018212","GO:0018212","peptidyl-tyrosine modification","10/259","231/21468",0.0432900432900433,3.5882264453693,4.37056054522725,0.000523419561404222,0.0053976494419895,0.00430334974583859,"ENSG00000099985/ENSG00000111537/ENSG00000121594/ENSG00000136573/ENSG00000138684/ENSG00000150782/ENSG00000153064/ENSG00000167207/ENSG00000182393/ENSG00000205846",10
"GO:0002863","GO:0002863","positive regulation of inflammatory response to antigenic stimulus","4/259","32/21468",0.125,10.3610038610039,5.85599912932115,0.000570586119846917,0.00579745835427892,0.00462210286227857,"ENSG00000125730/ENSG00000126353/ENSG00000150337/ENSG00000226979",4
"GO:0045624","GO:0045624","positive regulation of T-helper cell differentiation","4/259","32/21468",0.125,10.3610038610039,5.85599912932115,0.000570586119846917,0.00579745835427892,0.00462210286227857,"ENSG00000113302/ENSG00000121594/ENSG00000150782/ENSG00000172724",4
"GO:0090382","GO:0090382","phagosome maturation","4/259","32/21468",0.125,10.3610038610039,5.85599912932115,0.000570586119846917,0.00579745835427892,0.00462210286227857,"ENSG00000011347/ENSG00000102879/ENSG00000158714/ENSG00000181804",4
"GO:0002430","GO:0002430","complement receptor mediated signaling pathway","3/259","14/21468",0.214285714285714,17.761720904578,6.93272460841541,0.000572583438227336,0.00579745835427892,0.00462210286227857,"ENSG00000117322/ENSG00000125730/ENSG00000203710",3
"GO:0002866","GO:0002866","positive regulation of acute inflammatory response to antigenic stimulus","3/259","14/21468",0.214285714285714,17.761720904578,6.93272460841541,0.000572583438227336,0.00579745835427892,0.00462210286227857,"ENSG00000125730/ENSG00000126353/ENSG00000150337",3
"GO:2000401","GO:2000401","regulation of lymphocyte migration","6/259","85/21468",0.0705882352941176,5.85091982739042,4.95193238390433,0.000574025308300499,0.00579745835427892,0.00462210286227857,"ENSG00000102879/ENSG00000108691/ENSG00000151651/ENSG00000156234/ENSG00000163606/ENSG00000169245",6
"GO:0007189","GO:0007189","adenylate cyclase-activating G protein-coupled receptor signaling pathway","9/259","194/21468",0.0463917525773196,3.84532102057875,4.39929438111939,0.000604112126566469,0.00608042993143443,0.00484770581736467,"ENSG00000138755/ENSG00000152270/ENSG00000169245/ENSG00000169248/ENSG00000171522/ENSG00000179921/ENSG00000186188/ENSG00000186810/ENSG00000188822",9
"GO:0006958","GO:0006958","complement activation, classical pathway","5/259","57/21468",0.087719298245614,7.27087990245885,5.23869241073162,0.000617212761140564,0.00617002824827251,0.00491913929931577,"ENSG00000117322/ENSG00000125730/ENSG00000149131/ENSG00000197721/ENSG00000203710",5
"GO:0048247","GO:0048247","lymphocyte chemotaxis","5/259","57/21468",0.087719298245614,7.27087990245885,5.23869241073162,0.000617212761140564,0.00617002824827251,0.00491913929931577,"ENSG00000108691/ENSG00000151651/ENSG00000156234/ENSG00000169245/ENSG00000169248",5
"GO:1903900","GO:1903900","regulation of viral life cycle","9/259","196/21468",0.0459183673469388,3.80608305098101,4.36113829044344,0.000650193562966078,0.00647769112392306,0.00516442772939336,"ENSG00000078081/ENSG00000090659/ENSG00000111335/ENSG00000128383/ENSG00000134321/ENSG00000135114/ENSG00000157601/ENSG00000171855/ENSG00000172183",9
"GO:0002369","GO:0002369","T cell cytokine production","5/259","58/21468",0.0862068965517241,7.14551990414059,5.17892661182092,0.000668869662988385,0.00659667093799619,0.00525928601134633,"ENSG00000049768/ENSG00000134321/ENSG00000150782/ENSG00000171855/ENSG00000173762",5
"GO:0002724","GO:0002724","regulation of T cell cytokine production","5/259","58/21468",0.0862068965517241,7.14551990414059,5.17892661182092,0.000668869662988385,0.00659667093799619,0.00525928601134633,"ENSG00000049768/ENSG00000134321/ENSG00000150782/ENSG00000171855/ENSG00000173762",5
"GO:0042088","GO:0042088","T-helper 1 type immune response","5/259","58/21468",0.0862068965517241,7.14551990414059,5.17892661182092,0.000668869662988385,0.00659667093799619,0.00525928601134633,"ENSG00000113302/ENSG00000121594/ENSG00000150782/ENSG00000172724/ENSG00000197272",5
"GO:0002758","GO:0002758","innate immune response-activating signaling pathway","13/259","377/21468",0.0344827586206897,2.85820796165624,4.02246125791454,0.00070876529728967,0.0069263487709854,0.00552212616687148,"ENSG00000050730/ENSG00000091592/ENSG00000102794/ENSG00000134321/ENSG00000135114/ENSG00000154451/ENSG00000160856/ENSG00000163568/ENSG00000167207/ENSG00000172243/ENSG00000186074/ENSG00000205846/ENSG00000255833",13
"GO:0001878","GO:0001878","response to yeast","3/259","15/21468",0.2,16.5776061776062,6.66926228413996,0.000709367465146855,0.0069263487709854,0.00552212616687148,"ENSG00000005381/ENSG00000172243/ENSG00000205846",3
"GO:0006586","GO:0006586","indolalkylamine metabolic process","3/259","15/21468",0.2,16.5776061776062,6.66926228413996,0.000709367465146855,0.0069263487709854,0.00552212616687148,"ENSG00000104951/ENSG00000131203/ENSG00000188676",3
"GO:0001909","GO:0001909","leukocyte mediated cytotoxicity","12/259","330/21468",0.0363636363636364,3.01411021411021,4.07458816291856,0.000713254134289864,0.00694123808171493,0.00553399687322843,"ENSG00000035720/ENSG00000089692/ENSG00000100453/ENSG00000102879/ENSG00000113302/ENSG00000138684/ENSG00000150337/ENSG00000150782/ENSG00000158477/ENSG00000158485/ENSG00000189013/ENSG00000203747",12
"GO:0050871","GO:0050871","positive regulation of B cell activation","6/259","89/21468",0.0674157303370786,5.58795713851894,4.79287525645099,0.000732798095309846,0.0071078996769493,0.00566687010651283,"ENSG00000102524/ENSG00000138684/ENSG00000147168/ENSG00000160856/ENSG00000167207/ENSG00000169194",6
"GO:2000404","GO:2000404","regulation of T cell migration","5/259","60/21468",0.0833333333333333,6.90733590733591,5.06354539743279,0.00078180939540166,0.00755834806936013,0.00602599624018039,"ENSG00000102879/ENSG00000151651/ENSG00000156234/ENSG00000163606/ENSG00000169245",5
"GO:0002577","GO:0002577","regulation of antigen processing and presentation","4/259","35/21468",0.114285714285714,9.47291781577496,5.54371631442653,0.000807596584497397,0.00770625442155146,0.00614391659976489,"ENSG00000126353/ENSG00000127951/ENSG00000167207/ENSG00000172724",4
"GO:0035456","GO:0035456","response to interferon-beta","4/259","35/21468",0.114285714285714,9.47291781577496,5.54371631442653,0.000807596584497397,0.00770625442155146,0.00614391659976489,"ENSG00000102794/ENSG00000115415/ENSG00000163568/ENSG00000171855",4
"GO:0036336","GO:0036336","dendritic cell migration","4/259","35/21468",0.114285714285714,9.47291781577496,5.54371631442653,0.000807596584497397,0.00770625442155146,0.00614391659976489,"ENSG00000121966/ENSG00000126353/ENSG00000158714/ENSG00000172724",4
"GO:0050869","GO:0050869","negative regulation of B cell activation","4/259","35/21468",0.114285714285714,9.47291781577496,5.54371631442653,0.000807596584497397,0.00770625442155146,0.00614391659976489,"ENSG00000049768/ENSG00000153064/ENSG00000163599/ENSG00000203710",4
"GO:0001771","GO:0001771","immunological synapse formation","3/259","16/21468",0.1875,15.5415057915058,6.42999954091774,0.00086531182035339,0.00809920840770259,0.0064572045327075,"ENSG00000013725/ENSG00000126353/ENSG00000172724",3
"GO:0001794","GO:0001794","type IIa hypersensitivity","3/259","16/21468",0.1875,15.5415057915058,6.42999954091774,0.00086531182035339,0.00809920840770259,0.0064572045327075,"ENSG00000125730/ENSG00000150337/ENSG00000203747",3
"GO:0002445","GO:0002445","type II hypersensitivity","3/259","16/21468",0.1875,15.5415057915058,6.42999954091774,0.00086531182035339,0.00809920840770259,0.0064572045327075,"ENSG00000125730/ENSG00000150337/ENSG00000203747",3
"GO:0032819","GO:0032819","positive regulation of natural killer cell proliferation","3/259","16/21468",0.1875,15.5415057915058,6.42999954091774,0.00086531182035339,0.00809920840770259,0.0064572045327075,"ENSG00000113302/ENSG00000150782/ENSG00000203747",3
"GO:0038196","GO:0038196","type III interferon-mediated signaling pathway","3/259","16/21468",0.1875,15.5415057915058,6.42999954091774,0.00086531182035339,0.00809920840770259,0.0064572045327075,"ENSG00000111537/ENSG00000182393/ENSG00000183709",3
"GO:0071358","GO:0071358","cellular response to type III interferon","3/259","16/21468",0.1875,15.5415057915058,6.42999954091774,0.00086531182035339,0.00809920840770259,0.0064572045327075,"ENSG00000111537/ENSG00000182393/ENSG00000183709",3
"GO:1902624","GO:1902624","positive regulation of neutrophil migration","4/259","36/21468",0.111111111111111,9.20978120978121,5.44787265820418,0.000900011379539184,0.00839724903004972,0.00669482148990551,"ENSG00000126353/ENSG00000151651/ENSG00000172724/ENSG00000180549",4
"GO:0002637","GO:0002637","regulation of immunoglobulin production","6/259","93/21468",0.0645161290322581,5.34761489600199,4.64317384940968,0.000923566023188399,0.00858974855110982,0.00684829436248293,"ENSG00000049768/ENSG00000138684/ENSG00000160856/ENSG00000169194/ENSG00000170476/ENSG00000203710",6
"GO:0034341","GO:0034341","response to type II interferon","8/259","166/21468",0.0481927710843374,3.99460389821836,4.28014718356465,0.000943829698923855,0.00875052203513315,0.00697647321867674,"ENSG00000102794/ENSG00000108691/ENSG00000111537/ENSG00000113302/ENSG00000115415/ENSG00000154451/ENSG00000213886/ENSG00000260314",8
"GO:0002714","GO:0002714","positive regulation of B cell mediated immunity","5/259","63/21468",0.0793650793650794,6.57841514984372,4.9000324310232,0.000977124792122095,0.00900241305343836,0.0071772967736802,"ENSG00000104921/ENSG00000125730/ENSG00000150337/ENSG00000167207/ENSG00000226979",5
"GO:0002891","GO:0002891","positive regulation of immunoglobulin mediated immune response","5/259","63/21468",0.0793650793650794,6.57841514984372,4.9000324310232,0.000977124792122095,0.00900241305343836,0.0071772967736802,"ENSG00000104921/ENSG00000125730/ENSG00000150337/ENSG00000167207/ENSG00000226979",5
"GO:0033077","GO:0033077","T cell differentiation in thymus","6/259","95/21468",0.0631578947368421,5.23503352977037,4.5715279251067,0.00103222606950047,0.00947583741037761,0.00755474080890406,"ENSG00000049249/ENSG00000049768/ENSG00000126353/ENSG00000147168/ENSG00000151651/ENSG00000167286",6
"GO:0032725","GO:0032725","positive regulation of granulocyte macrophage colony-stimulating factor production","3/259","17/21468",0.176470588235294,14.627299568476,6.21134935254003,0.00104140710566586,0.00947583741037761,0.00755474080890406,"ENSG00000113302/ENSG00000121594/ENSG00000150782",3
"GO:0070234","GO:0070234","positive regulation of T cell apoptotic process","3/259","17/21468",0.176470588235294,14.627299568476,6.21134935254003,0.00104140710566586,0.00947583741037761,0.00755474080890406,"ENSG00000131203/ENSG00000151651/ENSG00000188389",3
"GO:1905522","GO:1905522","negative regulation of macrophage migration","3/259","17/21468",0.176470588235294,14.627299568476,6.21134935254003,0.00104140710566586,0.00947583741037761,0.00755474080890406,"ENSG00000035720/ENSG00000158714/ENSG00000163606",3
"GO:0050922","GO:0050922","negative regulation of chemotaxis","5/259","64/21468",0.078125,6.47562741312741,4.84788008803707,0.00104963848795059,0.00952125776569996,0.00759095280759589,"ENSG00000035720/ENSG00000108691/ENSG00000125245/ENSG00000156234/ENSG00000158714",5
"GO:0034694","GO:0034694","response to prostaglandin","4/259","38/21468",0.105263157894737,8.72505588295062,5.26693315673664,0.00110674443205949,0.010008375033301,0.00797931370288071,"ENSG00000126353/ENSG00000171522/ENSG00000171631/ENSG00000172724",4
"GO:0002718","GO:0002718","regulation of cytokine production involved in immune response","9/259","212/21468",0.0424528301886792,3.51883149996358,4.0728811739299,0.00113223794621635,0.0102075071286192,0.00813807448588184,"ENSG00000049768/ENSG00000134321/ENSG00000150782/ENSG00000167207/ENSG00000171855/ENSG00000172243/ENSG00000173762/ENSG00000188820/ENSG00000189013",9
"GO:0050921","GO:0050921","positive regulation of chemotaxis","8/259","171/21468",0.0467836257309941,3.87780261464472,4.17518099241691,0.00114266113979321,0.0102699727518418,0.00818787605723384,"ENSG00000108702/ENSG00000121966/ENSG00000126353/ENSG00000156234/ENSG00000169245/ENSG00000172724/ENSG00000183813/ENSG00000186810",8
"GO:0002367","GO:0002367","cytokine production involved in immune response","9/259","213/21468",0.0422535211267606,3.502311164283,4.05579527345895,0.00117001234444422,0.010483738659517,0.00835830384702452,"ENSG00000049768/ENSG00000134321/ENSG00000150782/ENSG00000167207/ENSG00000171855/ENSG00000172243/ENSG00000173762/ENSG00000188820/ENSG00000189013",9
"GO:0002230","GO:0002230","positive regulation of defense response to virus by host","4/259","39/21468",0.102564102564103,8.5013365013365,5.18138022269555,0.00122165842113502,0.0109132343456408,0.00870072514940508,"ENSG00000113302/ENSG00000115415/ENSG00000163568/ENSG00000197272",4
"GO:0032817","GO:0032817","regulation of natural killer cell proliferation","3/259","18/21468",0.166666666666667,13.8146718146718,6.01043018284264,0.00123860000336251,0.0109977202715481,0.00876808270785483,"ENSG00000113302/ENSG00000150782/ENSG00000203747",3
"GO:0034342","GO:0034342","response to type III interferon","3/259","18/21468",0.166666666666667,13.8146718146718,6.01043018284264,0.00123860000336251,0.0109977202715481,0.00876808270785483,"ENSG00000111537/ENSG00000182393/ENSG00000183709",3
"GO:0002548","GO:0002548","monocyte chemotaxis","5/259","67/21468",0.0746268656716418,6.18567394686798,4.69787047509351,0.00129119451106531,0.0113958578619248,0.00908550334007076,"ENSG00000108691/ENSG00000108702/ENSG00000158714/ENSG00000169245/ENSG00000274736",5
"GO:0002701","GO:0002701","negative regulation of production of molecular mediator of immune response","5/259","67/21468",0.0746268656716418,6.18567394686798,4.69787047509351,0.00129119451106531,0.0113958578619248,0.00908550334007076,"ENSG00000049768/ENSG00000160856/ENSG00000167207/ENSG00000171855/ENSG00000203710",5
"GO:0002702","GO:0002702","positive regulation of production of molecular mediator of immune response","9/259","217/21468",0.0414746543778802,3.43775243314414,3.98846002844681,0.00133143440516228,0.0117158254993172,0.00934060190952167,"ENSG00000134321/ENSG00000138684/ENSG00000150782/ENSG00000167207/ENSG00000169194/ENSG00000170476/ENSG00000172243/ENSG00000173762/ENSG00000189013",9
"GO:0032693","GO:0032693","negative regulation of interleukin-10 production","4/259","40/21468",0.1,8.28880308880309,5.09883382993823,0.00134466717275242,0.0117813148163933,0.00939281416210008,"ENSG00000049768/ENSG00000107738/ENSG00000113302/ENSG00000131203",4
"GO:0034103","GO:0034103","regulation of tissue remodeling","6/259","100/21468",0.06,4.97328185328185,4.400914187083,0.00134689410626341,0.0117813148163933,0.00939281416210008,"ENSG00000011347/ENSG00000113302/ENSG00000138684/ENSG00000150782/ENSG00000151651/ENSG00000164935",6
"GO:0002532","GO:0002532","production of molecular mediator involved in inflammatory response","7/259","137/21468",0.0510948905109489,4.23515486289209,4.19783355293545,0.00139503243058412,0.0121301784422685,0.00967095045306838,"ENSG00000013725/ENSG00000154451/ENSG00000158714/ENSG00000167207/ENSG00000167634/ENSG00000172243/ENSG00000173208",7
"GO:0071346","GO:0071346","cellular response to type II interferon","7/259","137/21468",0.0510948905109489,4.23515486289209,4.19783355293545,0.00139503243058412,0.0121301784422685,0.00967095045306838,"ENSG00000102794/ENSG00000108691/ENSG00000111537/ENSG00000113302/ENSG00000115415/ENSG00000154451/ENSG00000260314",7
"GO:0032831","GO:0032831","positive regulation of CD4-positive, CD25-positive, alpha-beta regulatory T cell differentiation","3/259","19/21468",0.157894736842105,13.0875838244259,5.82489684667062,0.00145779438835112,0.0125643921037066,0.0100171332257126,"ENSG00000049768/ENSG00000111537/ENSG00000147168",3
"GO:0035743","GO:0035743","CD4-positive, alpha-beta T cell cytokine production","3/259","19/21468",0.157894736842105,13.0875838244259,5.82489684667062,0.00145779438835112,0.0125643921037066,0.0100171332257126,"ENSG00000134321/ENSG00000150782/ENSG00000171855",3
"GO:1903236","GO:1903236","regulation of leukocyte tethering or rolling","3/259","19/21468",0.157894736842105,13.0875838244259,5.82489684667062,0.00145779438835112,0.0125643921037066,0.0100171332257126,"ENSG00000007908/ENSG00000131142/ENSG00000180549",3
"GO:1902106","GO:1902106","negative regulation of leukocyte differentiation","7/259","139/21468",0.0503597122302158,4.17421738285048,4.14891256739693,0.00151647379173025,0.0130319195143135,0.0103898758399247,"ENSG00000049768/ENSG00000089692/ENSG00000127951/ENSG00000163599/ENSG00000171855/ENSG00000182393/ENSG00000203710",7
"GO:1905517","GO:1905517","macrophage migration","5/259","70/21468",0.0714285714285714,5.92057363485935,4.5567334806746,0.00157151135561109,0.0134655156680496,0.0107355662961187,"ENSG00000035720/ENSG00000108691/ENSG00000153898/ENSG00000158714/ENSG00000163606",5
"GO:0002323","GO:0002323","natural killer cell activation involved in immune response","4/259","42/21468",0.0952380952380952,7.89409817981246,4.9420487260796,0.00161615342187354,0.0137279621586311,0.010944805345575,"ENSG00000102879/ENSG00000113302/ENSG00000171855/ENSG00000203747",4
"GO:0045730","GO:0045730","respiratory burst","4/259","42/21468",0.0952380952380952,7.89409817981246,4.9420487260796,0.00161615342187354,0.0137279621586311,0.010944805345575,"ENSG00000005381/ENSG00000132465/ENSG00000158714/ENSG00000172243",4
"GO:0050901","GO:0050901","leukocyte tethering or rolling","4/259","42/21468",0.0952380952380952,7.89409817981246,4.9420487260796,0.00161615342187354,0.0137279621586311,0.010944805345575,"ENSG00000007908/ENSG00000131142/ENSG00000180549/ENSG00000188404",4
"GO:0002228","GO:0002228","natural killer cell mediated immunity","9/259","224/21468",0.0401785714285714,3.33032266960838,3.87433693647273,0.00165682908650852,0.0140329126376039,0.0111879312803518,"ENSG00000089692/ENSG00000100453/ENSG00000102879/ENSG00000113302/ENSG00000138684/ENSG00000150782/ENSG00000188820/ENSG00000189013/ENSG00000203747",9
"GO:0032604","GO:0032604","granulocyte macrophage colony-stimulating factor production","3/259","20/21468",0.15,12.4332046332046,5.65281845701511,0.00169985241771272,0.0141525956250926,0.0112833501769152,"ENSG00000113302/ENSG00000121594/ENSG00000150782",3
"GO:0032645","GO:0032645","regulation of granulocyte macrophage colony-stimulating factor production","3/259","20/21468",0.15,12.4332046332046,5.65281845701511,0.00169985241771272,0.0141525956250926,0.0112833501769152,"ENSG00000113302/ENSG00000121594/ENSG00000150782",3
"GO:0032829","GO:0032829","regulation of CD4-positive, CD25-positive, alpha-beta regulatory T cell differentiation","3/259","20/21468",0.15,12.4332046332046,5.65281845701511,0.00169985241771272,0.0141525956250926,0.0112833501769152,"ENSG00000049768/ENSG00000111537/ENSG00000147168",3
"GO:0060263","GO:0060263","regulation of respiratory burst","3/259","20/21468",0.15,12.4332046332046,5.65281845701511,0.00169985241771272,0.0141525956250926,0.0112833501769152,"ENSG00000132465/ENSG00000158714/ENSG00000172243",3
"GO:0070230","GO:0070230","positive regulation of lymphocyte apoptotic process","3/259","20/21468",0.15,12.4332046332046,5.65281845701511,0.00169985241771272,0.0141525956250926,0.0112833501769152,"ENSG00000131203/ENSG00000151651/ENSG00000188389",3
"GO:0071639","GO:0071639","positive regulation of monocyte chemotactic protein-1 production","3/259","20/21468",0.15,12.4332046332046,5.65281845701511,0.00169985241771272,0.0141525956250926,0.0112833501769152,"ENSG00000153898/ENSG00000167207/ENSG00000172243",3
"GO:0071676","GO:0071676","negative regulation of mononuclear cell migration","4/259","43/21468",0.0930232558139535,7.71051450121218,4.86749031229997,0.00176522016702524,0.0146140340024991,0.0116512382262363,"ENSG00000035720/ENSG00000108691/ENSG00000158714/ENSG00000163606",4
"GO:2000406","GO:2000406","positive regulation of T cell migration","4/259","43/21468",0.0930232558139535,7.71051450121218,4.86749031229997,0.00176522016702524,0.0146140340024991,0.0116512382262363,"ENSG00000102879/ENSG00000151651/ENSG00000156234/ENSG00000169245",4
"GO:0071887","GO:0071887","leukocyte apoptotic process","7/259","143/21468",0.048951048951049,4.05745605745606,4.05377077055744,0.00178398232362408,0.0147278765425033,0.0117420007462661,"ENSG00000126353/ENSG00000131203/ENSG00000151651/ENSG00000167207/ENSG00000171611/ENSG00000172724/ENSG00000188389",7
"GO:0051235","GO:0051235","maintenance of location","12/259","369/21468",0.032520325203252,2.69554571993596,3.63050647831465,0.00184642773339851,0.015200703385037,0.0121189684049686,"ENSG00000102879/ENSG00000125730/ENSG00000126353/ENSG00000138755/ENSG00000155962/ENSG00000169194/ENSG00000169245/ENSG00000169248/ENSG00000171631/ENSG00000172724/ENSG00000177455/ENSG00000186810",12
"GO:1900017","GO:1900017","positive regulation of cytokine production involved in inflammatory response","4/259","44/21468",0.0909090909090909,7.53527553527554,4.79529605673341,0.00192355966385026,0.015791457687307,0.0125899553417544,"ENSG00000013725/ENSG00000154451/ENSG00000167207/ENSG00000172243",4
"GO:0002711","GO:0002711","positive regulation of T cell mediated immunity","7/259","145/21468",0.0482758620689655,4.00149114631873,4.00748936426114,0.00193077957801542,0.0158065771024716,0.0126020095020153,"ENSG00000049768/ENSG00000113302/ENSG00000134321/ENSG00000150782/ENSG00000158477/ENSG00000158485/ENSG00000173762",7
"GO:0001787","GO:0001787","natural killer cell proliferation","3/259","21/21468",0.142857142857143,11.8411472697187,5.49258870738071,0.0019655955980264,0.0159142850209355,0.0126878811112274,"ENSG00000113302/ENSG00000150782/ENSG00000203747",3
"GO:0002925","GO:0002925","positive regulation of humoral immune response mediated by circulating immunoglobulin","3/259","21/21468",0.142857142857143,11.8411472697187,5.49258870738071,0.0019655955980264,0.0159142850209355,0.0126878811112274,"ENSG00000104921/ENSG00000167207/ENSG00000226979",3
"GO:0035821","GO:0035821","modulation of process of another organism","3/259","21/21468",0.142857142857143,11.8411472697187,5.49258870738071,0.0019655955980264,0.0159142850209355,0.0126878811112274,"ENSG00000104921/ENSG00000111537/ENSG00000172243",3
"GO:2000427","GO:2000427","positive regulation of apoptotic cell clearance","3/259","21/21468",0.142857142857143,11.8411472697187,5.49258870738071,0.0019655955980264,0.0159142850209355,0.0126878811112274,"ENSG00000108691/ENSG00000125730/ENSG00000186074",3
"GO:1903707","GO:1903707","negative regulation of hemopoiesis","7/259","146/21468",0.0479452054794521,3.97408367271381,3.98465848729139,0.00200760185159174,0.0162097303346927,0.0129234289232019,"ENSG00000049768/ENSG00000089692/ENSG00000127951/ENSG00000163599/ENSG00000171855/ENSG00000182393/ENSG00000203710",7
"GO:0031334","GO:0031334","positive regulation of protein-containing complex assembly","9/259","231/21468",0.038961038961039,3.22940380083237,3.76464134686923,0.00204315285285898,0.0164515787248015,0.0131162458557003,"ENSG00000106178/ENSG00000111537/ENSG00000126353/ENSG00000154451/ENSG00000156234/ENSG00000159753/ENSG00000169884/ENSG00000172156/ENSG00000172243",9
"GO:0070232","GO:0070232","regulation of T cell apoptotic process","4/259","45/21468",0.0888888888888889,7.36782496782497,4.72533599642333,0.00209146243480773,0.0167065671784284,0.0133195388833229,"ENSG00000131203/ENSG00000151651/ENSG00000171611/ENSG00000188389",4
"GO:0002534","GO:0002534","cytokine production involved in inflammatory response","6/259","109/21468",0.055045871559633,4.56264390209344,4.12069689674806,0.00209187367188216,0.0167065671784284,0.0133195388833229,"ENSG00000013725/ENSG00000154451/ENSG00000167207/ENSG00000167634/ENSG00000172243/ENSG00000173208",6
"GO:1900015","GO:1900015","regulation of cytokine production involved in inflammatory response","6/259","109/21468",0.055045871559633,4.56264390209344,4.12069689674806,0.00209187367188216,0.0167065671784284,0.0133195388833229,"ENSG00000013725/ENSG00000154451/ENSG00000167207/ENSG00000167634/ENSG00000172243/ENSG00000173208",6
"GO:0001936","GO:0001936","regulation of endothelial cell proliferation","8/259","191/21468",0.0418848167539267,3.47174998483899,3.79176567792377,0.00229551499884351,0.0182832481886208,0.0145765693550868,"ENSG00000101445/ENSG00000106178/ENSG00000108691/ENSG00000113302/ENSG00000115415/ENSG00000169031/ENSG00000172156/ENSG00000186810",8
"GO:2000316","GO:2000316","regulation of T-helper 17 type immune response","4/259","47/21468",0.0851063829787234,7.05430050110901,4.59164703068327,0.00245710937969134,0.0195174174781428,0.0155605276790695,"ENSG00000049768/ENSG00000113302/ENSG00000172243/ENSG00000205846",4
"GO:0002676","GO:0002676","regulation of chronic inflammatory response","3/259","23/21468",0.130434782608696,10.8114822897432,5.20248672988202,0.00257122643693262,0.0202596099145978,0.016152250736876,"ENSG00000049768/ENSG00000131203/ENSG00000226979",3
"GO:0034105","GO:0034105","positive regulation of tissue remodeling","3/259","23/21468",0.130434782608696,10.8114822897432,5.20248672988202,0.00257122643693262,0.0202596099145978,0.016152250736876,"ENSG00000113302/ENSG00000138684/ENSG00000150782",3
"GO:2000425","GO:2000425","regulation of apoptotic cell clearance","3/259","23/21468",0.130434782608696,10.8114822897432,5.20248672988202,0.00257122643693262,0.0202596099145978,0.016152250736876,"ENSG00000108691/ENSG00000125730/ENSG00000186074",3
"GO:0030890","GO:0030890","positive regulation of B cell proliferation","4/259","48/21468",0.0833333333333333,6.90733590733591,4.52770388879864,0.00265542345025922,0.0208670842789087,0.0166365679715087,"ENSG00000102524/ENSG00000138684/ENSG00000160856/ENSG00000169194",4
"GO:0097028","GO:0097028","dendritic cell differentiation","5/259","79/21468",0.0632911392405063,5.24607790430575,4.17812787324657,0.00268107153772847,0.0210124513316906,0.0167524638399539,"ENSG00000126353/ENSG00000164935/ENSG00000168062/ENSG00000172724/ENSG00000213886",5
"GO:0045063","GO:0045063","T-helper 1 cell differentiation","3/259","24/21468",0.125,10.3610038610039,5.07049793384952,0.002912563159001,0.0227660189476168,0.0181505195742895,"ENSG00000121594/ENSG00000172724/ENSG00000197272",3
"GO:0007249","GO:0007249","canonical NF-kappaB signal transduction","12/259","391/21468",0.030690537084399,2.54387818582192,3.40465002470721,0.00296583937072773,0.0231209599749835,0.0184335011566101,"ENSG00000050730/ENSG00000115415/ENSG00000126353/ENSG00000151651/ENSG00000167207/ENSG00000172243/ENSG00000172724/ENSG00000205846/ENSG00000213886/ENSG00000226979/ENSG00000227507/ENSG00000255833",12
"GO:0045765","GO:0045765","regulation of angiogenesis","12/259","393/21468",0.0305343511450382,2.5309322408559,3.38488498904797,0.00309025182043311,0.0240271166673358,0.0191559469570708,"ENSG00000101445/ENSG00000106178/ENSG00000115415/ENSG00000121966/ENSG00000125730/ENSG00000132205/ENSG00000152270/ENSG00000156234/ENSG00000169031/ENSG00000169245/ENSG00000172156/ENSG00000186810",12
"GO:0071695","GO:0071695","anatomical structure maturation","10/259","294/21468",0.0340136054421769,2.81932077850445,3.47101870938606,0.00315976822305934,0.0245027936875235,0.0195351869588393,"ENSG00000083454/ENSG00000092345/ENSG00000100918/ENSG00000125730/ENSG00000138684/ENSG00000140090/ENSG00000169884/ENSG00000170819/ENSG00000172243/ENSG00000172724",10
"GO:0002520","GO:0002520","immune system development","9/259","247/21468",0.0364372469635627,3.0202116517906,3.52888812009694,0.0031976838689522,0.0247315602390803,0.0197175742168631,"ENSG00000049768/ENSG00000102794/ENSG00000131203/ENSG00000160683/ENSG00000163600/ENSG00000183813/ENSG00000188389/ENSG00000226979/ENSG00000227507",9
"GO:0071677","GO:0071677","positive regulation of mononuclear cell migration","6/259","119/21468",0.0504201680672269,4.17922844813601,3.84310200770633,0.00324551366632731,0.0250356027961574,0.019959976298507,"ENSG00000102879/ENSG00000108702/ENSG00000126353/ENSG00000151651/ENSG00000156234/ENSG00000169245",6
"GO:0009219","GO:0009219","pyrimidine deoxyribonucleotide metabolic process","3/259","25/21468",0.12,9.94656370656371,4.94605514895095,0.00328048514441,0.0251076714568255,0.0200174340226334,"ENSG00000025708/ENSG00000134326/ENSG00000147647",3
"GO:0030431","GO:0030431","sleep","3/259","25/21468",0.12,9.94656370656371,4.94605514895095,0.00328048514441,0.0251076714568255,0.0200174340226334,"ENSG00000107317/ENSG00000150782/ENSG00000177301",3
"GO:0043380","GO:0043380","regulation of memory T cell differentiation","3/259","25/21468",0.12,9.94656370656371,4.94605514895095,0.00328048514441,0.0251076714568255,0.0200174340226334,"ENSG00000113302/ENSG00000127951/ENSG00000182393",3
"GO:0002221","GO:0002221","pattern recognition receptor signaling pathway","11/259","347/21468",0.031700288184438,2.62757446619118,3.37772144486745,0.0034299306143842,0.0261832885082472,0.0208749844090751,"ENSG00000050730/ENSG00000091592/ENSG00000102794/ENSG00000134321/ENSG00000135114/ENSG00000154451/ENSG00000160856/ENSG00000163568/ENSG00000167207/ENSG00000186074/ENSG00000255833",11
"GO:0009074","GO:0009074","aromatic amino acid family catabolic process","3/259","26/21468",0.115384615384615,9.56400356400357,4.82843435846327,0.00367562590712271,0.0276282980589096,0.0220270380111863,"ENSG00000104951/ENSG00000131203/ENSG00000188676",3
"GO:0042430","GO:0042430","indole-containing compound metabolic process","3/259","26/21468",0.115384615384615,9.56400356400357,4.82843435846327,0.00367562590712271,0.0276282980589096,0.0220270380111863,"ENSG00000104951/ENSG00000131203/ENSG00000188676",3
"GO:0043011","GO:0043011","myeloid dendritic cell differentiation","3/259","26/21468",0.115384615384615,9.56400356400357,4.82843435846327,0.00367562590712271,0.0276282980589096,0.0220270380111863,"ENSG00000164935/ENSG00000168062/ENSG00000213886",3
"GO:0043379","GO:0043379","memory T cell differentiation","3/259","26/21468",0.115384615384615,9.56400356400357,4.82843435846327,0.00367562590712271,0.0276282980589096,0.0220270380111863,"ENSG00000113302/ENSG00000127951/ENSG00000182393",3
"GO:0071605","GO:0071605","monocyte chemotactic protein-1 production","3/259","26/21468",0.115384615384615,9.56400356400357,4.82843435846327,0.00367562590712271,0.0276282980589096,0.0220270380111863,"ENSG00000153898/ENSG00000167207/ENSG00000172243",3
"GO:0071637","GO:0071637","regulation of monocyte chemotactic protein-1 production","3/259","26/21468",0.115384615384615,9.56400356400357,4.82843435846327,0.00367562590712271,0.0276282980589096,0.0220270380111863,"ENSG00000153898/ENSG00000167207/ENSG00000172243",3
"GO:1901342","GO:1901342","regulation of vasculature development","12/259","402/21468",0.0298507462686567,2.47426957874719,3.29742066089865,0.00370357344546649,0.0277673529495561,0.0221379014221493,"ENSG00000101445/ENSG00000106178/ENSG00000115415/ENSG00000121966/ENSG00000125730/ENSG00000132205/ENSG00000152270/ENSG00000156234/ENSG00000169031/ENSG00000169245/ENSG00000172156/ENSG00000186810",12
"GO:0043491","GO:0043491","phosphatidylinositol 3-kinase/protein kinase B signal transduction","11/259","351/21468",0.0313390313390313,2.5976305976306,3.33494965338554,0.00373846825981211,0.0279576544925898,0.0222896219267223,"ENSG00000099985/ENSG00000101445/ENSG00000126353/ENSG00000150782/ENSG00000151651/ENSG00000152270/ENSG00000153064/ENSG00000163568/ENSG00000172724/ENSG00000177455/ENSG00000203747",11
"GO:0007157","GO:0007157","heterophilic cell-cell adhesion via plasma membrane cell adhesion molecules","4/259","53/21468",0.0754716981132075,6.25570044437969,4.23335767707543,0.00381305036723263,0.0284205869334822,0.0226587011385654,"ENSG00000007908/ENSG00000013725/ENSG00000090659/ENSG00000188404",4
"GO:0002377","GO:0002377","immunoglobulin production","6/259","123/21468",0.0487804878048781,4.04331857990395,3.74048017891782,0.00381971141161125,0.0284205869334822,0.0226587011385654,"ENSG00000049768/ENSG00000138684/ENSG00000160856/ENSG00000169194/ENSG00000170476/ENSG00000203710",6
"GO:0050832","GO:0050832","defense response to fungus","5/259","87/21468",0.0574712643678161,4.76367993609373,3.88717208751928,0.00406728203481297,0.0301143479233404,0.0240090752233505,"ENSG00000005381/ENSG00000124256/ENSG00000172243/ENSG00000198178/ENSG00000205846",5
"GO:2000403","GO:2000403","positive regulation of lymphocyte migration","4/259","54/21468",0.0740740740740741,6.13985413985414,4.1790179785168,0.00407968949985924,0.0301143479233404,0.0240090752233505,"ENSG00000102879/ENSG00000151651/ENSG00000156234/ENSG00000169245",4
"GO:0032695","GO:0032695","negative regulation of interleukin-12 production","3/259","27/21468",0.111111111111111,9.20978120978121,4.71700580978834,0.00409858426993405,0.0301143479233404,0.0240090752233505,"ENSG00000126353/ENSG00000167207/ENSG00000181847",3
"GO:0033622","GO:0033622","integrin activation","3/259","27/21468",0.111111111111111,9.20978120978121,4.71700580978834,0.00409858426993405,0.0301143479233404,0.0240090752233505,"ENSG00000156234/ENSG00000170476/ENSG00000171522",3
"GO:0090715","GO:0090715","immunological memory formation process","3/259","27/21468",0.111111111111111,9.20978120978121,4.71700580978834,0.00409858426993405,0.0301143479233404,0.0240090752233505,"ENSG00000113302/ENSG00000127951/ENSG00000182393",3
"GO:0001937","GO:0001937","negative regulation of endothelial cell proliferation","5/259","88/21468",0.0568181818181818,4.70954720954721,3.85330913694051,0.00427071701618077,0.0313008411734546,0.0249550231736931,"ENSG00000108691/ENSG00000113302/ENSG00000115415/ENSG00000169031/ENSG00000186810",5
"GO:0009988","GO:0009988","cell-cell recognition","5/259","89/21468",0.0561797752808989,4.65663094876578,3.81995198890852,0.00448130742813737,0.0327625933614322,0.0261204250720969,"ENSG00000013725/ENSG00000090659/ENSG00000126353/ENSG00000165457/ENSG00000172724",5
"GO:0002888","GO:0002888","positive regulation of myeloid leukocyte mediated immunity","3/259","28/21468",0.107142857142857,8.88086045228902,4.61121876795759,0.00454992528711845,0.0330178528860274,0.0263239342147516,"ENSG00000035720/ENSG00000125730/ENSG00000150337",3
"GO:0032816","GO:0032816","positive regulation of natural killer cell activation","3/259","28/21468",0.107142857142857,8.88086045228902,4.61121876795759,0.00454992528711845,0.0330178528860274,0.0263239342147516,"ENSG00000113302/ENSG00000150782/ENSG00000203747",3
"GO:2000318","GO:2000318","positive regulation of T-helper 17 type immune response","3/259","28/21468",0.107142857142857,8.88086045228902,4.61121876795759,0.00454992528711845,0.0330178528860274,0.0263239342147516,"ENSG00000113302/ENSG00000172243/ENSG00000205846",3
"GO:0030838","GO:0030838","positive regulation of actin filament polymerization","4/259","56/21468",0.0714285714285714,5.92057363485935,4.07433369465336,0.00465019343190599,0.0336623608285017,0.0268377769754284,"ENSG00000106178/ENSG00000126353/ENSG00000159753/ENSG00000172156",4
"GO:0001935","GO:0001935","endothelial cell proliferation","8/259","215/21468",0.0372093023255814,3.08420580048487,3.39410421609716,0.00470935456283245,0.0340068625556869,0.0271124356830856,"ENSG00000101445/ENSG00000106178/ENSG00000108691/ENSG00000113302/ENSG00000115415/ENSG00000169031/ENSG00000172156/ENSG00000186810",8
"GO:0051896","GO:0051896","regulation of phosphatidylinositol 3-kinase/protein kinase B signal transduction","10/259","314/21468",0.0318471337579618,2.63974620662519,3.23460067651241,0.00500798630161086,0.0360746856383194,0.0287610358807683,"ENSG00000099985/ENSG00000101445/ENSG00000126353/ENSG00000150782/ENSG00000151651/ENSG00000152270/ENSG00000153064/ENSG00000163568/ENSG00000172724/ENSG00000177455",10
"GO:0050857","GO:0050857","positive regulation of antigen receptor-mediated signaling pathway","3/259","29/21468",0.103448275862069,8.57462388496871,4.51058918148736,0.00503018114788367,0.0361459716225675,0.028817869605428,"ENSG00000035720/ENSG00000126353/ENSG00000163519",3
"GO:0042267","GO:0042267","natural killer cell mediated cytotoxicity","8/259","219/21468",0.0365296803652968,3.02787327444862,3.33325918829998,0.00525244046162463,0.0376510305285727,0.0300177983763195,"ENSG00000089692/ENSG00000100453/ENSG00000102879/ENSG00000113302/ENSG00000138684/ENSG00000150782/ENSG00000189013/ENSG00000203747",8
"GO:0043123","GO:0043123","positive regulation of canonical NF-kappaB signal transduction","9/259","267/21468",0.0337078651685393,2.79397856925947,3.25964400774876,0.005303518407057,0.0378532007528265,0.0301789813491133,"ENSG00000126353/ENSG00000167207/ENSG00000172243/ENSG00000172724/ENSG00000205846/ENSG00000213886/ENSG00000226979/ENSG00000227507/ENSG00000255833",9
"GO:0043122","GO:0043122","regulation of canonical NF-kappaB signal transduction","11/259","368/21468",0.0298913043478261,2.47763135806614,3.15954281510088,0.00530640309974976,0.0378532007528265,0.0301789813491133,"ENSG00000050730/ENSG00000115415/ENSG00000126353/ENSG00000167207/ENSG00000172243/ENSG00000172724/ENSG00000205846/ENSG00000213886/ENSG00000226979/ENSG00000227507/ENSG00000255833",11
"GO:0032722","GO:0032722","positive regulation of chemokine production","5/259","93/21468",0.0537634408602151,4.45634574666833,3.69131456426986,0.00539791473455936,0.0384127636921791,0.0306251005457605,"ENSG00000111537/ENSG00000150782/ENSG00000153898/ENSG00000167207/ENSG00000172243",5
"GO:0032689","GO:0032689","negative regulation of type II interferon production","4/259","59/21468",0.0677966101694915,5.6195275178326,3.92645692449843,0.00560281647882592,0.0396787412801672,0.031634418470175,"ENSG00000049768/ENSG00000107738/ENSG00000167207/ENSG00000203710",4
"GO:0050691","GO:0050691","regulation of defense response to virus by host","4/259","59/21468",0.0677966101694915,5.6195275178326,3.92645692449843,0.00560281647882592,0.0396787412801672,0.031634418470175,"ENSG00000113302/ENSG00000115415/ENSG00000163568/ENSG00000197272",4
"GO:0051345","GO:0051345","positive regulation of hydrolase activity","11/259","372/21468",0.0295698924731183,2.45099016066758,3.11968929824987,0.00574178563281247,0.0405651634010477,0.032341130613969,"ENSG00000091592/ENSG00000106178/ENSG00000107738/ENSG00000111537/ENSG00000156234/ENSG00000163568/ENSG00000169031/ENSG00000172156/ENSG00000172243/ENSG00000172724/ENSG00000203710",11
"GO:0048469","GO:0048469","cell maturation","8/259","224/21468",0.0357142857142857,2.96028681742967,3.25912446456382,0.00599718638482435,0.041836301064531,0.0333545624790552,"ENSG00000083454/ENSG00000092345/ENSG00000100918/ENSG00000125730/ENSG00000138684/ENSG00000170819/ENSG00000172243/ENSG00000172724",8
"GO:0061760","GO:0061760","antifungal innate immune response","3/259","31/21468",0.0967741935483871,8.02142234400299,4.3231410367429,0.00607940712081595,0.041836301064531,0.0333545624790552,"ENSG00000172243/ENSG00000198178/ENSG00000205846",3
"GO:1901623","GO:1901623","regulation of lymphocyte chemotaxis","3/259","31/21468",0.0967741935483871,8.02142234400299,4.3231410367429,0.00607940712081595,0.041836301064531,0.0333545624790552,"ENSG00000108691/ENSG00000156234/ENSG00000169245",3
"GO:1902221","GO:1902221","erythrose 4-phosphate/phosphoenolpyruvate family amino acid metabolic process","3/259","31/21468",0.0967741935483871,8.02142234400299,4.3231410367429,0.00607940712081595,0.041836301064531,0.0333545624790552,"ENSG00000104951/ENSG00000131203/ENSG00000188676",3
"GO:0001796","GO:0001796","regulation of type IIa hypersensitivity","2/259","10/21468",0.2,16.5776061776062,5.44479538648149,0.00612099675323182,0.041836301064531,0.0333545624790552,"ENSG00000125730/ENSG00000150337",2
"GO:0002692","GO:0002692","negative regulation of cellular extravasation","2/259","10/21468",0.2,16.5776061776062,5.44479538648149,0.00612099675323182,0.041836301064531,0.0333545624790552,"ENSG00000131142/ENSG00000171522",2
"GO:0002892","GO:0002892","regulation of type II hypersensitivity","2/259","10/21468",0.2,16.5776061776062,5.44479538648149,0.00612099675323182,0.041836301064531,0.0333545624790552,"ENSG00000125730/ENSG00000150337",2
"GO:0009624","GO:0009624","response to nematode","2/259","10/21468",0.2,16.5776061776062,5.44479538648149,0.00612099675323182,0.041836301064531,0.0333545624790552,"ENSG00000169194/ENSG00000171522",2
"GO:0010760","GO:0010760","negative regulation of macrophage chemotaxis","2/259","10/21468",0.2,16.5776061776062,5.44479538648149,0.00612099675323182,0.041836301064531,0.0333545624790552,"ENSG00000035720/ENSG00000158714",2
"GO:0019835","GO:0019835","cytolysis","2/259","10/21468",0.2,16.5776061776062,5.44479538648149,0.00612099675323182,0.041836301064531,0.0333545624790552,"ENSG00000154451/ENSG00000221887",2
"GO:0032627","GO:0032627","interleukin-23 production","2/259","10/21468",0.2,16.5776061776062,5.44479538648149,0.00612099675323182,0.041836301064531,0.0333545624790552,"ENSG00000111537/ENSG00000172243",2
"GO:0032667","GO:0032667","regulation of interleukin-23 production","2/259","10/21468",0.2,16.5776061776062,5.44479538648149,0.00612099675323182,0.041836301064531,0.0333545624790552,"ENSG00000111537/ENSG00000172243",2
"GO:1904669","GO:1904669","ATP export","2/259","10/21468",0.2,16.5776061776062,5.44479538648149,0.00612099675323182,0.041836301064531,0.0333545624790552,"ENSG00000188820/ENSG00000203710",2
"GO:2000508","GO:2000508","regulation of dendritic cell chemotaxis","2/259","10/21468",0.2,16.5776061776062,5.44479538648149,0.00612099675323182,0.041836301064531,0.0333545624790552,"ENSG00000126353/ENSG00000158714",2
"GO:0098739","GO:0098739","import across plasma membrane","8/259","225/21468",0.0355555555555556,2.94712998712999,3.24454456624699,0.0061553089853631,0.041973209067244,0.0334637142542881,"ENSG00000070915/ENSG00000111537/ENSG00000137731/ENSG00000140090/ENSG00000156738/ENSG00000177807/ENSG00000181804/ENSG00000198216",8
"GO:0046640","GO:0046640","regulation of alpha-beta T cell proliferation","4/259","61/21468",0.0655737704918033,5.43528071396924,3.833395150797,0.00630533818561364,0.042896733628515,0.0342000068254775,"ENSG00000049768/ENSG00000107738/ENSG00000113302/ENSG00000150782",4
"GO:0070509","GO:0070509","calcium ion import","5/259","97/21468",0.0515463917525773,4.27257891175417,3.56976014587969,0.00643969931777062,0.0437096450229281,0.0348481115384889,"ENSG00000108691/ENSG00000140090/ENSG00000156738/ENSG00000160856/ENSG00000198216",5
"GO:0009620","GO:0009620","response to fungus","5/259","98/21468",0.0510204081632653,4.22898116775668,3.54039527938547,0.0067206880445148,0.0455117561355507,0.0362848692386368,"ENSG00000005381/ENSG00000124256/ENSG00000172243/ENSG00000198178/ENSG00000205846",5
"GO:0072538","GO:0072538","T-helper 17 type immune response","4/259","63/21468",0.0634920634920635,5.26273211987498,3.74434764553814,0.00706400973019648,0.0477267232116034,0.0380507819949604,"ENSG00000049768/ENSG00000113302/ENSG00000172243/ENSG00000205846",4
"GO:0002313","GO:0002313","mature B cell differentiation involved in immune response","3/259","33/21468",0.0909090909090909,7.53527553527554,4.15178248902298,0.00724989555646721,0.0485363167208591,0.03869624147871,"ENSG00000100060/ENSG00000138684/ENSG00000203710",3
"GO:0006910","GO:0006910","phagocytosis, recognition","3/259","33/21468",0.0909090909090909,7.53527553527554,4.15178248902298,0.00724989555646721,0.0485363167208591,0.03869624147871,"ENSG00000126759/ENSG00000150337/ENSG00000172243",3
"GO:0035590","GO:0035590","purinergic nucleotide receptor signaling pathway","3/259","33/21468",0.0909090909090909,7.53527553527554,4.15178248902298,0.00724989555646721,0.0485363167208591,0.03869624147871,"ENSG00000083454/ENSG00000171631/ENSG00000174944",3
"GO:0051132","GO:0051132","NK T cell activation","3/259","33/21468",0.0909090909090909,7.53527553527554,4.15178248902298,0.00724989555646721,0.0485363167208591,0.03869624147871,"ENSG00000113302/ENSG00000150045/ENSG00000150782",3
"GO:0006568","GO:0006568","tryptophan metabolic process","2/259","11/21468",0.181818181818182,15.0705510705511,5.1582028008995,0.00742197280688508,0.0490183777065961,0.0390805711842134,"ENSG00000131203/ENSG00000188676",2
"GO:0033004","GO:0033004","negative regulation of mast cell activation","2/259","11/21468",0.181818181818182,15.0705510705511,5.1582028008995,0.00742197280688508,0.0490183777065961,0.0390805711842134,"ENSG00000186074/ENSG00000188822",2
"GO:0033089","GO:0033089","positive regulation of T cell differentiation in thymus","2/259","11/21468",0.181818181818182,15.0705510705511,5.1582028008995,0.00742197280688508,0.0490183777065961,0.0390805711842134,"ENSG00000147168/ENSG00000151651",2
"GO:0035723","GO:0035723","interleukin-15-mediated signaling pathway","2/259","11/21468",0.181818181818182,15.0705510705511,5.1582028008995,0.00742197280688508,0.0490183777065961,0.0390805711842134,"ENSG00000100385/ENSG00000147168",2
"GO:0070669","GO:0070669","response to interleukin-2","2/259","11/21468",0.181818181818182,15.0705510705511,5.1582028008995,0.00742197280688508,0.0490183777065961,0.0390805711842134,"ENSG00000100385/ENSG00000147168",2
"GO:0071350","GO:0071350","cellular response to interleukin-15","2/259","11/21468",0.181818181818182,15.0705510705511,5.1582028008995,0.00742197280688508,0.0490183777065961,0.0390805711842134,"ENSG00000100385/ENSG00000147168",2
"GO:0046633","GO:0046633","alpha-beta T cell proliferation","4/259","64/21468",0.0625,5.18050193050193,3.70123285201861,0.00746496781301287,0.0491917946243157,0.0392188301906222,"ENSG00000049768/ENSG00000107738/ENSG00000113302/ENSG00000150782",4
"GO:0002444","GO:0002444","myeloid leukocyte mediated immunity","6/259","142/21468",0.0422535211267606,3.502311164283,3.30602586850644,0.00762017569246901,0.0499903936610858,0.0398555241810057,"ENSG00000035720/ENSG00000107317/ENSG00000125730/ENSG00000150337/ENSG00000169194/ENSG00000203747",6
"GO:0042116","GO:0042116","macrophage activation","6/259","142/21468",0.0422535211267606,3.502311164283,3.30602586850644,0.00762017569246901,0.0499903936610858,0.0398555241810057,"ENSG00000035720/ENSG00000104921/ENSG00000111537/ENSG00000155659/ENSG00000169194/ENSG00000203747",6
