"","ID","Description","GeneRatio","BgRatio","RichFactor","FoldEnrichment","zScore","pvalue","p.adjust","qvalue","geneID","Count"
"GO:0045229","GO:0045229","external encapsulating structure organization","52/432","397/21468",0.130982367758186,6.50909599776098,15.8773855355003,3.11070509333503e-27,1.19886574297132e-23,9.71522317044742e-24,"ENSG00000019144/ENSG00000038295/ENSG00000049192/ENSG00000060718/ENSG00000077942/ENSG00000078098/ENSG00000091986/ENSG00000095587/ENSG00000099953/ENSG00000101680/ENSG00000105664/ENSG00000106624/ENSG00000106823/ENSG00000108821/ENSG00000111799/ENSG00000122176/ENSG00000122707/ENSG00000123342/ENSG00000123384/ENSG00000123500/ENSG00000129038/ENSG00000130635/ENSG00000133110/ENSG00000134853/ENSG00000137573/ENSG00000137745/ENSG00000138316/ENSG00000138738/ENSG00000142871/ENSG00000144810/ENSG00000144824/ENSG00000149380/ENSG00000149968/ENSG00000154736/ENSG00000157227/ENSG00000162733/ENSG00000162745/ENSG00000164692/ENSG00000167749/ENSG00000168542/ENSG00000171502/ENSG00000173376/ENSG00000178031/ENSG00000185070/ENSG00000185585/ENSG00000196562/ENSG00000196569/ENSG00000197635/ENSG00000197859/ENSG00000197915/ENSG00000204262/ENSG00000225614",52
"GO:0030198","GO:0030198","extracellular matrix organization","51/432","394/21468",0.129441624365482,6.4325296108291,15.5963400535698,1.7771062020621e-26,2.5751093118941e-23,2.08678593078682e-23,"ENSG00000019144/ENSG00000038295/ENSG00000049192/ENSG00000060718/ENSG00000077942/ENSG00000078098/ENSG00000091986/ENSG00000095587/ENSG00000099953/ENSG00000101680/ENSG00000105664/ENSG00000106624/ENSG00000106823/ENSG00000108821/ENSG00000111799/ENSG00000122176/ENSG00000122707/ENSG00000123342/ENSG00000123384/ENSG00000123500/ENSG00000129038/ENSG00000130635/ENSG00000133110/ENSG00000134853/ENSG00000137573/ENSG00000137745/ENSG00000138316/ENSG00000138738/ENSG00000142871/ENSG00000144810/ENSG00000144824/ENSG00000149380/ENSG00000149968/ENSG00000154736/ENSG00000157227/ENSG00000162733/ENSG00000162745/ENSG00000164692/ENSG00000167749/ENSG00000168542/ENSG00000171502/ENSG00000173376/ENSG00000178031/ENSG00000185070/ENSG00000185585/ENSG00000196562/ENSG00000196569/ENSG00000197635/ENSG00000197859/ENSG00000204262/ENSG00000225614",51
"GO:0043062","GO:0043062","extracellular structure organization","51/432","395/21468",0.129113924050633,6.4162447257384,15.5696773880735,2.00449609125124e-26,2.5751093118941e-23,2.08678593078682e-23,"ENSG00000019144/ENSG00000038295/ENSG00000049192/ENSG00000060718/ENSG00000077942/ENSG00000078098/ENSG00000091986/ENSG00000095587/ENSG00000099953/ENSG00000101680/ENSG00000105664/ENSG00000106624/ENSG00000106823/ENSG00000108821/ENSG00000111799/ENSG00000122176/ENSG00000122707/ENSG00000123342/ENSG00000123384/ENSG00000123500/ENSG00000129038/ENSG00000130635/ENSG00000133110/ENSG00000134853/ENSG00000137573/ENSG00000137745/ENSG00000138316/ENSG00000138738/ENSG00000142871/ENSG00000144810/ENSG00000144824/ENSG00000149380/ENSG00000149968/ENSG00000154736/ENSG00000157227/ENSG00000162733/ENSG00000162745/ENSG00000164692/ENSG00000167749/ENSG00000168542/ENSG00000171502/ENSG00000173376/ENSG00000178031/ENSG00000185070/ENSG00000185585/ENSG00000196562/ENSG00000196569/ENSG00000197635/ENSG00000197859/ENSG00000204262/ENSG00000225614",51
"GO:0051216","GO:0051216","cartilage development","26/432","222/21468",0.117117117117117,5.82007007007007,10.3451602119684,5.47184165690917e-13,5.27211943643199e-10,4.27235636738145e-10,"ENSG00000005073/ENSG00000060718/ENSG00000081189/ENSG00000083782/ENSG00000104415/ENSG00000105664/ENSG00000105997/ENSG00000106809/ENSG00000108821/ENSG00000109705/ENSG00000115380/ENSG00000124813/ENSG00000137573/ENSG00000137745/ENSG00000142871/ENSG00000148516/ENSG00000149948/ENSG00000159899/ENSG00000160801/ENSG00000163513/ENSG00000164107/ENSG00000168542/ENSG00000178573/ENSG00000182492/ENSG00000183682/ENSG00000196562",26
"GO:0031589","GO:0031589","cell-substrate adhesion","34/432","410/21468",0.0829268292682927,4.1210027100271,9.14373190323272,3.33308501987361e-12,2.41871491419372e-09,1.96004893082041e-09,"ENSG00000047648/ENSG00000073712/ENSG00000077942/ENSG00000086289/ENSG00000091986/ENSG00000099250/ENSG00000106823/ENSG00000108821/ENSG00000109743/ENSG00000111859/ENSG00000112276/ENSG00000115414/ENSG00000122861/ENSG00000128052/ENSG00000133110/ENSG00000140937/ENSG00000140945/ENSG00000142871/ENSG00000144810/ENSG00000144824/ENSG00000145675/ENSG00000151422/ENSG00000152818/ENSG00000153071/ENSG00000157227/ENSG00000163520/ENSG00000164741/ENSG00000165124/ENSG00000166086/ENSG00000168542/ENSG00000173376/ENSG00000197702/ENSG00000213949/ENSG00000243244",34
"GO:0030199","GO:0030199","collagen fibril organization","17/432","92/21468",0.184782608695652,9.1826690821256,11.2712388185838,3.76551361836075e-12,2.41871491419372e-09,1.96004893082041e-09,"ENSG00000038295/ENSG00000060718/ENSG00000095587/ENSG00000099953/ENSG00000105664/ENSG00000106624/ENSG00000108821/ENSG00000111799/ENSG00000122176/ENSG00000129038/ENSG00000130635/ENSG00000138316/ENSG00000149380/ENSG00000162733/ENSG00000164692/ENSG00000168542/ENSG00000204262",17
"GO:0061448","GO:0061448","connective tissue development","29/432","305/21468",0.0950819672131148,4.72504553734062,9.38942204069541,4.94542879809262e-12,2.72281179826414e-09,2.20647928480313e-09,"ENSG00000005073/ENSG00000060718/ENSG00000081189/ENSG00000083782/ENSG00000104415/ENSG00000105664/ENSG00000105997/ENSG00000106809/ENSG00000107796/ENSG00000108821/ENSG00000109705/ENSG00000115380/ENSG00000124813/ENSG00000130635/ENSG00000137573/ENSG00000137745/ENSG00000142871/ENSG00000148516/ENSG00000149948/ENSG00000150347/ENSG00000159899/ENSG00000160801/ENSG00000163513/ENSG00000164107/ENSG00000168542/ENSG00000178573/ENSG00000182492/ENSG00000183682/ENSG00000196562",29
"GO:0010810","GO:0010810","regulation of cell-substrate adhesion","24/432","244/21468",0.0983606557377049,4.8879781420765,8.75288212475962,1.75739200378459e-10,8.46623597823226e-08,6.86076588845905e-08,"ENSG00000047648/ENSG00000073712/ENSG00000077942/ENSG00000091986/ENSG00000099250/ENSG00000106823/ENSG00000108821/ENSG00000109743/ENSG00000111859/ENSG00000115414/ENSG00000122861/ENSG00000128052/ENSG00000133110/ENSG00000140945/ENSG00000142871/ENSG00000144810/ENSG00000144824/ENSG00000145675/ENSG00000152818/ENSG00000153071/ENSG00000157227/ENSG00000163520/ENSG00000164741/ENSG00000173376",24
"GO:0048706","GO:0048706","embryonic skeletal system development","18/432","142/21468",0.126760563380282,6.29929577464789,9.07932579248858,5.84729288997952e-10,2.50394075533123e-07,2.02911321690868e-07,"ENSG00000005073/ENSG00000060718/ENSG00000078399/ENSG00000092607/ENSG00000099139/ENSG00000105997/ENSG00000106006/ENSG00000108821/ENSG00000109705/ENSG00000122691/ENSG00000124813/ENSG00000134853/ENSG00000137573/ENSG00000148516/ENSG00000157227/ENSG00000163513/ENSG00000164107/ENSG00000196562",18
"GO:0002062","GO:0002062","chondrocyte differentiation","16/432","121/21468",0.132231404958678,6.57116620752984,8.80676374304936,2.84524328540281e-09,1.09655676219424e-06,8.88614402925278e-07,"ENSG00000005073/ENSG00000060718/ENSG00000081189/ENSG00000104415/ENSG00000105664/ENSG00000109705/ENSG00000115380/ENSG00000124813/ENSG00000137573/ENSG00000149948/ENSG00000159899/ENSG00000160801/ENSG00000163513/ENSG00000168542/ENSG00000178573/ENSG00000196562",16
"GO:0001667","GO:0001667","ameboidal-type cell migration","22/432","249/21468",0.0883534136546185,4.39067380633646,7.71203867607986,7.58387840010997e-09,2.65711521400216e-06,2.15324088163888e-06,"ENSG00000075213/ENSG00000079308/ENSG00000099250/ENSG00000107796/ENSG00000111961/ENSG00000112902/ENSG00000115414/ENSG00000122691/ENSG00000131016/ENSG00000140285/ENSG00000146122/ENSG00000150347/ENSG00000151422/ENSG00000153993/ENSG00000162733/ENSG00000163513/ENSG00000164107/ENSG00000166025/ENSG00000168621/ENSG00000169554/ENSG00000170558/ENSG00000197256",22
"GO:0048705","GO:0048705","skeletal system morphogenesis","21/432","240/21468",0.0875,4.34826388888889,7.47509524851616,1.97679253700311e-08,6.34879869800834e-06,5.14486268183179e-06,"ENSG00000005073/ENSG00000053254/ENSG00000060718/ENSG00000078399/ENSG00000081189/ENSG00000092607/ENSG00000105664/ENSG00000105997/ENSG00000108821/ENSG00000109705/ENSG00000122691/ENSG00000124813/ENSG00000134853/ENSG00000137745/ENSG00000148516/ENSG00000150347/ENSG00000157227/ENSG00000159899/ENSG00000163513/ENSG00000164161/ENSG00000168542",21
"GO:0007156","GO:0007156","homophilic cell adhesion via plasma membrane adhesion molecules","19/432","206/21468",0.0922330097087379,4.58346817691478,7.40595511857647,4.05118547061071e-08,1.20102067721028e-05,9.73268606583156e-06,"ENSG00000081818/ENSG00000081853/ENSG00000113248/ENSG00000118946/ENSG00000134115/ENSG00000140937/ENSG00000140945/ENSG00000162614/ENSG00000170558/ENSG00000173482/ENSG00000175065/ENSG00000177707/ENSG00000189184/ENSG00000196159/ENSG00000240184/ENSG00000253305/ENSG00000254122/ENSG00000254245/ENSG00000261934",19
"GO:0032970","GO:0032970","regulation of actin filament-based process","28/432","427/21468",0.0655737704918033,3.25865209471767,6.75578874340688,5.05865345843616e-08,1.3925750306295e-05,1.12849810610377e-05,"ENSG00000009694/ENSG00000047648/ENSG00000073712/ENSG00000099250/ENSG00000107562/ENSG00000107796/ENSG00000109743/ENSG00000111859/ENSG00000112902/ENSG00000117152/ENSG00000123384/ENSG00000134853/ENSG00000144824/ENSG00000145147/ENSG00000145675/ENSG00000146122/ENSG00000148700/ENSG00000150764/ENSG00000151422/ENSG00000152527/ENSG00000163431/ENSG00000164741/ENSG00000166086/ENSG00000169554/ENSG00000183853/ENSG00000184304/ENSG00000197256/ENSG00000198523",28
"GO:0010811","GO:0010811","positive regulation of cell-substrate adhesion","15/432","130/21468",0.115384615384615,5.73397435897436,7.75830220675643,5.78288264379544e-08,1.42801141354605e-05,1.15721461338627e-05,"ENSG00000073712/ENSG00000077942/ENSG00000091986/ENSG00000099250/ENSG00000106823/ENSG00000111859/ENSG00000115414/ENSG00000128052/ENSG00000140945/ENSG00000142871/ENSG00000144810/ENSG00000152818/ENSG00000153071/ENSG00000163520/ENSG00000173376",15
"GO:0060348","GO:0060348","bone development","20/432","233/21468",0.0858369098712446,4.26561754887935,7.18229302381671,5.92843347606043e-08,1.42801141354605e-05,1.15721461338627e-05,"ENSG00000005073/ENSG00000053254/ENSG00000081189/ENSG00000083782/ENSG00000104415/ENSG00000105664/ENSG00000106809/ENSG00000108821/ENSG00000122691/ENSG00000124813/ENSG00000128052/ENSG00000137573/ENSG00000137745/ENSG00000157227/ENSG00000159899/ENSG00000162733/ENSG00000163513/ENSG00000168542/ENSG00000182492/ENSG00000196562",20
"GO:0007409","GO:0007409","axonogenesis","30/432","487/21468",0.0616016427104723,3.06125941136208,6.59371255660126,6.68795004615262e-08,1.51619761634542e-05,1.22867788154395e-05,"ENSG00000005810/ENSG00000006468/ENSG00000075213/ENSG00000099250/ENSG00000107562/ENSG00000107731/ENSG00000111962/ENSG00000112902/ENSG00000115414/ENSG00000117600/ENSG00000131711/ENSG00000134115/ENSG00000134121/ENSG00000134569/ENSG00000140937/ENSG00000145147/ENSG00000149294/ENSG00000149557/ENSG00000153993/ENSG00000159899/ENSG00000162614/ENSG00000163394/ENSG00000165801/ENSG00000168621/ENSG00000173482/ENSG00000182636/ENSG00000184347/ENSG00000185070/ENSG00000196569/ENSG00000277586",30
"GO:0007160","GO:0007160","cell-matrix adhesion","22/432","282/21468",0.0780141843971631,3.87687155240347,6.96893658263337,7.14943429855094e-08,1.53077332147863e-05,1.24048956513454e-05,"ENSG00000047648/ENSG00000073712/ENSG00000086289/ENSG00000099250/ENSG00000106823/ENSG00000109743/ENSG00000115414/ENSG00000122861/ENSG00000128052/ENSG00000133110/ENSG00000140937/ENSG00000140945/ENSG00000144824/ENSG00000145675/ENSG00000152818/ENSG00000157227/ENSG00000164741/ENSG00000165124/ENSG00000166086/ENSG00000168542/ENSG00000213949/ENSG00000243244",22
"GO:0060485","GO:0060485","mesenchyme development","25/432","372/21468",0.0672043010752688,3.33968040621266,6.52339866011392,1.67524477228232e-07,3.23203771233319e-05,2.61913962048796e-05,"ENSG00000019144/ENSG00000019991/ENSG00000073712/ENSG00000075213/ENSG00000081189/ENSG00000099250/ENSG00000107796/ENSG00000108821/ENSG00000112531/ENSG00000112902/ENSG00000115414/ENSG00000118762/ENSG00000122691/ENSG00000144824/ENSG00000149294/ENSG00000149948/ENSG00000153071/ENSG00000153993/ENSG00000154736/ENSG00000157168/ENSG00000163513/ENSG00000164107/ENSG00000168621/ENSG00000169946/ENSG00000170558",25
"GO:1903053","GO:1903053","regulation of extracellular matrix organization","12/432","87/21468",0.137931034482759,6.8544061302682,7.84105385838125,1.71892538629978e-07,3.23203771233319e-05,2.61913962048796e-05,"ENSG00000019144/ENSG00000078098/ENSG00000101680/ENSG00000106624/ENSG00000122707/ENSG00000123384/ENSG00000138738/ENSG00000144824/ENSG00000162733/ENSG00000196569/ENSG00000197635/ENSG00000225614",12
"GO:0007411","GO:0007411","axon guidance","20/432","249/21468",0.0803212851405622,3.99152164212405,6.80417283469624,1.76109994704196e-07,3.23203771233319e-05,2.61913962048796e-05,"ENSG00000005810/ENSG00000006468/ENSG00000075213/ENSG00000099250/ENSG00000107562/ENSG00000107731/ENSG00000112902/ENSG00000134115/ENSG00000134121/ENSG00000145147/ENSG00000149294/ENSG00000149557/ENSG00000153993/ENSG00000162614/ENSG00000165801/ENSG00000168621/ENSG00000173482/ENSG00000184347/ENSG00000185070/ENSG00000196569",20
"GO:0097485","GO:0097485","neuron projection guidance","20/432","250/21468",0.08,3.97555555555556,6.7815944623562,1.87928176493335e-07,3.2921599645696e-05,2.66786076390299e-05,"ENSG00000005810/ENSG00000006468/ENSG00000075213/ENSG00000099250/ENSG00000107562/ENSG00000107731/ENSG00000112902/ENSG00000134115/ENSG00000134121/ENSG00000145147/ENSG00000149294/ENSG00000149557/ENSG00000153993/ENSG00000162614/ENSG00000165801/ENSG00000168621/ENSG00000173482/ENSG00000184347/ENSG00000185070/ENSG00000196569",20
"GO:0032956","GO:0032956","regulation of actin cytoskeleton organization","25/432","382/21468",0.0654450261780105,3.25225421756835,6.36499342985838,2.76336901980881e-07,4.63044530536659e-05,3.75236424795091e-05,"ENSG00000009694/ENSG00000047648/ENSG00000073712/ENSG00000099250/ENSG00000107562/ENSG00000109743/ENSG00000111859/ENSG00000112902/ENSG00000117152/ENSG00000123384/ENSG00000134853/ENSG00000144824/ENSG00000145147/ENSG00000145675/ENSG00000146122/ENSG00000148700/ENSG00000150764/ENSG00000151422/ENSG00000152527/ENSG00000163431/ENSG00000164741/ENSG00000166086/ENSG00000183853/ENSG00000184304/ENSG00000197256",25
"GO:0150115","GO:0150115","cell-substrate junction organization","13/432","112/21468",0.116071428571429,5.76810515873016,7.25004748031882,4.14018617739834e-07,6.39035247890411e-05,5.17853653208109e-05,"ENSG00000047648/ENSG00000073712/ENSG00000079308/ENSG00000099250/ENSG00000115414/ENSG00000128052/ENSG00000140937/ENSG00000144824/ENSG00000145675/ENSG00000151914/ENSG00000157227/ENSG00000164741/ENSG00000243244",13
"GO:0060350","GO:0060350","endochondral bone morphogenesis","10/432","62/21468",0.161290322580645,8.01523297491039,7.92713315297063,4.14527275486774e-07,6.39035247890411e-05,5.17853653208109e-05,"ENSG00000005073/ENSG00000081189/ENSG00000105664/ENSG00000108821/ENSG00000124813/ENSG00000137745/ENSG00000157227/ENSG00000159899/ENSG00000163513/ENSG00000168542",10
"GO:0030111","GO:0030111","regulation of Wnt signaling pathway","24/432","369/21468",0.0650406504065041,3.23215898825655,6.19802526211461,5.36052413642979e-07,7.86309603109973e-05,6.37200063482176e-05,"ENSG00000020181/ENSG00000050165/ENSG00000104415/ENSG00000108821/ENSG00000112837/ENSG00000112902/ENSG00000116729/ENSG00000122707/ENSG00000123384/ENSG00000134569/ENSG00000135272/ENSG00000137573/ENSG00000144642/ENSG00000146122/ENSG00000150764/ENSG00000150907/ENSG00000153071/ENSG00000154856/ENSG00000164932/ENSG00000169218/ENSG00000169554/ENSG00000170558/ENSG00000180730/ENSG00000196562",24
"GO:0071774","GO:0071774","response to fibroblast growth factor","14/432","134/21468",0.104477611940299,5.19195688225539,6.97555923825894,5.50865575608959e-07,7.86309603109973e-05,6.37200063482176e-05,"ENSG00000021826/ENSG00000108821/ENSG00000113578/ENSG00000124813/ENSG00000133110/ENSG00000137573/ENSG00000140285/ENSG00000159899/ENSG00000164161/ENSG00000173376/ENSG00000180730/ENSG00000185070/ENSG00000196468/ENSG00000196562",14
"GO:0048562","GO:0048562","embryonic organ morphogenesis","22/432","319/21468",0.0689655172413793,3.4272030651341,6.2589647448201,6.01161538041718e-07,8.27455917004564e-05,6.70543715552547e-05,"ENSG00000005073/ENSG00000060718/ENSG00000078399/ENSG00000081189/ENSG00000092607/ENSG00000105997/ENSG00000109705/ENSG00000112320/ENSG00000112837/ENSG00000115380/ENSG00000117122/ENSG00000118762/ENSG00000122691/ENSG00000124813/ENSG00000133816/ENSG00000134853/ENSG00000148516/ENSG00000157227/ENSG00000163513/ENSG00000164107/ENSG00000164932/ENSG00000197614",22
"GO:0048762","GO:0048762","mesenchymal cell differentiation","21/432","298/21468",0.0704697986577181,3.50195749440716,6.23266236136581,7.64617449682042e-07,0.000101615022450848,8.23455525664834e-05,"ENSG00000019144/ENSG00000019991/ENSG00000073712/ENSG00000075213/ENSG00000081189/ENSG00000099250/ENSG00000108821/ENSG00000112531/ENSG00000112902/ENSG00000115414/ENSG00000122691/ENSG00000144824/ENSG00000149294/ENSG00000149948/ENSG00000153071/ENSG00000153993/ENSG00000157168/ENSG00000163513/ENSG00000164107/ENSG00000168621/ENSG00000170558",21
"GO:0022617","GO:0022617","extracellular matrix disassembly","11/432","83/21468",0.132530120481928,6.58601070950469,7.30688300036787,8.4784577141623e-07,0.000108919920101272,8.82652071505949e-05,"ENSG00000078098/ENSG00000099953/ENSG00000123342/ENSG00000123384/ENSG00000137745/ENSG00000149968/ENSG00000154736/ENSG00000157227/ENSG00000162733/ENSG00000167749/ENSG00000197635",11
"GO:0060349","GO:0060349","bone morphogenesis","12/432","102/21468",0.117647058823529,5.84640522875817,7.03079068850356,9.97744750044793e-07,0.000121999287137977,9.88643063770728e-05,"ENSG00000005073/ENSG00000053254/ENSG00000081189/ENSG00000105664/ENSG00000108821/ENSG00000122691/ENSG00000124813/ENSG00000137745/ENSG00000157227/ENSG00000159899/ENSG00000163513/ENSG00000168542",12
"GO:0042692","GO:0042692","muscle cell differentiation","27/432","466/21468",0.0579399141630901,2.87929184549356,5.87763795150569,1.01296761505326e-06,0.000121999287137977,9.88643063770728e-05,"ENSG00000024422/ENSG00000081189/ENSG00000101680/ENSG00000105664/ENSG00000112276/ENSG00000112531/ENSG00000112837/ENSG00000117152/ENSG00000123095/ENSG00000128591/ENSG00000131018/ENSG00000134775/ENSG00000134853/ENSG00000136383/ENSG00000143028/ENSG00000148516/ENSG00000148848/ENSG00000154736/ENSG00000157168/ENSG00000157227/ENSG00000160539/ENSG00000163431/ENSG00000166148/ENSG00000167244/ENSG00000170558/ENSG00000184304/ENSG00000196569",27
"GO:0090287","GO:0090287","regulation of cellular response to growth factor stimulus","25/432","411/21468",0.0608272506082725,3.0227764260611,5.93357609681548,1.06743016452107e-06,0.000124662904668612,0.000101022816527401,"ENSG00000011465/ENSG00000020181/ENSG00000050165/ENSG00000058668/ENSG00000099250/ENSG00000102935/ENSG00000106819/ENSG00000113578/ENSG00000124813/ENSG00000128045/ENSG00000128052/ENSG00000134986/ENSG00000137573/ENSG00000142871/ENSG00000145147/ENSG00000148516/ENSG00000163430/ENSG00000164161/ENSG00000169554/ENSG00000180730/ENSG00000180875/ENSG00000183287/ENSG00000196468/ENSG00000196562/ENSG00000197859",25
"GO:0007044","GO:0007044","cell-substrate junction assembly","12/432","105/21468",0.114285714285714,5.67936507936508,6.8880521970922,1.36515967076477e-06,0.000154744863856689,0.00012540027068604,"ENSG00000047648/ENSG00000073712/ENSG00000079308/ENSG00000099250/ENSG00000115414/ENSG00000128052/ENSG00000140937/ENSG00000144824/ENSG00000151914/ENSG00000157227/ENSG00000164741/ENSG00000243244",12
"GO:0043542","GO:0043542","endothelial cell migration","21/432","311/21468",0.067524115755627,3.35557341907824,5.99647140387951,1.52122108835112e-06,0.000167508173557292,0.000135743247192114,"ENSG00000011465/ENSG00000020181/ENSG00000058668/ENSG00000078098/ENSG00000081189/ENSG00000099250/ENSG00000111961/ENSG00000112902/ENSG00000113578/ENSG00000128052/ENSG00000132386/ENSG00000140945/ENSG00000145147/ENSG00000163430/ENSG00000165633/ENSG00000169554/ENSG00000173482/ENSG00000183287/ENSG00000184304/ENSG00000196468/ENSG00000197635",21
"GO:0044344","GO:0044344","cellular response to fibroblast growth factor stimulus","13/432","126/21468",0.103174603174603,5.12720458553792,6.65839694934087,1.61310602916232e-06,0.000172691962121989,0.000139944023056275,"ENSG00000021826/ENSG00000108821/ENSG00000113578/ENSG00000124813/ENSG00000133110/ENSG00000137573/ENSG00000140285/ENSG00000164161/ENSG00000173376/ENSG00000180730/ENSG00000185070/ENSG00000196468/ENSG00000196562",13
"GO:0003007","GO:0003007","heart morphogenesis","20/432","287/21468",0.0696864111498258,3.46302748741773,6.01981226302567,1.66546589570532e-06,0.000173478528704008,0.000140581431367217,"ENSG00000060718/ENSG00000069431/ENSG00000081189/ENSG00000099250/ENSG00000118762/ENSG00000122691/ENSG00000130635/ENSG00000133816/ENSG00000142871/ENSG00000145147/ENSG00000154736/ENSG00000157168/ENSG00000160808/ENSG00000163513/ENSG00000164107/ENSG00000164741/ENSG00000169946/ENSG00000184347/ENSG00000185070/ENSG00000197702",20
"GO:0035987","GO:0035987","endodermal cell differentiation","9/432","58/21468",0.155172413793103,7.71120689655173,7.33419176749749,2.21452899238821e-06,0.000224599861491162,0.000182008518571075,"ENSG00000060718/ENSG00000111799/ENSG00000115414/ENSG00000122641/ENSG00000130635/ENSG00000144810/ENSG00000149948/ENSG00000157227/ENSG00000204262",9
"GO:0072001","GO:0072001","renal system development","22/432","352/21468",0.0625,3.10590277777778,5.70886526055696,3.06187980817112e-06,0.000302576532838244,0.00024519831014423,"ENSG00000005073/ENSG00000049192/ENSG00000081189/ENSG00000099139/ENSG00000099250/ENSG00000107796/ENSG00000112837/ENSG00000113578/ENSG00000118762/ENSG00000132386/ENSG00000134569/ENSG00000134853/ENSG00000137573/ENSG00000145147/ENSG00000150347/ENSG00000153976/ENSG00000162849/ENSG00000168621/ENSG00000170370/ENSG00000196549/ENSG00000196562/ENSG00000197256",22
"GO:0050920","GO:0050920","regulation of chemotaxis","18/432","249/21468",0.072289156626506,3.59236947791165,5.89630699331262,3.29319539756868e-06,0.000310892707762061,0.000251937471370834,"ENSG00000005810/ENSG00000020181/ENSG00000099250/ENSG00000106538/ENSG00000107562/ENSG00000109743/ENSG00000111859/ENSG00000112902/ENSG00000113578/ENSG00000128052/ENSG00000134853/ENSG00000140945/ENSG00000145147/ENSG00000166086/ENSG00000177119/ENSG00000184304/ENSG00000196468/ENSG00000197635",18
"GO:0090497","GO:0090497","mesenchymal cell migration","9/432","61/21468",0.147540983606557,7.33196721311475,7.09694829012155,3.41924441495399e-06,0.000310892707762061,0.000251937471370834,"ENSG00000075213/ENSG00000099250/ENSG00000112902/ENSG00000115414/ENSG00000122691/ENSG00000153993/ENSG00000164107/ENSG00000168621/ENSG00000170558",9
"GO:0002063","GO:0002063","chondrocyte development","7/432","33/21468",0.212121212121212,10.5412457912458,7.86042956222803,3.45878666186738e-06,0.000310892707762061,0.000251937471370834,"ENSG00000005073/ENSG00000060718/ENSG00000105664/ENSG00000124813/ENSG00000137573/ENSG00000163513/ENSG00000196562",7
"GO:0048880","GO:0048880","sensory system development","26/432","468/21468",0.0555555555555556,2.7608024691358,5.51912065247009,3.46870431597525e-06,0.000310892707762061,0.000251937471370834,"ENSG00000058668/ENSG00000075213/ENSG00000080200/ENSG00000099250/ENSG00000101680/ENSG00000115380/ENSG00000117122/ENSG00000122641/ENSG00000122691/ENSG00000128052/ENSG00000130635/ENSG00000132386/ENSG00000134138/ENSG00000134853/ENSG00000144810/ENSG00000148516/ENSG00000163513/ENSG00000165633/ENSG00000173482/ENSG00000177707/ENSG00000178573/ENSG00000181541/ENSG00000187098/ENSG00000188133/ENSG00000197614/ENSG00000204262",26
"GO:0014033","GO:0014033","neural crest cell differentiation","11/432","96/21468",0.114583333333333,5.69415509259259,6.60566338073842,3.66527339270592e-06,0.000316768475787003,0.000256699005178499,"ENSG00000075213/ENSG00000081189/ENSG00000099250/ENSG00000112902/ENSG00000115414/ENSG00000122691/ENSG00000153993/ENSG00000157168/ENSG00000164107/ENSG00000168621/ENSG00000170558",11
"GO:0071559","GO:0071559","response to transforming growth factor beta","21/432","329/21468",0.0638297872340425,3.17198581560284,5.68929803279336,3.69864592901275e-06,0.000316768475787003,0.000256699005178499,"ENSG00000050165/ENSG00000073712/ENSG00000081189/ENSG00000101825/ENSG00000106819/ENSG00000107796/ENSG00000108821/ENSG00000113580/ENSG00000119681/ENSG00000122176/ENSG00000128045/ENSG00000133110/ENSG00000134986/ENSG00000148516/ENSG00000153071/ENSG00000162733/ENSG00000163513/ENSG00000164692/ENSG00000168542/ENSG00000169554/ENSG00000197859",21
"GO:1901888","GO:1901888","regulation of cell junction assembly","20/432","304/21468",0.0657894736842105,3.26937134502924,5.71070140260483,4.00188373232714e-06,0.000335288258791061,0.000271706842879053,"ENSG00000005810/ENSG00000047648/ENSG00000073712/ENSG00000081189/ENSG00000099250/ENSG00000101463/ENSG00000128052/ENSG00000131711/ENSG00000134569/ENSG00000140557/ENSG00000144824/ENSG00000146006/ENSG00000146938/ENSG00000157227/ENSG00000164741/ENSG00000172260/ENSG00000173114/ENSG00000177707/ENSG00000185070/ENSG00000186340",20
"GO:0070252","GO:0070252","actin-mediated cell contraction","12/432","118/21468",0.101694915254237,5.05367231638418,6.32756585013992,4.7174229253961e-06,0.00038682867988248,0.000313473545792838,"ENSG00000006283/ENSG00000069431/ENSG00000086289/ENSG00000107796/ENSG00000112531/ENSG00000125414/ENSG00000136531/ENSG00000153956/ENSG00000169432/ENSG00000169554/ENSG00000197702/ENSG00000198523",12
"GO:0048704","GO:0048704","embryonic skeletal system morphogenesis","11/432","99/21468",0.111111111111111,5.5216049382716,6.46195728241218,4.96362387940373e-06,0.000398537633983791,0.000322962106363835,"ENSG00000005073/ENSG00000060718/ENSG00000078399/ENSG00000092607/ENSG00000105997/ENSG00000122691/ENSG00000124813/ENSG00000134853/ENSG00000148516/ENSG00000157227/ENSG00000163513",11
"GO:0014032","GO:0014032","neural crest cell development","10/432","81/21468",0.123456790123457,6.13511659807956,6.63535028227988,5.15365711132299e-06,0.000405350908306914,0.000328483365183572,"ENSG00000075213/ENSG00000099250/ENSG00000112902/ENSG00000115414/ENSG00000122691/ENSG00000153993/ENSG00000157168/ENSG00000164107/ENSG00000168621/ENSG00000170558",10
"GO:0001654","GO:0001654","eye development","25/432","450/21468",0.0555555555555556,2.7608024691358,5.40962514443215,5.34981438995525e-06,0.000405953525233214,0.000328971706597915,"ENSG00000058668/ENSG00000080200/ENSG00000099250/ENSG00000101680/ENSG00000115380/ENSG00000117122/ENSG00000122641/ENSG00000122691/ENSG00000128052/ENSG00000130635/ENSG00000132386/ENSG00000134138/ENSG00000134853/ENSG00000144810/ENSG00000148516/ENSG00000163513/ENSG00000165633/ENSG00000173482/ENSG00000177707/ENSG00000178573/ENSG00000181541/ENSG00000187098/ENSG00000188133/ENSG00000197614/ENSG00000204262",25
"GO:0050919","GO:0050919","negative chemotaxis","8/432","49/21468",0.163265306122449,8.11337868480726,7.14365289457376,5.51651363367103e-06,0.000405953525233214,0.000328971706597915,"ENSG00000075213/ENSG00000112902/ENSG00000145147/ENSG00000153993/ENSG00000157168/ENSG00000184347/ENSG00000185070/ENSG00000197635",8
"GO:0071526","GO:0071526","semaphorin-plexin signaling pathway","8/432","49/21468",0.163265306122449,8.11337868480726,7.14365289457376,5.51651363367103e-06,0.000405953525233214,0.000328971706597915,"ENSG00000075213/ENSG00000099250/ENSG00000112902/ENSG00000128052/ENSG00000149294/ENSG00000153993/ENSG00000164107/ENSG00000168621",8
"GO:0051146","GO:0051146","striated muscle cell differentiation","21/432","338/21468",0.0621301775147929,3.08752465483235,5.54352723512679,5.62172727479184e-06,0.000405953525233214,0.000328971706597915,"ENSG00000024422/ENSG00000081189/ENSG00000112276/ENSG00000112837/ENSG00000117152/ENSG00000123095/ENSG00000128591/ENSG00000131018/ENSG00000134775/ENSG00000134853/ENSG00000136383/ENSG00000148848/ENSG00000154736/ENSG00000157168/ENSG00000157227/ENSG00000160539/ENSG00000163431/ENSG00000166148/ENSG00000167244/ENSG00000170558/ENSG00000184304",21
"GO:0001952","GO:0001952","regulation of cell-matrix adhesion","13/432","141/21468",0.0921985815602837,4.5817572892041,6.11486390626175,5.68798400690024e-06,0.000405953525233214,0.000328971706597915,"ENSG00000047648/ENSG00000073712/ENSG00000099250/ENSG00000109743/ENSG00000122861/ENSG00000128052/ENSG00000133110/ENSG00000140945/ENSG00000144824/ENSG00000145675/ENSG00000152818/ENSG00000157227/ENSG00000164741",13
"GO:1901654","GO:1901654","response to ketone","17/432","235/21468",0.0723404255319149,3.59491725768321,5.73188853221766,6.0973987173652e-06,0.000421754829462743,0.00034177657635702,"ENSG00000005073/ENSG00000021826/ENSG00000078399/ENSG00000113580/ENSG00000117586/ENSG00000118515/ENSG00000122641/ENSG00000132386/ENSG00000133110/ENSG00000145147/ENSG00000165474/ENSG00000166148/ENSG00000184304/ENSG00000184347/ENSG00000186469/ENSG00000253293/ENSG00000277586",17
"GO:0150063","GO:0150063","visual system development","25/432","454/21468",0.0550660792951542,2.73647821830641,5.35906312915405,6.23719801134034e-06,0.000421754829462743,0.00034177657635702,"ENSG00000058668/ENSG00000080200/ENSG00000099250/ENSG00000101680/ENSG00000115380/ENSG00000117122/ENSG00000122641/ENSG00000122691/ENSG00000128052/ENSG00000130635/ENSG00000132386/ENSG00000134138/ENSG00000134853/ENSG00000144810/ENSG00000148516/ENSG00000163513/ENSG00000165633/ENSG00000173482/ENSG00000177707/ENSG00000178573/ENSG00000181541/ENSG00000187098/ENSG00000188133/ENSG00000197614/ENSG00000204262",25
"GO:0048846","GO:0048846","axon extension involved in axon guidance","6/432","24/21468",0.25,12.4236111111111,8.02420660508186,6.34711471428103e-06,0.000421754829462743,0.00034177657635702,"ENSG00000075213/ENSG00000099250/ENSG00000107562/ENSG00000112902/ENSG00000145147/ENSG00000184347",6
"GO:1902284","GO:1902284","neuron projection extension involved in neuron projection guidance","6/432","24/21468",0.25,12.4236111111111,8.02420660508186,6.34711471428103e-06,0.000421754829462743,0.00034177657635702,"ENSG00000075213/ENSG00000099250/ENSG00000107562/ENSG00000112902/ENSG00000145147/ENSG00000184347",6
"GO:0141091","GO:0141091","transforming growth factor beta receptor superfamily signaling pathway","24/432","432/21468",0.0555555555555556,2.7608024691358,5.29806035421589,8.24820487467699e-06,0.000538789518423815,0.00043661773172465,"ENSG00000050165/ENSG00000073712/ENSG00000102935/ENSG00000105664/ENSG00000106819/ENSG00000119681/ENSG00000122176/ENSG00000122641/ENSG00000124813/ENSG00000128045/ENSG00000128052/ENSG00000134986/ENSG00000137573/ENSG00000142871/ENSG00000148516/ENSG00000153071/ENSG00000163430/ENSG00000163513/ENSG00000164692/ENSG00000168542/ENSG00000169554/ENSG00000175065/ENSG00000180875/ENSG00000197859",24
"GO:0007178","GO:0007178","cell surface receptor protein serine/threonine kinase signaling pathway","25/432","462/21468",0.0541125541125541,2.68909331409331,5.25955402626843,8.42638075473188e-06,0.000541254523812278,0.000438615292969991,"ENSG00000050165/ENSG00000073712/ENSG00000102935/ENSG00000105664/ENSG00000106819/ENSG00000119681/ENSG00000122176/ENSG00000122641/ENSG00000123384/ENSG00000124813/ENSG00000128045/ENSG00000128052/ENSG00000134986/ENSG00000137573/ENSG00000142871/ENSG00000148516/ENSG00000153071/ENSG00000163430/ENSG00000163513/ENSG00000164692/ENSG00000168542/ENSG00000169554/ENSG00000175065/ENSG00000180875/ENSG00000197859",25
"GO:0032963","GO:0032963","collagen metabolic process","12/432","125/21468",0.096,4.77066666666667,6.0588665431917,8.58298689218012e-06,0.000542275925942003,0.000439443004471068,"ENSG00000078098/ENSG00000099953/ENSG00000108821/ENSG00000122641/ENSG00000123342/ENSG00000130635/ENSG00000137745/ENSG00000138316/ENSG00000149968/ENSG00000157227/ENSG00000162733/ENSG00000164692",12
"GO:0003002","GO:0003002","regionalization","25/432","464/21468",0.0538793103448276,2.67750239463602,5.23500504744158,9.07326057572196e-06,0.000564005584819878,0.000457052022549526,"ENSG00000005073/ENSG00000038295/ENSG00000078399/ENSG00000081189/ENSG00000095587/ENSG00000099139/ENSG00000099250/ENSG00000105997/ENSG00000106006/ENSG00000109705/ENSG00000112837/ENSG00000113578/ENSG00000116729/ENSG00000118762/ENSG00000123095/ENSG00000133816/ENSG00000134569/ENSG00000146122/ENSG00000163513/ENSG00000164107/ENSG00000164161/ENSG00000168621/ENSG00000170370/ENSG00000180875/ENSG00000253293",25
"GO:0071560","GO:0071560","cellular response to transforming growth factor beta stimulus","20/432","322/21468",0.062111801242236,3.08661145617667,5.40631541718303,9.41653390391999e-06,0.00057390418891309,0.000465073533582372,"ENSG00000050165/ENSG00000073712/ENSG00000081189/ENSG00000106819/ENSG00000107796/ENSG00000108821/ENSG00000113580/ENSG00000119681/ENSG00000122176/ENSG00000128045/ENSG00000133110/ENSG00000134986/ENSG00000148516/ENSG00000153071/ENSG00000162733/ENSG00000163513/ENSG00000164692/ENSG00000168542/ENSG00000169554/ENSG00000197859",20
"GO:0006936","GO:0006936","muscle contraction","22/432","378/21468",0.0582010582010582,2.89226925338036,5.31907989051123,9.53032384287435e-06,0.00057390418891309,0.000465073533582372,"ENSG00000006283/ENSG00000006788/ENSG00000058668/ENSG00000065534/ENSG00000069431/ENSG00000105664/ENSG00000107796/ENSG00000109061/ENSG00000123096/ENSG00000125414/ENSG00000136531/ENSG00000137573/ENSG00000138435/ENSG00000152818/ENSG00000153956/ENSG00000160808/ENSG00000163431/ENSG00000168621/ENSG00000169432/ENSG00000184304/ENSG00000196562/ENSG00000198523",22
"GO:0001706","GO:0001706","endoderm formation","9/432","69/21468",0.130434782608696,6.48188405797101,6.53587326644713,9.6951826729671e-06,0.000574849754178695,0.00046583978932297,"ENSG00000060718/ENSG00000111799/ENSG00000115414/ENSG00000122641/ENSG00000130635/ENSG00000144810/ENSG00000149948/ENSG00000157227/ENSG00000204262",9
"GO:0034446","GO:0034446","substrate adhesion-dependent cell spreading","11/432","107/21468",0.102803738317757,5.10877466251298,6.1057552733664,1.05666449281472e-05,0.000617028023531506,0.000500019704973091,"ENSG00000073712/ENSG00000077942/ENSG00000099250/ENSG00000111859/ENSG00000112276/ENSG00000115414/ENSG00000133110/ENSG00000145675/ENSG00000151422/ENSG00000153071/ENSG00000197702",11
"GO:0048864","GO:0048864","stem cell development","10/432","88/21468",0.113636363636364,5.64709595959596,6.25986686321242,1.09277050598207e-05,0.000628587691052972,0.000509387288491565,"ENSG00000075213/ENSG00000099250/ENSG00000112902/ENSG00000115414/ENSG00000122691/ENSG00000153993/ENSG00000157168/ENSG00000164107/ENSG00000168621/ENSG00000170558",10
"GO:0098742","GO:0098742","cell-cell adhesion via plasma-membrane adhesion molecules","20/432","326/21468",0.0613496932515337,3.04873892297205,5.34156299719969,1.12835265197159e-05,0.000639510458926251,0.000518238748978283,"ENSG00000081818/ENSG00000081853/ENSG00000113248/ENSG00000118946/ENSG00000134115/ENSG00000140937/ENSG00000140945/ENSG00000162614/ENSG00000163513/ENSG00000170558/ENSG00000173482/ENSG00000175065/ENSG00000177707/ENSG00000189184/ENSG00000196159/ENSG00000240184/ENSG00000253305/ENSG00000254122/ENSG00000254245/ENSG00000261934",20
"GO:0001764","GO:0001764","neuron migration","15/432","198/21468",0.0757575757575758,3.76473063973064,5.60076881132463,1.23522554273583e-05,0.000689936121986072,0.00055910208776464,"ENSG00000070808/ENSG00000075213/ENSG00000081189/ENSG00000099250/ENSG00000107562/ENSG00000122691/ENSG00000131711/ENSG00000134121/ENSG00000152580/ENSG00000163394/ENSG00000168542/ENSG00000170370/ENSG00000173376/ENSG00000182636/ENSG00000185070",15
"GO:0003206","GO:0003206","cardiac chamber morphogenesis","12/432","130/21468",0.0923076923076923,4.58717948717949,5.87887056858618,1.28296733778879e-05,0.000706365159976856,0.000572415652814938,"ENSG00000060718/ENSG00000081189/ENSG00000099250/ENSG00000142871/ENSG00000145147/ENSG00000157168/ENSG00000160808/ENSG00000163513/ENSG00000164107/ENSG00000169946/ENSG00000184347/ENSG00000197702",12
"GO:0071711","GO:0071711","basement membrane organization","7/432","40/21468",0.175,8.69652777777778,6.98200231435037,1.33680475542419e-05,0.000725640215127442,0.000588035538820397,"ENSG00000019144/ENSG00000099953/ENSG00000101680/ENSG00000144824/ENSG00000168542/ENSG00000185070/ENSG00000196569",7
"GO:0003205","GO:0003205","cardiac chamber development","14/432","176/21468",0.0795454545454545,3.95296717171717,5.63706048218716,1.38487137741778e-05,0.000741290873412238,0.000600718329941308,"ENSG00000049192/ENSG00000060718/ENSG00000081189/ENSG00000099250/ENSG00000101115/ENSG00000142871/ENSG00000145147/ENSG00000157168/ENSG00000160808/ENSG00000163513/ENSG00000164107/ENSG00000169946/ENSG00000184347/ENSG00000197702",14
"GO:0001755","GO:0001755","neural crest cell migration","8/432","58/21468",0.137931034482759,6.8544061302682,6.3978562881531,2.00193947988914e-05,0.0010569143500675,0.000856489464575497,"ENSG00000075213/ENSG00000099250/ENSG00000112902/ENSG00000115414/ENSG00000122691/ENSG00000153993/ENSG00000164107/ENSG00000168621",8
"GO:0048645","GO:0048645","animal organ formation","9/432","76/21468",0.118421052631579,5.88486842105263,6.11335958732685,2.1529211403921e-05,0.00112126460473935,0.000908636845454248,"ENSG00000005073/ENSG00000081189/ENSG00000105997/ENSG00000109705/ENSG00000113578/ENSG00000137573/ENSG00000163513/ENSG00000164107/ENSG00000168621",9
"GO:0003012","GO:0003012","muscle system process","25/432","489/21468",0.0511247443762781,2.54061576914338,4.93858288936745,2.19765358975133e-05,0.00112930092465355,0.000915149221163818,"ENSG00000006283/ENSG00000006788/ENSG00000058668/ENSG00000065534/ENSG00000069431/ENSG00000105664/ENSG00000107796/ENSG00000109061/ENSG00000117152/ENSG00000123096/ENSG00000125414/ENSG00000136531/ENSG00000137573/ENSG00000138435/ENSG00000150907/ENSG00000152818/ENSG00000153956/ENSG00000160808/ENSG00000163431/ENSG00000164107/ENSG00000168621/ENSG00000169432/ENSG00000184304/ENSG00000196562/ENSG00000198523",25
"GO:0001822","GO:0001822","kidney development","20/432","342/21468",0.0584795321637427,2.90610786224821,5.09211095877154,2.25501946408654e-05,0.00114353223876178,0.000926681821321989,"ENSG00000005073/ENSG00000049192/ENSG00000081189/ENSG00000099139/ENSG00000099250/ENSG00000107796/ENSG00000113578/ENSG00000118762/ENSG00000132386/ENSG00000134569/ENSG00000134853/ENSG00000137573/ENSG00000145147/ENSG00000150347/ENSG00000153976/ENSG00000162849/ENSG00000168621/ENSG00000196549/ENSG00000196562/ENSG00000197256",20
"GO:0030177","GO:0030177","positive regulation of Wnt signaling pathway","13/432","161/21468",0.0807453416149068,4.01259489302968,5.49842734933135,2.38787055687828e-05,0.00119517573067648,0.000968532049522607,"ENSG00000020181/ENSG00000104415/ENSG00000108821/ENSG00000112902/ENSG00000116729/ENSG00000122707/ENSG00000137573/ENSG00000146122/ENSG00000150764/ENSG00000153071/ENSG00000169218/ENSG00000169554/ENSG00000196562",13
"GO:1901342","GO:1901342","regulation of vasculature development","22/432","402/21468",0.054726368159204,2.71959646213378,4.9876331184019,2.4640978699411e-05,0.00121751707573756,0.000986636758450099,"ENSG00000011465/ENSG00000020181/ENSG00000058668/ENSG00000099250/ENSG00000101230/ENSG00000107562/ENSG00000111961/ENSG00000112531/ENSG00000112902/ENSG00000113578/ENSG00000122691/ENSG00000122707/ENSG00000128052/ENSG00000132386/ENSG00000137573/ENSG00000148848/ENSG00000149948/ENSG00000163513/ENSG00000173482/ENSG00000183287/ENSG00000184304/ENSG00000186340",22
"GO:0001763","GO:0001763","morphogenesis of a branching structure","16/432","238/21468",0.0672268907563025,3.34080298786181,5.2038445533351,2.82144594277794e-05,0.00137643704600838,0.00111542040136204,"ENSG00000005073/ENSG00000019991/ENSG00000099250/ENSG00000101680/ENSG00000113578/ENSG00000118762/ENSG00000128052/ENSG00000136541/ENSG00000137573/ENSG00000140285/ENSG00000145147/ENSG00000153976/ENSG00000157227/ENSG00000163513/ENSG00000164161/ENSG00000168621",16
"GO:0048732","GO:0048732","gland development","25/432","497/21468",0.0503018108651912,2.49972054549519,4.84757945161707,2.8737928880279e-05,0.00138444972380744,0.00112191361826037,"ENSG00000005073/ENSG00000019991/ENSG00000021826/ENSG00000050165/ENSG00000077498/ENSG00000078399/ENSG00000099250/ENSG00000101680/ENSG00000105997/ENSG00000113578/ENSG00000113580/ENSG00000116729/ENSG00000118762/ENSG00000132386/ENSG00000134853/ENSG00000136161/ENSG00000137573/ENSG00000140285/ENSG00000150347/ENSG00000157168/ENSG00000163513/ENSG00000164107/ENSG00000167244/ENSG00000196562/ENSG00000253293",25
"GO:0051491","GO:0051491","positive regulation of filopodium assembly","6/432","31/21468",0.193548387096774,9.61827956989247,6.88121918606536,3.08168506951978e-05,0.00146627336517645,0.00118822087085967,"ENSG00000009694/ENSG00000099250/ENSG00000117598/ENSG00000145675/ENSG00000145934/ENSG00000147251",6
"GO:0050807","GO:0050807","regulation of synapse organization","20/432","350/21468",0.0571428571428571,2.83968253968254,4.97274840078436,3.13221234614885e-05,0.00147213980268996,0.00119297484352036,"ENSG00000005810/ENSG00000077063/ENSG00000081189/ENSG00000101463/ENSG00000111859/ENSG00000117600/ENSG00000131711/ENSG00000134569/ENSG00000140285/ENSG00000140557/ENSG00000146006/ENSG00000146938/ENSG00000170558/ENSG00000172260/ENSG00000173114/ENSG00000177707/ENSG00000182771/ENSG00000185070/ENSG00000186340/ENSG00000277586",20
"GO:0001935","GO:0001935","endothelial cell proliferation","15/432","215/21468",0.0697674418604651,3.46705426356589,5.2099527108136,3.25757799431633e-05,0.00151261513133676,0.00122577475068314,"ENSG00000081189/ENSG00000099250/ENSG00000107562/ENSG00000112902/ENSG00000128052/ENSG00000137573/ENSG00000140285/ENSG00000140945/ENSG00000144810/ENSG00000157227/ENSG00000165633/ENSG00000167244/ENSG00000169554/ENSG00000173482/ENSG00000184304",15
"GO:0060840","GO:0060840","artery development","11/432","122/21468",0.0901639344262295,4.48064663023679,5.52494001778744,3.65575587383606e-05,0.00167729561163859,0.00135922652602401,"ENSG00000049192/ENSG00000065534/ENSG00000069122/ENSG00000099250/ENSG00000105664/ENSG00000118762/ENSG00000123384/ENSG00000129038/ENSG00000163513/ENSG00000164107/ENSG00000168542",11
"GO:0035767","GO:0035767","endothelial cell chemotaxis","6/432","32/21468",0.1875,9.31770833333333,6.74765349903228,3.72885425784851e-05,0.00169070638938214,0.00137009418984972,"ENSG00000099250/ENSG00000112902/ENSG00000113578/ENSG00000128052/ENSG00000184304/ENSG00000196468",6
"GO:0030048","GO:0030048","actin filament-based movement","12/432","145/21468",0.0827586206896552,4.11264367816092,5.38933556393563,3.8368378531992e-05,0.00171943873095694,0.00139337795721445,"ENSG00000006283/ENSG00000069431/ENSG00000086289/ENSG00000107796/ENSG00000112531/ENSG00000125414/ENSG00000136531/ENSG00000153956/ENSG00000169432/ENSG00000169554/ENSG00000197702/ENSG00000198523",12
"GO:0060562","GO:0060562","epithelial tube morphogenesis","21/432","385/21468",0.0545454545454545,2.71060606060606,4.85355703253918,3.94246424757441e-05,0.00172908067648206,0.00140119148038191,"ENSG00000005073/ENSG00000081189/ENSG00000099250/ENSG00000101115/ENSG00000101680/ENSG00000113578/ENSG00000113580/ENSG00000118762/ENSG00000122691/ENSG00000128052/ENSG00000133816/ENSG00000145147/ENSG00000153976/ENSG00000157227/ENSG00000162849/ENSG00000163513/ENSG00000164107/ENSG00000164161/ENSG00000164741/ENSG00000164932/ENSG00000168621",21
"GO:0110053","GO:0110053","regulation of actin filament organization","18/432","299/21468",0.0602006688963211,2.99163879598662,4.96983500473845,3.94808249949199e-05,0.00172908067648206,0.00140119148038191,"ENSG00000009694/ENSG00000047648/ENSG00000073712/ENSG00000099250/ENSG00000107562/ENSG00000112902/ENSG00000117152/ENSG00000144824/ENSG00000145147/ENSG00000145675/ENSG00000146122/ENSG00000148700/ENSG00000151422/ENSG00000152527/ENSG00000163431/ENSG00000164741/ENSG00000183853/ENSG00000197256",18
"GO:0050803","GO:0050803","regulation of synapse structure or activity","20/432","357/21468",0.0560224089635854,2.78400248988484,4.8710336732165,4.13793611365285e-05,0.00178193169571195,0.00144402024995967,"ENSG00000005810/ENSG00000077063/ENSG00000081189/ENSG00000101463/ENSG00000111859/ENSG00000117600/ENSG00000131711/ENSG00000134569/ENSG00000140285/ENSG00000140557/ENSG00000146006/ENSG00000146938/ENSG00000170558/ENSG00000172260/ENSG00000173114/ENSG00000177707/ENSG00000182771/ENSG00000185070/ENSG00000186340/ENSG00000277586",20
"GO:0003179","GO:0003179","heart valve morphogenesis","8/432","64/21468",0.125,6.21180555555556,5.98379478334037,4.16123125620331e-05,0.00178193169571195,0.00144402024995967,"ENSG00000081189/ENSG00000122691/ENSG00000140937/ENSG00000142871/ENSG00000145147/ENSG00000154736/ENSG00000163513/ENSG00000184347",8
"GO:0061138","GO:0061138","morphogenesis of a branching epithelium","15/432","221/21468",0.0678733031674208,3.37292609351433,5.08133128592844,4.47481245770483e-05,0.00183705691073595,0.00148869195481211,"ENSG00000005073/ENSG00000019991/ENSG00000099250/ENSG00000101680/ENSG00000113578/ENSG00000118762/ENSG00000128052/ENSG00000137573/ENSG00000140285/ENSG00000145147/ENSG00000153976/ENSG00000157227/ENSG00000163513/ENSG00000164161/ENSG00000168621",15
"GO:0001958","GO:0001958","endochondral ossification","6/432","33/21468",0.181818181818182,9.03535353535354,6.61982007949085,4.48062661155111e-05,0.00183705691073595,0.00148869195481211,"ENSG00000081189/ENSG00000108821/ENSG00000124813/ENSG00000137745/ENSG00000157227/ENSG00000159899",6
"GO:0036075","GO:0036075","replacement ossification","6/432","33/21468",0.181818181818182,9.03535353535354,6.61982007949085,4.48062661155111e-05,0.00183705691073595,0.00148869195481211,"ENSG00000081189/ENSG00000108821/ENSG00000124813/ENSG00000137745/ENSG00000157227/ENSG00000159899",6
"GO:0060351","GO:0060351","cartilage development involved in endochondral bone morphogenesis","6/432","33/21468",0.181818181818182,9.03535353535354,6.61982007949085,4.48062661155111e-05,0.00183705691073595,0.00148869195481211,"ENSG00000005073/ENSG00000105664/ENSG00000108821/ENSG00000137745/ENSG00000159899/ENSG00000163513",6
"GO:0007229","GO:0007229","integrin-mediated signaling pathway","11/432","125/21468",0.088,4.37311111111111,5.42005747637357,4.5777177980913e-05,0.00185710783093093,0.00150494057694592,"ENSG00000073712/ENSG00000099250/ENSG00000101680/ENSG00000109743/ENSG00000111859/ENSG00000115414/ENSG00000151914/ENSG00000168542/ENSG00000184304/ENSG00000196569/ENSG00000213949",11
"GO:0003018","GO:0003018","vascular process in circulatory system","18/432","303/21468",0.0594059405940594,2.95214521452145,4.90422366647163,4.69346912187404e-05,0.00188423229121902,0.00152692136892547,"ENSG00000017483/ENSG00000021826/ENSG00000058668/ENSG00000069431/ENSG00000073712/ENSG00000105664/ENSG00000107796/ENSG00000118596/ENSG00000123384/ENSG00000131016/ENSG00000145147/ENSG00000148700/ENSG00000165124/ENSG00000165633/ENSG00000166148/ENSG00000169554/ENSG00000178394/ENSG00000213949",18
"GO:0110011","GO:0110011","regulation of basement membrane organization","4/432","11/21468",0.363636363636364,18.0707070707071,8.11538863573961,4.77049642850809e-05,0.00189541167375981,0.00153598078170196,"ENSG00000019144/ENSG00000101680/ENSG00000144824/ENSG00000196569",4
"GO:0014812","GO:0014812","muscle cell migration","11/432","127/21468",0.0866141732283465,4.30424321959755,5.35195502931258,5.29781558846893e-05,0.00206395524343785,0.00167256308067629,"ENSG00000081189/ENSG00000099250/ENSG00000104415/ENSG00000122861/ENSG00000123384/ENSG00000133110/ENSG00000136869/ENSG00000145147/ENSG00000162733/ENSG00000166046/ENSG00000197702",11
"GO:0045765","GO:0045765","regulation of angiogenesis","21/432","393/21468",0.0534351145038168,2.65542832909245,4.74644919856494,5.3018051141761e-05,0.00206395524343785,0.00167256308067629,"ENSG00000011465/ENSG00000020181/ENSG00000058668/ENSG00000099250/ENSG00000101230/ENSG00000111961/ENSG00000112531/ENSG00000112902/ENSG00000113578/ENSG00000122691/ENSG00000122707/ENSG00000128052/ENSG00000132386/ENSG00000137573/ENSG00000148848/ENSG00000149948/ENSG00000163513/ENSG00000173482/ENSG00000183287/ENSG00000184304/ENSG00000186340",21
"GO:0040013","GO:0040013","negative regulation of locomotion","23/432","455/21468",0.0505494505494506,2.51202686202686,4.67161608687458,5.54688369456239e-05,0.00213776897588434,0.00173237936018596,"ENSG00000011465/ENSG00000058668/ENSG00000077942/ENSG00000081189/ENSG00000091972/ENSG00000099250/ENSG00000107562/ENSG00000111859/ENSG00000112902/ENSG00000122707/ENSG00000123384/ENSG00000132386/ENSG00000137573/ENSG00000140937/ENSG00000144824/ENSG00000145147/ENSG00000164741/ENSG00000168542/ENSG00000169554/ENSG00000173482/ENSG00000174348/ENSG00000187098/ENSG00000197635",23
"GO:0030574","GO:0030574","collagen catabolic process","7/432","50/21468",0.14,6.95722222222222,6.04345533052117,6.02361963876694e-05,0.00229851783047602,0.0018626450722482,"ENSG00000078098/ENSG00000099953/ENSG00000123342/ENSG00000137745/ENSG00000138316/ENSG00000149968/ENSG00000157227",7
"GO:0031214","GO:0031214","biomineral tissue development","14/432","202/21468",0.0693069306930693,3.44416941694169,5.0016126649958,6.3739327644958e-05,0.00238736986163997,0.00193464790634086,"ENSG00000081189/ENSG00000105664/ENSG00000106819/ENSG00000108821/ENSG00000116729/ENSG00000122691/ENSG00000124813/ENSG00000137745/ENSG00000142871/ENSG00000160801/ENSG00000162733/ENSG00000164692/ENSG00000167749/ENSG00000177119",14
"GO:0048844","GO:0048844","artery morphogenesis","9/432","87/21468",0.103448275862069,5.14080459770115,5.54595481508216,6.3803605539418e-05,0.00238736986163997,0.00193464790634086,"ENSG00000065534/ENSG00000069122/ENSG00000099250/ENSG00000105664/ENSG00000118762/ENSG00000123384/ENSG00000163513/ENSG00000164107/ENSG00000168542",9
"GO:0048736","GO:0048736","appendage development","14/432","203/21468",0.0689655172413793,3.4272030651341,4.97928985021639,6.72298002820776e-05,0.00246765381225835,0.00199970744297668,"ENSG00000005073/ENSG00000073712/ENSG00000078399/ENSG00000099139/ENSG00000101115/ENSG00000105664/ENSG00000122691/ENSG00000122707/ENSG00000124813/ENSG00000134569/ENSG00000159899/ENSG00000164107/ENSG00000168542/ENSG00000253293",14
"GO:0060173","GO:0060173","limb development","14/432","203/21468",0.0689655172413793,3.4272030651341,4.97928985021639,6.72298002820776e-05,0.00246765381225835,0.00199970744297668,"ENSG00000005073/ENSG00000073712/ENSG00000078399/ENSG00000099139/ENSG00000101115/ENSG00000105664/ENSG00000122691/ENSG00000122707/ENSG00000124813/ENSG00000134569/ENSG00000159899/ENSG00000164107/ENSG00000168542/ENSG00000253293",14
"GO:0051489","GO:0051489","regulation of filopodium assembly","7/432","51/21468",0.137254901960784,6.82080610021787,5.96396206975651,6.86228486588437e-05,0.0024950231955772,0.00202188671271886,"ENSG00000009694/ENSG00000099250/ENSG00000117598/ENSG00000145675/ENSG00000145934/ENSG00000146122/ENSG00000147251",7
"GO:0003231","GO:0003231","cardiac ventricle development","11/432","131/21468",0.083969465648855,4.17281594571671,5.21987158787896,7.03374100607716e-05,0.00251298959082354,0.00203644610274314,"ENSG00000060718/ENSG00000081189/ENSG00000101115/ENSG00000142871/ENSG00000145147/ENSG00000157168/ENSG00000160808/ENSG00000163513/ENSG00000164107/ENSG00000169946/ENSG00000184347",11
"GO:0010172","GO:0010172","embryonic body morphogenesis","4/432","12/21468",0.333333333333333,16.5648148148148,7.72869504044751,7.04210886893987e-05,0.00251298959082354,0.00203644610274314,"ENSG00000019144/ENSG00000144824/ENSG00000180875/ENSG00000181541",4
"GO:0051963","GO:0051963","regulation of synapse assembly","13/432","179/21468",0.0726256983240224,3.60909373060211,5.02324703089106,7.19737091913918e-05,0.00254483188278554,0.0020622500740788,"ENSG00000005810/ENSG00000081189/ENSG00000101463/ENSG00000131711/ENSG00000134569/ENSG00000140557/ENSG00000146006/ENSG00000146938/ENSG00000172260/ENSG00000173114/ENSG00000177707/ENSG00000185070/ENSG00000186340",13
"GO:0045669","GO:0045669","positive regulation of osteoblast differentiation","9/432","89/21468",0.101123595505618,5.0252808988764,5.45310013377252,7.63225639941183e-05,0.00267406510575756,0.00216697652986171,"ENSG00000019991/ENSG00000073712/ENSG00000081189/ENSG00000104415/ENSG00000124813/ENSG00000142871/ENSG00000162733/ENSG00000164932/ENSG00000184304",9
"GO:0060560","GO:0060560","developmental growth involved in morphogenesis","16/432","259/21468",0.0617760617760618,3.06992706992707,4.80275906768457,7.76462831028203e-05,0.00269593491061504,0.00218469911774365,"ENSG00000075213/ENSG00000099250/ENSG00000107562/ENSG00000112902/ENSG00000113578/ENSG00000115414/ENSG00000124785/ENSG00000131711/ENSG00000133110/ENSG00000140557/ENSG00000145147/ENSG00000159899/ENSG00000162849/ENSG00000163513/ENSG00000182636/ENSG00000184347",16
"GO:0060828","GO:0060828","regulation of canonical Wnt signaling pathway","17/432","289/21468",0.0588235294117647,2.92320261437908,4.71701445787585,8.55274708215717e-05,0.00294306136202087,0.00238496246172559,"ENSG00000020181/ENSG00000050165/ENSG00000108821/ENSG00000112837/ENSG00000112902/ENSG00000116729/ENSG00000122707/ENSG00000134569/ENSG00000144642/ENSG00000146122/ENSG00000150907/ENSG00000153071/ENSG00000164932/ENSG00000169218/ENSG00000169554/ENSG00000170558/ENSG00000196562",17
"GO:0035924","GO:0035924","cellular response to vascular endothelial growth factor stimulus","9/432","91/21468",0.0989010989010989,4.91483516483516,5.36298730246087,9.08439466052362e-05,0.00309834132935027,0.00251079636309023,"ENSG00000011465/ENSG00000020181/ENSG00000058668/ENSG00000099250/ENSG00000128052/ENSG00000134853/ENSG00000180447/ENSG00000183287/ENSG00000184304",9
"GO:0060537","GO:0060537","muscle tissue development","23/432","471/21468",0.0488322717622081,2.42669261618306,4.48650559306027,9.32688442315344e-05,0.003153141453231,0.00255520462451489,"ENSG00000006283/ENSG00000060718/ENSG00000065534/ENSG00000069431/ENSG00000081189/ENSG00000095587/ENSG00000112276/ENSG00000112837/ENSG00000117152/ENSG00000118762/ENSG00000122691/ENSG00000131018/ENSG00000134775/ENSG00000134853/ENSG00000136383/ENSG00000138435/ENSG00000157168/ENSG00000159899/ENSG00000160808/ENSG00000167244/ENSG00000168542/ENSG00000169946/ENSG00000198523",23
"GO:0014909","GO:0014909","smooth muscle cell migration","10/432","113/21468",0.0884955752212389,4.39773844641101,5.18949799774884,9.62598223470358e-05,0.00322595961152588,0.00261421412268792,"ENSG00000081189/ENSG00000099250/ENSG00000104415/ENSG00000122861/ENSG00000123384/ENSG00000133110/ENSG00000136869/ENSG00000145147/ENSG00000162733/ENSG00000197702",10
"GO:2001026","GO:2001026","regulation of endothelial cell chemotaxis","5/432","24/21468",0.208333333333333,10.3530092592593,6.5697683460655,9.9912763885535e-05,0.0033195154484039,0.00269002876994902,"ENSG00000112902/ENSG00000113578/ENSG00000128052/ENSG00000184304/ENSG00000196468",5
"GO:0008154","GO:0008154","actin polymerization or depolymerization","14/432","211/21468",0.0663507109004739,3.297261716693,4.80558968882994,0.000101689532189688,0.00334967057315432,0.00271446551513093,"ENSG00000007237/ENSG00000009694/ENSG00000047648/ENSG00000107562/ENSG00000112902/ENSG00000133816/ENSG00000145147/ENSG00000146122/ENSG00000148700/ENSG00000151422/ENSG00000152527/ENSG00000163431/ENSG00000183853/ENSG00000197256",14
"GO:0010171","GO:0010171","body morphogenesis","7/432","55/21468",0.127272727272727,6.32474747474747,5.66614354929184,0.000112251282180248,0.00366624102985319,0.0029710040519964,"ENSG00000019144/ENSG00000108821/ENSG00000134853/ENSG00000144824/ENSG00000150347/ENSG00000180875/ENSG00000181541",7
"GO:0008543","GO:0008543","fibroblast growth factor receptor signaling pathway","9/432","94/21468",0.0957446808510638,4.75797872340426,5.23264548092519,0.000116927444012624,0.00372428404317894,0.00301804024693741,"ENSG00000113578/ENSG00000124813/ENSG00000137573/ENSG00000140285/ENSG00000164161/ENSG00000180730/ENSG00000185070/ENSG00000196468/ENSG00000196562",9
"GO:0048041","GO:0048041","focal adhesion assembly","9/432","94/21468",0.0957446808510638,4.75797872340426,5.23264548092519,0.000116927444012624,0.00372428404317894,0.00301804024693741,"ENSG00000047648/ENSG00000073712/ENSG00000099250/ENSG00000128052/ENSG00000140937/ENSG00000144824/ENSG00000157227/ENSG00000164741/ENSG00000243244",9
"GO:0099068","GO:0099068","postsynapse assembly","9/432","94/21468",0.0957446808510638,4.75797872340426,5.23264548092519,0.000116927444012624,0.00372428404317894,0.00301804024693741,"ENSG00000101463/ENSG00000121904/ENSG00000131711/ENSG00000134569/ENSG00000146006/ENSG00000146938/ENSG00000170558/ENSG00000177707/ENSG00000185070",9
"GO:0010812","GO:0010812","negative regulation of cell-substrate adhesion","8/432","74/21468",0.108108108108108,5.37237237237237,5.39924427034233,0.000118947328337204,0.0037320895352133,0.00302436556714223,"ENSG00000047648/ENSG00000077942/ENSG00000108821/ENSG00000133110/ENSG00000144824/ENSG00000145675/ENSG00000157227/ENSG00000164741",8
"GO:0007416","GO:0007416","synapse assembly","17/432","297/21468",0.0572390572390572,2.84446315001871,4.58694457055714,0.000119109240485531,0.0037320895352133,0.00302436556714223,"ENSG00000005810/ENSG00000081189/ENSG00000081818/ENSG00000101463/ENSG00000118946/ENSG00000121904/ENSG00000131711/ENSG00000134569/ENSG00000140557/ENSG00000146006/ENSG00000146938/ENSG00000170558/ENSG00000172260/ENSG00000173114/ENSG00000177707/ENSG00000185070/ENSG00000186340",17
"GO:0035107","GO:0035107","appendage morphogenesis","12/432","164/21468",0.0731707317073171,3.63617886178862,4.8563747355973,0.000126251025837282,0.00389257162861507,0.00315441510449865,"ENSG00000005073/ENSG00000078399/ENSG00000099139/ENSG00000101115/ENSG00000122691/ENSG00000122707/ENSG00000124813/ENSG00000134569/ENSG00000159899/ENSG00000164107/ENSG00000168542/ENSG00000253293",12
"GO:0035108","GO:0035108","limb morphogenesis","12/432","164/21468",0.0731707317073171,3.63617886178862,4.8563747355973,0.000126251025837282,0.00389257162861507,0.00315441510449865,"ENSG00000005073/ENSG00000078399/ENSG00000099139/ENSG00000101115/ENSG00000122691/ENSG00000122707/ENSG00000124813/ENSG00000134569/ENSG00000159899/ENSG00000164107/ENSG00000168542/ENSG00000253293",12
"GO:0046847","GO:0046847","filopodium assembly","8/432","75/21468",0.106666666666667,5.30074074074074,5.34667787434115,0.000130843266567917,0.0039706295224626,0.0032176707161791,"ENSG00000009694/ENSG00000099250/ENSG00000117598/ENSG00000145675/ENSG00000145934/ENSG00000146122/ENSG00000147251/ENSG00000154783",8
"GO:0150116","GO:0150116","regulation of cell-substrate junction organization","8/432","75/21468",0.106666666666667,5.30074074074074,5.34667787434115,0.000130843266567917,0.0039706295224626,0.0032176707161791,"ENSG00000047648/ENSG00000073712/ENSG00000099250/ENSG00000128052/ENSG00000144824/ENSG00000145675/ENSG00000157227/ENSG00000164741",8
"GO:0007517","GO:0007517","muscle organ development","20/432","389/21468",0.051413881748072,2.5549842902028,4.43528748450447,0.000133934327569264,0.0040326788941558,0.00326795353534544,"ENSG00000006468/ENSG00000060718/ENSG00000065534/ENSG00000069431/ENSG00000081189/ENSG00000095587/ENSG00000112276/ENSG00000122691/ENSG00000135903/ENSG00000138435/ENSG00000149591/ENSG00000150347/ENSG00000152818/ENSG00000157168/ENSG00000160808/ENSG00000167244/ENSG00000168542/ENSG00000169946/ENSG00000172260/ENSG00000196569",20
"GO:0007492","GO:0007492","endoderm development","9/432","96/21468",0.09375,4.65885416666667,5.14877725756255,0.000137583544056791,0.00408657656736322,0.00331163047971122,"ENSG00000060718/ENSG00000111799/ENSG00000115414/ENSG00000122641/ENSG00000130635/ENSG00000144810/ENSG00000149948/ENSG00000157227/ENSG00000204262",9
"GO:0003180","GO:0003180","aortic valve morphogenesis","6/432","40/21468",0.15,7.45416666666667,5.85497875210433,0.000137874320118073,0.00408657656736322,0.00331163047971122,"ENSG00000122691/ENSG00000140937/ENSG00000145147/ENSG00000154736/ENSG00000163513/ENSG00000184347",6
"GO:0051962","GO:0051962","positive regulation of nervous system development","18/432","330/21468",0.0545454545454545,2.71060606060606,4.48767089243645,0.000138905430805548,0.00408657656736322,0.00331163047971122,"ENSG00000038427/ENSG00000099250/ENSG00000101463/ENSG00000107562/ENSG00000112531/ENSG00000112902/ENSG00000115414/ENSG00000131711/ENSG00000132386/ENSG00000140557/ENSG00000145147/ENSG00000146006/ENSG00000168959/ENSG00000173114/ENSG00000185070/ENSG00000186340/ENSG00000196549/ENSG00000277586",18
"GO:0070509","GO:0070509","calcium ion import","9/432","97/21468",0.0927835051546392,4.61082474226804,5.1077052222224,0.000149002743367881,0.00433465870823522,0.00351266828376093,"ENSG00000006283/ENSG00000058668/ENSG00000107562/ENSG00000118762/ENSG00000153956/ENSG00000155886/ENSG00000198523/ENSG00000203805/ENSG00000204442",9
"GO:0035988","GO:0035988","chondrocyte proliferation","5/432","26/21468",0.192307692307692,9.55662393162393,6.25608215933761,0.000149587339957261,0.00433465870823522,0.00351266828376093,"ENSG00000105664/ENSG00000149948/ENSG00000157227/ENSG00000159899/ENSG00000162733",5
"GO:0030900","GO:0030900","forebrain development","22/432","456/21468",0.0482456140350877,2.39753898635478,4.32273515216903,0.000156604847661635,0.00444280412935135,0.00360030586179375,"ENSG00000058668/ENSG00000075213/ENSG00000099250/ENSG00000107562/ENSG00000112902/ENSG00000122641/ENSG00000128573/ENSG00000136531/ENSG00000145147/ENSG00000147526/ENSG00000148516/ENSG00000149557/ENSG00000150764/ENSG00000163394/ENSG00000164741/ENSG00000166148/ENSG00000168542/ENSG00000170370/ENSG00000170558/ENSG00000173376/ENSG00000196159/ENSG00000277586",22
"GO:0007369","GO:0007369","gastrulation","14/432","220/21468",0.0636363636363636,3.16237373737374,4.61986239588797,0.000157906602453135,0.00444280412935135,0.00360030586179375,"ENSG00000005073/ENSG00000019144/ENSG00000060718/ENSG00000111799/ENSG00000115414/ENSG00000116729/ENSG00000122641/ENSG00000130635/ENSG00000144810/ENSG00000144824/ENSG00000149948/ENSG00000157227/ENSG00000163513/ENSG00000204262",14
"GO:0030323","GO:0030323","respiratory tube development","14/432","220/21468",0.0636363636363636,3.16237373737374,4.61986239588797,0.000157906602453135,0.00444280412935135,0.00360030586179375,"ENSG00000099139/ENSG00000101680/ENSG00000113578/ENSG00000128052/ENSG00000134853/ENSG00000140285/ENSG00000157227/ENSG00000163513/ENSG00000164161/ENSG00000168542/ENSG00000169946/ENSG00000183287/ENSG00000196549/ENSG00000197859",14
"GO:0010761","GO:0010761","fibroblast migration","7/432","58/21468",0.120689655172414,5.99760536398467,5.4615208088087,0.000157930504857586,0.00444280412935135,0.00360030586179375,"ENSG00000079308/ENSG00000107796/ENSG00000131016/ENSG00000150347/ENSG00000151422/ENSG00000162733/ENSG00000169554",7
"GO:0030282","GO:0030282","bone mineralization","11/432","144/21468",0.0763888888888889,3.79610339506173,4.82443107795789,0.000164244680498428,0.00455394963051037,0.00369037460839709,"ENSG00000081189/ENSG00000105664/ENSG00000106819/ENSG00000122691/ENSG00000124813/ENSG00000137745/ENSG00000142871/ENSG00000160801/ENSG00000162733/ENSG00000164692/ENSG00000177119",11
"GO:0042476","GO:0042476","odontogenesis","11/432","144/21468",0.0763888888888889,3.79610339506173,4.82443107795789,0.000164244680498428,0.00455394963051037,0.00369037460839709,"ENSG00000106819/ENSG00000108821/ENSG00000116729/ENSG00000122641/ENSG00000124813/ENSG00000134569/ENSG00000134853/ENSG00000154856/ENSG00000164107/ENSG00000164692/ENSG00000167749",11
"GO:0035860","GO:0035860","glial cell-derived neurotrophic factor receptor signaling pathway","4/432","15/21468",0.266666666666667,13.2518518518519,6.8021987991606,0.000185097942129958,0.00504976507732077,0.00409216753186319,"ENSG00000137573/ENSG00000157227/ENSG00000168621/ENSG00000196562",4
"GO:2001028","GO:2001028","positive regulation of endothelial cell chemotaxis","4/432","15/21468",0.266666666666667,13.2518518518519,6.8021987991606,0.000185097942129958,0.00504976507732077,0.00409216753186319,"ENSG00000112902/ENSG00000128052/ENSG00000184304/ENSG00000196468",4
"GO:0050921","GO:0050921","positive regulation of chemotaxis","12/432","171/21468",0.0701754385964912,3.48732943469786,4.67970114987372,0.000187031233483431,0.00504976507732077,0.00409216753186319,"ENSG00000099250/ENSG00000106538/ENSG00000107562/ENSG00000111859/ENSG00000112902/ENSG00000128052/ENSG00000134853/ENSG00000140945/ENSG00000145147/ENSG00000177119/ENSG00000184304/ENSG00000196468",12
"GO:0014910","GO:0014910","regulation of smooth muscle cell migration","9/432","100/21468",0.09,4.4725,4.98776849145382,0.000188107823533842,0.00504976507732077,0.00409216753186319,"ENSG00000081189/ENSG00000099250/ENSG00000104415/ENSG00000122861/ENSG00000123384/ENSG00000133110/ENSG00000136869/ENSG00000145147/ENSG00000162733",9
"GO:0003170","GO:0003170","heart valve development","8/432","79/21468",0.10126582278481,5.0323488045007,5.14543822005752,0.000188678300761336,0.00504976507732077,0.00409216753186319,"ENSG00000081189/ENSG00000122691/ENSG00000140937/ENSG00000142871/ENSG00000145147/ENSG00000154736/ENSG00000163513/ENSG00000184347",8
"GO:0051056","GO:0051056","regulation of small GTPase mediated signal transduction","18/432","339/21468",0.0530973451327434,2.63864306784661,4.3580349929401,0.000193689660917746,0.00514813760811719,0.00417188547327007,"ENSG00000031081/ENSG00000047648/ENSG00000099250/ENSG00000113319/ENSG00000134569/ENSG00000137727/ENSG00000138639/ENSG00000145147/ENSG00000147251/ENSG00000154783/ENSG00000156011/ENSG00000164741/ENSG00000165029/ENSG00000165801/ENSG00000168542/ENSG00000185989/ENSG00000197256/ENSG00000205726",18
"GO:0048008","GO:0048008","platelet-derived growth factor receptor signaling pathway","7/432","60/21468",0.116666666666667,5.79768518518518,5.33292277300804,0.00019598122455514,0.00517336739339391,0.00419233088143548,"ENSG00000099250/ENSG00000104213/ENSG00000123384/ENSG00000134853/ENSG00000150347/ENSG00000151422/ENSG00000243244",7
"GO:0022411","GO:0022411","cellular component disassembly","23/432","496/21468",0.0463709677419355,2.30437948028674,4.21183008417591,0.000198866752029059,0.00521382627428567,0.00422511745986551,"ENSG00000078098/ENSG00000090376/ENSG00000099953/ENSG00000111859/ENSG00000112902/ENSG00000123342/ENSG00000123384/ENSG00000131711/ENSG00000133816/ENSG00000137745/ENSG00000145675/ENSG00000148700/ENSG00000149968/ENSG00000151422/ENSG00000152527/ENSG00000154736/ENSG00000157227/ENSG00000162733/ENSG00000163431/ENSG00000167749/ENSG00000197635/ENSG00000243244/ENSG00000271601",23
"GO:0048588","GO:0048588","developmental cell growth","15/432","254/21468",0.0590551181102362,2.93471128608924,4.44495851100431,0.000211221874435493,0.00546506704171772,0.00442871491349424,"ENSG00000075213/ENSG00000099250/ENSG00000107562/ENSG00000112902/ENSG00000115414/ENSG00000117152/ENSG00000124785/ENSG00000131711/ENSG00000133110/ENSG00000140557/ENSG00000145147/ENSG00000159899/ENSG00000163513/ENSG00000182636/ENSG00000184347",15
"GO:2000146","GO:2000146","negative regulation of cell motility","21/432","434/21468",0.0483870967741935,2.40456989247312,4.23616878140845,0.000211285674420327,0.00546506704171772,0.00442871491349424,"ENSG00000011465/ENSG00000058668/ENSG00000077942/ENSG00000081189/ENSG00000091972/ENSG00000107562/ENSG00000111859/ENSG00000122707/ENSG00000123384/ENSG00000132386/ENSG00000137573/ENSG00000140937/ENSG00000144824/ENSG00000145147/ENSG00000164741/ENSG00000168542/ENSG00000169554/ENSG00000173482/ENSG00000174348/ENSG00000187098/ENSG00000197635",21
"GO:0003416","GO:0003416","endochondral bone growth","5/432","28/21468",0.178571428571429,8.87400793650794,5.9745946251289,0.00021621702605454,0.0055553361227613,0.00450186607932504,"ENSG00000105664/ENSG00000137745/ENSG00000159899/ENSG00000162733/ENSG00000163513",5
"GO:0010594","GO:0010594","regulation of endothelial cell migration","15/432","255/21468",0.0588235294117647,2.92320261437908,4.427311254875,0.000220384511323039,0.00562491328899995,0.0045582491815647,"ENSG00000011465/ENSG00000020181/ENSG00000058668/ENSG00000081189/ENSG00000099250/ENSG00000111961/ENSG00000112902/ENSG00000113578/ENSG00000128052/ENSG00000132386/ENSG00000145147/ENSG00000173482/ENSG00000183287/ENSG00000184304/ENSG00000196468",15
"GO:0090596","GO:0090596","sensory organ morphogenesis","17/432","314/21468",0.054140127388535,2.6904635527247,4.32434520952942,0.000230820721552565,0.00585252013726044,0.00474269446569572,"ENSG00000060718/ENSG00000109705/ENSG00000112320/ENSG00000112837/ENSG00000115380/ENSG00000117122/ENSG00000122691/ENSG00000128052/ENSG00000130635/ENSG00000144810/ENSG00000148516/ENSG00000164932/ENSG00000173482/ENSG00000177707/ENSG00000188133/ENSG00000197614/ENSG00000204262",17
"GO:0072537","GO:0072537","fibroblast activation","4/432","16/21468",0.25,12.4236111111111,6.5505154885108,0.000242888388645594,0.00611824738457594,0.00495803129763658,"ENSG00000107796/ENSG00000131016/ENSG00000162733/ENSG00000169554",4
"GO:0001704","GO:0001704","formation of primary germ layer","11/432","151/21468",0.0728476821192053,3.6201250919794,4.63013258959145,0.000248880486351744,0.00622847658701053,0.0050473575051649,"ENSG00000005073/ENSG00000060718/ENSG00000111799/ENSG00000115414/ENSG00000116729/ENSG00000122641/ENSG00000130635/ENSG00000144810/ENSG00000149948/ENSG00000157227/ENSG00000204262",11
"GO:0006929","GO:0006929","substrate-dependent cell migration","5/432","29/21468",0.172413793103448,8.56800766283525,5.84418924128892,0.000256976733276311,0.00634864314132631,0.00514473662368972,"ENSG00000077942/ENSG00000099250/ENSG00000115414/ENSG00000145147/ENSG00000243244",5
"GO:0060384","GO:0060384","innervation","5/432","29/21468",0.172413793103448,8.56800766283525,5.84418924128892,0.000256976733276311,0.00634864314132631,0.00514473662368972,"ENSG00000075213/ENSG00000099250/ENSG00000137573/ENSG00000159899/ENSG00000196562",5
"GO:0001953","GO:0001953","negative regulation of cell-matrix adhesion","6/432","45/21468",0.133333333333333,6.62592592592593,5.41384843489777,0.000268800813366026,0.00659846073065392,0.00534718077946363,"ENSG00000047648/ENSG00000133110/ENSG00000144824/ENSG00000145675/ENSG00000157227/ENSG00000164741",6
"GO:0008585","GO:0008585","female gonad development","9/432","105/21468",0.0857142857142857,4.25952380952381,4.79803771598672,0.000272103538417693,0.00663725972823916,0.0053786222417408,"ENSG00000122641/ENSG00000128052/ENSG00000134853/ENSG00000145147/ENSG00000150347/ENSG00000157227/ENSG00000159899/ENSG00000169946/ENSG00000184347",9
"GO:0060070","GO:0060070","canonical Wnt signaling pathway","18/432","351/21468",0.0512820512820513,2.54843304843305,4.19156157773237,0.000295600189869981,0.00716138921897341,0.00580335995758177,"ENSG00000020181/ENSG00000050165/ENSG00000108821/ENSG00000112837/ENSG00000112902/ENSG00000116729/ENSG00000122707/ENSG00000134569/ENSG00000144642/ENSG00000146122/ENSG00000150764/ENSG00000150907/ENSG00000153071/ENSG00000164932/ENSG00000169218/ENSG00000169554/ENSG00000170558/ENSG00000196562",18
"GO:0060326","GO:0060326","cell chemotaxis","19/432","382/21468",0.049738219895288,2.47171320535195,4.15914189865056,0.000297307284648611,0.00716138921897341,0.00580335995758177,"ENSG00000019991/ENSG00000099250/ENSG00000106538/ENSG00000107562/ENSG00000109743/ENSG00000111859/ENSG00000112902/ENSG00000113578/ENSG00000128052/ENSG00000129048/ENSG00000134853/ENSG00000145147/ENSG00000166086/ENSG00000177119/ENSG00000184304/ENSG00000196468/ENSG00000197635/ENSG00000197702/ENSG00000213949",19
"GO:0010463","GO:0010463","mesenchymal cell proliferation","6/432","46/21468",0.130434782608696,6.48188405797101,5.33365259609558,0.000303932317297506,0.00727549783145706,0.00589582991449296,"ENSG00000128052/ENSG00000131018/ENSG00000140285/ENSG00000148516/ENSG00000163513/ENSG00000164107",6
"GO:0003176","GO:0003176","aortic valve development","6/432","47/21468",0.127659574468085,6.34397163120567,5.25580414211623,0.000342564323829525,0.00811620526749501,0.00657711223572439,"ENSG00000122691/ENSG00000140937/ENSG00000145147/ENSG00000154736/ENSG00000163513/ENSG00000184347",6
"GO:0030336","GO:0030336","negative regulation of cell migration","20/432","418/21468",0.0478468899521531,2.37772461456672,4.0763407355179,0.000343264519616421,0.00811620526749501,0.00657711223572439,"ENSG00000011465/ENSG00000058668/ENSG00000081189/ENSG00000091972/ENSG00000107562/ENSG00000111859/ENSG00000122707/ENSG00000123384/ENSG00000132386/ENSG00000137573/ENSG00000140937/ENSG00000144824/ENSG00000145147/ENSG00000164741/ENSG00000168542/ENSG00000169554/ENSG00000173482/ENSG00000174348/ENSG00000187098/ENSG00000197635",20
"GO:0001101","GO:0001101","response to acid chemical","11/432","157/21468",0.0700636942675159,3.48177636234961,4.47256361024587,0.000348294891489963,0.00816061227578495,0.00661309824987134,"ENSG00000021826/ENSG00000058668/ENSG00000108821/ENSG00000118762/ENSG00000134853/ENSG00000148516/ENSG00000149968/ENSG00000164692/ENSG00000166148/ENSG00000168542/ENSG00000204262",11
"GO:0045667","GO:0045667","regulation of osteoblast differentiation","12/432","183/21468",0.0655737704918033,3.25865209471767,4.39727907138579,0.000349377536456802,0.00816061227578495,0.00661309824987134,"ENSG00000019991/ENSG00000073712/ENSG00000081189/ENSG00000104415/ENSG00000122691/ENSG00000124813/ENSG00000142871/ENSG00000162733/ENSG00000164107/ENSG00000164932/ENSG00000184304/ENSG00000233608",12
"GO:0098868","GO:0098868","bone growth","5/432","31/21468",0.161290322580645,8.01523297491039,5.6012752139432,0.000355720033135548,0.00825870486568916,0.00669258933616468,"ENSG00000105664/ENSG00000137745/ENSG00000159899/ENSG00000162733/ENSG00000163513",5
"GO:0046545","GO:0046545","development of primary female sexual characteristics","9/432","109/21468",0.0825688073394495,4.10321100917431,4.65457538957961,0.000359799533045828,0.0082624396908406,0.0066956159185874,"ENSG00000122641/ENSG00000128052/ENSG00000134853/ENSG00000145147/ENSG00000150347/ENSG00000157227/ENSG00000159899/ENSG00000169946/ENSG00000184347",9
"GO:0048863","GO:0048863","stem cell differentiation","15/432","267/21468",0.0561797752808989,2.791822721598,4.22200231985615,0.000360168621707634,0.0082624396908406,0.0066956159185874,"ENSG00000075213/ENSG00000081189/ENSG00000099250/ENSG00000112902/ENSG00000115414/ENSG00000122691/ENSG00000124813/ENSG00000134853/ENSG00000149948/ENSG00000153993/ENSG00000157168/ENSG00000163513/ENSG00000164107/ENSG00000168621/ENSG00000170558",15
"GO:0035051","GO:0035051","cardiocyte differentiation","12/432","184/21468",0.0652173913043478,3.24094202898551,4.37480680272,0.000367107426490516,0.00837178711061803,0.00678422755775372,"ENSG00000081189/ENSG00000112276/ENSG00000112837/ENSG00000117152/ENSG00000122641/ENSG00000122691/ENSG00000131018/ENSG00000134775/ENSG00000134853/ENSG00000136383/ENSG00000157168/ENSG00000164107",12
"GO:0048701","GO:0048701","embryonic cranial skeleton morphogenesis","6/432","48/21468",0.125,6.21180555555556,5.18018250017649,0.000384935641612439,0.008634406284712,0.00699704570691845,"ENSG00000092607/ENSG00000122691/ENSG00000124813/ENSG00000134853/ENSG00000157227/ENSG00000163513",6
"GO:1902622","GO:1902622","regulation of neutrophil migration","6/432","48/21468",0.125,6.21180555555556,5.18018250017649,0.000384935641612439,0.008634406284712,0.00699704570691845,"ENSG00000109743/ENSG00000115594/ENSG00000124343/ENSG00000145147/ENSG00000166086/ENSG00000197635",6
"GO:1902903","GO:1902903","regulation of supramolecular fiber organization","21/432","454/21468",0.0462555066079295,2.29864170337739,4.0078261835839,0.000385344546178117,0.008634406284712,0.00699704570691845,"ENSG00000009694/ENSG00000047648/ENSG00000073712/ENSG00000099250/ENSG00000106624/ENSG00000107562/ENSG00000112902/ENSG00000117152/ENSG00000131711/ENSG00000144824/ENSG00000145147/ENSG00000145675/ENSG00000146122/ENSG00000148700/ENSG00000151422/ENSG00000152527/ENSG00000163431/ENSG00000164741/ENSG00000183853/ENSG00000184304/ENSG00000197256",21
"GO:0099173","GO:0099173","postsynapse organization","15/432","269/21468",0.0557620817843866,2.77106567534077,4.18889128528447,0.000389657707677701,0.00868058269011479,0.00703446558369175,"ENSG00000099250/ENSG00000101463/ENSG00000111859/ENSG00000117600/ENSG00000121904/ENSG00000131711/ENSG00000134569/ENSG00000146006/ENSG00000146938/ENSG00000168621/ENSG00000170558/ENSG00000177707/ENSG00000182771/ENSG00000185070/ENSG00000277586",15
"GO:0008064","GO:0008064","regulation of actin polymerization or depolymerization","11/432","160/21468",0.06875,3.41649305555556,4.39663253314252,0.000409361758311832,0.009066665426576,0.0073473346408792,"ENSG00000009694/ENSG00000107562/ENSG00000112902/ENSG00000145147/ENSG00000146122/ENSG00000148700/ENSG00000151422/ENSG00000152527/ENSG00000163431/ENSG00000183853/ENSG00000197256",11
"GO:0071229","GO:0071229","cellular response to acid chemical","9/432","111/21468",0.0810810810810811,4.02927927927928,4.58539391454521,0.00041169342232766,0.009066665426576,0.0073473346408792,"ENSG00000108821/ENSG00000118762/ENSG00000134853/ENSG00000148516/ENSG00000149968/ENSG00000164692/ENSG00000166148/ENSG00000168542/ENSG00000204262",9
"GO:0048592","GO:0048592","eye morphogenesis","12/432","187/21468",0.0641711229946524,3.18894830659537,4.30830323914179,0.000424931152000204,0.00925245570513438,0.00749789311914722,"ENSG00000115380/ENSG00000117122/ENSG00000122691/ENSG00000128052/ENSG00000130635/ENSG00000144810/ENSG00000148516/ENSG00000173482/ENSG00000177707/ENSG00000188133/ENSG00000197614/ENSG00000204262",12
"GO:1990138","GO:1990138","neuron projection extension","12/432","187/21468",0.0641711229946524,3.18894830659537,4.30830323914179,0.000424931152000204,0.00925245570513438,0.00749789311914722,"ENSG00000075213/ENSG00000099250/ENSG00000107562/ENSG00000112902/ENSG00000115414/ENSG00000124785/ENSG00000131711/ENSG00000133110/ENSG00000140557/ENSG00000145147/ENSG00000182636/ENSG00000184347",12
"GO:0048754","GO:0048754","branching morphogenesis of an epithelial tube","12/432","188/21468",0.0638297872340425,3.17198581560284,4.2864332786853,0.000445837535208361,0.00965313404883722,0.00782258998795511,"ENSG00000005073/ENSG00000099250/ENSG00000101680/ENSG00000113578/ENSG00000118762/ENSG00000128052/ENSG00000145147/ENSG00000153976/ENSG00000157227/ENSG00000163513/ENSG00000164161/ENSG00000168621",12
"GO:0031346","GO:0031346","positive regulation of cell projection organization","19/432","395/21468",0.0481012658227848,2.39036568213783,3.996781205152,0.000449405089530582,0.009676017961178,0.0078411343759908,"ENSG00000009694/ENSG00000099250/ENSG00000107562/ENSG00000111859/ENSG00000112902/ENSG00000115414/ENSG00000117598/ENSG00000131711/ENSG00000132386/ENSG00000145147/ENSG00000145675/ENSG00000145934/ENSG00000147251/ENSG00000149557/ENSG00000162733/ENSG00000172260/ENSG00000173376/ENSG00000184304/ENSG00000277586",19
"GO:0030324","GO:0030324","lung development","13/432","216/21468",0.0601851851851852,2.99086934156379,4.21420541841437,0.000459106770192195,0.00982998606844845,0.0079659051880716,"ENSG00000101680/ENSG00000113578/ENSG00000128052/ENSG00000134853/ENSG00000140285/ENSG00000157227/ENSG00000163513/ENSG00000164161/ENSG00000168542/ENSG00000169946/ENSG00000183287/ENSG00000196549/ENSG00000197859",13
"GO:0043010","GO:0043010","camera-type eye development","19/432","396/21468",0.047979797979798,2.38432940516274,3.98455777790374,0.000463497425959278,0.00986916618589535,0.00799765549765152,"ENSG00000058668/ENSG00000080200/ENSG00000099250/ENSG00000101680/ENSG00000115380/ENSG00000122641/ENSG00000122691/ENSG00000128052/ENSG00000132386/ENSG00000134853/ENSG00000144810/ENSG00000148516/ENSG00000163513/ENSG00000165633/ENSG00000173482/ENSG00000177707/ENSG00000178573/ENSG00000181541/ENSG00000187098",19
"GO:0009612","GO:0009612","response to mechanical stimulus","14/432","245/21468",0.0571428571428571,2.83968253968254,4.15019508886681,0.000473615970854212,0.0100292085256711,0.00812734867278455,"ENSG00000006468/ENSG00000060718/ENSG00000107562/ENSG00000108821/ENSG00000118762/ENSG00000131711/ENSG00000133110/ENSG00000134138/ENSG00000136869/ENSG00000145390/ENSG00000157227/ENSG00000162733/ENSG00000169432/ENSG00000170558",14
"GO:0001649","GO:0001649","osteoblast differentiation","16/432","304/21468",0.0526315789473684,2.61549707602339,4.06527624408332,0.000476837359761922,0.0100364397820513,0.00813320865084702,"ENSG00000019991/ENSG00000038427/ENSG00000073712/ENSG00000081189/ENSG00000104415/ENSG00000108821/ENSG00000122691/ENSG00000124813/ENSG00000142871/ENSG00000160801/ENSG00000162733/ENSG00000164107/ENSG00000164932/ENSG00000167244/ENSG00000184304/ENSG00000233608",16
"GO:0030832","GO:0030832","regulation of actin filament length","11/432","163/21468",0.0674846625766871,3.35361281526926,4.32249026172366,0.000479165780980134,0.0100364397820513,0.00813320865084702,"ENSG00000009694/ENSG00000107562/ENSG00000112902/ENSG00000145147/ENSG00000146122/ENSG00000148700/ENSG00000151422/ENSG00000152527/ENSG00000163431/ENSG00000183853/ENSG00000197256",11
"GO:0003417","GO:0003417","growth plate cartilage development","4/432","19/21468",0.210526315789474,10.4619883040936,5.91291523564393,0.000493113098553576,0.0102727453071648,0.00832470306349053,"ENSG00000105664/ENSG00000137745/ENSG00000159899/ENSG00000163513",4
"GO:0035904","GO:0035904","aorta development","7/432","70/21468",0.1,4.96944444444444,4.76692289119002,0.000512139617433911,0.0104988621573952,0.00850794090104375,"ENSG00000049192/ENSG00000065534/ENSG00000118762/ENSG00000123384/ENSG00000129038/ENSG00000163513/ENSG00000168542",7
"GO:0051893","GO:0051893","regulation of focal adhesion assembly","7/432","70/21468",0.1,4.96944444444444,4.76692289119002,0.000512139617433911,0.0104988621573952,0.00850794090104375,"ENSG00000047648/ENSG00000073712/ENSG00000099250/ENSG00000128052/ENSG00000144824/ENSG00000157227/ENSG00000164741",7
"GO:0090109","GO:0090109","regulation of cell-substrate junction assembly","7/432","70/21468",0.1,4.96944444444444,4.76692289119002,0.000512139617433911,0.0104988621573952,0.00850794090104375,"ENSG00000047648/ENSG00000073712/ENSG00000099250/ENSG00000128052/ENSG00000144824/ENSG00000157227/ENSG00000164741",7
"GO:0003279","GO:0003279","cardiac septum development","9/432","115/21468",0.0782608695652174,3.88913043478261,4.45176868182129,0.000534029106747889,0.01088967289633,0.00882464137967689,"ENSG00000049192/ENSG00000099250/ENSG00000101115/ENSG00000142871/ENSG00000145147/ENSG00000163513/ENSG00000169946/ENSG00000184347/ENSG00000197702",9
"GO:0035265","GO:0035265","organ growth","12/432","193/21468",0.0621761658031088,3.08981001727116,4.17923360292586,0.000563853630393547,0.0114373257449302,0.0092684416696823,"ENSG00000081189/ENSG00000105664/ENSG00000117152/ENSG00000137745/ENSG00000140285/ENSG00000146938/ENSG00000157168/ENSG00000159899/ENSG00000162733/ENSG00000163513/ENSG00000167244/ENSG00000169946",12
"GO:1905314","GO:1905314","semi-lunar valve development","6/432","52/21468",0.115384615384615,5.73397435897436,4.89783741494536,0.000596871188619046,0.0119569427116603,0.0096895225809128,"ENSG00000122691/ENSG00000140937/ENSG00000145147/ENSG00000154736/ENSG00000163513/ENSG00000184347",6
"GO:0048841","GO:0048841","regulation of axon extension involved in axon guidance","4/432","20/21468",0.2,9.93888888888889,5.73127314451415,0.00060665500856125,0.0119569427116603,0.0096895225809128,"ENSG00000075213/ENSG00000099250/ENSG00000107562/ENSG00000112902",4
"GO:0051895","GO:0051895","negative regulation of focal adhesion assembly","4/432","20/21468",0.2,9.93888888888889,5.73127314451415,0.00060665500856125,0.0119569427116603,0.0096895225809128,"ENSG00000047648/ENSG00000144824/ENSG00000157227/ENSG00000164741",4
"GO:0061298","GO:0061298","retina vasculature development in camera-type eye","4/432","20/21468",0.2,9.93888888888889,5.73127314451415,0.00060665500856125,0.0119569427116603,0.0096895225809128,"ENSG00000099250/ENSG00000101680/ENSG00000134853/ENSG00000165633",4
"GO:0150118","GO:0150118","negative regulation of cell-substrate junction organization","4/432","20/21468",0.2,9.93888888888889,5.73127314451415,0.00060665500856125,0.0119569427116603,0.0096895225809128,"ENSG00000047648/ENSG00000144824/ENSG00000157227/ENSG00000164741",4
"GO:0003208","GO:0003208","cardiac ventricle morphogenesis","7/432","72/21468",0.0972222222222222,4.83140432098765,4.66663580405331,0.000608085306560824,0.0119569427116603,0.0096895225809128,"ENSG00000060718/ENSG00000081189/ENSG00000157168/ENSG00000160808/ENSG00000163513/ENSG00000164107/ENSG00000169946",7
"GO:0055123","GO:0055123","digestive system development","11/432","169/21468",0.0650887573964497,3.23454963839579,4.17926319735471,0.000648880402503934,0.0126302276325766,0.0102351310697989,"ENSG00000021826/ENSG00000099139/ENSG00000106538/ENSG00000109705/ENSG00000116729/ENSG00000134853/ENSG00000136161/ENSG00000159899/ENSG00000166250/ENSG00000167244/ENSG00000168542",11
"GO:0072006","GO:0072006","nephron development","11/432","169/21468",0.0650887573964497,3.23454963839579,4.17926319735471,0.000648880402503934,0.0126302276325766,0.0102351310697989,"ENSG00000005073/ENSG00000081189/ENSG00000107796/ENSG00000113578/ENSG00000118762/ENSG00000134853/ENSG00000137573/ENSG00000153976/ENSG00000162849/ENSG00000168621/ENSG00000196562",11
"GO:0021537","GO:0021537","telencephalon development","16/432","314/21468",0.0509554140127389,2.53220099079972,3.91949652148462,0.000676082483205716,0.0130935773380645,0.010610614798579,"ENSG00000058668/ENSG00000075213/ENSG00000107562/ENSG00000122641/ENSG00000128573/ENSG00000136531/ENSG00000145147/ENSG00000147526/ENSG00000149557/ENSG00000150764/ENSG00000166148/ENSG00000168542/ENSG00000170370/ENSG00000170558/ENSG00000196159/ENSG00000277586",16
"GO:0035115","GO:0035115","embryonic forelimb morphogenesis","5/432","36/21468",0.138888888888889,6.90200617283951,5.07885167810149,0.00072676467775928,0.0139350799407177,0.0112925414973123,"ENSG00000005073/ENSG00000078399/ENSG00000122691/ENSG00000122707/ENSG00000124813",5
"GO:0048048","GO:0048048","embryonic eye morphogenesis","5/432","36/21468",0.138888888888889,6.90200617283951,5.07885167810149,0.00072676467775928,0.0139350799407177,0.0112925414973123,"ENSG00000115380/ENSG00000117122/ENSG00000122691/ENSG00000148516/ENSG00000197614",5
"GO:0010517","GO:0010517","regulation of phospholipase activity","4/432","21/21468",0.19047619047619,9.46560846560847,5.56199405642311,0.000737568130769893,0.014002894462991,0.0113474962094595,"ENSG00000047648/ENSG00000123384/ENSG00000127472/ENSG00000153246",4
"GO:2001044","GO:2001044","regulation of integrin-mediated signaling pathway","4/432","21/21468",0.19047619047619,9.46560846560847,5.56199405642311,0.000737568130769893,0.014002894462991,0.0113474962094595,"ENSG00000101680/ENSG00000109743/ENSG00000184304/ENSG00000196569",4
"GO:0048675","GO:0048675","axon extension","9/432","121/21468",0.0743801652892562,3.69628099173554,4.26221526957783,0.000772096432946156,0.0145865669243847,0.0118204856375193,"ENSG00000075213/ENSG00000099250/ENSG00000107562/ENSG00000112902/ENSG00000115414/ENSG00000131711/ENSG00000145147/ENSG00000182636/ENSG00000184347",9
"GO:0060411","GO:0060411","cardiac septum morphogenesis","7/432","75/21468",0.0933333333333333,4.63814814814815,4.52294322766561,0.000778194292761234,0.0146300527039112,0.0118557251174459,"ENSG00000099250/ENSG00000142871/ENSG00000145147/ENSG00000163513/ENSG00000169946/ENSG00000184347/ENSG00000197702",7
"GO:0050918","GO:0050918","positive chemotaxis","8/432","98/21468",0.0816326530612245,4.05668934240363,4.34618341273796,0.000817460099306671,0.0151781690397931,0.0122999010026674,"ENSG00000019991/ENSG00000099250/ENSG00000107562/ENSG00000112902/ENSG00000128052/ENSG00000140285/ENSG00000140945/ENSG00000168621",8
"GO:2000027","GO:2000027","regulation of animal organ morphogenesis","8/432","98/21468",0.0816326530612245,4.05668934240363,4.34618341273796,0.000817460099306671,0.0151781690397931,0.0122999010026674,"ENSG00000005073/ENSG00000019991/ENSG00000113578/ENSG00000124813/ENSG00000137573/ENSG00000140285/ENSG00000154856/ENSG00000168621",8
"GO:0090092","GO:0090092","regulation of transmembrane receptor protein serine/threonine kinase signaling pathway","17/432","351/21468",0.0484330484330484,2.40685343463121,3.80830983171564,0.000819164286527496,0.0151781690397931,0.0122999010026674,"ENSG00000050165/ENSG00000102935/ENSG00000106819/ENSG00000122641/ENSG00000123384/ENSG00000128045/ENSG00000128052/ENSG00000134986/ENSG00000137573/ENSG00000142871/ENSG00000148516/ENSG00000153071/ENSG00000163430/ENSG00000163513/ENSG00000169554/ENSG00000180875/ENSG00000197859",17
"GO:0010959","GO:0010959","regulation of metal ion transport","20/432","449/21468",0.044543429844098,2.21356099975254,3.72412909323905,0.000840416907593665,0.0153897507748371,0.0124713600494201,"ENSG00000058668/ENSG00000065534/ENSG00000069431/ENSG00000070808/ENSG00000101198/ENSG00000103888/ENSG00000107562/ENSG00000117152/ENSG00000118762/ENSG00000124942/ENSG00000137672/ENSG00000144935/ENSG00000152818/ENSG00000153956/ENSG00000177119/ENSG00000182901/ENSG00000184304/ENSG00000188580/ENSG00000198523/ENSG00000203805",20
"GO:1904018","GO:1904018","positive regulation of vasculature development","12/432","202/21468",0.0594059405940594,2.95214521452145,3.99476164016431,0.000842540031987262,0.0153897507748371,0.0124713600494201,"ENSG00000099250/ENSG00000107562/ENSG00000111961/ENSG00000112902/ENSG00000113578/ENSG00000122691/ENSG00000128052/ENSG00000148848/ENSG00000149948/ENSG00000163513/ENSG00000183287/ENSG00000184304",12
"GO:0061035","GO:0061035","regulation of cartilage development","7/432","76/21468",0.0921052631578947,4.57711988304094,4.47672654554193,0.000842562899193211,0.0153897507748371,0.0124713600494201,"ENSG00000005073/ENSG00000104415/ENSG00000109705/ENSG00000115380/ENSG00000124813/ENSG00000142871/ENSG00000178573",7
"GO:1903522","GO:1903522","regulation of blood circulation","15/432","290/21468",0.0517241379310345,2.57040229885058,3.85845482423704,0.000846886572846814,0.0153957587346775,0.0124762287072319,"ENSG00000006283/ENSG00000058668/ENSG00000069431/ENSG00000112276/ENSG00000112837/ENSG00000117152/ENSG00000144935/ENSG00000145244/ENSG00000148700/ENSG00000153956/ENSG00000160808/ENSG00000165124/ENSG00000166148/ENSG00000178394/ENSG00000198523",15
"GO:0031032","GO:0031032","actomyosin structure organization","13/432","231/21468",0.0562770562770563,2.79665704665705,3.93432798472328,0.000859708485382969,0.0155554765383379,0.012605658888714,"ENSG00000047648/ENSG00000073712/ENSG00000079819/ENSG00000099250/ENSG00000128591/ENSG00000134775/ENSG00000134853/ENSG00000144824/ENSG00000145675/ENSG00000163431/ENSG00000164741/ENSG00000169554/ENSG00000184304",13
"GO:0090263","GO:0090263","positive regulation of canonical Wnt signaling pathway","9/432","123/21468",0.0731707317073171,3.63617886178862,4.20170270173058,0.000868382954917928,0.0156390089170733,0.0126733508472282,"ENSG00000020181/ENSG00000108821/ENSG00000112902/ENSG00000116729/ENSG00000122707/ENSG00000146122/ENSG00000169218/ENSG00000169554/ENSG00000196562",9
"GO:0035733","GO:0035733","hepatic stellate cell activation","3/432","10/21468",0.3,14.9083333333333,6.30414858461894,0.000874015422167591,0.0156672345908553,0.0126962240272766,"ENSG00000107796/ENSG00000131016/ENSG00000162733",3
"GO:0048485","GO:0048485","sympathetic nervous system development","4/432","22/21468",0.181818181818182,9.03535353535354,5.40367411203567,0.000887252161247537,0.0158029336317075,0.0128061901743305,"ENSG00000075213/ENSG00000099250/ENSG00000164107/ENSG00000168621",4
"GO:0032330","GO:0032330","regulation of chondrocyte differentiation","6/432","56/21468",0.107142857142857,5.32440476190476,4.64341717638705,0.000889786351344195,0.0158029336317075,0.0128061901743305,"ENSG00000005073/ENSG00000104415/ENSG00000109705/ENSG00000115380/ENSG00000124813/ENSG00000178573",6
"GO:0048738","GO:0048738","cardiac muscle tissue development","14/432","262/21468",0.0534351145038168,2.65542832909245,3.86347067847861,0.000913826597903201,0.0161554482032979,0.0130918566681738,"ENSG00000006283/ENSG00000060718/ENSG00000081189/ENSG00000112276/ENSG00000112837/ENSG00000117152/ENSG00000131018/ENSG00000134775/ENSG00000134853/ENSG00000136383/ENSG00000157168/ENSG00000160808/ENSG00000169946/ENSG00000198523",14
"GO:0032535","GO:0032535","regulation of cellular component size","18/432","387/21468",0.0465116279069767,2.31136950904393,3.73061928067498,0.000926322747179133,0.0163015884366593,0.0132102840224969,"ENSG00000009694/ENSG00000075213/ENSG00000099250/ENSG00000107562/ENSG00000112902/ENSG00000115414/ENSG00000131711/ENSG00000145147/ENSG00000146122/ENSG00000148700/ENSG00000151422/ENSG00000152527/ENSG00000163431/ENSG00000177119/ENSG00000183853/ENSG00000184304/ENSG00000197256/ENSG00000277586",18
"GO:0051147","GO:0051147","regulation of muscle cell differentiation","11/432","177/21468",0.0621468926553672,3.088355304457,3.99796477585791,0.000950425563974337,0.0166497278343504,0.0134924050158462,"ENSG00000081189/ENSG00000101680/ENSG00000117152/ENSG00000123095/ENSG00000148516/ENSG00000157168/ENSG00000157227/ENSG00000160539/ENSG00000167244/ENSG00000184304/ENSG00000196569",11
"GO:0002040","GO:0002040","sprouting angiogenesis","12/432","205/21468",0.0585365853658537,2.90894308943089,3.93553349101724,0.000957784557760696,0.01670272255932,0.0135353502399428,"ENSG00000020181/ENSG00000099250/ENSG00000112902/ENSG00000113578/ENSG00000122707/ENSG00000128052/ENSG00000140945/ENSG00000145147/ENSG00000165633/ENSG00000183287/ENSG00000188133/ENSG00000197702",12
"GO:1901890","GO:1901890","positive regulation of cell junction assembly","9/432","125/21468",0.072,3.578,4.14243934273732,0.000974208466036869,0.0168996207884164,0.013694910244785,"ENSG00000073712/ENSG00000099250/ENSG00000101463/ENSG00000128052/ENSG00000140557/ENSG00000146006/ENSG00000173114/ENSG00000185070/ENSG00000186340",9
"GO:0035272","GO:0035272","exocrine system development","6/432","57/21468",0.105263157894737,5.23099415204678,4.58360672181258,0.000977845209085847,0.0168996207884164,0.013694910244785,"ENSG00000019991/ENSG00000099250/ENSG00000101680/ENSG00000116729/ENSG00000140285/ENSG00000167244",6
"GO:0007179","GO:0007179","transforming growth factor beta receptor signaling pathway","14/432","265/21468",0.0528301886792453,2.62536687631027,3.81523818149565,0.00101942650973571,0.0175395971808992,0.014213526571362,"ENSG00000050165/ENSG00000073712/ENSG00000106819/ENSG00000119681/ENSG00000122176/ENSG00000128045/ENSG00000134986/ENSG00000148516/ENSG00000153071/ENSG00000163513/ENSG00000164692/ENSG00000168542/ENSG00000169554/ENSG00000197859",14
"GO:0046660","GO:0046660","female sex differentiation","9/432","126/21468",0.0714285714285714,3.54960317460317,4.11326108216052,0.00103091167743579,0.0176583715770557,0.0143097775296,"ENSG00000122641/ENSG00000128052/ENSG00000134853/ENSG00000145147/ENSG00000150347/ENSG00000157227/ENSG00000159899/ENSG00000169946/ENSG00000184347",9
"GO:1904888","GO:1904888","cranial skeletal system development","7/432","79/21468",0.0886075949367089,4.40330520393812,4.34275344715179,0.00106118078921402,0.0180427182051306,0.0146212397002766,"ENSG00000053254/ENSG00000092607/ENSG00000122691/ENSG00000124813/ENSG00000134853/ENSG00000157227/ENSG00000163513",7
"GO:0061337","GO:0061337","cardiac conduction","8/432","102/21468",0.0784313725490196,3.89760348583878,4.20361951706439,0.00106271329334838,0.0180427182051306,0.0146212397002766,"ENSG00000006283/ENSG00000058668/ENSG00000069431/ENSG00000112837/ENSG00000144935/ENSG00000145244/ENSG00000153956/ENSG00000198523",8
"GO:0007163","GO:0007163","establishment or maintenance of cell polarity","13/432","239/21468",0.0543933054393305,2.70304509530451,3.79407839578356,0.00117283801403895,0.0197518641830674,0.0160062767408191,"ENSG00000101680/ENSG00000111962/ENSG00000116117/ENSG00000131711/ENSG00000135835/ENSG00000144824/ENSG00000149557/ENSG00000150672/ENSG00000151914/ENSG00000162849/ENSG00000166025/ENSG00000166086/ENSG00000197702",13
"GO:0060047","GO:0060047","heart contraction","14/432","269/21468",0.0520446096654275,2.58632796365138,3.75195311786718,0.00117603186518656,0.0197518641830674,0.0160062767408191,"ENSG00000006283/ENSG00000058668/ENSG00000069431/ENSG00000112276/ENSG00000112837/ENSG00000117152/ENSG00000136531/ENSG00000144935/ENSG00000145244/ENSG00000153956/ENSG00000160808/ENSG00000166148/ENSG00000169432/ENSG00000198523",14
"GO:0032060","GO:0032060","bleb assembly","3/432","11/21468",0.272727272727273,13.5530303030303,5.96769185033456,0.00118388184387353,0.0197518641830674,0.0160062767408191,"ENSG00000065534/ENSG00000134531/ENSG00000177119",3
"GO:0097104","GO:0097104","postsynaptic membrane assembly","3/432","11/21468",0.272727272727273,13.5530303030303,5.96769185033456,0.00118388184387353,0.0197518641830674,0.0160062767408191,"ENSG00000134569/ENSG00000146938/ENSG00000170558",3
"GO:0050890","GO:0050890","cognition","18/432","396/21468",0.0454545454545455,2.25883838383838,3.62335312299268,0.00120020535351507,0.0199378941053753,0.0161570294186897,"ENSG00000081189/ENSG00000106236/ENSG00000111859/ENSG00000112320/ENSG00000118515/ENSG00000132386/ENSG00000134121/ENSG00000134138/ENSG00000136531/ENSG00000146938/ENSG00000155886/ENSG00000155966/ENSG00000156395/ENSG00000158352/ENSG00000166342/ENSG00000168959/ENSG00000196549/ENSG00000198523",18
"GO:0010715","GO:0010715","regulation of extracellular matrix disassembly","4/432","24/21468",0.166666666666667,8.28240740740741,5.11533008704914,0.00124855134369409,0.0206520037708027,0.0167357209701395,"ENSG00000078098/ENSG00000123384/ENSG00000162733/ENSG00000197635",4
"GO:0007266","GO:0007266","Rho protein signal transduction","10/432","156/21468",0.0641025641025641,3.18554131054131,3.92604420990756,0.00126753636913898,0.0208764323361608,0.0169175906758225,"ENSG00000047648/ENSG00000099250/ENSG00000137727/ENSG00000140945/ENSG00000147251/ENSG00000164692/ENSG00000164741/ENSG00000165029/ENSG00000168542/ENSG00000197256",10
"GO:0003151","GO:0003151","outflow tract morphogenesis","7/432","82/21468",0.0853658536585366,4.24220867208672,4.21530572668109,0.00132204826052128,0.0215897203222416,0.017495616364704,"ENSG00000081189/ENSG00000099250/ENSG00000122691/ENSG00000163513/ENSG00000164107/ENSG00000169946/ENSG00000197702",7
"GO:0048644","GO:0048644","muscle organ morphogenesis","7/432","82/21468",0.0853658536585366,4.24220867208672,4.21530572668109,0.00132204826052128,0.0215897203222416,0.017495616364704,"ENSG00000060718/ENSG00000065534/ENSG00000150347/ENSG00000157168/ENSG00000160808/ENSG00000168542/ENSG00000169946",7
"GO:0060541","GO:0060541","respiratory system development","13/432","243/21468",0.0534979423868313,2.65855052583448,3.72609534961444,0.00136200017115097,0.0221483065806575,0.0179482767390847,"ENSG00000101680/ENSG00000113578/ENSG00000128052/ENSG00000134853/ENSG00000140285/ENSG00000157227/ENSG00000163513/ENSG00000164161/ENSG00000168542/ENSG00000169946/ENSG00000183287/ENSG00000196549/ENSG00000197859",13
"GO:0070372","GO:0070372","regulation of ERK1 and ERK2 cascade","16/432","336/21468",0.0476190476190476,2.36640211640212,3.61762739847675,0.00137528648588644,0.0222703954479258,0.0180472136383241,"ENSG00000073712/ENSG00000077942/ENSG00000099250/ENSG00000107796/ENSG00000113578/ENSG00000115414/ENSG00000122641/ENSG00000127472/ENSG00000128052/ENSG00000131016/ENSG00000134853/ENSG00000136869/ENSG00000142871/ENSG00000153071/ENSG00000157168/ENSG00000164107",16
"GO:0038084","GO:0038084","vascular endothelial growth factor signaling pathway","6/432","61/21468",0.0983606557377049,4.8879781420765,4.35769467824939,0.00139876078466036,0.0225557492220964,0.0182784551776582,"ENSG00000011465/ENSG00000020181/ENSG00000099250/ENSG00000128052/ENSG00000134853/ENSG00000183287",6
"GO:0050770","GO:0050770","regulation of axonogenesis","10/432","159/21468",0.0628930817610063,3.12543675751223,3.85488285550273,0.00146267703884514,0.0234881554487883,0.019034047255498,"ENSG00000075213/ENSG00000099250/ENSG00000107562/ENSG00000111962/ENSG00000112902/ENSG00000115414/ENSG00000131711/ENSG00000134569/ENSG00000145147/ENSG00000277586",10
"GO:0003163","GO:0003163","sinoatrial node development","3/432","12/21468",0.25,12.4236111111111,5.67238400128026,0.00155503542893491,0.0247649030707237,0.0200686825474113,"ENSG00000006283/ENSG00000112276/ENSG00000112837",3
"GO:0042447","GO:0042447","hormone catabolic process","3/432","12/21468",0.25,12.4236111111111,5.67238400128026,0.00155503542893491,0.0247649030707237,0.0200686825474113,"ENSG00000025423/ENSG00000196549/ENSG00000198189",3
"GO:0003015","GO:0003015","heart process","14/432","278/21468",0.0503597122302158,2.50259792166267,3.61364656529993,0.00160328202129325,0.0254281848150789,0.0206061847830932,"ENSG00000006283/ENSG00000058668/ENSG00000069431/ENSG00000112276/ENSG00000112837/ENSG00000117152/ENSG00000136531/ENSG00000144935/ENSG00000145244/ENSG00000153956/ENSG00000160808/ENSG00000166148/ENSG00000169432/ENSG00000198523",14
"GO:0051897","GO:0051897","positive regulation of phosphatidylinositol 3-kinase/protein kinase B signal transduction","12/432","218/21468",0.055045871559633,2.73547400611621,3.69073499949008,0.00161977041874997,0.0255844065322229,0.0207327818482794,"ENSG00000011465/ENSG00000019991/ENSG00000073712/ENSG00000107731/ENSG00000112902/ENSG00000115414/ENSG00000128052/ENSG00000134853/ENSG00000151422/ENSG00000162733/ENSG00000167244/ENSG00000184304",12
"GO:0010762","GO:0010762","regulation of fibroblast migration","5/432","43/21468",0.116279069767442,5.77842377260982,4.49473865941037,0.00165388058610585,0.0259287149876914,0.0210117983690166,"ENSG00000107796/ENSG00000131016/ENSG00000151422/ENSG00000162733/ENSG00000169554",5
"GO:0034332","GO:0034332","adherens junction organization","6/432","63/21468",0.0952380952380952,4.73280423280423,4.25200574893856,0.00165502436091647,0.0259287149876914,0.0210117983690166,"ENSG00000073712/ENSG00000140937/ENSG00000140945/ENSG00000151422/ENSG00000166086/ENSG00000170558",6
"GO:0030326","GO:0030326","embryonic limb morphogenesis","9/432","135/21468",0.0666666666666667,3.31296296296296,3.86327449220751,0.00167140240131295,0.0259741324784682,0.0210486032457365,"ENSG00000005073/ENSG00000078399/ENSG00000101115/ENSG00000122691/ENSG00000122707/ENSG00000124813/ENSG00000134569/ENSG00000164107/ENSG00000253293",9
"GO:0035113","GO:0035113","embryonic appendage morphogenesis","9/432","135/21468",0.0666666666666667,3.31296296296296,3.86327449220751,0.00167140240131295,0.0259741324784682,0.0210486032457365,"ENSG00000005073/ENSG00000078399/ENSG00000101115/ENSG00000122691/ENSG00000122707/ENSG00000124813/ENSG00000134569/ENSG00000164107/ENSG00000253293",9
"GO:0030178","GO:0030178","negative regulation of Wnt signaling pathway","11/432","190/21468",0.0578947368421053,2.87704678362573,3.72419545553108,0.00168172652662132,0.0260296145927654,0.0210935641703042,"ENSG00000050165/ENSG00000112837/ENSG00000123384/ENSG00000134569/ENSG00000144642/ENSG00000150907/ENSG00000153071/ENSG00000154856/ENSG00000164932/ENSG00000170558/ENSG00000180730",11
"GO:0003148","GO:0003148","outflow tract septum morphogenesis","4/432","26/21468",0.153846153846154,7.64529914529915,4.85863791123485,0.00170177022377456,0.0262344897697086,0.0212595884376384,"ENSG00000099250/ENSG00000163513/ENSG00000169946/ENSG00000197702",4
"GO:0001938","GO:0001938","positive regulation of endothelial cell proliferation","8/432","110/21468",0.0727272727272727,3.61414141414141,3.93904642504528,0.00172830545448801,0.0265374072573577,0.0215050630466174,"ENSG00000099250/ENSG00000107562/ENSG00000112902/ENSG00000128052/ENSG00000140285/ENSG00000140945/ENSG00000167244/ENSG00000184304",8
"GO:0001936","GO:0001936","regulation of endothelial cell proliferation","11/432","191/21468",0.0575916230366492,2.86198371146015,3.7041053897091,0.00175309766030586,0.026811263423884,0.0217269872937655,"ENSG00000081189/ENSG00000099250/ENSG00000107562/ENSG00000112902/ENSG00000128052/ENSG00000137573/ENSG00000140285/ENSG00000140945/ENSG00000167244/ENSG00000173482/ENSG00000184304",11
"GO:0099175","GO:0099175","regulation of postsynapse organization","10/432","163/21468",0.0613496932515337,3.04873892297205,3.7625789534749,0.00176013931877871,0.0268125570536488,0.0217280356098042,"ENSG00000101463/ENSG00000111859/ENSG00000117600/ENSG00000131711/ENSG00000134569/ENSG00000146006/ENSG00000170558/ENSG00000177707/ENSG00000182771/ENSG00000185070",10
"GO:0043434","GO:0043434","response to peptide hormone","20/432","479/21468",0.0417536534446764,2.07492461145906,3.40954055076713,0.00181918038853084,0.0275259538234472,0.0223061494535187,"ENSG00000021826/ENSG00000070808/ENSG00000106538/ENSG00000107562/ENSG00000108821/ENSG00000122641/ENSG00000131711/ENSG00000145675/ENSG00000150907/ENSG00000151422/ENSG00000153823/ENSG00000159899/ENSG00000162733/ENSG00000165474/ENSG00000167244/ENSG00000168461/ENSG00000168542/ENSG00000184304/ENSG00000233608/ENSG00000277586",20
"GO:0035136","GO:0035136","forelimb morphogenesis","5/432","44/21468",0.113636363636364,5.64709595959596,4.42184657092358,0.00183553973342655,0.0275259538234472,0.0223061494535187,"ENSG00000005073/ENSG00000078399/ENSG00000122691/ENSG00000122707/ENSG00000124813",5
"GO:0040036","GO:0040036","regulation of fibroblast growth factor receptor signaling pathway","5/432","44/21468",0.113636363636364,5.64709595959596,4.42184657092358,0.00183553973342655,0.0275259538234472,0.0223061494535187,"ENSG00000124813/ENSG00000137573/ENSG00000164161/ENSG00000180730/ENSG00000196562",5
"GO:0045773","GO:0045773","positive regulation of axon extension","5/432","44/21468",0.113636363636364,5.64709595959596,4.42184657092358,0.00183553973342655,0.0275259538234472,0.0223061494535187,"ENSG00000099250/ENSG00000107562/ENSG00000112902/ENSG00000115414/ENSG00000131711",5
"GO:0050772","GO:0050772","positive regulation of axonogenesis","7/432","87/21468",0.0804597701149425,3.99840357598978,4.01588878621609,0.00186544181106325,0.0278514061231948,0.0225698855509024,"ENSG00000099250/ENSG00000107562/ENSG00000112902/ENSG00000115414/ENSG00000131711/ENSG00000145147/ENSG00000277586",7
"GO:0014706","GO:0014706","striated muscle tissue development","19/432","446/21468",0.0426008968609865,2.1170279023418,3.41617732327561,0.00187169542965943,0.0278514061231948,0.0225698855509024,"ENSG00000006283/ENSG00000060718/ENSG00000069431/ENSG00000081189/ENSG00000095587/ENSG00000112276/ENSG00000112837/ENSG00000117152/ENSG00000122691/ENSG00000131018/ENSG00000134775/ENSG00000134853/ENSG00000136383/ENSG00000138435/ENSG00000157168/ENSG00000160808/ENSG00000167244/ENSG00000169946/ENSG00000198523",19
"GO:0035296","GO:0035296","regulation of tube diameter","10/432","165/21468",0.0606060606060606,3.01178451178451,3.71748323995098,0.00192622966303626,0.0283346913028311,0.0229615243480457,"ENSG00000021826/ENSG00000069431/ENSG00000105664/ENSG00000107796/ENSG00000148700/ENSG00000165124/ENSG00000165633/ENSG00000166148/ENSG00000178394/ENSG00000213949",10
"GO:0062013","GO:0062013","positive regulation of small molecule metabolic process","10/432","165/21468",0.0606060606060606,3.01178451178451,3.71748323995098,0.00192622966303626,0.0283346913028311,0.0229615243480457,"ENSG00000112531/ENSG00000113578/ENSG00000122691/ENSG00000150907/ENSG00000153071/ENSG00000153823/ENSG00000160801/ENSG00000166148/ENSG00000167244/ENSG00000219607",10
"GO:0097746","GO:0097746","blood vessel diameter maintenance","10/432","165/21468",0.0606060606060606,3.01178451178451,3.71748323995098,0.00192622966303626,0.0283346913028311,0.0229615243480457,"ENSG00000021826/ENSG00000069431/ENSG00000105664/ENSG00000107796/ENSG00000148700/ENSG00000165124/ENSG00000165633/ENSG00000166148/ENSG00000178394/ENSG00000213949",10
"GO:1900024","GO:1900024","regulation of substrate adhesion-dependent cell spreading","6/432","65/21468",0.0923076923076923,4.58717948717949,4.15067214522884,0.0019454549274309,0.0285086817122383,0.0231025205911045,"ENSG00000073712/ENSG00000077942/ENSG00000099250/ENSG00000111859/ENSG00000133110/ENSG00000153071",6
"GO:0033622","GO:0033622","integrin activation","4/432","27/21468",0.148148148148148,7.36213991769547,4.74032971426547,0.00196632675135786,0.0287053912868681,0.0232619277164225,"ENSG00000073712/ENSG00000107562/ENSG00000115414/ENSG00000166086",4
"GO:0048630","GO:0048630","skeletal muscle tissue growth","3/432","13/21468",0.230769230769231,11.4679487179487,5.41022059873507,0.00199151453593075,0.028854500080741,0.0233827606968996,"ENSG00000095587/ENSG00000138435/ENSG00000167244",3
"GO:0071679","GO:0071679","commissural neuron axon guidance","3/432","13/21468",0.230769230769231,11.4679487179487,5.41022059873507,0.00199151453593075,0.028854500080741,0.0233827606968996,"ENSG00000099250/ENSG00000149294/ENSG00000168621",3
"GO:0010975","GO:0010975","regulation of neuron projection development","20/432","483/21468",0.041407867494824,2.05774097078445,3.36933641564609,0.00200373266422366,0.0289227928386442,0.023438102955851,"ENSG00000005810/ENSG00000075213/ENSG00000099250/ENSG00000107562/ENSG00000111962/ENSG00000112902/ENSG00000115414/ENSG00000117598/ENSG00000131018/ENSG00000131711/ENSG00000132386/ENSG00000134569/ENSG00000145147/ENSG00000149557/ENSG00000153071/ENSG00000162733/ENSG00000172260/ENSG00000173376/ENSG00000184304/ENSG00000277586",20
"GO:0060078","GO:0060078","regulation of postsynaptic membrane potential","10/432","166/21468",0.0602409638554217,2.99364123159304,3.69519048787614,0.00201389416040344,0.0289610003514734,0.0234690650978673,"ENSG00000081189/ENSG00000117152/ENSG00000131018/ENSG00000138435/ENSG00000146938/ENSG00000162383/ENSG00000166342/ENSG00000168959/ENSG00000182771/ENSG00000183775",10
"GO:0021543","GO:0021543","pallium development","12/432","224/21468",0.0535714285714286,2.66220238095238,3.58373372221967,0.00203280731478815,0.0291243100044369,0.0236014059987338,"ENSG00000058668/ENSG00000128573/ENSG00000136531/ENSG00000145147/ENSG00000147526/ENSG00000149557/ENSG00000150764/ENSG00000168542/ENSG00000170370/ENSG00000170558/ENSG00000196159/ENSG00000277586",12
"GO:0010595","GO:0010595","positive regulation of endothelial cell migration","9/432","139/21468",0.0647482014388489,3.21762589928058,3.75886223243449,0.00204317620926393,0.0291644485574192,0.0236339329937079,"ENSG00000020181/ENSG00000099250/ENSG00000111961/ENSG00000112902/ENSG00000113578/ENSG00000128052/ENSG00000183287/ENSG00000184304/ENSG00000196468",9
"GO:0008406","GO:0008406","gonad development","13/432","255/21468",0.0509803921568627,2.53344226579521,3.5300629020037,0.00208757399781081,0.0296882294744017,0.024058388236569,"ENSG00000005073/ENSG00000078399/ENSG00000122641/ENSG00000128052/ENSG00000134853/ENSG00000145147/ENSG00000150347/ENSG00000151422/ENSG00000157227/ENSG00000159899/ENSG00000169946/ENSG00000184347/ENSG00000253293",13
"GO:0035150","GO:0035150","regulation of tube size","10/432","167/21468",0.0598802395209581,2.97571523619428,3.67306453514802,0.00210474779306807,0.0298224190973689,0.024167131199818,"ENSG00000021826/ENSG00000069431/ENSG00000105664/ENSG00000107796/ENSG00000148700/ENSG00000165124/ENSG00000165633/ENSG00000166148/ENSG00000178394/ENSG00000213949",10
"GO:0061333","GO:0061333","renal tubule morphogenesis","7/432","89/21468",0.0786516853932584,3.9085518102372,3.94025278333148,0.00212576446538453,0.0300098763721318,0.024319040558303,"ENSG00000005073/ENSG00000081189/ENSG00000113578/ENSG00000118762/ENSG00000153976/ENSG00000162849/ENSG00000168621",7
"GO:0019722","GO:0019722","calcium-mediated signaling","13/432","257/21468",0.0505836575875486,2.51372676178124,3.49848043284468,0.00223488775593976,0.031303514795994,0.0253673636139389,"ENSG00000058668/ENSG00000102908/ENSG00000109743/ENSG00000118762/ENSG00000129048/ENSG00000134853/ENSG00000140945/ENSG00000166148/ENSG00000168959/ENSG00000172260/ENSG00000172348/ENSG00000184304/ENSG00000198523",13
"GO:0048483","GO:0048483","autonomic nervous system development","5/432","46/21468",0.108695652173913,5.40157004830918,4.28255053678571,0.00224204670588981,0.031303514795994,0.0253673636139389,"ENSG00000075213/ENSG00000099250/ENSG00000115414/ENSG00000164107/ENSG00000168621",5
"GO:0055007","GO:0055007","cardiac muscle cell differentiation","9/432","141/21468",0.0638297872340425,3.17198581560284,3.70806746419536,0.00225230583224415,0.031303514795994,0.0253673636139389,"ENSG00000081189/ENSG00000112276/ENSG00000112837/ENSG00000117152/ENSG00000131018/ENSG00000134775/ENSG00000134853/ENSG00000136383/ENSG00000157168",9
"GO:0003181","GO:0003181","atrioventricular valve morphogenesis","4/432","28/21468",0.142857142857143,7.09920634920635,4.6279208460744,0.00225801170557508,0.031303514795994,0.0253673636139389,"ENSG00000122691/ENSG00000142871/ENSG00000163513/ENSG00000184347",4
"GO:0008045","GO:0008045","motor neuron axon guidance","4/432","28/21468",0.142857142857143,7.09920634920635,4.6279208460744,0.00225801170557508,0.031303514795994,0.0253673636139389,"ENSG00000005810/ENSG00000075213/ENSG00000099250/ENSG00000145147",4
"GO:0031960","GO:0031960","response to corticosteroid","10/432","169/21468",0.0591715976331361,2.9404996712689,3.62930351658475,0.0022963580640664,0.0317210178455624,0.0257056946843427,"ENSG00000021826/ENSG00000113580/ENSG00000118515/ENSG00000122641/ENSG00000132386/ENSG00000145147/ENSG00000165474/ENSG00000166148/ENSG00000184347/ENSG00000277586",10
"GO:0008016","GO:0008016","regulation of heart contraction","12/432","228/21468",0.0526315789473684,2.61549707602339,3.51432817287728,0.00235332770721547,0.0323918749414587,0.0262493357417606,"ENSG00000006283/ENSG00000058668/ENSG00000069431/ENSG00000112276/ENSG00000112837/ENSG00000117152/ENSG00000144935/ENSG00000145244/ENSG00000153956/ENSG00000160808/ENSG00000166148/ENSG00000198523",12
"GO:0045766","GO:0045766","positive regulation of angiogenesis","11/432","199/21468",0.0552763819095477,2.74692908989391,3.54792352275252,0.00241771391211823,0.03315967764165,0.02687153840515,"ENSG00000099250/ENSG00000111961/ENSG00000112902/ENSG00000113578/ENSG00000122691/ENSG00000128052/ENSG00000148848/ENSG00000149948/ENSG00000163513/ENSG00000183287/ENSG00000184304",11
"GO:0098703","GO:0098703","calcium ion import across plasma membrane","5/432","47/21468",0.106382978723404,5.28664302600473,4.21591986759224,0.00246817556089698,0.0334256843005316,0.0270871016632555,"ENSG00000006283/ENSG00000058668/ENSG00000153956/ENSG00000155886/ENSG00000204442",5
"GO:0150052","GO:0150052","regulation of postsynapse assembly","5/432","47/21468",0.106382978723404,5.28664302600473,4.21591986759224,0.00246817556089698,0.0334256843005316,0.0270871016632555,"ENSG00000101463/ENSG00000131711/ENSG00000134569/ENSG00000177707/ENSG00000185070",5
"GO:1902656","GO:1902656","calcium ion import into cytosol","5/432","47/21468",0.106382978723404,5.28664302600473,4.21591986759224,0.00246817556089698,0.0334256843005316,0.0270871016632555,"ENSG00000006283/ENSG00000058668/ENSG00000153956/ENSG00000155886/ENSG00000204442",5
"GO:0045137","GO:0045137","development of primary sexual characteristics","13/432","260/21468",0.05,2.48472222222222,3.4516598902002,0.00247180073317372,0.0334256843005316,0.0270871016632555,"ENSG00000005073/ENSG00000078399/ENSG00000122641/ENSG00000128052/ENSG00000134853/ENSG00000145147/ENSG00000150347/ENSG00000151422/ENSG00000157227/ENSG00000159899/ENSG00000169946/ENSG00000184347/ENSG00000253293",13
"GO:0009415","GO:0009415","response to water","3/432","14/21468",0.214285714285714,10.6488095238095,5.17522913753552,0.00249703910595269,0.0336489115886072,0.0272679978923873,"ENSG00000058668/ENSG00000118762/ENSG00000166148",3
"GO:1901655","GO:1901655","cellular response to ketone","8/432","117/21468",0.0683760683760684,3.39791073124406,3.72702926037456,0.0025485017179594,0.034145344737473,0.0276702913817722,"ENSG00000113580/ENSG00000117586/ENSG00000118515/ENSG00000132386/ENSG00000133110/ENSG00000165474/ENSG00000184304/ENSG00000186469",8
"GO:0072091","GO:0072091","regulation of stem cell proliferation","7/432","92/21468",0.0760869565217391,3.78109903381643,3.83083210058579,0.00256784335039007,0.034145344737473,0.0276702913817722,"ENSG00000073712/ENSG00000077942/ENSG00000105997/ENSG00000124813/ENSG00000128052/ENSG00000149948/ENSG00000163513",7
"GO:0003094","GO:0003094","glomerular filtration","4/432","29/21468",0.137931034482759,6.8544061302682,4.52090680201973,0.00257817730114288,0.034145344737473,0.0276702913817722,"ENSG00000069122/ENSG00000137573/ENSG00000183853/ENSG00000196562",4
"GO:0035313","GO:0035313","wound healing, spreading of epidermal cells","4/432","29/21468",0.137931034482759,6.8544061302682,4.52090680201973,0.00257817730114288,0.034145344737473,0.0276702913817722,"ENSG00000073712/ENSG00000130635/ENSG00000138639/ENSG00000144824",4
"GO:0048745","GO:0048745","smooth muscle tissue development","4/432","29/21468",0.137931034482759,6.8544061302682,4.52090680201973,0.00257817730114288,0.034145344737473,0.0276702913817722,"ENSG00000065534/ENSG00000118762/ENSG00000159899/ENSG00000168542",4
"GO:0070371","GO:0070371","ERK1 and ERK2 cascade","16/432","360/21468",0.0444444444444444,2.20864197530864,3.3141438198389,0.00275233562942354,0.0363270599856107,0.0294382833904096,"ENSG00000073712/ENSG00000077942/ENSG00000099250/ENSG00000107796/ENSG00000113578/ENSG00000115414/ENSG00000122641/ENSG00000127472/ENSG00000128052/ENSG00000131016/ENSG00000134853/ENSG00000136869/ENSG00000142871/ENSG00000153071/ENSG00000157168/ENSG00000164107",16
"GO:0090100","GO:0090100","positive regulation of transmembrane receptor protein serine/threonine kinase signaling pathway","8/432","119/21468",0.0672268907563025,3.34080298786181,3.66940413219493,0.00283131293645175,0.0372419114576281,0.0301796496585318,"ENSG00000102935/ENSG00000122641/ENSG00000128052/ENSG00000137573/ENSG00000142871/ENSG00000153071/ENSG00000163513/ENSG00000169554",8
"GO:0022612","GO:0022612","gland morphogenesis","9/432","146/21468",0.0616438356164384,3.06335616438356,3.58494608572802,0.00285013569035556,0.0373619828252733,0.0302769516408341,"ENSG00000019991/ENSG00000099250/ENSG00000101680/ENSG00000113578/ENSG00000113580/ENSG00000137573/ENSG00000140285/ENSG00000163513/ENSG00000196562",9
"GO:0045123","GO:0045123","cellular extravasation","7/432","94/21468",0.074468085106383,3.70065011820331,3.76041102855825,0.00289965310244537,0.0378822476502524,0.0306985575555947,"ENSG00000107562/ENSG00000109743/ENSG00000115594/ENSG00000124343/ENSG00000151422/ENSG00000166086/ENSG00000213949",7
"GO:0060445","GO:0060445","branching involved in salivary gland morphogenesis","4/432","30/21468",0.133333333333333,6.62592592592593,4.41884201053217,0.00292815591762143,0.0379970131532424,0.0307915598354875,"ENSG00000019991/ENSG00000099250/ENSG00000101680/ENSG00000140285",4
"GO:1902074","GO:1902074","response to salt","4/432","30/21468",0.133333333333333,6.62592592592593,4.41884201053217,0.00292815591762143,0.0379970131532424,0.0307915598354875,"ENSG00000124813/ENSG00000153071/ENSG00000159899/ENSG00000277586",4
"GO:0008038","GO:0008038","neuron recognition","5/432","49/21468",0.102040816326531,5.07086167800454,4.08818707650097,0.0029694036209031,0.0384029582381226,0.0311205247022942,"ENSG00000099250/ENSG00000112902/ENSG00000134115/ENSG00000162614/ENSG00000182636",5
"GO:0050678","GO:0050678","regulation of epithelial cell proliferation","18/432","431/21468",0.0417633410672854,2.0754060324826,3.23195399643582,0.00301114829486312,0.0388125937404765,0.031452480164967,"ENSG00000081189/ENSG00000099250/ENSG00000107562/ENSG00000112902/ENSG00000113578/ENSG00000122691/ENSG00000124813/ENSG00000128052/ENSG00000132386/ENSG00000137573/ENSG00000140285/ENSG00000140945/ENSG00000148516/ENSG00000153071/ENSG00000167244/ENSG00000173482/ENSG00000184304/ENSG00000196562",18
"GO:0007611","GO:0007611","learning or memory","15/432","331/21468",0.0453172205438066,2.25201409869084,3.28963348057313,0.00307395913279619,0.03917730689006,0.0317480319948674,"ENSG00000081189/ENSG00000106236/ENSG00000111859/ENSG00000118515/ENSG00000132386/ENSG00000134138/ENSG00000136531/ENSG00000146938/ENSG00000155886/ENSG00000155966/ENSG00000156395/ENSG00000166342/ENSG00000168959/ENSG00000196549/ENSG00000198523",15
"GO:0010763","GO:0010763","positive regulation of fibroblast migration","3/432","15/21468",0.2,9.93888888888889,4.96284969823885,0.00307502439690837,0.03917730689006,0.0317480319948674,"ENSG00000107796/ENSG00000131016/ENSG00000162733",3
"GO:0035023","GO:0035023","regulation of Rho protein signal transduction","7/432","95/21468",0.0736842105263158,3.66169590643275,3.72591949458903,0.00307739291037238,0.03917730689006,0.0317480319948674,"ENSG00000099250/ENSG00000137727/ENSG00000147251/ENSG00000164741/ENSG00000165029/ENSG00000168542/ENSG00000197256",7
"GO:0051494","GO:0051494","negative regulation of cytoskeleton organization","10/432","176/21468",0.0568181818181818,2.82354797979798,3.48105808718281,0.00308010482296008,0.03917730689006,0.0317480319948674,"ENSG00000047648/ENSG00000131711/ENSG00000144824/ENSG00000145147/ENSG00000145675/ENSG00000148700/ENSG00000152527/ENSG00000163431/ENSG00000164741/ENSG00000197256",10
"GO:0070374","GO:0070374","positive regulation of ERK1 and ERK2 cascade","12/432","236/21468",0.0508474576271186,2.52683615819209,3.3798618996442,0.00311826650601616,0.0395322339282444,0.0320356534742034,"ENSG00000073712/ENSG00000099250/ENSG00000107796/ENSG00000113578/ENSG00000122641/ENSG00000127472/ENSG00000128052/ENSG00000131016/ENSG00000134853/ENSG00000136869/ENSG00000157168/ENSG00000164107",12
"GO:0030850","GO:0030850","prostate gland development","5/432","50/21468",0.1,4.96944444444444,4.02690369640714,0.0032457938150866,0.0401065362300356,0.0325010496256837,"ENSG00000005073/ENSG00000078399/ENSG00000132386/ENSG00000137573/ENSG00000253293",5
"GO:0044319","GO:0044319","wound healing, spreading of cells","5/432","50/21468",0.1,4.96944444444444,4.02690369640714,0.0032457938150866,0.0401065362300356,0.0325010496256837,"ENSG00000073712/ENSG00000130635/ENSG00000138639/ENSG00000142871/ENSG00000144824",5
"GO:0090505","GO:0090505","epiboly involved in wound healing","5/432","50/21468",0.1,4.96944444444444,4.02690369640714,0.0032457938150866,0.0401065362300356,0.0325010496256837,"ENSG00000073712/ENSG00000130635/ENSG00000138639/ENSG00000142871/ENSG00000144824",5
"GO:0120163","GO:0120163","negative regulation of cold-induced thermogenesis","5/432","50/21468",0.1,4.96944444444444,4.02690369640714,0.0032457938150866,0.0401065362300356,0.0325010496256837,"ENSG00000102935/ENSG00000112531/ENSG00000112769/ENSG00000136869/ENSG00000154736",5
"GO:0048608","GO:0048608","reproductive structure development","15/432","333/21468",0.045045045045045,2.23848848848849,3.26406602801234,0.00325190116729331,0.0401065362300356,0.0325010496256837,"ENSG00000005073/ENSG00000078399/ENSG00000122641/ENSG00000128052/ENSG00000132386/ENSG00000134853/ENSG00000137573/ENSG00000145147/ENSG00000150347/ENSG00000151422/ENSG00000157227/ENSG00000159899/ENSG00000169946/ENSG00000184347/ENSG00000253293",15
"GO:0021987","GO:0021987","cerebral cortex development","9/432","149/21468",0.0604026845637584,3.00167785234899,3.51358022226298,0.00326496533522115,0.0401065362300356,0.0325010496256837,"ENSG00000128573/ENSG00000145147/ENSG00000147526/ENSG00000150764/ENSG00000168542/ENSG00000170370/ENSG00000170558/ENSG00000196159/ENSG00000277586",9
"GO:0002011","GO:0002011","morphogenesis of an epithelial sheet","6/432","72/21468",0.0833333333333333,4.1412037037037,3.82597409290122,0.00327222427618556,0.0401065362300356,0.0325010496256837,"ENSG00000073712/ENSG00000101680/ENSG00000130635/ENSG00000138639/ENSG00000142871/ENSG00000144824",6
"GO:0051965","GO:0051965","positive regulation of synapse assembly","6/432","72/21468",0.0833333333333333,4.1412037037037,3.82597409290122,0.00327222427618556,0.0401065362300356,0.0325010496256837,"ENSG00000101463/ENSG00000140557/ENSG00000146006/ENSG00000173114/ENSG00000185070/ENSG00000186340",6
"GO:0090303","GO:0090303","positive regulation of wound healing","6/432","72/21468",0.0833333333333333,4.1412037037037,3.82597409290122,0.00327222427618556,0.0401065362300356,0.0325010496256837,"ENSG00000065534/ENSG00000073712/ENSG00000104415/ENSG00000122861/ENSG00000162733/ENSG00000177119",6
"GO:1904645","GO:1904645","response to amyloid-beta","6/432","72/21468",0.0833333333333333,4.1412037037037,3.82597409290122,0.00327222427618556,0.0401065362300356,0.0325010496256837,"ENSG00000123384/ENSG00000136869/ENSG00000137745/ENSG00000149968/ENSG00000153956/ENSG00000168959",6
"GO:0001945","GO:0001945","lymph vessel development","4/432","31/21468",0.129032258064516,6.41218637992832,4.32133124182104,0.00330925753013787,0.0401065362300356,0.0325010496256837,"ENSG00000128052/ENSG00000159899/ENSG00000165124/ENSG00000183287",4
"GO:0003171","GO:0003171","atrioventricular valve development","4/432","31/21468",0.129032258064516,6.41218637992832,4.32133124182104,0.00330925753013787,0.0401065362300356,0.0325010496256837,"ENSG00000122691/ENSG00000142871/ENSG00000163513/ENSG00000184347",4
"GO:0150117","GO:0150117","positive regulation of cell-substrate junction organization","4/432","31/21468",0.129032258064516,6.41218637992832,4.32133124182104,0.00330925753013787,0.0401065362300356,0.0325010496256837,"ENSG00000073712/ENSG00000099250/ENSG00000128052/ENSG00000145675",4
"GO:1902932","GO:1902932","positive regulation of alcohol biosynthetic process","4/432","31/21468",0.129032258064516,6.41218637992832,4.32133124182104,0.00330925753013787,0.0401065362300356,0.0325010496256837,"ENSG00000112531/ENSG00000113578/ENSG00000153071/ENSG00000160801",4
"GO:0045599","GO:0045599","negative regulation of fat cell differentiation","6/432","73/21468",0.0821917808219178,4.08447488584475,3.78296648456947,0.00350605370249636,0.0423584042928558,0.0343258912235826,"ENSG00000073712/ENSG00000079102/ENSG00000099953/ENSG00000104415/ENSG00000150907/ENSG00000169946",6
"GO:0022602","GO:0022602","ovulation cycle process","5/432","51/21468",0.0980392156862745,4.87200435729847,3.96723181004014,0.00354022853304559,0.0425047998951953,0.0344445255207288,"ENSG00000122641/ENSG00000134853/ENSG00000145147/ENSG00000159899/ENSG00000184347",5
"GO:0090504","GO:0090504","epiboly","5/432","51/21468",0.0980392156862745,4.87200435729847,3.96723181004014,0.00354022853304559,0.0425047998951953,0.0344445255207288,"ENSG00000073712/ENSG00000130635/ENSG00000138639/ENSG00000142871/ENSG00000144824",5
"GO:0045216","GO:0045216","cell-cell junction organization","12/432","240/21468",0.05,2.48472222222222,3.31468498212746,0.0035700431804606,0.0427296472593018,0.034626734607475,"ENSG00000073712/ENSG00000107186/ENSG00000140937/ENSG00000140945/ENSG00000146938/ENSG00000151422/ENSG00000165124/ENSG00000165474/ENSG00000166086/ENSG00000170558/ENSG00000171914/ENSG00000183853",12
"GO:0051402","GO:0051402","neuron apoptotic process","15/432","337/21468",0.0445103857566766,2.21191889218595,3.21347149229125,0.00363323300824211,0.0430044327411971,0.0348494119419692,"ENSG00000081189/ENSG00000099250/ENSG00000107731/ENSG00000113580/ENSG00000128052/ENSG00000134121/ENSG00000136531/ENSG00000140557/ENSG00000145390/ENSG00000159899/ENSG00000168621/ENSG00000173376/ENSG00000213949/ENSG00000240184/ENSG00000277586",15
"GO:0061458","GO:0061458","reproductive system development","15/432","337/21468",0.0445103857566766,2.21191889218595,3.21347149229125,0.00363323300824211,0.0430044327411971,0.0348494119419692,"ENSG00000005073/ENSG00000078399/ENSG00000122641/ENSG00000128052/ENSG00000132386/ENSG00000134853/ENSG00000137573/ENSG00000145147/ENSG00000150347/ENSG00000151422/ENSG00000157227/ENSG00000159899/ENSG00000169946/ENSG00000184347/ENSG00000253293",15
"GO:0030325","GO:0030325","adrenal gland development","4/432","32/21468",0.125,6.21180555555556,4.22802250137652,0.00372276734477425,0.0430044327411971,0.0348494119419692,"ENSG00000050165/ENSG00000113580/ENSG00000134853/ENSG00000150347",4
"GO:0061437","GO:0061437","renal system vasculature development","4/432","32/21468",0.125,6.21180555555556,4.22802250137652,0.00372276734477425,0.0430044327411971,0.0348494119419692,"ENSG00000099250/ENSG00000107796/ENSG00000118762/ENSG00000134853",4
"GO:0061440","GO:0061440","kidney vasculature development","4/432","32/21468",0.125,6.21180555555556,4.22802250137652,0.00372276734477425,0.0430044327411971,0.0348494119419692,"ENSG00000099250/ENSG00000107796/ENSG00000118762/ENSG00000134853",4
"GO:0097205","GO:0097205","renal filtration","4/432","32/21468",0.125,6.21180555555556,4.22802250137652,0.00372276734477425,0.0430044327411971,0.0348494119419692,"ENSG00000069122/ENSG00000137573/ENSG00000183853/ENSG00000196562",4
"GO:0014004","GO:0014004","microglia differentiation","3/432","16/21468",0.1875,9.31770833333333,4.76953187012998,0.00372859424496901,0.0430044327411971,0.0348494119419692,"ENSG00000112531/ENSG00000113580/ENSG00000136869",3
"GO:0042415","GO:0042415","norepinephrine metabolic process","3/432","16/21468",0.1875,9.31770833333333,4.76953187012998,0.00372859424496901,0.0430044327411971,0.0348494119419692,"ENSG00000079931/ENSG00000164107/ENSG00000164197",3
"GO:0051770","GO:0051770","positive regulation of nitric-oxide synthase biosynthetic process","3/432","16/21468",0.1875,9.31770833333333,4.76953187012998,0.00372859424496901,0.0430044327411971,0.0348494119419692,"ENSG00000128052/ENSG00000131016/ENSG00000136869",3
"GO:0090030","GO:0090030","regulation of steroid hormone biosynthetic process","3/432","16/21468",0.1875,9.31770833333333,4.76953187012998,0.00372859424496901,0.0430044327411971,0.0348494119419692,"ENSG00000050165/ENSG00000113580/ENSG00000153071",3
"GO:0170043","GO:0170043","non-proteinogenic amino acid biosynthetic process","3/432","16/21468",0.1875,9.31770833333333,4.76953187012998,0.00372859424496901,0.0430044327411971,0.0348494119419692,"ENSG00000021826/ENSG00000058668/ENSG00000188641",3
"GO:0045744","GO:0045744","negative regulation of G protein-coupled receptor signaling pathway","6/432","74/21468",0.0810810810810811,4.02927927927928,3.740719545129,0.003752078305924,0.0430044327411971,0.0348494119419692,"ENSG00000058668/ENSG00000117152/ENSG00000145147/ENSG00000168959/ENSG00000182901/ENSG00000184347",6
"GO:0060415","GO:0060415","muscle tissue morphogenesis","6/432","74/21468",0.0810810810810811,4.02927927927928,3.740719545129,0.003752078305924,0.0430044327411971,0.0348494119419692,"ENSG00000060718/ENSG00000065534/ENSG00000157168/ENSG00000160808/ENSG00000168542/ENSG00000169946",6
"GO:0060675","GO:0060675","ureteric bud morphogenesis","6/432","74/21468",0.0810810810810811,4.02927927927928,3.740719545129,0.003752078305924,0.0430044327411971,0.0348494119419692,"ENSG00000005073/ENSG00000113578/ENSG00000118762/ENSG00000153976/ENSG00000162849/ENSG00000168621",6
"GO:0030041","GO:0030041","actin filament polymerization","10/432","181/21468",0.0552486187845304,2.74554941682013,3.37956011591742,0.00376037722724012,0.0430044327411971,0.0348494119419692,"ENSG00000007237/ENSG00000009694/ENSG00000047648/ENSG00000145147/ENSG00000146122/ENSG00000148700/ENSG00000151422/ENSG00000163431/ENSG00000183853/ENSG00000197256",10
"GO:1905475","GO:1905475","regulation of protein localization to membrane","11/432","211/21468",0.0521327014218009,2.5907056345445,3.32756104356058,0.00378362828374416,0.0431423177678994,0.0349611495417905,"ENSG00000058668/ENSG00000070808/ENSG00000103888/ENSG00000123384/ENSG00000134569/ENSG00000145675/ENSG00000153071/ENSG00000153823/ENSG00000157227/ENSG00000170558/ENSG00000172061",11
"GO:0002691","GO:0002691","regulation of cellular extravasation","5/432","52/21468",0.0961538461538462,4.77831196581197,3.90909546782989,0.00385335165479309,0.0436788743458017,0.0353959577701892,"ENSG00000107562/ENSG00000109743/ENSG00000115594/ENSG00000124343/ENSG00000166086",5
"GO:2000648","GO:2000648","positive regulation of stem cell proliferation","5/432","52/21468",0.0961538461538462,4.77831196581197,3.90909546782989,0.00385335165479309,0.0436788743458017,0.0353959577701892,"ENSG00000073712/ENSG00000105997/ENSG00000124813/ENSG00000128052/ENSG00000149948",5
"GO:0050954","GO:0050954","sensory perception of mechanical stimulus","11/432","212/21468",0.0518867924528302,2.57848532494759,3.30989090009504,0.00392072627556161,0.0443122553255556,0.0359092293859895,"ENSG00000060718/ENSG00000083782/ENSG00000103888/ENSG00000107562/ENSG00000108821/ENSG00000112320/ENSG00000135903/ENSG00000145390/ENSG00000159899/ENSG00000165474/ENSG00000169432",11
"GO:0072171","GO:0072171","mesonephric tubule morphogenesis","6/432","75/21468",0.08,3.97555555555556,3.69920858099008,0.00401067691576424,0.0451963416179982,0.0366256645400815,"ENSG00000005073/ENSG00000113578/ENSG00000118762/ENSG00000153976/ENSG00000162849/ENSG00000168621",6
"GO:0021675","GO:0021675","nerve development","7/432","100/21468",0.07,3.47861111111111,3.56018384523178,0.00409411779538259,0.0460021282315,0.0372786481476144,"ENSG00000075213/ENSG00000099250/ENSG00000105997/ENSG00000136531/ENSG00000137573/ENSG00000159899/ENSG00000196562",7
"GO:0016485","GO:0016485","protein processing","13/432","276/21468",0.0471014492753623,2.34068035426731,3.21247520516606,0.00410840024009385,0.0460284143177957,0.0372999495482205,"ENSG00000038295/ENSG00000095587/ENSG00000099139/ENSG00000105664/ENSG00000106624/ENSG00000122861/ENSG00000135074/ENSG00000145244/ENSG00000157227/ENSG00000180447/ENSG00000183287/ENSG00000196549/ENSG00000197635",13
"GO:0010464","GO:0010464","regulation of mesenchymal cell proliferation","4/432","33/21468",0.121212121212121,6.02356902356902,4.13860111401649,0.00416994362886643,0.0464901794038565,0.0376741491522798,"ENSG00000128052/ENSG00000131018/ENSG00000148516/ENSG00000163513",4
"GO:0046189","GO:0046189","phenol-containing compound biosynthetic process","5/432","53/21468",0.0943396226415094,4.68815513626834,3.85242370542937,0.00418580494373072,0.0464901794038565,0.0376741491522798,"ENSG00000077498/ENSG00000079931/ENSG00000144935/ENSG00000164107/ENSG00000169554",5
"GO:0071622","GO:0071622","regulation of granulocyte chemotaxis","5/432","53/21468",0.0943396226415094,4.68815513626834,3.85242370542937,0.00418580494373072,0.0464901794038565,0.0376741491522798,"ENSG00000106538/ENSG00000109743/ENSG00000145147/ENSG00000166086/ENSG00000197635",5
"GO:0001837","GO:0001837","epithelial to mesenchymal transition","11/432","214/21468",0.0514018691588785,2.55438733125649,3.27485267302754,0.00420681313211535,0.0465892465838292,0.0377544300150824,"ENSG00000019144/ENSG00000019991/ENSG00000073712/ENSG00000108821/ENSG00000112531/ENSG00000122691/ENSG00000144824/ENSG00000149294/ENSG00000149948/ENSG00000153071/ENSG00000163513",11
"GO:0002685","GO:0002685","regulation of leukocyte migration","13/432","277/21468",0.0469314079422383,2.33223024468512,3.19808069780413,0.00423437176374296,0.0466487109457686,0.0378026180253176,"ENSG00000091972/ENSG00000106538/ENSG00000107562/ENSG00000109743/ENSG00000111859/ENSG00000115594/ENSG00000124343/ENSG00000145147/ENSG00000145675/ENSG00000157227/ENSG00000166086/ENSG00000177119/ENSG00000197635",13
"GO:0061041","GO:0061041","regulation of wound healing","9/432","155/21468",0.0580645161290323,2.88548387096774,3.37607704279493,0.0042363904595275,0.0466487109457686,0.0378026180253176,"ENSG00000065534/ENSG00000073712/ENSG00000078098/ENSG00000104415/ENSG00000122861/ENSG00000134853/ENSG00000144824/ENSG00000162733/ENSG00000177119",9
"GO:0042698","GO:0042698","ovulation cycle","6/432","76/21468",0.0789473684210526,3.92324561403509,3.65841002464947,0.00428222954575604,0.0470191244140848,0.0381027892105508,"ENSG00000122641/ENSG00000132386/ENSG00000134853/ENSG00000145147/ENSG00000159899/ENSG00000184347",6
"GO:1902904","GO:1902904","negative regulation of supramolecular fiber organization","10/432","185/21468",0.0540540540540541,2.68618618618619,3.30081313825137,0.00438602513136121,0.0480219910689378,0.0389154801577414,"ENSG00000047648/ENSG00000131711/ENSG00000144824/ENSG00000145147/ENSG00000145675/ENSG00000148700/ENSG00000152527/ENSG00000163431/ENSG00000164741/ENSG00000197256",10
"GO:0030201","GO:0030201","heparan sulfate proteoglycan metabolic process","3/432","17/21468",0.176470588235294,8.76960784313725,4.59246398173578,0.00446059386755652,0.0485625106371831,0.0393534998663104,"ENSG00000137573/ENSG00000153976/ENSG00000196562",3
"GO:0061548","GO:0061548","ganglion development","3/432","17/21468",0.176470588235294,8.76960784313725,4.59246398173578,0.00446059386755652,0.0485625106371831,0.0393534998663104,"ENSG00000075213/ENSG00000099250/ENSG00000117152",3
"GO:0051153","GO:0051153","regulation of striated muscle cell differentiation","7/432","102/21468",0.0686274509803922,3.41040305010893,3.4968267242046,0.00456515413823524,0.0491666738311388,0.0398430943263292,"ENSG00000081189/ENSG00000117152/ENSG00000123095/ENSG00000157168/ENSG00000157227/ENSG00000160539/ENSG00000184304",7
"GO:0055006","GO:0055006","cardiac cell development","7/432","102/21468",0.0686274509803922,3.41040305010893,3.4968267242046,0.00456515413823524,0.0491666738311388,0.0398430943263292,"ENSG00000112276/ENSG00000112837/ENSG00000117152/ENSG00000122641/ENSG00000134775/ENSG00000134853/ENSG00000136383",7
"GO:0071230","GO:0071230","cellular response to amino acid stimulus","7/432","102/21468",0.0686274509803922,3.41040305010893,3.4968267242046,0.00456515413823524,0.0491666738311388,0.0398430943263292,"ENSG00000108821/ENSG00000134853/ENSG00000148516/ENSG00000149968/ENSG00000164692/ENSG00000168542/ENSG00000204262",7
"GO:0003281","GO:0003281","ventricular septum development","6/432","77/21468",0.0779220779220779,3.87229437229437,3.61830136914949,0.00456711708135644,0.0491666738311388,0.0398430943263292,"ENSG00000101115/ENSG00000142871/ENSG00000145147/ENSG00000163513/ENSG00000169946/ENSG00000184347",6
"GO:1903076","GO:1903076","regulation of protein localization to plasma membrane","8/432","129/21468",0.062015503875969,3.08182601205857,3.39858569111603,0.00463086725113815,0.0496644559867451,0.0402464810074763,"ENSG00000058668/ENSG00000070808/ENSG00000123384/ENSG00000145675/ENSG00000153071/ENSG00000153823/ENSG00000157227/ENSG00000172061",8
"GO:0003156","GO:0003156","regulation of animal organ formation","4/432","34/21468",0.117647058823529,5.84640522875817,4.05278476955097,0.00465201572683316,0.0496644559867451,0.0402464810074763,"ENSG00000005073/ENSG00000113578/ENSG00000137573/ENSG00000168621",4
"GO:0090022","GO:0090022","regulation of neutrophil chemotaxis","4/432","34/21468",0.117647058823529,5.84640522875817,4.05278476955097,0.00465201572683316,0.0496644559867451,0.0402464810074763,"ENSG00000109743/ENSG00000145147/ENSG00000166086/ENSG00000197635",4
