"","ID","Description","GeneRatio","BgRatio","RichFactor","FoldEnrichment","zScore","pvalue","p.adjust","qvalue","geneID","Count"
"GO:0003012","GO:0003012","muscle system process","46/591","489/21468",0.0940695296523517,3.41706372686411,9.09694380581283,4.01044451577753e-13,1.77783005384418e-09,1.38212582575322e-09,"ENSG00000007314/ENSG00000017427/ENSG00000018625/ENSG00000034971/ENSG00000076555/ENSG00000077157/ENSG00000100678/ENSG00000102468/ENSG00000105974/ENSG00000108823/ENSG00000109063/ENSG00000111262/ENSG00000115353/ENSG00000118729/ENSG00000119508/ENSG00000120049/ENSG00000120907/ENSG00000123358/ENSG00000124205/ENSG00000130037/ENSG00000130176/ENSG00000130595/ENSG00000131730/ENSG00000132170/ENSG00000133392/ENSG00000136160/ENSG00000136546/ENSG00000141052/ENSG00000145362/ENSG00000148180/ENSG00000149575/ENSG00000153253/ENSG00000163884/ENSG00000164530/ENSG00000166257/ENSG00000168356/ENSG00000169252/ENSG00000174697/ENSG00000175084/ENSG00000177098/ENSG00000180509/ENSG00000180914/ENSG00000182132/ENSG00000186439/ENSG00000187955/ENSG00000266964",46
"GO:0003018","GO:0003018","vascular process in circulatory system","35/591","303/21468",0.115511551155116,4.19594243688328,9.42663082885429,8.43010522448593e-13,1.86853282300731e-09,1.45264023710352e-09,"ENSG00000018625/ENSG00000085563/ENSG00000102468/ENSG00000105974/ENSG00000109610/ENSG00000115353/ENSG00000116678/ENSG00000118777/ENSG00000120156/ENSG00000120907/ENSG00000124205/ENSG00000126895/ENSG00000127528/ENSG00000129244/ENSG00000130037/ENSG00000135218/ENSG00000136160/ENSG00000139155/ENSG00000144668/ENSG00000145936/ENSG00000146477/ENSG00000152779/ENSG00000153162/ENSG00000165349/ENSG00000169252/ENSG00000169418/ENSG00000174697/ENSG00000179776/ENSG00000180914/ENSG00000181856/ENSG00000184113/ENSG00000186642/ENSG00000188778/ENSG00000205502/ENSG00000244734",35
"GO:0006936","GO:0006936","muscle contraction","37/591","378/21468",0.0978835978835979,3.55560927134531,8.43426880359525,2.70659935959331e-11,3.99945165369238e-08,3.10926536958193e-08,"ENSG00000007314/ENSG00000018625/ENSG00000077157/ENSG00000100678/ENSG00000102468/ENSG00000105974/ENSG00000108823/ENSG00000109063/ENSG00000111262/ENSG00000115353/ENSG00000118729/ENSG00000120049/ENSG00000120907/ENSG00000123358/ENSG00000124205/ENSG00000130037/ENSG00000130176/ENSG00000130595/ENSG00000131730/ENSG00000133392/ENSG00000136160/ENSG00000136546/ENSG00000141052/ENSG00000145362/ENSG00000148180/ENSG00000149575/ENSG00000153253/ENSG00000166257/ENSG00000168356/ENSG00000169252/ENSG00000175084/ENSG00000177098/ENSG00000180509/ENSG00000180914/ENSG00000182132/ENSG00000186439/ENSG00000266964",37
"GO:0097305","GO:0097305","response to alcohol","31/591","312/21468",0.0993589743589744,3.60920213458285,7.81112550655755,7.84809678299621e-10,8.69765325975555e-07,6.76175496513937e-07,"ENSG00000069702/ENSG00000078549/ENSG00000108342/ENSG00000115353/ENSG00000118432/ENSG00000119138/ENSG00000122420/ENSG00000124253/ENSG00000125740/ENSG00000126545/ENSG00000127528/ENSG00000129596/ENSG00000136826/ENSG00000137077/ENSG00000138685/ENSG00000145708/ENSG00000145936/ENSG00000151632/ENSG00000167910/ENSG00000168356/ENSG00000170345/ENSG00000173175/ENSG00000174576/ENSG00000174697/ENSG00000175899/ENSG00000181092/ENSG00000181195/ENSG00000181856/ENSG00000184113/ENSG00000196139/ENSG00000198848",31
"GO:0007188","GO:0007188","adenylate cyclase-modulating G protein-coupled receptor signaling pathway","29/591","291/21468",0.0996563573883162,3.62000453538472,7.57114724103428,2.59345299708428e-09,2.29935542721492e-06,1.78757160262188e-06,"ENSG00000064989/ENSG00000065325/ENSG00000078549/ENSG00000080293/ENSG00000106113/ENSG00000111452/ENSG00000118432/ENSG00000120907/ENSG00000122420/ENSG00000126895/ENSG00000129467/ENSG00000135298/ENSG00000138039/ENSG00000141404/ENSG00000146469/ENSG00000150471/ENSG00000156920/ENSG00000162618/ENSG00000164849/ENSG00000169252/ENSG00000169313/ENSG00000170262/ENSG00000170989/ENSG00000173175/ENSG00000180264/ENSG00000183134/ENSG00000185149/ENSG00000186642/ENSG00000188778",29
"GO:0060047","GO:0060047","heart contraction","27/591","269/21468",0.100371747211896,3.64599097994075,7.34771300667833,7.89811767959582e-09,5.83539261227471e-06,4.53656794438539e-06,"ENSG00000007314/ENSG00000018625/ENSG00000100678/ENSG00000102683/ENSG00000105974/ENSG00000116016/ENSG00000118729/ENSG00000120049/ENSG00000120907/ENSG00000124205/ENSG00000129244/ENSG00000130037/ENSG00000136160/ENSG00000136546/ENSG00000145362/ENSG00000148180/ENSG00000149575/ENSG00000153253/ENSG00000166257/ENSG00000168356/ENSG00000173641/ENSG00000175084/ENSG00000177098/ENSG00000180509/ENSG00000182132/ENSG00000186439/ENSG00000266964",27
"GO:0003015","GO:0003015","heart process","27/591","278/21468",0.0971223021582734,3.52795530073403,7.13792011321029,1.59427075444726e-08,1.00962889349496e-05,7.84908639106819e-06,"ENSG00000007314/ENSG00000018625/ENSG00000100678/ENSG00000102683/ENSG00000105974/ENSG00000116016/ENSG00000118729/ENSG00000120049/ENSG00000120907/ENSG00000124205/ENSG00000129244/ENSG00000130037/ENSG00000136160/ENSG00000136546/ENSG00000145362/ENSG00000148180/ENSG00000149575/ENSG00000153253/ENSG00000166257/ENSG00000168356/ENSG00000173641/ENSG00000175084/ENSG00000177098/ENSG00000180509/ENSG00000182132/ENSG00000186439/ENSG00000266964",27
"GO:1903522","GO:1903522","regulation of blood circulation","27/591","290/21468",0.0931034482758621,3.38197094346228,6.87129128504082,3.87563347370341e-08,2.06789492767293e-05,1.60762890598055e-05,"ENSG00000018625/ENSG00000100678/ENSG00000102468/ENSG00000105974/ENSG00000115353/ENSG00000116016/ENSG00000118729/ENSG00000120049/ENSG00000120907/ENSG00000124205/ENSG00000126895/ENSG00000129244/ENSG00000130037/ENSG00000136160/ENSG00000144668/ENSG00000145362/ENSG00000149575/ENSG00000166257/ENSG00000173641/ENSG00000174697/ENSG00000175084/ENSG00000177098/ENSG00000180509/ENSG00000180914/ENSG00000182132/ENSG00000186439/ENSG00000266964",27
"GO:0034308","GO:0034308","primary alcohol metabolic process","17/591","123/21468",0.138211382113821,5.02051091576906,7.52369349545083,4.75223524528798e-08,2.06789492767293e-05,1.60762890598055e-05,"ENSG00000017427/ENSG00000079435/ENSG00000128918/ENSG00000135437/ENSG00000136160/ENSG00000138207/ENSG00000140459/ENSG00000151632/ENSG00000153162/ENSG00000165092/ENSG00000187134/ENSG00000187758/ENSG00000196139/ENSG00000196616/ENSG00000198075/ENSG00000198099/ENSG00000248144",17
"GO:0030198","GO:0030198","extracellular matrix organization","32/591","394/21468",0.0812182741116751,2.95024350021902,6.57368417676881,5.59537974366589e-08,2.06789492767293e-05,1.60762890598055e-05,"ENSG00000065618/ENSG00000066056/ENSG00000069702/ENSG00000090006/ENSG00000092009/ENSG00000100448/ENSG00000105509/ENSG00000105971/ENSG00000105974/ENSG00000116147/ENSG00000131095/ENSG00000132170/ENSG00000132561/ENSG00000133392/ENSG00000134917/ENSG00000136244/ENSG00000137675/ENSG00000140092/ENSG00000140873/ENSG00000143196/ENSG00000154175/ENSG00000154734/ENSG00000163638/ENSG00000164318/ENSG00000166482/ENSG00000168477/ENSG00000171819/ENSG00000172987/ENSG00000187955/ENSG00000197565/ENSG00000205221/ENSG00000271447",32
"GO:0006066","GO:0006066","alcohol metabolic process","32/591","395/21468",0.0810126582278481,2.94277452933239,6.55696911830463,5.93398502934176e-08,2.06789492767293e-05,1.60762890598055e-05,"ENSG00000017427/ENSG00000067113/ENSG00000074660/ENSG00000078549/ENSG00000079435/ENSG00000084674/ENSG00000115361/ENSG00000116678/ENSG00000124253/ENSG00000128918/ENSG00000135437/ENSG00000136160/ENSG00000138039/ENSG00000138135/ENSG00000138207/ENSG00000140459/ENSG00000145335/ENSG00000151632/ENSG00000153162/ENSG00000162407/ENSG00000164849/ENSG00000165092/ENSG00000167910/ENSG00000174697/ENSG00000187134/ENSG00000187758/ENSG00000196139/ENSG00000196616/ENSG00000198075/ENSG00000198099/ENSG00000198848/ENSG00000248144",32
"GO:0043062","GO:0043062","extracellular structure organization","32/591","395/21468",0.0810126582278481,2.94277452933239,6.55696911830463,5.93398502934176e-08,2.06789492767293e-05,1.60762890598055e-05,"ENSG00000065618/ENSG00000066056/ENSG00000069702/ENSG00000090006/ENSG00000092009/ENSG00000100448/ENSG00000105509/ENSG00000105971/ENSG00000105974/ENSG00000116147/ENSG00000131095/ENSG00000132170/ENSG00000132561/ENSG00000133392/ENSG00000134917/ENSG00000136244/ENSG00000137675/ENSG00000140092/ENSG00000140873/ENSG00000143196/ENSG00000154175/ENSG00000154734/ENSG00000163638/ENSG00000164318/ENSG00000166482/ENSG00000168477/ENSG00000171819/ENSG00000172987/ENSG00000187955/ENSG00000197565/ENSG00000205221/ENSG00000271447",32
"GO:0019216","GO:0019216","regulation of lipid metabolic process","31/591","375/21468",0.0826666666666667,3.00285617597293,6.58326889759305,6.06420799904086e-08,2.06789492767293e-05,1.60762890598055e-05,"ENSG00000004799/ENSG00000067113/ENSG00000076555/ENSG00000084674/ENSG00000094963/ENSG00000095637/ENSG00000102468/ENSG00000105974/ENSG00000111405/ENSG00000115361/ENSG00000118432/ENSG00000120738/ENSG00000124253/ENSG00000130173/ENSG00000132170/ENSG00000138039/ENSG00000138135/ENSG00000145335/ENSG00000151468/ENSG00000153162/ENSG00000164849/ENSG00000167910/ENSG00000170509/ENSG00000174697/ENSG00000176194/ENSG00000181092/ENSG00000182782/ENSG00000187288/ENSG00000189058/ENSG00000196139/ENSG00000198848",31
"GO:0045229","GO:0045229","external encapsulating structure organization","32/591","397/21468",0.0806045340050378,2.92794946873122,6.52369577066565,6.66946067378113e-08,2.10001148848715e-05,1.63259705636124e-05,"ENSG00000065618/ENSG00000066056/ENSG00000069702/ENSG00000090006/ENSG00000092009/ENSG00000100448/ENSG00000105509/ENSG00000105971/ENSG00000105974/ENSG00000116147/ENSG00000131095/ENSG00000132170/ENSG00000132561/ENSG00000133392/ENSG00000134917/ENSG00000136244/ENSG00000137675/ENSG00000140092/ENSG00000140873/ENSG00000143196/ENSG00000154175/ENSG00000154734/ENSG00000163638/ENSG00000164318/ENSG00000166482/ENSG00000168477/ENSG00000171819/ENSG00000172987/ENSG00000187955/ENSG00000197565/ENSG00000205221/ENSG00000271447",32
"GO:0086009","GO:0086009","membrane repolarization","12/591","60/21468",0.2,7.26497461928934,8.17621430319492,7.10583630212209e-08,2.10001148848715e-05,1.63259705636124e-05,"ENSG00000018625/ENSG00000105974/ENSG00000111262/ENSG00000118729/ENSG00000120049/ENSG00000129244/ENSG00000130037/ENSG00000145362/ENSG00000149575/ENSG00000177098/ENSG00000180509/ENSG00000182132",12
"GO:0001659","GO:0001659","temperature homeostasis","22/591","209/21468",0.105263157894737,3.82367085225755,6.90178094044696,8.28307945146757e-08,2.19134833013532e-05,1.70360441019223e-05,"ENSG00000102468/ENSG00000104967/ENSG00000105974/ENSG00000115361/ENSG00000116016/ENSG00000116678/ENSG00000118432/ENSG00000120738/ENSG00000123689/ENSG00000125968/ENSG00000135218/ENSG00000136160/ENSG00000142611/ENSG00000165092/ENSG00000169252/ENSG00000170323/ENSG00000174697/ENSG00000176194/ENSG00000180914/ENSG00000181092/ENSG00000188778/ENSG00000221818",22
"GO:0001508","GO:0001508","action potential","21/591","192/21468",0.109375,3.97303299492386,6.96226782224406,8.44157945072788e-08,2.19134833013532e-05,1.70360441019223e-05,"ENSG00000007314/ENSG00000018625/ENSG00000105974/ENSG00000111262/ENSG00000115353/ENSG00000118432/ENSG00000120049/ENSG00000120907/ENSG00000130037/ENSG00000135218/ENSG00000136546/ENSG00000145362/ENSG00000148053/ENSG00000149575/ENSG00000153253/ENSG00000158445/ENSG00000164007/ENSG00000166257/ENSG00000168356/ENSG00000177098/ENSG00000180509",21
"GO:1901342","GO:1901342","regulation of vasculature development","32/591","402/21468",0.0796019900497512,2.89153218678183,6.44141225718817,8.89787275940351e-08,2.19134833013532e-05,1.70360441019223e-05,"ENSG00000000005/ENSG00000004776/ENSG00000066056/ENSG00000092009/ENSG00000101280/ENSG00000106004/ENSG00000114378/ENSG00000117525/ENSG00000120156/ENSG00000126785/ENSG00000127528/ENSG00000132170/ENSG00000135218/ENSG00000135298/ENSG00000136158/ENSG00000136244/ENSG00000136826/ENSG00000138685/ENSG00000139567/ENSG00000142515/ENSG00000154734/ENSG00000163638/ENSG00000164619/ENSG00000168329/ENSG00000169418/ENSG00000171819/ENSG00000174059/ENSG00000174697/ENSG00000179776/ENSG00000184113/ENSG00000240583/ENSG00000249751",32
"GO:0007189","GO:0007189","adenylate cyclase-activating G protein-coupled receptor signaling pathway","21/591","194/21468",0.108247422680412,3.93207389188341,6.9023435459417,1.00919007851191e-07,2.35459979897016e-05,1.83051984323989e-05,"ENSG00000064989/ENSG00000080293/ENSG00000111452/ENSG00000118432/ENSG00000120907/ENSG00000122420/ENSG00000129467/ENSG00000135298/ENSG00000138039/ENSG00000141404/ENSG00000146469/ENSG00000150471/ENSG00000156920/ENSG00000162618/ENSG00000169252/ENSG00000170262/ENSG00000170989/ENSG00000173175/ENSG00000180264/ENSG00000186642/ENSG00000188778",21
"GO:0050886","GO:0050886","endocrine process","15/591","101/21468",0.148514851485149,5.39478313313565,7.44854994018856,1.11004751515777e-07,2.46042031734719e-05,1.91278713927712e-05,"ENSG00000092009/ENSG00000100448/ENSG00000115353/ENSG00000119147/ENSG00000124205/ENSG00000126895/ENSG00000132170/ENSG00000136160/ENSG00000145708/ENSG00000153162/ENSG00000174697/ENSG00000174804/ENSG00000180914/ENSG00000182782/ENSG00000240583",15
"GO:0050678","GO:0050678","regulation of epithelial cell proliferation","33/591","431/21468",0.0765661252900232,2.78125478464673,6.28518620320488,1.39022821581819e-07,2.93470556224859e-05,2.2815073576886e-05,"ENSG00000000005/ENSG00000017427/ENSG00000037280/ENSG00000064300/ENSG00000066056/ENSG00000069702/ENSG00000072163/ENSG00000073282/ENSG00000105894/ENSG00000105971/ENSG00000105974/ENSG00000106004/ENSG00000115353/ENSG00000117525/ENSG00000119138/ENSG00000119508/ENSG00000120156/ENSG00000123358/ENSG00000128016/ENSG00000128918/ENSG00000129757/ENSG00000132170/ENSG00000136160/ENSG00000138685/ENSG00000139567/ENSG00000143867/ENSG00000147257/ENSG00000153162/ENSG00000168874/ENSG00000171951/ENSG00000173269/ENSG00000174697/ENSG00000179388",33
"GO:0035296","GO:0035296","regulation of tube diameter","19/591","165/21468",0.115151515151515,4.18286417474235,6.90534000738443,1.54241212387738e-07,2.97283171528192e-05,2.31114750278011e-05,"ENSG00000018625/ENSG00000102468/ENSG00000105974/ENSG00000109610/ENSG00000115353/ENSG00000120907/ENSG00000124205/ENSG00000126895/ENSG00000127528/ENSG00000130037/ENSG00000136160/ENSG00000144668/ENSG00000145936/ENSG00000169252/ENSG00000169418/ENSG00000174697/ENSG00000180914/ENSG00000188778/ENSG00000244734",19
"GO:0097746","GO:0097746","blood vessel diameter maintenance","19/591","165/21468",0.115151515151515,4.18286417474235,6.90534000738443,1.54241212387738e-07,2.97283171528192e-05,2.31114750278011e-05,"ENSG00000018625/ENSG00000102468/ENSG00000105974/ENSG00000109610/ENSG00000115353/ENSG00000120907/ENSG00000124205/ENSG00000126895/ENSG00000127528/ENSG00000130037/ENSG00000136160/ENSG00000144668/ENSG00000145936/ENSG00000169252/ENSG00000169418/ENSG00000174697/ENSG00000180914/ENSG00000188778/ENSG00000244734",19
"GO:0045765","GO:0045765","regulation of angiogenesis","31/591","393/21468",0.0788804071246819,2.86532077860012,6.27930219982091,1.73352442645641e-07,3.20196407603387e-05,2.48928025097294e-05,"ENSG00000000005/ENSG00000004776/ENSG00000066056/ENSG00000092009/ENSG00000101280/ENSG00000106004/ENSG00000114378/ENSG00000117525/ENSG00000120156/ENSG00000126785/ENSG00000127528/ENSG00000132170/ENSG00000135218/ENSG00000135298/ENSG00000136158/ENSG00000136244/ENSG00000136826/ENSG00000138685/ENSG00000139567/ENSG00000142515/ENSG00000154734/ENSG00000163638/ENSG00000164619/ENSG00000168329/ENSG00000169418/ENSG00000174059/ENSG00000174697/ENSG00000179776/ENSG00000184113/ENSG00000240583/ENSG00000249751",31
"GO:0035150","GO:0035150","regulation of tube size","19/591","167/21468",0.11377245508982,4.13276999300891,6.83804764781008,1.86754423260158e-07,3.27518620290534e-05,2.54620481040809e-05,"ENSG00000018625/ENSG00000102468/ENSG00000105974/ENSG00000109610/ENSG00000115353/ENSG00000120907/ENSG00000124205/ENSG00000126895/ENSG00000127528/ENSG00000130037/ENSG00000136160/ENSG00000144668/ENSG00000145936/ENSG00000169252/ENSG00000169418/ENSG00000174697/ENSG00000180914/ENSG00000188778/ENSG00000244734",19
"GO:0071695","GO:0071695","anatomical structure maturation","26/591","294/21468",0.0884353741496599,3.21240374322318,6.42661033938267,1.92093032428466e-07,3.27518620290534e-05,2.54620481040809e-05,"ENSG00000017427/ENSG00000034971/ENSG00000074660/ENSG00000106004/ENSG00000106852/ENSG00000109906/ENSG00000116016/ENSG00000120049/ENSG00000127528/ENSG00000128918/ENSG00000130173/ENSG00000132170/ENSG00000135298/ENSG00000136160/ENSG00000137077/ENSG00000139567/ENSG00000153902/ENSG00000158445/ENSG00000162367/ENSG00000166947/ENSG00000168329/ENSG00000170989/ENSG00000174697/ENSG00000179776/ENSG00000180509/ENSG00000186417",26
"GO:0034764","GO:0034764","positive regulation of transmembrane transport","22/591","220/21468",0.1,3.63248730964467,6.60334473687683,2.04935218925328e-07,3.36473268702215e-05,2.6158202992652e-05,"ENSG00000017427/ENSG00000078549/ENSG00000088992/ENSG00000092529/ENSG00000095637/ENSG00000105974/ENSG00000119508/ENSG00000120049/ENSG00000123560/ENSG00000124205/ENSG00000129244/ENSG00000138039/ENSG00000145335/ENSG00000145362/ENSG00000145936/ENSG00000147257/ENSG00000163884/ENSG00000180509/ENSG00000181092/ENSG00000186439/ENSG00000189056/ENSG00000266964",22
"GO:1990845","GO:1990845","adaptive thermogenesis","20/591","186/21468",0.10752688172043,3.90590033295126,6.69693895761103,2.26384812867858e-07,3.58415669801147e-05,2.7864055538698e-05,"ENSG00000080293/ENSG00000104967/ENSG00000105974/ENSG00000115361/ENSG00000116016/ENSG00000116678/ENSG00000123689/ENSG00000125968/ENSG00000135218/ENSG00000142611/ENSG00000162877/ENSG00000165092/ENSG00000169252/ENSG00000170323/ENSG00000174697/ENSG00000176194/ENSG00000180914/ENSG00000181092/ENSG00000188778/ENSG00000221818",20
"GO:0051591","GO:0051591","response to cAMP","14/591","94/21468",0.148936170212766,5.41008748244951,7.20964036999817,2.83429275878348e-07,4.33255855161627e-05,3.36823030571946e-05,"ENSG00000120156/ENSG00000124253/ENSG00000125740/ENSG00000129596/ENSG00000145708/ENSG00000167588/ENSG00000170345/ENSG00000178726/ENSG00000179094/ENSG00000180509/ENSG00000181092/ENSG00000181195/ENSG00000186642/ENSG00000240583",14
"GO:0019755","GO:0019755","one-carbon compound transport","8/591","26/21468",0.307692307692308,11.1768840296759,8.73603221129531,3.1724007333324e-07,4.68775081695417e-05,3.64436491260711e-05,"ENSG00000132874/ENSG00000141469/ENSG00000165269/ENSG00000188536/ENSG00000198914/ENSG00000240583/ENSG00000244734/ENSG00000259916",8
"GO:0008217","GO:0008217","regulation of blood pressure","21/591","208/21468",0.100961538461538,3.66741507223741,6.5040820481921,3.29491222560278e-07,4.71172448261198e-05,3.6630025896854e-05,"ENSG00000006128/ENSG00000018625/ENSG00000092009/ENSG00000100448/ENSG00000103647/ENSG00000115353/ENSG00000118432/ENSG00000120907/ENSG00000124205/ENSG00000126895/ENSG00000132170/ENSG00000133116/ENSG00000136160/ENSG00000139567/ENSG00000169252/ENSG00000169418/ENSG00000174697/ENSG00000180914/ENSG00000181092/ENSG00000188778/ENSG00000244734",21
"GO:0003044","GO:0003044","regulation of systemic arterial blood pressure mediated by a chemical signal","10/591","46/21468",0.217391304347826,7.8967115427058,7.87836945608012,3.86775477473918e-07,5.35804903638087e-05,4.16547010937371e-05,"ENSG00000092009/ENSG00000100448/ENSG00000115353/ENSG00000120907/ENSG00000124205/ENSG00000126895/ENSG00000136160/ENSG00000169252/ENSG00000180914/ENSG00000188778",10
"GO:0043270","GO:0043270","positive regulation of monoatomic ion transport","22/591","231/21468",0.0952380952380952,3.45951172347111,6.32344399379802,4.77130703929138e-07,6.31332665794014e-05,4.90812482412909e-05,"ENSG00000022267/ENSG00000078549/ENSG00000088992/ENSG00000092529/ENSG00000105974/ENSG00000120049/ENSG00000123560/ENSG00000124205/ENSG00000129244/ENSG00000138039/ENSG00000145335/ENSG00000145362/ENSG00000145936/ENSG00000149575/ENSG00000166257/ENSG00000169313/ENSG00000174697/ENSG00000177098/ENSG00000180509/ENSG00000186439/ENSG00000189056/ENSG00000266964",22
"GO:0045446","GO:0045446","endothelial cell differentiation","17/591","144/21468",0.118055555555556,4.28835307388607,6.66147993539072,4.84216346424464e-07,6.31332665794014e-05,4.90812482412909e-05,"ENSG00000000005/ENSG00000066056/ENSG00000136160/ENSG00000139567/ENSG00000153162/ENSG00000154133/ENSG00000164736/ENSG00000166292/ENSG00000168874/ENSG00000170989/ENSG00000174804/ENSG00000178878/ENSG00000179776/ENSG00000184113/ENSG00000186642/ENSG00000204301/ENSG00000261371",17
"GO:2000146","GO:2000146","negative regulation of cell motility","32/591","434/21468",0.0737327188940092,2.67833165688086,5.94301859758912,4.98652232728994e-07,6.31578670767894e-05,4.9100373231721e-05,"ENSG00000015413/ENSG00000064300/ENSG00000066056/ENSG00000069702/ENSG00000101280/ENSG00000105509/ENSG00000106511/ENSG00000120129/ENSG00000122592/ENSG00000123612/ENSG00000129244/ENSG00000132170/ENSG00000136826/ENSG00000136999/ENSG00000137033/ENSG00000137077/ENSG00000137872/ENSG00000138685/ENSG00000139567/ENSG00000141052/ENSG00000144339/ENSG00000161544/ENSG00000163638/ENSG00000164007/ENSG00000168329/ENSG00000173269/ENSG00000175471/ENSG00000181092/ENSG00000184113/ENSG00000189058/ENSG00000196104/ENSG00000271447",32
"GO:0001935","GO:0001935","endothelial cell proliferation","21/591","215/21468",0.0976744186046512,3.54801086058317,6.31765282864264,5.71776199552898e-07,7.04078859060554e-05,5.4736704015678e-05,"ENSG00000000005/ENSG00000037280/ENSG00000064300/ENSG00000066056/ENSG00000105971/ENSG00000105974/ENSG00000117525/ENSG00000120156/ENSG00000123358/ENSG00000128918/ENSG00000132170/ENSG00000138685/ENSG00000139567/ENSG00000153162/ENSG00000164619/ENSG00000168874/ENSG00000171951/ENSG00000173269/ENSG00000174059/ENSG00000174697/ENSG00000179388",21
"GO:0015850","GO:0015850","organic hydroxy compound transport","27/591","332/21468",0.0813253012048193,2.95413124579536,6.03749443821605,5.97261735663914e-07,7.15584128161657e-05,5.5631150001811e-05,"ENSG00000076555/ENSG00000084674/ENSG00000102468/ENSG00000105974/ENSG00000118432/ENSG00000119147/ENSG00000132170/ENSG00000135218/ENSG00000135917/ENSG00000138207/ENSG00000139155/ENSG00000141338/ENSG00000145283/ENSG00000145335/ENSG00000146469/ENSG00000146477/ENSG00000153162/ENSG00000158445/ENSG00000165269/ENSG00000167910/ENSG00000180914/ENSG00000181092/ENSG00000185345/ENSG00000187134/ENSG00000198848/ENSG00000240583/ENSG00000259916",27
"GO:0030336","GO:0030336","negative regulation of cell migration","31/591","418/21468",0.0741626794258373,2.693949918636,5.88447917343018,6.64225780965281e-07,7.74871812373445e-05,6.02403104398983e-05,"ENSG00000015413/ENSG00000064300/ENSG00000066056/ENSG00000069702/ENSG00000101280/ENSG00000105509/ENSG00000106511/ENSG00000120129/ENSG00000122592/ENSG00000123612/ENSG00000129244/ENSG00000132170/ENSG00000136826/ENSG00000136999/ENSG00000137033/ENSG00000137077/ENSG00000137872/ENSG00000138685/ENSG00000139567/ENSG00000141052/ENSG00000144339/ENSG00000161544/ENSG00000163638/ENSG00000164007/ENSG00000168329/ENSG00000173269/ENSG00000175471/ENSG00000181092/ENSG00000184113/ENSG00000189058/ENSG00000271447",31
"GO:0120161","GO:0120161","regulation of cold-induced thermogenesis","18/591","165/21468",0.109090909090909,3.96271342870328,6.42771492795351,7.32187297265672e-07,8.32252894558647e-05,6.47012472671474e-05,"ENSG00000104967/ENSG00000105974/ENSG00000115361/ENSG00000116016/ENSG00000116678/ENSG00000123689/ENSG00000125968/ENSG00000135218/ENSG00000142611/ENSG00000165092/ENSG00000169252/ENSG00000170323/ENSG00000174697/ENSG00000176194/ENSG00000180914/ENSG00000181092/ENSG00000188778/ENSG00000221818",18
"GO:0021700","GO:0021700","developmental maturation","29/591","378/21468",0.0767195767195767,2.78682888835173,5.89706545494507,7.66813776764523e-07,8.4079788748475e-05,6.53655545994769e-05,"ENSG00000017427/ENSG00000034971/ENSG00000074660/ENSG00000101938/ENSG00000106004/ENSG00000106852/ENSG00000109906/ENSG00000116016/ENSG00000120049/ENSG00000127528/ENSG00000128918/ENSG00000130173/ENSG00000132170/ENSG00000135298/ENSG00000136160/ENSG00000137077/ENSG00000139567/ENSG00000153902/ENSG00000158445/ENSG00000162367/ENSG00000166947/ENSG00000168329/ENSG00000170989/ENSG00000174697/ENSG00000179776/ENSG00000180509/ENSG00000186417/ENSG00000189056/ENSG00000198844",29
"GO:1901343","GO:1901343","negative regulation of vasculature development","19/591","183/21468",0.103825136612022,3.77143491165294,6.33488556439799,7.77638470265616e-07,8.4079788748475e-05,6.53655545994769e-05,"ENSG00000000005/ENSG00000066056/ENSG00000101280/ENSG00000106004/ENSG00000120156/ENSG00000127528/ENSG00000132170/ENSG00000135218/ENSG00000135298/ENSG00000136158/ENSG00000136826/ENSG00000142515/ENSG00000154734/ENSG00000163638/ENSG00000168329/ENSG00000169418/ENSG00000171819/ENSG00000184113/ENSG00000249751",19
"GO:0086001","GO:0086001","cardiac muscle cell action potential","13/591","88/21468",0.147727272727273,5.36617443470235,6.90532209793293,8.28879262370367e-07,8.54516690718101e-05,6.64320858017278e-05,"ENSG00000007314/ENSG00000018625/ENSG00000105974/ENSG00000120049/ENSG00000130037/ENSG00000136546/ENSG00000145362/ENSG00000149575/ENSG00000153253/ENSG00000166257/ENSG00000168356/ENSG00000177098/ENSG00000180509",13
"GO:0086003","GO:0086003","cardiac muscle cell contraction","13/591","88/21468",0.147727272727273,5.36617443470235,6.90532209793293,8.28879262370367e-07,8.54516690718101e-05,6.64320858017278e-05,"ENSG00000007314/ENSG00000018625/ENSG00000105974/ENSG00000130037/ENSG00000136546/ENSG00000145362/ENSG00000148180/ENSG00000149575/ENSG00000153253/ENSG00000166257/ENSG00000168356/ENSG00000177098/ENSG00000180509",13
"GO:0106106","GO:0106106","cold-induced thermogenesis","18/591","168/21468",0.107142857142857,3.891950688905,6.33141958923475,9.55079339456802e-07,9.62242434502728e-05,7.48069319947744e-05,"ENSG00000104967/ENSG00000105974/ENSG00000115361/ENSG00000116016/ENSG00000116678/ENSG00000123689/ENSG00000125968/ENSG00000135218/ENSG00000142611/ENSG00000165092/ENSG00000169252/ENSG00000170323/ENSG00000174697/ENSG00000176194/ENSG00000180914/ENSG00000181092/ENSG00000188778/ENSG00000221818",18
"GO:0050900","GO:0050900","leukocyte migration","33/591","472/21468",0.0699152542372881,2.5396627376753,5.69080480484167,1.08603639680803e-06,0.000106986652156667,8.31738751613919e-05,"ENSG00000015413/ENSG00000081041/ENSG00000100448/ENSG00000105894/ENSG00000115353/ENSG00000120129/ENSG00000122592/ENSG00000124205/ENSG00000133800/ENSG00000135424/ENSG00000136160/ENSG00000136244/ENSG00000136999/ENSG00000137033/ENSG00000137077/ENSG00000138135/ENSG00000144668/ENSG00000154721/ENSG00000165197/ENSG00000168329/ENSG00000169313/ENSG00000170962/ENSG00000170989/ENSG00000171951/ENSG00000173432/ENSG00000174059/ENSG00000174175/ENSG00000174697/ENSG00000189058/ENSG00000261371/ENSG00000271447/ENSG00000275152/ENSG00000276409",33
"GO:0090257","GO:0090257","regulation of muscle system process","23/591","263/21468",0.0874524714828897,3.17669992858659,5.97589106154984,1.17938760299082e-06,0.000113657070523006,8.83596112629734e-05,"ENSG00000007314/ENSG00000017427/ENSG00000018625/ENSG00000076555/ENSG00000077157/ENSG00000100678/ENSG00000105974/ENSG00000108823/ENSG00000111262/ENSG00000115353/ENSG00000118729/ENSG00000119508/ENSG00000120907/ENSG00000123358/ENSG00000124205/ENSG00000130176/ENSG00000130595/ENSG00000132170/ENSG00000141052/ENSG00000145362/ENSG00000164530/ENSG00000169252/ENSG00000180914",23
"GO:0032409","GO:0032409","regulation of transporter activity","22/591","244/21468",0.0901639344262295,3.27519347590913,6.01374489686867,1.20742554551479e-06,0.000113883349856746,8.85355260025854e-05,"ENSG00000018625/ENSG00000022267/ENSG00000088992/ENSG00000092051/ENSG00000101049/ENSG00000105974/ENSG00000118729/ENSG00000129244/ENSG00000143867/ENSG00000145335/ENSG00000145362/ENSG00000145708/ENSG00000164949/ENSG00000166257/ENSG00000169282/ENSG00000169760/ENSG00000177098/ENSG00000180509/ENSG00000181092/ENSG00000186439/ENSG00000189056/ENSG00000266964",22
"GO:0086002","GO:0086002","cardiac muscle cell action potential involved in contraction","11/591","64/21468",0.171875,6.24333756345178,7.06798643117379,1.24235281702261e-06,0.000114736459122109,8.91987526958775e-05,"ENSG00000007314/ENSG00000105974/ENSG00000130037/ENSG00000136546/ENSG00000145362/ENSG00000149575/ENSG00000153253/ENSG00000166257/ENSG00000168356/ENSG00000177098/ENSG00000180509",11
"GO:0046683","GO:0046683","response to organophosphorus","16/591","138/21468",0.115942028985507,4.2115794894431,6.36807491860493,1.33642339886085e-06,0.000120905406676534,9.39946338962499e-05,"ENSG00000120156/ENSG00000124253/ENSG00000125740/ENSG00000129596/ENSG00000145708/ENSG00000167588/ENSG00000169313/ENSG00000170345/ENSG00000178726/ENSG00000179094/ENSG00000180509/ENSG00000181092/ENSG00000181195/ENSG00000186642/ENSG00000187134/ENSG00000240583",16
"GO:0040013","GO:0040013","negative regulation of locomotion","32/591","455/21468",0.0703296703296703,2.55471634964021,5.63972862285609,1.39292517169345e-06,0.000123128969722289,9.57232827646184e-05,"ENSG00000015413/ENSG00000064300/ENSG00000066056/ENSG00000069702/ENSG00000101280/ENSG00000105509/ENSG00000106511/ENSG00000120129/ENSG00000122592/ENSG00000123612/ENSG00000129244/ENSG00000132170/ENSG00000136826/ENSG00000136999/ENSG00000137033/ENSG00000137077/ENSG00000137872/ENSG00000138685/ENSG00000139567/ENSG00000141052/ENSG00000144339/ENSG00000161544/ENSG00000163638/ENSG00000164007/ENSG00000168329/ENSG00000173269/ENSG00000175471/ENSG00000181092/ENSG00000184113/ENSG00000189058/ENSG00000196104/ENSG00000271447",32
"GO:0003014","GO:0003014","renal system process","16/591","139/21468",0.115107913669065,4.18128035642552,6.33095854552318,1.47246148194449e-06,0.000123128969722289,9.57232827646184e-05,"ENSG00000103647/ENSG00000115353/ENSG00000118777/ENSG00000126895/ENSG00000136160/ENSG00000146021/ENSG00000148180/ENSG00000164007/ENSG00000168356/ENSG00000169418/ENSG00000174059/ENSG00000181092/ENSG00000196139/ENSG00000197891/ENSG00000240583/ENSG00000244734",16
"GO:0001936","GO:0001936","regulation of endothelial cell proliferation","19/591","191/21468",0.0994764397905759,3.61346905147899,6.10413628484301,1.4909099126673e-06,0.000123128969722289,9.57232827646184e-05,"ENSG00000000005/ENSG00000037280/ENSG00000064300/ENSG00000066056/ENSG00000105971/ENSG00000105974/ENSG00000117525/ENSG00000120156/ENSG00000123358/ENSG00000128918/ENSG00000132170/ENSG00000138685/ENSG00000139567/ENSG00000153162/ENSG00000168874/ENSG00000171951/ENSG00000173269/ENSG00000174697/ENSG00000179388",19
"GO:0008016","GO:0008016","regulation of heart contraction","21/591","228/21468",0.0921052631578947,3.34571199572535,5.99115049578531,1.49307048532811e-06,0.000123128969722289,9.57232827646184e-05,"ENSG00000018625/ENSG00000100678/ENSG00000105974/ENSG00000116016/ENSG00000118729/ENSG00000120049/ENSG00000120907/ENSG00000124205/ENSG00000129244/ENSG00000130037/ENSG00000136160/ENSG00000145362/ENSG00000149575/ENSG00000166257/ENSG00000173641/ENSG00000175084/ENSG00000177098/ENSG00000180509/ENSG00000182132/ENSG00000186439/ENSG00000266964",21
"GO:0043434","GO:0043434","response to peptide hormone","33/591","479/21468",0.0688935281837161,2.50254866843996,5.59558894998412,1.49987917099112e-06,0.000123128969722289,9.57232827646184e-05,"ENSG00000004799/ENSG00000036473/ENSG00000065325/ENSG00000069702/ENSG00000095637/ENSG00000105971/ENSG00000105974/ENSG00000106113/ENSG00000119508/ENSG00000120156/ENSG00000120738/ENSG00000120833/ENSG00000122877/ENSG00000123358/ENSG00000123612/ENSG00000124253/ENSG00000129596/ENSG00000132170/ENSG00000133116/ENSG00000136160/ENSG00000137463/ENSG00000138039/ENSG00000140459/ENSG00000145708/ENSG00000163884/ENSG00000170345/ENSG00000174697/ENSG00000180914/ENSG00000181092/ENSG00000181856/ENSG00000184811/ENSG00000197891/ENSG00000204687",33
"GO:0003158","GO:0003158","endothelium development","18/591","174/21468",0.103448275862069,3.75774549273587,6.14533490359134,1.59466953098029e-06,0.000128530364197011,9.99224506110902e-05,"ENSG00000000005/ENSG00000066056/ENSG00000136160/ENSG00000139567/ENSG00000153162/ENSG00000154133/ENSG00000164736/ENSG00000166292/ENSG00000168874/ENSG00000170989/ENSG00000174059/ENSG00000174804/ENSG00000178878/ENSG00000179776/ENSG00000184113/ENSG00000186642/ENSG00000204301/ENSG00000261371",18
"GO:0007611","GO:0007611","learning or memory","26/591","331/21468",0.0785498489425982,2.85331329458494,5.7172414974664,1.84595806639486e-06,0.000146127359077293,0.000113602757695052,"ENSG00000018625/ENSG00000078725/ENSG00000092051/ENSG00000100433/ENSG00000100678/ENSG00000101349/ENSG00000102468/ENSG00000105894/ENSG00000115353/ENSG00000116147/ENSG00000118432/ENSG00000122877/ENSG00000123360/ENSG00000135298/ENSG00000145708/ENSG00000148053/ENSG00000162761/ENSG00000168329/ENSG00000170345/ENSG00000174576/ENSG00000180914/ENSG00000181856/ENSG00000184113/ENSG00000185345/ENSG00000189056/ENSG00000251322",26
"GO:0022898","GO:0022898","regulation of transmembrane transporter activity","20/591","215/21468",0.0930232558139535,3.37905796246016,5.89874340747561,2.26838609049525e-06,0.000176416763845008,0.000137150435092917,"ENSG00000018625/ENSG00000022267/ENSG00000088992/ENSG00000092051/ENSG00000105974/ENSG00000118729/ENSG00000129244/ENSG00000143867/ENSG00000145335/ENSG00000145362/ENSG00000145708/ENSG00000164949/ENSG00000166257/ENSG00000169282/ENSG00000169760/ENSG00000177098/ENSG00000180509/ENSG00000186439/ENSG00000189056/ENSG00000266964",20
"GO:0016525","GO:0016525","negative regulation of angiogenesis","18/591","179/21468",0.100558659217877,3.65278053483822,5.99646881802478,2.40053887656493e-06,0.000182259308783113,0.00014169256341931,"ENSG00000000005/ENSG00000066056/ENSG00000101280/ENSG00000106004/ENSG00000120156/ENSG00000127528/ENSG00000132170/ENSG00000135218/ENSG00000135298/ENSG00000136158/ENSG00000136826/ENSG00000142515/ENSG00000154734/ENSG00000163638/ENSG00000168329/ENSG00000169418/ENSG00000184113/ENSG00000249751",18
"GO:1901654","GO:1901654","response to ketone","21/591","235/21468",0.0893617021276596,3.2460524894697,5.8249677549072,2.42573860099338e-06,0.000182259308783113,0.00014169256341931,"ENSG00000069702/ENSG00000105974/ENSG00000115353/ENSG00000119138/ENSG00000122420/ENSG00000124253/ENSG00000125740/ENSG00000126545/ENSG00000127528/ENSG00000136826/ENSG00000137077/ENSG00000151632/ENSG00000168356/ENSG00000170345/ENSG00000173175/ENSG00000174576/ENSG00000175899/ENSG00000180914/ENSG00000196139/ENSG00000240583/ENSG00000265972",21
"GO:0048545","GO:0048545","response to steroid hormone","28/591","379/21468",0.0738786279683377,2.68363178548947,5.5639613025813,2.48097912303037e-06,0.000183303007539894,0.000142503958750902,"ENSG00000003436/ENSG00000018625/ENSG00000067113/ENSG00000073282/ENSG00000105974/ENSG00000115353/ENSG00000119138/ENSG00000119508/ENSG00000124253/ENSG00000125740/ENSG00000126545/ENSG00000128016/ENSG00000129596/ENSG00000136244/ENSG00000137463/ENSG00000151623/ENSG00000153162/ENSG00000168309/ENSG00000170345/ENSG00000174576/ENSG00000175899/ENSG00000178175/ENSG00000179094/ENSG00000180914/ENSG00000181092/ENSG00000196139/ENSG00000240583/ENSG00000265972",28
"GO:0007613","GO:0007613","memory","16/591","145/21468",0.110344827586207,4.00826185891826,6.11534352247591,2.58464777001536e-06,0.000187831861712756,0.000146024793771015,"ENSG00000078725/ENSG00000100433/ENSG00000100678/ENSG00000101349/ENSG00000102468/ENSG00000105894/ENSG00000115353/ENSG00000118432/ENSG00000162761/ENSG00000168329/ENSG00000170345/ENSG00000174576/ENSG00000180914/ENSG00000181856/ENSG00000189056/ENSG00000251322",16
"GO:0120162","GO:0120162","positive regulation of cold-induced thermogenesis","14/591","113/21468",0.123893805309735,4.50042675531198,6.27705308549291,2.76204557423994e-06,0.000197486258558156,0.000153530343124984,"ENSG00000105974/ENSG00000115361/ENSG00000116016/ENSG00000116678/ENSG00000123689/ENSG00000135218/ENSG00000142611/ENSG00000169252/ENSG00000170323/ENSG00000174697/ENSG00000180914/ENSG00000181092/ENSG00000188778/ENSG00000221818",14
"GO:2000181","GO:2000181","negative regulation of blood vessel morphogenesis","18/591","181/21468",0.0994475138121547,3.61241831898365,5.93840961641722,2.81487263154867e-06,0.000198068736121512,0.000153983174531167,"ENSG00000000005/ENSG00000066056/ENSG00000101280/ENSG00000106004/ENSG00000120156/ENSG00000127528/ENSG00000132170/ENSG00000135218/ENSG00000135298/ENSG00000136158/ENSG00000136826/ENSG00000142515/ENSG00000154734/ENSG00000163638/ENSG00000168329/ENSG00000169418/ENSG00000184113/ENSG00000249751",18
"GO:0010959","GO:0010959","regulation of metal ion transport","31/591","449/21468",0.0690423162583519,2.50795337636937,5.43313420043137,2.98030506196323e-06,0.000206432692807547,0.000160485506132691,"ENSG00000018625/ENSG00000022267/ENSG00000078549/ENSG00000088992/ENSG00000092051/ENSG00000092529/ENSG00000102468/ENSG00000105974/ENSG00000109047/ENSG00000118729/ENSG00000120049/ENSG00000123560/ENSG00000124205/ENSG00000129244/ENSG00000130037/ENSG00000138039/ENSG00000143867/ENSG00000145335/ENSG00000145362/ENSG00000145936/ENSG00000149575/ENSG00000164949/ENSG00000166257/ENSG00000169252/ENSG00000169282/ENSG00000177098/ENSG00000179094/ENSG00000180509/ENSG00000182132/ENSG00000186439/ENSG00000266964",31
"GO:0019229","GO:0019229","regulation of vasoconstriction","11/591","70/21468",0.157142857142857,5.70819434372734,6.63838112483115,3.11398635645657e-06,0.000212373869510338,0.00016510431305326,"ENSG00000018625/ENSG00000102468/ENSG00000105974/ENSG00000115353/ENSG00000120907/ENSG00000124205/ENSG00000126895/ENSG00000130037/ENSG00000144668/ENSG00000174697/ENSG00000180914",11
"GO:0071918","GO:0071918","urea transmembrane transport","5/591","10/21468",0.5,18.1624365482234,9.13334151421229,3.49383113527788e-06,0.000234668991252831,0.000182437051625196,"ENSG00000132874/ENSG00000141469/ENSG00000165269/ENSG00000198914/ENSG00000259916",5
"GO:0045444","GO:0045444","fat cell differentiation","23/591","281/21468",0.0818505338078292,2.97321025344582,5.60192336297059,3.63972743038799e-06,0.000240819577595671,0.000187218658398904,"ENSG00000102468/ENSG00000102802/ENSG00000109906/ENSG00000119508/ENSG00000122877/ENSG00000123358/ENSG00000128016/ENSG00000130173/ENSG00000130876/ENSG00000132170/ENSG00000136244/ENSG00000136826/ENSG00000142611/ENSG00000151468/ENSG00000169252/ENSG00000170323/ENSG00000174697/ENSG00000175445/ENSG00000181092/ENSG00000181856/ENSG00000188778/ENSG00000221818/ENSG00000266524",23
"GO:0050878","GO:0050878","regulation of body fluid levels","30/591","434/21468",0.0691244239631336,2.51093592832581,5.35026571475991,4.1993123329182e-06,0.000273535088265794,0.000212652446123502,"ENSG00000003436/ENSG00000100448/ENSG00000102468/ENSG00000103647/ENSG00000105974/ENSG00000110799/ENSG00000117525/ENSG00000120833/ENSG00000126218/ENSG00000126895/ENSG00000129596/ENSG00000130032/ENSG00000135218/ENSG00000136160/ENSG00000136244/ENSG00000136267/ENSG00000138722/ENSG00000140873/ENSG00000146469/ENSG00000164220/ENSG00000169313/ENSG00000169418/ENSG00000173432/ENSG00000174175/ENSG00000178726/ENSG00000180914/ENSG00000184500/ENSG00000187800/ENSG00000240583/ENSG00000244734",30
"GO:0034765","GO:0034765","regulation of monoatomic ion transmembrane transport","27/591","368/21468",0.0733695652173913,2.66514014566321,5.42099299665514,4.25759555387769e-06,0.000273535088265794,0.000212652446123502,"ENSG00000018625/ENSG00000022267/ENSG00000078549/ENSG00000088992/ENSG00000092051/ENSG00000092529/ENSG00000105974/ENSG00000118729/ENSG00000120049/ENSG00000123560/ENSG00000124205/ENSG00000129244/ENSG00000138039/ENSG00000143867/ENSG00000145335/ENSG00000145362/ENSG00000145936/ENSG00000153822/ENSG00000164949/ENSG00000166257/ENSG00000169282/ENSG00000177098/ENSG00000180509/ENSG00000182132/ENSG00000186439/ENSG00000189056/ENSG00000266964",27
"GO:0048167","GO:0048167","regulation of synaptic plasticity","21/591","244/21468",0.0860655737704918,3.12632104518599,5.6202483305215,4.39473847489397e-06,0.000277670804288807,0.000215867646536515,"ENSG00000080293/ENSG00000092051/ENSG00000100678/ENSG00000101938/ENSG00000105894/ENSG00000106113/ENSG00000116147/ENSG00000122877/ENSG00000131095/ENSG00000137766/ENSG00000145335/ENSG00000148053/ENSG00000158445/ENSG00000168309/ENSG00000168329/ENSG00000168824/ENSG00000174576/ENSG00000175471/ENSG00000181195/ENSG00000189056/ENSG00000251322",21
"GO:0098742","GO:0098742","cell-cell adhesion via plasma-membrane adhesion molecules","25/591","326/21468",0.0766871165644172,2.78564977733487,5.4660981128188,4.44724274859131e-06,0.000277670804288807,0.000215867646536515,"ENSG00000013297/ENSG00000074660/ENSG00000101542/ENSG00000107736/ENSG00000121871/ENSG00000131409/ENSG00000136826/ENSG00000148204/ENSG00000148357/ENSG00000149564/ENSG00000149654/ENSG00000150471/ENSG00000152583/ENSG00000154133/ENSG00000154134/ENSG00000162706/ENSG00000164007/ENSG00000165379/ENSG00000169760/ENSG00000174175/ENSG00000179776/ENSG00000181092/ENSG00000184113/ENSG00000184226/ENSG00000261371",25
"GO:0032412","GO:0032412","regulation of monoatomic ion transmembrane transporter activity","19/591","206/21468",0.0922330097087379,3.35035237297324,5.70308578648908,4.58660090850236e-06,0.000281354062542166,0.000218731095910587,"ENSG00000018625/ENSG00000022267/ENSG00000088992/ENSG00000092051/ENSG00000105974/ENSG00000118729/ENSG00000129244/ENSG00000143867/ENSG00000145362/ENSG00000145708/ENSG00000164949/ENSG00000166257/ENSG00000169282/ENSG00000169760/ENSG00000177098/ENSG00000180509/ENSG00000186439/ENSG00000189056/ENSG00000266964",19
"GO:0070252","GO:0070252","actin-mediated cell contraction","14/591","118/21468",0.11864406779661,4.30973070635808,6.06568839573469,4.63317089230276e-06,0.000281354062542166,0.000218731095910587,"ENSG00000007314/ENSG00000018625/ENSG00000105974/ENSG00000109063/ENSG00000130037/ENSG00000136546/ENSG00000145362/ENSG00000148180/ENSG00000149575/ENSG00000153253/ENSG00000166257/ENSG00000168356/ENSG00000177098/ENSG00000180509",14
"GO:0042180","GO:0042180","cellular ketone metabolic process","21/591","246/21468",0.0853658536585366,3.10090380091618,5.57604074060922,4.99365328682994e-06,0.000299146824601583,0.000232563596885935,"ENSG00000004799/ENSG00000076555/ENSG00000094963/ENSG00000105974/ENSG00000115361/ENSG00000118432/ENSG00000120738/ENSG00000132170/ENSG00000136160/ENSG00000140459/ENSG00000145335/ENSG00000151632/ENSG00000153162/ENSG00000167588/ENSG00000167910/ENSG00000181092/ENSG00000187134/ENSG00000196139/ENSG00000198075/ENSG00000198099/ENSG00000198848",21
"GO:0014074","GO:0014074","response to purine-containing compound","16/591","153/21468",0.104575163398693,3.79867953949769,5.84522983959693,5.22140020128781e-06,0.000308619561230785,0.00023992791942479,"ENSG00000118729/ENSG00000120156/ENSG00000124253/ENSG00000125740/ENSG00000129596/ENSG00000145708/ENSG00000167588/ENSG00000169313/ENSG00000170345/ENSG00000178726/ENSG00000179094/ENSG00000180509/ENSG00000181092/ENSG00000181195/ENSG00000186642/ENSG00000240583",16
"GO:0007612","GO:0007612","learning","17/591","171/21468",0.0994152046783626,3.61124469379879,5.7680867474561,5.31694745152874e-06,0.00031013194806088,0.000241103683605334,"ENSG00000018625/ENSG00000092051/ENSG00000100678/ENSG00000101349/ENSG00000102468/ENSG00000105894/ENSG00000115353/ENSG00000116147/ENSG00000123360/ENSG00000135298/ENSG00000148053/ENSG00000170345/ENSG00000174576/ENSG00000184113/ENSG00000185345/ENSG00000189056/ENSG00000251322",17
"GO:1904062","GO:1904062","regulation of monoatomic cation transmembrane transport","25/591","330/21468",0.0757575757575758,2.75188432548839,5.39604823367606,5.50889217178892e-06,0.000317154792175848,0.000246563403560313,"ENSG00000018625/ENSG00000022267/ENSG00000078549/ENSG00000088992/ENSG00000092051/ENSG00000092529/ENSG00000105974/ENSG00000118729/ENSG00000120049/ENSG00000123560/ENSG00000124205/ENSG00000129244/ENSG00000138039/ENSG00000143867/ENSG00000145335/ENSG00000145362/ENSG00000145936/ENSG00000164949/ENSG00000166257/ENSG00000169282/ENSG00000177098/ENSG00000180509/ENSG00000182132/ENSG00000186439/ENSG00000266964",25
"GO:0006941","GO:0006941","striated muscle contraction","19/591","209/21468",0.0909090909090909,3.30226119058606,5.62732104289481,5.66387878886771e-06,0.000318059607567394,0.000247266827781032,"ENSG00000007314/ENSG00000018625/ENSG00000100678/ENSG00000105974/ENSG00000109063/ENSG00000118729/ENSG00000120907/ENSG00000123358/ENSG00000130037/ENSG00000130595/ENSG00000136546/ENSG00000145362/ENSG00000148180/ENSG00000149575/ENSG00000153253/ENSG00000166257/ENSG00000168356/ENSG00000177098/ENSG00000180509",19
"GO:0050890","GO:0050890","cognition","28/591","396/21468",0.0707070707070707,2.56842537045583,5.30034264530365,5.72914982354374e-06,0.000318059607567394,0.000247266827781032,"ENSG00000018625/ENSG00000078725/ENSG00000092051/ENSG00000100433/ENSG00000100678/ENSG00000101349/ENSG00000102468/ENSG00000105894/ENSG00000115353/ENSG00000116147/ENSG00000118432/ENSG00000122877/ENSG00000123360/ENSG00000135298/ENSG00000138039/ENSG00000145708/ENSG00000148053/ENSG00000162761/ENSG00000168309/ENSG00000168329/ENSG00000170345/ENSG00000174576/ENSG00000180914/ENSG00000181856/ENSG00000184113/ENSG00000185345/ENSG00000189056/ENSG00000251322",28
"GO:0062012","GO:0062012","regulation of small molecule metabolic process","27/591","374/21468",0.072192513368984,2.62238388664187,5.32543793444624,5.73985305783702e-06,0.000318059607567394,0.000247266827781032,"ENSG00000004799/ENSG00000017427/ENSG00000076555/ENSG00000078549/ENSG00000084674/ENSG00000094963/ENSG00000095637/ENSG00000102468/ENSG00000105974/ENSG00000115361/ENSG00000116678/ENSG00000118432/ENSG00000120738/ENSG00000132170/ENSG00000138039/ENSG00000138135/ENSG00000145335/ENSG00000153162/ENSG00000164849/ENSG00000167588/ENSG00000167910/ENSG00000174697/ENSG00000181092/ENSG00000185345/ENSG00000196139/ENSG00000198570/ENSG00000198848",27
"GO:0000302","GO:0000302","response to reactive oxygen species","19/591","210/21468",0.0904761904761905,3.28653613729756,5.60237129983174,6.07071779927919e-06,0.000330368307555865,0.00025683589322614,"ENSG00000078549/ENSG00000109610/ENSG00000114378/ENSG00000115353/ENSG00000127528/ENSG00000130037/ENSG00000135218/ENSG00000136244/ENSG00000136826/ENSG00000140092/ENSG00000161544/ENSG00000170345/ENSG00000170962/ENSG00000188536/ENSG00000189058/ENSG00000240583/ENSG00000244734/ENSG00000257017/ENSG00000265972",19
"GO:0043542","GO:0043542","endothelial cell migration","24/591","311/21468",0.0771704180064309,2.80320564088335,5.38944174247815,6.18968451908724e-06,0.000330368307555865,0.00025683589322614,"ENSG00000037280/ENSG00000069702/ENSG00000101280/ENSG00000105894/ENSG00000106511/ENSG00000120156/ENSG00000123358/ENSG00000125968/ENSG00000126785/ENSG00000132170/ENSG00000136826/ENSG00000136999/ENSG00000138685/ENSG00000139567/ENSG00000162407/ENSG00000163638/ENSG00000164619/ENSG00000168874/ENSG00000171951/ENSG00000173269/ENSG00000176435/ENSG00000179388/ENSG00000179776/ENSG00000241186",24
"GO:0007204","GO:0007204","positive regulation of cytosolic calcium ion concentration","17/591","173/21468",0.0982658959537572,3.56949620022887,5.70923056440705,6.21930037504904e-06,0.000330368307555865,0.00025683589322614,"ENSG00000006128/ENSG00000078549/ENSG00000092051/ENSG00000102468/ENSG00000105974/ENSG00000115353/ENSG00000120907/ENSG00000122420/ENSG00000135218/ENSG00000136160/ENSG00000138039/ENSG00000139151/ENSG00000166405/ENSG00000168329/ENSG00000173175/ENSG00000173432/ENSG00000180914",17
"GO:0015840","GO:0015840","urea transport","5/591","11/21468",0.454545454545455,16.5113059529303,8.657760727173,6.26008072066156e-06,0.000330368307555865,0.00025683589322614,"ENSG00000132874/ENSG00000141469/ENSG00000165269/ENSG00000198914/ENSG00000259916",5
"GO:0009914","GO:0009914","hormone transport","27/591","378/21468",0.0714285714285714,2.59463379260334,5.26276461778253,6.9757029929225e-06,0.000363803427854417,0.000282829121966914,"ENSG00000053438/ENSG00000090006/ENSG00000115353/ENSG00000118432/ENSG00000119147/ENSG00000123612/ENSG00000124205/ENSG00000130037/ENSG00000132170/ENSG00000136244/ENSG00000136999/ENSG00000138207/ENSG00000139155/ENSG00000145242/ENSG00000145708/ENSG00000146469/ENSG00000153162/ENSG00000158445/ENSG00000164220/ENSG00000173175/ENSG00000174697/ENSG00000174804/ENSG00000181092/ENSG00000182782/ENSG00000185345/ENSG00000240583/ENSG00000272636",27
"GO:0045471","GO:0045471","response to ethanol","16/591","157/21468",0.101910828025478,3.70189789517928,5.71692135190099,7.28530644371198e-06,0.000375532133313665,0.000291947286373477,"ENSG00000078549/ENSG00000108342/ENSG00000115353/ENSG00000118432/ENSG00000125740/ENSG00000129596/ENSG00000138685/ENSG00000145708/ENSG00000145936/ENSG00000167910/ENSG00000170345/ENSG00000174697/ENSG00000181092/ENSG00000181195/ENSG00000181856/ENSG00000184113",16
"GO:0042310","GO:0042310","vasoconstriction","12/591","91/21468",0.131868131868132,4.79009315557539,6.09596654651062,7.37594665480282e-06,0.000375834155410815,0.000292182085273133,"ENSG00000018625/ENSG00000102468/ENSG00000105974/ENSG00000115353/ENSG00000120907/ENSG00000124205/ENSG00000126895/ENSG00000130037/ENSG00000136160/ENSG00000144668/ENSG00000174697/ENSG00000180914",12
"GO:0033002","GO:0033002","muscle cell proliferation","22/591","274/21468",0.0802919708029197,2.91659565007966,5.37210741185884,8.021280869264e-06,0.000404072023789174,0.000314134851267588,"ENSG00000017427/ENSG00000064989/ENSG00000069702/ENSG00000105971/ENSG00000115252/ENSG00000115353/ENSG00000119508/ENSG00000130176/ENSG00000132170/ENSG00000136244/ENSG00000136826/ENSG00000136999/ENSG00000138207/ENSG00000138685/ENSG00000141052/ENSG00000154734/ENSG00000169418/ENSG00000170345/ENSG00000170962/ENSG00000170989/ENSG00000181092/ENSG00000189058",22
"GO:0034767","GO:0034767","positive regulation of monoatomic ion transmembrane transport","16/591","159/21468",0.10062893081761,3.6553331417808,5.65433345183597,8.56833381718144e-06,0.000426780042826577,0.000331788585658806,"ENSG00000078549/ENSG00000088992/ENSG00000092529/ENSG00000105974/ENSG00000120049/ENSG00000123560/ENSG00000124205/ENSG00000129244/ENSG00000138039/ENSG00000145335/ENSG00000145362/ENSG00000145936/ENSG00000180509/ENSG00000186439/ENSG00000189056/ENSG00000266964",16
"GO:0007599","GO:0007599","hemostasis","22/591","278/21468",0.079136690647482,2.87463024504254,5.29319522660711,1.00896768179318e-05,0.000496972637043242,0.000386357916981389,"ENSG00000003436/ENSG00000100448/ENSG00000102468/ENSG00000105974/ENSG00000110799/ENSG00000117525/ENSG00000126218/ENSG00000126895/ENSG00000130032/ENSG00000135218/ENSG00000136244/ENSG00000136267/ENSG00000138722/ENSG00000140873/ENSG00000164220/ENSG00000169313/ENSG00000173432/ENSG00000174175/ENSG00000178726/ENSG00000184500/ENSG00000187800/ENSG00000244734",22
"GO:0051897","GO:0051897","positive regulation of phosphatidylinositol 3-kinase/protein kinase B signal transduction","19/591","218/21468",0.0871559633027523,3.16592930657104,5.40802175815051,1.04009221602339e-05,0.000506673493805682,0.000393899585339571,"ENSG00000017427/ENSG00000034971/ENSG00000108342/ENSG00000120156/ENSG00000136158/ENSG00000137077/ENSG00000138685/ENSG00000140538/ENSG00000148053/ENSG00000151632/ENSG00000166292/ENSG00000168329/ENSG00000169313/ENSG00000170962/ENSG00000174175/ENSG00000174697/ENSG00000184500/ENSG00000189056/ENSG00000196139",19
"GO:0048659","GO:0048659","smooth muscle cell proliferation","18/591","199/21468",0.0904522613065327,3.28566691324644,5.45018591639653,1.06477110938127e-05,0.000511576901319405,0.000397711606710374,"ENSG00000017427/ENSG00000064989/ENSG00000115252/ENSG00000115353/ENSG00000119508/ENSG00000130176/ENSG00000132170/ENSG00000136244/ENSG00000136826/ENSG00000136999/ENSG00000138685/ENSG00000141052/ENSG00000154734/ENSG00000169418/ENSG00000170962/ENSG00000170989/ENSG00000181092/ENSG00000189058",18
"GO:0051592","GO:0051592","response to calcium ion","15/591","144/21468",0.104166666666667,3.78384094754653,5.63944935313319,1.07323825451624e-05,0.000511576901319405,0.000397711606710374,"ENSG00000015413/ENSG00000092529/ENSG00000105974/ENSG00000118729/ENSG00000120049/ENSG00000125740/ENSG00000134200/ENSG00000145708/ENSG00000145936/ENSG00000158445/ENSG00000169760/ENSG00000170345/ENSG00000181195/ENSG00000196139/ENSG00000265972",15
"GO:0070293","GO:0070293","renal absorption","8/591","40/21468",0.2,7.26497461928934,6.67273481596302,1.11173724700368e-05,0.000517442181601926,0.000402271410014534,"ENSG00000136160/ENSG00000146021/ENSG00000148180/ENSG00000164007/ENSG00000181092/ENSG00000196139/ENSG00000240583/ENSG00000244734",8
"GO:0006937","GO:0006937","regulation of muscle contraction","17/591","181/21468",0.0939226519337017,3.41172841237345,5.48221205315883,1.13624662933877e-05,0.000517442181601926,0.000402271410014534,"ENSG00000007314/ENSG00000018625/ENSG00000077157/ENSG00000100678/ENSG00000105974/ENSG00000111262/ENSG00000115353/ENSG00000118729/ENSG00000120907/ENSG00000123358/ENSG00000124205/ENSG00000130176/ENSG00000130595/ENSG00000141052/ENSG00000145362/ENSG00000169252/ENSG00000180914",17
"GO:0003073","GO:0003073","regulation of systemic arterial blood pressure","13/591","111/21468",0.117117117117117,4.25426441670097,5.78348450058692,1.16412760171387e-05,0.000517442181601926,0.000402271410014534,"ENSG00000006128/ENSG00000092009/ENSG00000100448/ENSG00000103647/ENSG00000115353/ENSG00000120907/ENSG00000124205/ENSG00000126895/ENSG00000133116/ENSG00000136160/ENSG00000169252/ENSG00000180914/ENSG00000188778",13
"GO:0006939","GO:0006939","smooth muscle contraction","13/591","111/21468",0.117117117117117,4.25426441670097,5.78348450058692,1.16412760171387e-05,0.000517442181601926,0.000402271410014534,"ENSG00000018625/ENSG00000102468/ENSG00000105974/ENSG00000115353/ENSG00000120907/ENSG00000124205/ENSG00000130176/ENSG00000133392/ENSG00000136160/ENSG00000141052/ENSG00000168356/ENSG00000169252/ENSG00000180914",13
"GO:0043266","GO:0043266","regulation of potassium ion transport","13/591","111/21468",0.117117117117117,4.25426441670097,5.78348450058692,1.16412760171387e-05,0.000517442181601926,0.000402271410014534,"ENSG00000022267/ENSG00000102468/ENSG00000105974/ENSG00000118729/ENSG00000120049/ENSG00000124205/ENSG00000129244/ENSG00000130037/ENSG00000145362/ENSG00000145936/ENSG00000169282/ENSG00000180509/ENSG00000182132",13
"GO:0030048","GO:0030048","actin filament-based movement","15/591","145/21468",0.103448275862069,3.75774549273587,5.60608146050947,1.16725057884486e-05,0.000517442181601926,0.000402271410014534,"ENSG00000007314/ENSG00000018625/ENSG00000105974/ENSG00000109063/ENSG00000130037/ENSG00000136546/ENSG00000145362/ENSG00000148180/ENSG00000149575/ENSG00000153253/ENSG00000166257/ENSG00000168356/ENSG00000169994/ENSG00000177098/ENSG00000180509",15
"GO:1904064","GO:1904064","positive regulation of cation transmembrane transport","15/591","145/21468",0.103448275862069,3.75774549273587,5.60608146050947,1.16725057884486e-05,0.000517442181601926,0.000402271410014534,"ENSG00000078549/ENSG00000088992/ENSG00000092529/ENSG00000105974/ENSG00000120049/ENSG00000123560/ENSG00000124205/ENSG00000129244/ENSG00000138039/ENSG00000145335/ENSG00000145362/ENSG00000145936/ENSG00000180509/ENSG00000186439/ENSG00000266964",15
"GO:0046879","GO:0046879","hormone secretion","26/591","367/21468",0.0708446866485014,2.57342425206434,5.11531904750238,1.18828721059422e-05,0.000521552198471699,0.00040546663131688,"ENSG00000053438/ENSG00000090006/ENSG00000115353/ENSG00000118432/ENSG00000119147/ENSG00000123612/ENSG00000124205/ENSG00000130037/ENSG00000132170/ENSG00000136244/ENSG00000136999/ENSG00000138207/ENSG00000145242/ENSG00000145708/ENSG00000146469/ENSG00000153162/ENSG00000158445/ENSG00000164220/ENSG00000173175/ENSG00000174697/ENSG00000174804/ENSG00000181092/ENSG00000182782/ENSG00000185345/ENSG00000240583/ENSG00000272636",26
"GO:0006813","GO:0006813","potassium ion transport","21/591","262/21468",0.0801526717557252,2.91153562986787,5.23780152205411,1.31718288711338e-05,0.00057245801358565,0.000445041978576803,"ENSG00000018625/ENSG00000022267/ENSG00000100433/ENSG00000102468/ENSG00000104888/ENSG00000105974/ENSG00000111262/ENSG00000118729/ENSG00000120049/ENSG00000124205/ENSG00000129244/ENSG00000130037/ENSG00000145362/ENSG00000145936/ENSG00000153822/ENSG00000158445/ENSG00000169282/ENSG00000180509/ENSG00000182132/ENSG00000240583/ENSG00000266964",21
"GO:0072012","GO:0072012","glomerulus vasculature development","7/591","30/21468",0.233333333333333,8.47580372250423,6.89400759433994,1.35670595223017e-05,0.000583910435556927,0.000453945353868327,"ENSG00000120156/ENSG00000120738/ENSG00000143867/ENSG00000170962/ENSG00000174059/ENSG00000240583/ENSG00000261371",7
"GO:0007178","GO:0007178","cell surface receptor protein serine/threonine kinase signaling pathway","30/591","462/21468",0.0649350649350649,2.35875799327576,4.96748760526302,1.42184109585791e-05,0.000606059767109435,0.000471164751805547,"ENSG00000069702/ENSG00000090006/ENSG00000101938/ENSG00000105971/ENSG00000105974/ENSG00000120693/ENSG00000120738/ENSG00000123612/ENSG00000125968/ENSG00000129757/ENSG00000132170/ENSG00000136158/ENSG00000136999/ENSG00000139567/ENSG00000141052/ENSG00000142611/ENSG00000147257/ENSG00000148204/ENSG00000153162/ENSG00000164056/ENSG00000164488/ENSG00000164619/ENSG00000166292/ENSG00000168874/ENSG00000170345/ENSG00000176194/ENSG00000179776/ENSG00000184113/ENSG00000241186/ENSG00000266524",30
"GO:0010038","GO:0010038","response to metal ion","26/591","371/21468",0.0700808625336927,2.54567843802591,5.05290490528389,1.43593104679912e-05,0.00060623641242481,0.000471302079921837,"ENSG00000015413/ENSG00000018625/ENSG00000036473/ENSG00000091704/ENSG00000092529/ENSG00000105974/ENSG00000109610/ENSG00000111262/ENSG00000118729/ENSG00000120049/ENSG00000125740/ENSG00000134200/ENSG00000145335/ENSG00000145708/ENSG00000145936/ENSG00000153162/ENSG00000158445/ENSG00000169760/ENSG00000170323/ENSG00000170345/ENSG00000181195/ENSG00000185345/ENSG00000196139/ENSG00000205364/ENSG00000240583/ENSG00000265972",26
"GO:0002040","GO:0002040","sprouting angiogenesis","18/591","205/21468",0.0878048780487805,3.18950105237093,5.29974766497757,1.59829507829859e-05,0.000668419064348834,0.000519644298545142,"ENSG00000037280/ENSG00000064300/ENSG00000069702/ENSG00000106511/ENSG00000120156/ENSG00000123358/ENSG00000126785/ENSG00000127528/ENSG00000136826/ENSG00000138685/ENSG00000139567/ENSG00000163638/ENSG00000164619/ENSG00000165197/ENSG00000173269/ENSG00000176435/ENSG00000179388/ENSG00000241186",18
"GO:0086010","GO:0086010","membrane depolarization during action potential","7/591","31/21468",0.225806451612903,8.20239069919764,6.75182056781949,1.71103625403544e-05,0.000708880720947579,0.000551100117630302,"ENSG00000018625/ENSG00000145362/ENSG00000149575/ENSG00000153253/ENSG00000166257/ENSG00000168356/ENSG00000177098",7
"GO:0042572","GO:0042572","retinol metabolic process","10/591","69/21468",0.144927536231884,5.26447436180387,5.96951003682505,1.82801327835247e-05,0.000750331746568195,0.000583325094866081,"ENSG00000079435/ENSG00000128918/ENSG00000135437/ENSG00000138207/ENSG00000165092/ENSG00000187758/ENSG00000196139/ENSG00000196616/ENSG00000198099/ENSG00000248144",10
"GO:0097306","GO:0097306","cellular response to alcohol","13/591","116/21468",0.112068965517241,4.07089095046385,5.57981091131467,1.88180405456237e-05,0.000765324529713301,0.000594980828067329,"ENSG00000119138/ENSG00000122420/ENSG00000124253/ENSG00000127528/ENSG00000136826/ENSG00000145936/ENSG00000151632/ENSG00000167910/ENSG00000170345/ENSG00000173175/ENSG00000174576/ENSG00000196139/ENSG00000198848",13
"GO:0007596","GO:0007596","blood coagulation","21/591","270/21468",0.0777777777777778,2.82526790750141,5.07816057086999,2.07105095670668e-05,0.000834633535552793,0.00064886323753662,"ENSG00000003436/ENSG00000100448/ENSG00000102468/ENSG00000105974/ENSG00000110799/ENSG00000117525/ENSG00000126218/ENSG00000130032/ENSG00000135218/ENSG00000136244/ENSG00000136267/ENSG00000138722/ENSG00000140873/ENSG00000164220/ENSG00000169313/ENSG00000173432/ENSG00000174175/ENSG00000178726/ENSG00000184500/ENSG00000187800/ENSG00000244734",21
"GO:0061437","GO:0061437","renal system vasculature development","7/591","32/21468",0.21875,7.94606598984772,6.61587655076941,2.13843625084452e-05,0.000840899297858667,0.000653734384743437,"ENSG00000120156/ENSG00000120738/ENSG00000143867/ENSG00000170962/ENSG00000174059/ENSG00000240583/ENSG00000261371",7
"GO:0061440","GO:0061440","kidney vasculature development","7/591","32/21468",0.21875,7.94606598984772,6.61587655076941,2.13843625084452e-05,0.000840899297858667,0.000653734384743437,"ENSG00000120156/ENSG00000120738/ENSG00000143867/ENSG00000170962/ENSG00000174059/ENSG00000240583/ENSG00000261371",7
"GO:0030856","GO:0030856","regulation of epithelial cell differentiation","17/591","190/21468",0.0894736842105263,3.25012022441892,5.24158332777088,2.14350599273696e-05,0.000840899297858667,0.000653734384743437,"ENSG00000073282/ENSG00000105974/ENSG00000117425/ENSG00000122592/ENSG00000128016/ENSG00000136158/ENSG00000138685/ENSG00000139567/ENSG00000143867/ENSG00000153162/ENSG00000164056/ENSG00000166292/ENSG00000168874/ENSG00000178878/ENSG00000179776/ENSG00000184113/ENSG00000204301",17
"GO:0071805","GO:0071805","potassium ion transmembrane transport","19/591","231/21468",0.0822510822510823,2.98776012481596,5.11056308552144,2.35335103694696e-05,0.00091512325848999,0.000711437792702157,"ENSG00000018625/ENSG00000022267/ENSG00000100433/ENSG00000104888/ENSG00000105974/ENSG00000111262/ENSG00000118729/ENSG00000120049/ENSG00000124205/ENSG00000129244/ENSG00000130037/ENSG00000145362/ENSG00000145936/ENSG00000153822/ENSG00000158445/ENSG00000169282/ENSG00000180509/ENSG00000182132/ENSG00000240583",19
"GO:0061337","GO:0061337","cardiac conduction","12/591","102/21468",0.117647058823529,4.27351448193491,5.57568350064121,2.40059879737793e-05,0.0009179117308229,0.000713605614996183,"ENSG00000018625/ENSG00000100678/ENSG00000105974/ENSG00000118729/ENSG00000129244/ENSG00000130037/ENSG00000145362/ENSG00000149575/ENSG00000166257/ENSG00000177098/ENSG00000180509/ENSG00000186439",12
"GO:0060048","GO:0060048","cardiac muscle contraction","15/591","154/21468",0.0974025974025974,3.53813698991364,5.31848956007797,2.4019345990403e-05,0.0009179117308229,0.000713605614996183,"ENSG00000007314/ENSG00000018625/ENSG00000105974/ENSG00000118729/ENSG00000120907/ENSG00000130037/ENSG00000136546/ENSG00000145362/ENSG00000148180/ENSG00000149575/ENSG00000153253/ENSG00000166257/ENSG00000168356/ENSG00000177098/ENSG00000180509",15
"GO:0042886","GO:0042886","amide transport","26/591","385/21468",0.0675324675324675,2.45310831300679,4.84069278151902,2.71665724451773e-05,0.0010266933679849,0.000798174952635752,"ENSG00000053438/ENSG00000085563/ENSG00000118432/ENSG00000118777/ENSG00000119147/ENSG00000123612/ENSG00000124205/ENSG00000130037/ENSG00000132874/ENSG00000136244/ENSG00000136999/ENSG00000138207/ENSG00000141469/ENSG00000145242/ENSG00000145708/ENSG00000146469/ENSG00000158445/ENSG00000164220/ENSG00000165269/ENSG00000173175/ENSG00000174697/ENSG00000185345/ENSG00000198914/ENSG00000240583/ENSG00000259916/ENSG00000272636",26
"GO:0050873","GO:0050873","brown fat cell differentiation","9/591","58/21468",0.155172413793103,5.6366182391038,5.9491151534322,2.73290813043579e-05,0.0010266933679849,0.000798174952635752,"ENSG00000130876/ENSG00000142611/ENSG00000169252/ENSG00000170323/ENSG00000174697/ENSG00000181092/ENSG00000181856/ENSG00000188778/ENSG00000221818",9
"GO:0141091","GO:0141091","transforming growth factor beta receptor superfamily signaling pathway","28/591","432/21468",0.0648148148148148,2.35438992291784,4.78464123888548,2.82486702714679e-05,0.00105232231355813,0.000818099482253745,"ENSG00000069702/ENSG00000090006/ENSG00000101938/ENSG00000105971/ENSG00000105974/ENSG00000120693/ENSG00000120738/ENSG00000123612/ENSG00000125968/ENSG00000129757/ENSG00000132170/ENSG00000136158/ENSG00000139567/ENSG00000141052/ENSG00000142611/ENSG00000147257/ENSG00000148204/ENSG00000153162/ENSG00000164056/ENSG00000164488/ENSG00000164619/ENSG00000166292/ENSG00000170345/ENSG00000176194/ENSG00000179776/ENSG00000184113/ENSG00000241186/ENSG00000266524",28
"GO:0036293","GO:0036293","response to decreased oxygen levels","25/591","364/21468",0.0686813186813187,2.49484018519552,4.83958854381874,2.92518274189848e-05,0.00107367273762572,0.000834697791203915,"ENSG00000069702/ENSG00000100678/ENSG00000101280/ENSG00000105974/ENSG00000109610/ENSG00000116016/ENSG00000120156/ENSG00000120738/ENSG00000124253/ENSG00000130037/ENSG00000132170/ENSG00000137463/ENSG00000139567/ENSG00000141052/ENSG00000145936/ENSG00000161544/ENSG00000165197/ENSG00000170345/ENSG00000174697/ENSG00000174804/ENSG00000180914/ENSG00000181092/ENSG00000181195/ENSG00000181856/ENSG00000240583",25
"GO:0031589","GO:0031589","cell-substrate adhesion","27/591","410/21468",0.0658536585365854,2.3921257892782,4.78858520696868,2.9711268134664e-05,0.00107367273762572,0.000834697791203915,"ENSG00000034971/ENSG00000065618/ENSG00000072163/ENSG00000095637/ENSG00000103647/ENSG00000110799/ENSG00000120156/ENSG00000122592/ENSG00000129244/ENSG00000133800/ENSG00000135218/ENSG00000135424/ENSG00000136114/ENSG00000137077/ENSG00000139567/ENSG00000140092/ENSG00000144668/ENSG00000154175/ENSG00000163638/ENSG00000164318/ENSG00000164946/ENSG00000168309/ENSG00000168477/ENSG00000174059/ENSG00000174804/ENSG00000189058/ENSG00000205221",27
"GO:0048660","GO:0048660","regulation of smooth muscle cell proliferation","17/591","195/21468",0.0871794871794872,3.16678380840817,5.11403728728975,2.99473311661024e-05,0.00107367273762572,0.000834697791203915,"ENSG00000017427/ENSG00000064989/ENSG00000115252/ENSG00000115353/ENSG00000119508/ENSG00000130176/ENSG00000132170/ENSG00000136244/ENSG00000136826/ENSG00000138685/ENSG00000141052/ENSG00000154734/ENSG00000169418/ENSG00000170962/ENSG00000170989/ENSG00000181092/ENSG00000189058",17
"GO:0032835","GO:0032835","glomerulus development","10/591","73/21468",0.136986301369863,4.97601001321188,5.72529840328763,3.02687425575539e-05,0.00107367273762572,0.000834697791203915,"ENSG00000120156/ENSG00000120738/ENSG00000136160/ENSG00000143867/ENSG00000163884/ENSG00000170962/ENSG00000174059/ENSG00000181092/ENSG00000240583/ENSG00000261371",10
"GO:0051932","GO:0051932","synaptic transmission, GABAergic","10/591","73/21468",0.136986301369863,4.97601001321188,5.72529840328763,3.02687425575539e-05,0.00107367273762572,0.000834697791203915,"ENSG00000109158/ENSG00000115353/ENSG00000118432/ENSG00000120907/ENSG00000121871/ENSG00000151834/ENSG00000163285/ENSG00000169760/ENSG00000174576/ENSG00000180914",10
"GO:0050817","GO:0050817","coagulation","21/591","277/21468",0.075812274368231,2.75387124557899,4.94318927266784,3.02750038807162e-05,0.00107367273762572,0.000834697791203915,"ENSG00000003436/ENSG00000100448/ENSG00000102468/ENSG00000105974/ENSG00000110799/ENSG00000117525/ENSG00000126218/ENSG00000130032/ENSG00000135218/ENSG00000136244/ENSG00000136267/ENSG00000138722/ENSG00000140873/ENSG00000164220/ENSG00000169313/ENSG00000173432/ENSG00000174175/ENSG00000178726/ENSG00000184500/ENSG00000187800/ENSG00000244734",21
"GO:0086065","GO:0086065","cell communication involved in cardiac conduction","9/591","59/21468",0.152542372881356,5.54108233674611,5.87668705236644,3.147025774557e-05,0.00110720359195327,0.000860765445772734,"ENSG00000018625/ENSG00000105974/ENSG00000118729/ENSG00000129244/ENSG00000130037/ENSG00000145362/ENSG00000166257/ENSG00000177098/ENSG00000186439",9
"GO:0007517","GO:0007517","muscle organ development","26/591","389/21468",0.0668380462724936,2.42788354886276,4.78176205801594,3.2372410361035e-05,0.00112704556002433,0.000876191046462452,"ENSG00000017427/ENSG00000022267/ENSG00000052850/ENSG00000069702/ENSG00000092529/ENSG00000101605/ENSG00000102683/ENSG00000105971/ENSG00000105974/ENSG00000106511/ENSG00000108823/ENSG00000108924/ENSG00000109063/ENSG00000115593/ENSG00000120738/ENSG00000122877/ENSG00000123358/ENSG00000135424/ENSG00000141052/ENSG00000168356/ENSG00000170345/ENSG00000170989/ENSG00000175084/ENSG00000179388/ENSG00000184271/ENSG00000262179",26
"GO:0030212","GO:0030212","hyaluronan metabolic process","7/591","34/21468",0.205882352941176,7.47865034338609,6.36088816110338,3.25850715187068e-05,0.00112704556002433,0.000876191046462452,"ENSG00000105509/ENSG00000114378/ENSG00000123243/ENSG00000133800/ENSG00000136011/ENSG00000138685/ENSG00000162267",7
"GO:0097009","GO:0097009","energy homeostasis","11/591","89/21468",0.123595505617978,4.4895910568642,5.55036083358101,3.27969495247323e-05,0.00112704556002433,0.000876191046462452,"ENSG00000076555/ENSG00000080293/ENSG00000094963/ENSG00000116678/ENSG00000119508/ENSG00000123612/ENSG00000135218/ENSG00000162877/ENSG00000169252/ENSG00000174697/ENSG00000188778",11
"GO:0042445","GO:0042445","hormone metabolic process","21/591","279/21468",0.0752688172043011,2.73413023306588,4.90539466011433,3.36538256226746e-05,0.0011475954537332,0.000892167004766289,"ENSG00000079435/ENSG00000092009/ENSG00000100448/ENSG00000120738/ENSG00000128918/ENSG00000135437/ENSG00000136160/ENSG00000138039/ENSG00000138207/ENSG00000139155/ENSG00000140459/ENSG00000151632/ENSG00000153162/ENSG00000165092/ENSG00000174697/ENSG00000187134/ENSG00000187758/ENSG00000196139/ENSG00000196616/ENSG00000198099/ENSG00000248144",21
"GO:0048008","GO:0048008","platelet-derived growth factor receptor signaling pathway","9/591","60/21468",0.15,5.448730964467,5.80589387078271,3.61307941543246e-05,0.00122265504187879,0.00095052004870437,"ENSG00000117525/ENSG00000119508/ENSG00000141052/ENSG00000144655/ENSG00000145335/ENSG00000170962/ENSG00000181092/ENSG00000189058/ENSG00000265972",9
"GO:0016042","GO:0016042","lipid catabolic process","26/591","392/21468",0.0663265306122449,2.40930280741738,4.73803897185026,3.68506533463612e-05,0.00123756777488196,0.000962113549090802,"ENSG00000015413/ENSG00000067113/ENSG00000074660/ENSG00000076555/ENSG00000079435/ENSG00000084674/ENSG00000111405/ENSG00000115361/ENSG00000118432/ENSG00000124253/ENSG00000136960/ENSG00000139151/ENSG00000162407/ENSG00000166819/ENSG00000167910/ENSG00000174697/ENSG00000175445/ENSG00000176194/ENSG00000181092/ENSG00000182782/ENSG00000182836/ENSG00000187288/ENSG00000188257/ENSG00000196139/ENSG00000198848/ENSG00000277494",26
"GO:0001666","GO:0001666","response to hypoxia","24/591","348/21468",0.0689655172413793,2.50516366182391,4.76290328549706,3.93617635304819e-05,0.00131196013331298,0.00101994787335811,"ENSG00000069702/ENSG00000100678/ENSG00000101280/ENSG00000105974/ENSG00000109610/ENSG00000116016/ENSG00000120156/ENSG00000120738/ENSG00000124253/ENSG00000130037/ENSG00000132170/ENSG00000137463/ENSG00000139567/ENSG00000141052/ENSG00000145936/ENSG00000161544/ENSG00000165197/ENSG00000170345/ENSG00000174697/ENSG00000174804/ENSG00000181092/ENSG00000181195/ENSG00000181856/ENSG00000240583",24
"GO:0006814","GO:0006814","sodium ion transport","20/591","261/21468",0.0766283524904215,2.78351517980434,4.87756222425088,4.000858283155e-05,0.0013235675200915,0.00102897172184206,"ENSG00000007314/ENSG00000018625/ENSG00000088992/ENSG00000100191/ENSG00000100678/ENSG00000104888/ENSG00000129244/ENSG00000136160/ENSG00000136546/ENSG00000143867/ENSG00000145283/ENSG00000146021/ENSG00000149575/ENSG00000153253/ENSG00000166257/ENSG00000168356/ENSG00000169252/ENSG00000177098/ENSG00000179094/ENSG00000266964",20
"GO:0009636","GO:0009636","response to toxic substance","22/591","305/21468",0.0721311475409836,2.6201547807273,4.79471925833549,4.20376631881206e-05,0.00137024235965396,0.00106525781174851,"ENSG00000085563/ENSG00000109610/ENSG00000118777/ENSG00000135218/ENSG00000140092/ENSG00000146477/ENSG00000149124/ENSG00000149575/ENSG00000161544/ENSG00000165092/ENSG00000168356/ENSG00000170345/ENSG00000181195/ENSG00000185345/ENSG00000188536/ENSG00000198099/ENSG00000198848/ENSG00000205364/ENSG00000211445/ENSG00000241644/ENSG00000244734/ENSG00000257017",22
"GO:0046883","GO:0046883","regulation of hormone secretion","22/591","305/21468",0.0721311475409836,2.6201547807273,4.79471925833549,4.20376631881206e-05,0.00137024235965396,0.00106525781174851,"ENSG00000053438/ENSG00000115353/ENSG00000118432/ENSG00000119147/ENSG00000123612/ENSG00000124205/ENSG00000130037/ENSG00000132170/ENSG00000136244/ENSG00000136999/ENSG00000138207/ENSG00000145242/ENSG00000145708/ENSG00000153162/ENSG00000158445/ENSG00000164220/ENSG00000173175/ENSG00000174697/ENSG00000181092/ENSG00000182782/ENSG00000185345/ENSG00000272636",22
"GO:0032526","GO:0032526","response to retinoic acid","13/591","126/21468",0.103174603174603,3.74780436709371,5.20473829504734,4.54661245641725e-05,0.00147117759264947,0.0011437271749758,"ENSG00000066056/ENSG00000078725/ENSG00000088992/ENSG00000105996/ENSG00000124253/ENSG00000128918/ENSG00000136826/ENSG00000138207/ENSG00000143867/ENSG00000153162/ENSG00000174697/ENSG00000174804/ENSG00000240583",13
"GO:0072001","GO:0072001","renal system development","24/591","352/21468",0.0681818181818182,2.47669589293955,4.700044231609,4.71920115860939e-05,0.00151595787942865,0.00117854039613174,"ENSG00000109906/ENSG00000120156/ENSG00000120738/ENSG00000128918/ENSG00000136160/ENSG00000138207/ENSG00000138685/ENSG00000141052/ENSG00000143867/ENSG00000146021/ENSG00000147257/ENSG00000153162/ENSG00000154734/ENSG00000163884/ENSG00000164056/ENSG00000164488/ENSG00000164619/ENSG00000164736/ENSG00000170962/ENSG00000174059/ENSG00000181092/ENSG00000198914/ENSG00000240583/ENSG00000261371",24
"GO:0048469","GO:0048469","cell maturation","18/591","224/21468",0.0803571428571429,2.91896301667875,4.85755627502842,5.20289781567186e-05,0.00165931266308441,0.00128998769015598,"ENSG00000034971/ENSG00000074660/ENSG00000106004/ENSG00000106852/ENSG00000116016/ENSG00000120049/ENSG00000127528/ENSG00000130173/ENSG00000132170/ENSG00000135298/ENSG00000136160/ENSG00000137077/ENSG00000153902/ENSG00000158445/ENSG00000162367/ENSG00000166947/ENSG00000180509/ENSG00000186417",18
"GO:0045833","GO:0045833","negative regulation of lipid metabolic process","13/591","128/21468",0.1015625,3.68924492385787,5.13432679677448,5.36273405820907e-05,0.0016783470491607,0.00130478545809589,"ENSG00000076555/ENSG00000094963/ENSG00000111405/ENSG00000115361/ENSG00000118432/ENSG00000138135/ENSG00000151468/ENSG00000167910/ENSG00000176194/ENSG00000182782/ENSG00000187288/ENSG00000189058/ENSG00000196139",13
"GO:0006940","GO:0006940","regulation of smooth muscle contraction","9/591","63/21468",0.142857142857143,5.18926758520667,5.60268406069467,5.37616244035234e-05,0.0016783470491607,0.00130478545809589,"ENSG00000018625/ENSG00000105974/ENSG00000115353/ENSG00000120907/ENSG00000124205/ENSG00000130176/ENSG00000141052/ENSG00000169252/ENSG00000180914",9
"GO:1902895","GO:1902895","positive regulation of miRNA transcription","9/591","63/21468",0.142857142857143,5.18926758520667,5.60268406069467,5.37616244035234e-05,0.0016783470491607,0.00130478545809589,"ENSG00000064300/ENSG00000120738/ENSG00000132170/ENSG00000136244/ENSG00000136826/ENSG00000138685/ENSG00000141052/ENSG00000168874/ENSG00000170345",9
"GO:1901379","GO:1901379","regulation of potassium ion transmembrane transport","11/591","94/21468",0.117021276595745,4.25078302192461,5.31440172156283,5.47842065333785e-05,0.00169738696116324,0.00131958752201751,"ENSG00000022267/ENSG00000105974/ENSG00000118729/ENSG00000120049/ENSG00000124205/ENSG00000129244/ENSG00000145362/ENSG00000145936/ENSG00000169282/ENSG00000180509/ENSG00000182132",11
"GO:0007626","GO:0007626","locomotory behavior","18/591","225/21468",0.08,2.90598984771574,4.83558799274131,5.51373161307256e-05,0.00169738696116324,0.00131958752201751,"ENSG00000018625/ENSG00000046889/ENSG00000101349/ENSG00000107736/ENSG00000116147/ENSG00000120738/ENSG00000123360/ENSG00000145335/ENSG00000152092/ENSG00000153902/ENSG00000162367/ENSG00000162761/ENSG00000173175/ENSG00000174804/ENSG00000181195/ENSG00000185149/ENSG00000185345/ENSG00000189056",18
"GO:0006979","GO:0006979","response to oxidative stress","28/591","449/21468",0.0623608017817372,2.26524821091427,4.55867100036194,5.57154131186176e-05,0.00170335466451608,0.00132422695136373,"ENSG00000078549/ENSG00000101049/ENSG00000109610/ENSG00000114378/ENSG00000115353/ENSG00000116016/ENSG00000127528/ENSG00000130037/ENSG00000135218/ENSG00000136244/ENSG00000136826/ENSG00000140092/ENSG00000145335/ENSG00000161544/ENSG00000170345/ENSG00000170962/ENSG00000171819/ENSG00000175471/ENSG00000181092/ENSG00000181195/ENSG00000185345/ENSG00000188536/ENSG00000189058/ENSG00000211445/ENSG00000240583/ENSG00000244734/ENSG00000257017/ENSG00000265972",28
"GO:0120254","GO:0120254","olefinic compound metabolic process","16/591","185/21468",0.0864864864864865,3.14161064617917,4.92215552292796,5.61016572748788e-05,0.001703415388353,0.00132427415946614,"ENSG00000079435/ENSG00000120738/ENSG00000128918/ENSG00000135437/ENSG00000136160/ENSG00000138207/ENSG00000140459/ENSG00000151632/ENSG00000153162/ENSG00000165092/ENSG00000187134/ENSG00000187758/ENSG00000196139/ENSG00000196616/ENSG00000198099/ENSG00000248144",16
"GO:0050731","GO:0050731","positive regulation of peptidyl-tyrosine phosphorylation","13/591","129/21468",0.10077519379845,3.6606461259985,5.09964931632622,5.81653193309875e-05,0.00175406027615148,0.00136364665585144,"ENSG00000017427/ENSG00000101280/ENSG00000102468/ENSG00000108342/ENSG00000135218/ENSG00000136244/ENSG00000136960/ENSG00000153162/ENSG00000162407/ENSG00000181092/ENSG00000189056/ENSG00000241186/ENSG00000261371",13
"GO:0019915","GO:0019915","lipid storage","12/591","112/21468",0.107142857142857,3.891950688905,5.16280012246499,6.11869053240364e-05,0.00183271318446928,0.00142479322923823,"ENSG00000076555/ENSG00000084674/ENSG00000105974/ENSG00000123612/ENSG00000132170/ENSG00000135218/ENSG00000136244/ENSG00000174697/ENSG00000175445/ENSG00000176194/ENSG00000187288/ENSG00000198848",12
"GO:0050920","GO:0050920","regulation of chemotaxis","19/591","249/21468",0.0763052208835341,2.77177746519071,4.7314228597015,6.55688818297567e-05,0.00195078424933766,0.00151658438085923,"ENSG00000104967/ENSG00000105894/ENSG00000117525/ENSG00000120129/ENSG00000124205/ENSG00000136244/ENSG00000136999/ENSG00000137077/ENSG00000138685/ENSG00000140538/ENSG00000154134/ENSG00000165197/ENSG00000168329/ENSG00000169313/ENSG00000170962/ENSG00000170989/ENSG00000171951/ENSG00000221866/ENSG00000271447",19
"GO:0034694","GO:0034694","response to prostaglandin","7/591","38/21468",0.184210526315789,6.69142399145071,5.90808896025945,6.94894491825377e-05,0.00205364485484126,0.00159655057279739,"ENSG00000069702/ENSG00000122420/ENSG00000137077/ENSG00000151632/ENSG00000168356/ENSG00000175899/ENSG00000196139",7
"GO:0042551","GO:0042551","neuron maturation","8/591","51/21468",0.156862745098039,5.69801930924654,5.65152873529109,7.05548011158718e-05,0.00206462906065143,0.00160508994611533,"ENSG00000034971/ENSG00000074660/ENSG00000120049/ENSG00000135298/ENSG00000136160/ENSG00000153902/ENSG00000158445/ENSG00000186417",8
"GO:0031960","GO:0031960","response to corticosteroid","15/591","169/21468",0.0887573964497041,3.22410116240651,4.88386505555144,7.07926048317207e-05,0.00206462906065143,0.00160508994611533,"ENSG00000119138/ENSG00000124253/ENSG00000125740/ENSG00000126545/ENSG00000128016/ENSG00000129596/ENSG00000136244/ENSG00000153162/ENSG00000168309/ENSG00000170345/ENSG00000174576/ENSG00000175899/ENSG00000181092/ENSG00000196139/ENSG00000240583",15
"GO:0010232","GO:0010232","vascular transport","11/591","97/21468",0.11340206185567,4.11931550578262,5.18057686779508,7.32809651439056e-05,0.00210944492521385,0.00163993082625528,"ENSG00000018625/ENSG00000085563/ENSG00000116678/ENSG00000118777/ENSG00000129244/ENSG00000135218/ENSG00000139155/ENSG00000146477/ENSG00000152779/ENSG00000165349/ENSG00000181856",11
"GO:0150104","GO:0150104","transport across blood-brain barrier","11/591","97/21468",0.11340206185567,4.11931550578262,5.18057686779508,7.32809651439056e-05,0.00210944492521385,0.00163993082625528,"ENSG00000018625/ENSG00000085563/ENSG00000116678/ENSG00000118777/ENSG00000129244/ENSG00000135218/ENSG00000139155/ENSG00000146477/ENSG00000152779/ENSG00000165349/ENSG00000181856",11
"GO:0071300","GO:0071300","cellular response to retinoic acid","10/591","81/21468",0.123456790123457,4.48455223412922,5.28639884925476,7.51645630237847e-05,0.00214970650248024,0.00167123109908232,"ENSG00000078725/ENSG00000088992/ENSG00000105996/ENSG00000124253/ENSG00000128918/ENSG00000136826/ENSG00000143867/ENSG00000174697/ENSG00000174804/ENSG00000240583",10
"GO:0050806","GO:0050806","positive regulation of synaptic transmission","17/591","210/21468",0.080952380952381,2.94058496495045,4.75473679824399,7.61260468533895e-05,0.00216324849808382,0.0016817589568016,"ENSG00000100678/ENSG00000105894/ENSG00000106113/ENSG00000115353/ENSG00000116147/ENSG00000120907/ENSG00000130876/ENSG00000131095/ENSG00000145335/ENSG00000148053/ENSG00000168309/ENSG00000168329/ENSG00000168824/ENSG00000169760/ENSG00000180914/ENSG00000189056/ENSG00000251322",17
"GO:0085029","GO:0085029","extracellular matrix assembly","9/591","66/21468",0.136363636363636,4.9533917858791,5.41202777127568,7.81476988637889e-05,0.00220655254180367,0.00171542451277268,"ENSG00000066056/ENSG00000069702/ENSG00000090006/ENSG00000105509/ENSG00000132170/ENSG00000133392/ENSG00000140092/ENSG00000166482/ENSG00000168477",9
"GO:0001990","GO:0001990","regulation of systemic arterial blood pressure by hormone","7/591","39/21468",0.179487179487179,6.51984901731095,5.80502270662438,8.26970217113259e-05,0.00230563457387615,0.00179245315513327,"ENSG00000092009/ENSG00000100448/ENSG00000115353/ENSG00000124205/ENSG00000126895/ENSG00000136160/ENSG00000180914",7
"GO:0008207","GO:0008207","C21-steroid hormone metabolic process","7/591","39/21468",0.179487179487179,6.51984901731095,5.80502270662438,8.26970217113259e-05,0.00230563457387615,0.00179245315513327,"ENSG00000120738/ENSG00000136160/ENSG00000140459/ENSG00000151632/ENSG00000153162/ENSG00000187134/ENSG00000196139",7
"GO:0010883","GO:0010883","regulation of lipid storage","9/591","67/21468",0.134328358208955,4.87946056519433,5.35102626210593,8.81007543395753e-05,0.00244094152492086,0.00189764387965638,"ENSG00000076555/ENSG00000084674/ENSG00000132170/ENSG00000135218/ENSG00000136244/ENSG00000174697/ENSG00000175445/ENSG00000176194/ENSG00000198848",9
"GO:0046942","GO:0046942","carboxylic acid transport","25/591","390/21468",0.0641025641025641,2.32851750618248,4.45482099724845,8.93727609140103e-05,0.00246080403187458,0.00191308544774416,"ENSG00000013293/ENSG00000018625/ENSG00000076555/ENSG00000085563/ENSG00000104888/ENSG00000118777/ENSG00000130876/ENSG00000131095/ENSG00000132170/ENSG00000135218/ENSG00000138039/ENSG00000139155/ENSG00000145283/ENSG00000145335/ENSG00000146477/ENSG00000148053/ENSG00000152779/ENSG00000165349/ENSG00000167910/ENSG00000168065/ENSG00000170323/ENSG00000174697/ENSG00000187134/ENSG00000188257/ENSG00000198848",25
"GO:0015849","GO:0015849","organic acid transport","25/591","391/21468",0.0639386189258312,2.32256221844288,4.44063897120386,9.30662974852924e-05,0.00251896983340839,0.00195830487482139,"ENSG00000013293/ENSG00000018625/ENSG00000076555/ENSG00000085563/ENSG00000104888/ENSG00000118777/ENSG00000130876/ENSG00000131095/ENSG00000132170/ENSG00000135218/ENSG00000138039/ENSG00000139155/ENSG00000145283/ENSG00000145335/ENSG00000146477/ENSG00000148053/ENSG00000152779/ENSG00000165349/ENSG00000167910/ENSG00000168065/ENSG00000170323/ENSG00000174697/ENSG00000187134/ENSG00000188257/ENSG00000198848",25
"GO:0070482","GO:0070482","response to oxygen levels","25/591","391/21468",0.0639386189258312,2.32256221844288,4.44063897120386,9.30662974852924e-05,0.00251896983340839,0.00195830487482139,"ENSG00000069702/ENSG00000100678/ENSG00000101280/ENSG00000105974/ENSG00000109610/ENSG00000116016/ENSG00000120156/ENSG00000120738/ENSG00000124253/ENSG00000130037/ENSG00000132170/ENSG00000137463/ENSG00000139567/ENSG00000141052/ENSG00000145936/ENSG00000161544/ENSG00000165197/ENSG00000170345/ENSG00000174697/ENSG00000174804/ENSG00000180914/ENSG00000181092/ENSG00000181195/ENSG00000181856/ENSG00000240583",25
"GO:0071560","GO:0071560","cellular response to transforming growth factor beta stimulus","22/591","322/21468",0.0683229813664596,2.48182362770754,4.50770732160438,9.3700923023334e-05,0.00251896983340839,0.00195830487482139,"ENSG00000069702/ENSG00000090006/ENSG00000105971/ENSG00000105974/ENSG00000120693/ENSG00000125968/ENSG00000129757/ENSG00000132170/ENSG00000136158/ENSG00000139567/ENSG00000141052/ENSG00000142611/ENSG00000164056/ENSG00000168329/ENSG00000170345/ENSG00000170962/ENSG00000176194/ENSG00000179776/ENSG00000181195/ENSG00000184113/ENSG00000186642/ENSG00000266524",22
"GO:0002027","GO:0002027","regulation of heart rate","12/591","117/21468",0.102564102564103,3.72562800989197,4.97388542779667,9.37581823849277e-05,0.00251896983340839,0.00195830487482139,"ENSG00000105974/ENSG00000116016/ENSG00000118729/ENSG00000120907/ENSG00000124205/ENSG00000130037/ENSG00000136160/ENSG00000145362/ENSG00000149575/ENSG00000166257/ENSG00000177098/ENSG00000180509",12
"GO:0051235","GO:0051235","maintenance of location","24/591","369/21468",0.0650406504065041,2.36259337212661,4.44215688018219,9.84370604269763e-05,0.00262565885307076,0.00204124736366098,"ENSG00000018625/ENSG00000076555/ENSG00000084674/ENSG00000092051/ENSG00000092529/ENSG00000102468/ENSG00000105974/ENSG00000118729/ENSG00000123612/ENSG00000132170/ENSG00000135218/ENSG00000136244/ENSG00000137077/ENSG00000138039/ENSG00000138685/ENSG00000145335/ENSG00000145362/ENSG00000148180/ENSG00000174697/ENSG00000175445/ENSG00000176194/ENSG00000186439/ENSG00000187288/ENSG00000198848",24
"GO:0072224","GO:0072224","metanephric glomerulus development","5/591","18/21468",0.277777777777778,10.0902425267908,6.49147587746174,9.89138345280434e-05,0.00262565885307076,0.00204124736366098,"ENSG00000120738/ENSG00000143867/ENSG00000174059/ENSG00000181092/ENSG00000240583",5
"GO:0002028","GO:0002028","regulation of sodium ion transport","10/591","84/21468",0.119047619047619,4.32438965433889,5.13632463808094,0.000102635000761258,0.00270821999032533,0.0021054322837867,"ENSG00000018625/ENSG00000088992/ENSG00000129244/ENSG00000143867/ENSG00000149575/ENSG00000166257/ENSG00000169252/ENSG00000177098/ENSG00000179094/ENSG00000266964",10
"GO:0030638","GO:0030638","polyketide metabolic process","4/591","10/21468",0.4,14.5299492385787,7.20023912214772,0.000104615097920904,0.00271778434864631,0.00211286783512841,"ENSG00000151632/ENSG00000187134/ENSG00000196139/ENSG00000198075",4
"GO:0044598","GO:0044598","doxorubicin metabolic process","4/591","10/21468",0.4,14.5299492385787,7.20023912214772,0.000104615097920904,0.00271778434864631,0.00211286783512841,"ENSG00000151632/ENSG00000187134/ENSG00000196139/ENSG00000198075",4
"GO:0015718","GO:0015718","monocarboxylic acid transport","16/591","195/21468",0.0820512820512821,2.98050240791358,4.67437642940389,0.000104836707335556,0.00271778434864631,0.00211286783512841,"ENSG00000076555/ENSG00000118777/ENSG00000132170/ENSG00000135218/ENSG00000138039/ENSG00000139155/ENSG00000145283/ENSG00000146477/ENSG00000152779/ENSG00000167910/ENSG00000168065/ENSG00000170323/ENSG00000174697/ENSG00000187134/ENSG00000188257/ENSG00000198848",16
"GO:1905954","GO:1905954","positive regulation of lipid localization","12/591","119/21468",0.100840336134454,3.66301241308706,4.90120960439089,0.00011044977503209,0.00284665030649566,0.0022130511839355,"ENSG00000076555/ENSG00000084674/ENSG00000105974/ENSG00000119147/ENSG00000132170/ENSG00000135218/ENSG00000141338/ENSG00000153162/ENSG00000175445/ENSG00000176194/ENSG00000181092/ENSG00000198848",12
"GO:0007160","GO:0007160","cell-matrix adhesion","20/591","282/21468",0.0709219858156028,2.57623213449977,4.48296780923713,0.000116704206944704,0.00299046097910909,0.00232485289648288,"ENSG00000034971/ENSG00000065618/ENSG00000095637/ENSG00000103647/ENSG00000120156/ENSG00000122592/ENSG00000133800/ENSG00000135218/ENSG00000135424/ENSG00000136114/ENSG00000137077/ENSG00000139567/ENSG00000140092/ENSG00000144668/ENSG00000163638/ENSG00000164946/ENSG00000168309/ENSG00000168477/ENSG00000174059/ENSG00000189058",20
"GO:0030595","GO:0030595","leukocyte chemotaxis","20/591","283/21468",0.0706713780918728,2.56712884073828,4.46507810159493,0.000122427607444317,0.00311908956207274,0.00242485170461399,"ENSG00000015413/ENSG00000081041/ENSG00000100448/ENSG00000105894/ENSG00000120129/ENSG00000124205/ENSG00000136160/ENSG00000136244/ENSG00000136999/ENSG00000137077/ENSG00000138135/ENSG00000144668/ENSG00000165197/ENSG00000168329/ENSG00000170989/ENSG00000171951/ENSG00000173432/ENSG00000271447/ENSG00000275152/ENSG00000276409",20
"GO:0010565","GO:0010565","regulation of cellular ketone metabolic process","14/591","158/21468",0.0886075949367089,3.2186596414573,4.70947911197905,0.000124549424272264,0.00315501484456541,0.00245278084251063,"ENSG00000004799/ENSG00000076555/ENSG00000094963/ENSG00000105974/ENSG00000115361/ENSG00000118432/ENSG00000120738/ENSG00000132170/ENSG00000145335/ENSG00000153162/ENSG00000167910/ENSG00000181092/ENSG00000196139/ENSG00000198848",14
"GO:0071559","GO:0071559","response to transforming growth factor beta","22/591","329/21468",0.0668693009118541,2.42901886967121,4.39479949667597,0.000127839823311289,0.00321574213129614,0.00249999162688059,"ENSG00000069702/ENSG00000090006/ENSG00000105971/ENSG00000105974/ENSG00000120693/ENSG00000125968/ENSG00000129757/ENSG00000132170/ENSG00000136158/ENSG00000139567/ENSG00000141052/ENSG00000142611/ENSG00000164056/ENSG00000168329/ENSG00000170345/ENSG00000170962/ENSG00000176194/ENSG00000179776/ENSG00000181195/ENSG00000184113/ENSG00000186642/ENSG00000266524",22
"GO:0097529","GO:0097529","myeloid leukocyte migration","20/591","284/21468",0.0704225352112676,2.55808965467935,4.44726494358167,0.000128397554080627,0.00321574213129614,0.00249999162688059,"ENSG00000015413/ENSG00000081041/ENSG00000100448/ENSG00000120129/ENSG00000124205/ENSG00000136160/ENSG00000136244/ENSG00000136999/ENSG00000137077/ENSG00000144668/ENSG00000165197/ENSG00000168329/ENSG00000169313/ENSG00000170962/ENSG00000171951/ENSG00000173432/ENSG00000261371/ENSG00000271447/ENSG00000275152/ENSG00000276409",20
"GO:0007620","GO:0007620","copulation","5/591","19/21468",0.263157894736842,9.55917713064387,6.27987013722621,0.000131211537240972,0.00326775699207432,0.00254042917165548,"ENSG00000006128/ENSG00000115353/ENSG00000118432/ENSG00000136160/ENSG00000180914",5
"GO:0071320","GO:0071320","cellular response to cAMP","8/591","56/21468",0.142857142857143,5.18926758520667,5.28139768191823,0.000139516928319748,0.00345392361568276,0.00268515937116254,"ENSG00000124253/ENSG00000145708/ENSG00000167588/ENSG00000180509/ENSG00000181092/ENSG00000181195/ENSG00000186642/ENSG00000240583",8
"GO:0035249","GO:0035249","synaptic transmission, glutamatergic","12/591","122/21468",0.0983606557377049,3.57293833735541,4.79508614586623,0.000140245037406473,0.00345392361568276,0.00268515937116254,"ENSG00000018625/ENSG00000102468/ENSG00000104888/ENSG00000116147/ENSG00000118432/ENSG00000137766/ENSG00000152578/ENSG00000169760/ENSG00000180914/ENSG00000185345/ENSG00000189056/ENSG00000251322",12
"GO:0042063","GO:0042063","gliogenesis","25/591","403/21468",0.0620347394540943,2.25340403824111,4.273741537991,0.000149309421506109,0.00365684345600321,0.00284291390526898,"ENSG00000034971/ENSG00000100678/ENSG00000105894/ENSG00000108381/ENSG00000116678/ENSG00000122877/ENSG00000123560/ENSG00000127329/ENSG00000129244/ENSG00000131095/ENSG00000132561/ENSG00000135144/ENSG00000136244/ENSG00000137033/ENSG00000138685/ENSG00000144230/ENSG00000148053/ENSG00000153902/ENSG00000162367/ENSG00000162407/ENSG00000163884/ENSG00000168329/ENSG00000169313/ENSG00000181195/ENSG00000189056",25
"GO:0001523","GO:0001523","retinoid metabolic process","11/591","105/21468",0.104761904761905,3.80546289581823,4.84856733726675,0.000150625603712255,0.00366880934756278,0.00285221646358544,"ENSG00000079435/ENSG00000128918/ENSG00000135437/ENSG00000138207/ENSG00000165092/ENSG00000187134/ENSG00000187758/ENSG00000196139/ENSG00000196616/ENSG00000198099/ENSG00000248144",11
"GO:0032355","GO:0032355","response to estradiol","12/591","123/21468",0.0975609756097561,3.54389005818992,4.760451963674,0.00015159561280854,0.00367225875180468,0.00285489810949185,"ENSG00000078549/ENSG00000115353/ENSG00000120833/ENSG00000122420/ENSG00000126545/ENSG00000128918/ENSG00000139874/ENSG00000145708/ENSG00000174697/ENSG00000180914/ENSG00000181195/ENSG00000265972",12
"GO:0043114","GO:0043114","regulation of vascular permeability","8/591","57/21468",0.140350877192982,5.09822780301006,5.21267226369266,0.000158432452106913,0.0038170166314671,0.00296743620250592,"ENSG00000115353/ENSG00000120156/ENSG00000153162/ENSG00000169418/ENSG00000179776/ENSG00000184113/ENSG00000186642/ENSG00000205502",8
"GO:0150063","GO:0150063","visual system development","27/591","454/21468",0.0594713656387665,2.16028980970057,4.20421980271472,0.000164515030693726,0.00394213584359614,0.00306470674532721,"ENSG00000004846/ENSG00000101605/ENSG00000101938/ENSG00000104888/ENSG00000126785/ENSG00000128918/ENSG00000136158/ENSG00000136826/ENSG00000138207/ENSG00000138685/ENSG00000139567/ENSG00000140873/ENSG00000148053/ENSG00000148204/ENSG00000153162/ENSG00000163638/ENSG00000164007/ENSG00000164056/ENSG00000169313/ENSG00000170345/ENSG00000171819/ENSG00000174804/ENSG00000179094/ENSG00000180660/ENSG00000198570/ENSG00000198844/ENSG00000240583",27
"GO:0060326","GO:0060326","cell chemotaxis","24/591","382/21468",0.06282722513089,2.28219097988147,4.25434465900434,0.000166483177314813,0.00396784905933637,0.00308469678850423,"ENSG00000015413/ENSG00000081041/ENSG00000100448/ENSG00000105894/ENSG00000120129/ENSG00000123358/ENSG00000124205/ENSG00000136160/ENSG00000136244/ENSG00000136999/ENSG00000137077/ENSG00000138135/ENSG00000138685/ENSG00000144668/ENSG00000165197/ENSG00000168329/ENSG00000170962/ENSG00000170989/ENSG00000171951/ENSG00000173432/ENSG00000179388/ENSG00000271447/ENSG00000275152/ENSG00000276409",24
"GO:0048251","GO:0048251","elastic fiber assembly","5/591","20/21468",0.25,9.08121827411168,6.08336405849444,0.000171004262503368,0.00403224412594377,0.0031347589890035,"ENSG00000090006/ENSG00000133392/ENSG00000140092/ENSG00000166482/ENSG00000168477",5
"GO:0072578","GO:0072578","neurotransmitter-gated ion channel clustering","5/591","20/21468",0.25,9.08121827411168,6.08336405849444,0.000171004262503368,0.00403224412594377,0.0031347589890035,"ENSG00000101938/ENSG00000121871/ENSG00000169760/ENSG00000189056/ENSG00000251322",5
"GO:2000630","GO:2000630","positive regulation of miRNA metabolic process","9/591","73/21468",0.123287671232877,4.47840901189069,5.00877248688605,0.000172849013225297,0.00404085680293099,0.003141454681467,"ENSG00000064300/ENSG00000120738/ENSG00000132170/ENSG00000136244/ENSG00000136826/ENSG00000138685/ENSG00000141052/ENSG00000168874/ENSG00000170345",9
"GO:0030168","GO:0030168","platelet activation","14/591","163/21468",0.0858895705521472,3.11992775061505,4.57108677607063,0.000173192599268416,0.00404085680293099,0.003141454681467,"ENSG00000100448/ENSG00000102468/ENSG00000110799/ENSG00000136244/ENSG00000136267/ENSG00000138722/ENSG00000140873/ENSG00000164220/ENSG00000169313/ENSG00000173432/ENSG00000174175/ENSG00000178726/ENSG00000187800/ENSG00000244734",14
"GO:1901890","GO:1901890","positive regulation of cell junction assembly","12/591","125/21468",0.096,3.48718781725888,4.69225093011696,0.000176669601772168,0.00410039971024095,0.00318774470213325,"ENSG00000034971/ENSG00000105974/ENSG00000120156/ENSG00000121871/ENSG00000131409/ENSG00000135298/ENSG00000139567/ENSG00000148053/ENSG00000164007/ENSG00000169760/ENSG00000180914/ENSG00000184113",12
"GO:0060306","GO:0060306","regulation of membrane repolarization","7/591","44/21468",0.159090909090909,5.77895708352561,5.33893411919818,0.000182930097530817,0.00420170529717157,0.00326650198699698,"ENSG00000105974/ENSG00000118729/ENSG00000120049/ENSG00000130037/ENSG00000145362/ENSG00000177098/ENSG00000180509",7
"GO:0086091","GO:0086091","regulation of heart rate by cardiac conduction","7/591","44/21468",0.159090909090909,5.77895708352561,5.33893411919818,0.000182930097530817,0.00420170529717157,0.00326650198699698,"ENSG00000105974/ENSG00000130037/ENSG00000145362/ENSG00000149575/ENSG00000166257/ENSG00000177098/ENSG00000180509",7
"GO:0051384","GO:0051384","response to glucocorticoid","13/591","145/21468",0.0896551724137931,3.25671276037108,4.58755733657661,0.000191525429251285,0.00437645478283993,0.00340235624182695,"ENSG00000119138/ENSG00000124253/ENSG00000125740/ENSG00000128016/ENSG00000129596/ENSG00000136244/ENSG00000153162/ENSG00000168309/ENSG00000170345/ENSG00000174576/ENSG00000175899/ENSG00000181092/ENSG00000240583",13
"GO:0045601","GO:0045601","regulation of endothelial cell differentiation","8/591","59/21468",0.135593220338983,4.92540652155209,5.07993116394572,0.000202615067308225,0.00460611586347364,0.00358090002897235,"ENSG00000139567/ENSG00000153162/ENSG00000166292/ENSG00000168874/ENSG00000178878/ENSG00000179776/ENSG00000184113/ENSG00000204301",8
"GO:0007588","GO:0007588","excretion","6/591","32/21468",0.1875,6.81091370558376,5.53468506914646,0.000208885106407731,0.00471716021002982,0.00366722844874865,"ENSG00000115353/ENSG00000118777/ENSG00000136160/ENSG00000168356/ENSG00000169418/ENSG00000197891",6
"GO:0060078","GO:0060078","regulation of postsynaptic membrane potential","14/591","166/21468",0.0843373493975904,3.06354351415816,4.49058434656767,0.000209627918198934,0.00471716021002982,0.00366722844874865,"ENSG00000100678/ENSG00000109158/ENSG00000111262/ENSG00000145335/ENSG00000151834/ENSG00000152578/ENSG00000163285/ENSG00000169252/ENSG00000169760/ENSG00000174576/ENSG00000186479/ENSG00000189056/ENSG00000204767/ENSG00000251322",14
"GO:0043268","GO:0043268","positive regulation of potassium ion transport","7/591","45/21468",0.155555555555556,5.65053581500282,5.25429532555518,0.000211541859830367,0.004736187195091,0.00368202046296981,"ENSG00000022267/ENSG00000120049/ENSG00000124205/ENSG00000129244/ENSG00000145362/ENSG00000145936/ENSG00000180509",7
"GO:0010885","GO:0010885","regulation of cholesterol storage","5/591","21/21468",0.238095238095238,8.64877930867779,5.90016116612487,0.000219386153263817,0.00485912690121426,0.00377759660787526,"ENSG00000084674/ENSG00000132170/ENSG00000135218/ENSG00000175445/ENSG00000198848",5
"GO:0001570","GO:0001570","vasculogenesis","10/591","92/21468",0.108695652173913,3.9483557713529,4.76821636477929,0.000220280535810504,0.00485912690121426,0.00377759660787526,"ENSG00000066056/ENSG00000069702/ENSG00000105538/ENSG00000105974/ENSG00000141052/ENSG00000148053/ENSG00000164736/ENSG00000166292/ENSG00000174059/ENSG00000174804",10
"GO:0060291","GO:0060291","long-term synaptic potentiation","12/591","128/21468",0.09375,3.40545685279188,4.59251645999459,0.000220882032294458,0.00485912690121426,0.00377759660787526,"ENSG00000100678/ENSG00000105894/ENSG00000106113/ENSG00000116147/ENSG00000131095/ENSG00000145335/ENSG00000148053/ENSG00000168309/ENSG00000168329/ENSG00000168824/ENSG00000189056/ENSG00000251322",12
"GO:0001822","GO:0001822","kidney development","22/591","342/21468",0.064327485380117,2.33668774304628,4.19256451296423,0.00022141746763936,0.00485912690121426,0.00377759660787526,"ENSG00000109906/ENSG00000120156/ENSG00000120738/ENSG00000128918/ENSG00000136160/ENSG00000138685/ENSG00000143867/ENSG00000146021/ENSG00000147257/ENSG00000153162/ENSG00000154734/ENSG00000163884/ENSG00000164056/ENSG00000164488/ENSG00000164619/ENSG00000164736/ENSG00000170962/ENSG00000174059/ENSG00000181092/ENSG00000198914/ENSG00000240583/ENSG00000261371",22
"GO:0016101","GO:0016101","diterpenoid metabolic process","11/591","110/21468",0.1,3.63248730964467,4.65723026160557,0.000227831650866417,0.00493529203740644,0.00383680913020022,"ENSG00000079435/ENSG00000128918/ENSG00000135437/ENSG00000138207/ENSG00000165092/ENSG00000187134/ENSG00000187758/ENSG00000196139/ENSG00000196616/ENSG00000198099/ENSG00000248144",11
"GO:0006584","GO:0006584","catecholamine metabolic process","8/591","60/21468",0.133333333333333,4.84331641285956,5.01578705997865,0.000228228032408825,0.00493529203740644,0.00383680913020022,"ENSG00000064692/ENSG00000116016/ENSG00000123360/ENSG00000133116/ENSG00000145335/ENSG00000169418/ENSG00000185345/ENSG00000189221",8
"GO:0009712","GO:0009712","catechol-containing compound metabolic process","8/591","60/21468",0.133333333333333,4.84331641285956,5.01578705997865,0.000228228032408825,0.00493529203740644,0.00383680913020022,"ENSG00000064692/ENSG00000116016/ENSG00000123360/ENSG00000133116/ENSG00000145335/ENSG00000169418/ENSG00000185345/ENSG00000189221",8
"GO:0042698","GO:0042698","ovulation cycle","9/591","76/21468",0.118421052631579,4.30162970878974,4.8512632054185,0.00023581096490647,0.0050745145991766,0.00394504394023394,"ENSG00000105894/ENSG00000120738/ENSG00000138039/ENSG00000154734/ENSG00000174697/ENSG00000174804/ENSG00000175899/ENSG00000180914/ENSG00000266524",9
"GO:0032570","GO:0032570","response to progesterone","7/591","46/21468",0.152173913043478,5.52769807989406,5.17215748956715,0.000243655467844775,0.00521799366645356,0.00405658785519346,"ENSG00000105974/ENSG00000115353/ENSG00000125740/ENSG00000126545/ENSG00000170345/ENSG00000180914/ENSG00000265972",7
"GO:0046890","GO:0046890","regulation of lipid biosynthetic process","16/591","210/21468",0.0761904761904762,2.76760937877689,4.33091954745011,0.000246316525016417,0.00524962093941239,0.00408117562198254,"ENSG00000004799/ENSG00000084674/ENSG00000095637/ENSG00000102468/ENSG00000115361/ENSG00000120738/ENSG00000124253/ENSG00000138039/ENSG00000151468/ENSG00000153162/ENSG00000164849/ENSG00000167910/ENSG00000170509/ENSG00000174697/ENSG00000196139/ENSG00000198848",16
"GO:0045907","GO:0045907","positive regulation of vasoconstriction","6/591","33/21468",0.181818181818182,6.60452238117213,5.42099749773489,0.000249414828070604,0.00529021977433966,0.00411273808664396,"ENSG00000102468/ENSG00000105974/ENSG00000115353/ENSG00000120907/ENSG00000126895/ENSG00000180914",6
"GO:0072006","GO:0072006","nephron development","14/591","169/21468",0.0828402366863905,3.00916108491274,4.4118818781435,0.000252480452161896,0.00532974211635088,0.00414346366104284,"ENSG00000120156/ENSG00000120738/ENSG00000136160/ENSG00000138685/ENSG00000143867/ENSG00000146021/ENSG00000147257/ENSG00000163884/ENSG00000170962/ENSG00000174059/ENSG00000181092/ENSG00000198914/ENSG00000240583/ENSG00000261371",14
"GO:0048880","GO:0048880","sensory system development","27/591","468/21468",0.0576923076923077,2.09566575556423,4.03215056121286,0.000267393596224563,0.00561780005717293,0.00436740650555859,"ENSG00000004846/ENSG00000101605/ENSG00000101938/ENSG00000104888/ENSG00000126785/ENSG00000128918/ENSG00000136158/ENSG00000136826/ENSG00000138207/ENSG00000138685/ENSG00000139567/ENSG00000140873/ENSG00000148053/ENSG00000148204/ENSG00000153162/ENSG00000163638/ENSG00000164007/ENSG00000164056/ENSG00000169313/ENSG00000170345/ENSG00000171819/ENSG00000174804/ENSG00000179094/ENSG00000180660/ENSG00000198570/ENSG00000198844/ENSG00000240583",27
"GO:0071375","GO:0071375","cellular response to peptide hormone stimulus","22/591","348/21468",0.0632183908045977,2.29640002333858,4.10229670506102,0.000282043386184491,0.00589763363658419,0.00458495554303885,"ENSG00000004799/ENSG00000065325/ENSG00000095637/ENSG00000105971/ENSG00000105974/ENSG00000106113/ENSG00000119508/ENSG00000120833/ENSG00000123358/ENSG00000124253/ENSG00000132170/ENSG00000137463/ENSG00000138039/ENSG00000140459/ENSG00000145708/ENSG00000170345/ENSG00000174697/ENSG00000181092/ENSG00000181856/ENSG00000184811/ENSG00000197891/ENSG00000204687",22
"GO:0019233","GO:0019233","sensory perception of pain","10/591","95/21468",0.105263157894737,3.82367085225755,4.64075352828793,0.000286826146290944,0.00595407800745295,0.00462883669046766,"ENSG00000006128/ENSG00000102468/ENSG00000111262/ENSG00000136999/ENSG00000166292/ENSG00000168356/ENSG00000171199/ENSG00000181195/ENSG00000183695/ENSG00000240583",10
"GO:0070542","GO:0070542","response to fatty acid","8/591","62/21468",0.129032258064516,4.68708039954151,4.89165776635806,0.00028742898569703,0.00595407800745295,0.00462883669046766,"ENSG00000004799/ENSG00000100433/ENSG00000135218/ENSG00000151632/ENSG00000175445/ENSG00000181092/ENSG00000187134/ENSG00000196139",8
"GO:0010644","GO:0010644","cell communication by electrical coupling","6/591","34/21468",0.176470588235294,6.41027172290236,5.31192941840034,0.000295878347331725,0.00607235515611823,0.00472078805635511,"ENSG00000018625/ENSG00000105974/ENSG00000111262/ENSG00000118729/ENSG00000129244/ENSG00000186439",6
"GO:0086011","GO:0086011","membrane repolarization during action potential","6/591","34/21468",0.176470588235294,6.41027172290236,5.31192941840034,0.000295878347331725,0.00607235515611823,0.00472078805635511,"ENSG00000105974/ENSG00000111262/ENSG00000120049/ENSG00000130037/ENSG00000149575/ENSG00000180509",6
"GO:0043491","GO:0043491","phosphatidylinositol 3-kinase/protein kinase B signal transduction","22/591","351/21468",0.0626780626780627,2.27677267271176,4.05785383873895,0.000317495324302232,0.00648597591074559,0.00504234630980115,"ENSG00000017427/ENSG00000034971/ENSG00000046889/ENSG00000108342/ENSG00000120156/ENSG00000136158/ENSG00000137077/ENSG00000138685/ENSG00000139144/ENSG00000140538/ENSG00000148053/ENSG00000151632/ENSG00000166292/ENSG00000168329/ENSG00000169313/ENSG00000170962/ENSG00000174175/ENSG00000174697/ENSG00000184500/ENSG00000187800/ENSG00000189056/ENSG00000196139",22
"GO:0010543","GO:0010543","regulation of platelet activation","8/591","63/21468",0.126984126984127,4.61268229796149,4.83156473427898,0.00032141696552154,0.00653201585190862,0.00507813881514213,"ENSG00000100448/ENSG00000102468/ENSG00000136244/ENSG00000138722/ENSG00000140873/ENSG00000174175/ENSG00000178726/ENSG00000187800",8
"GO:0034219","GO:0034219","carbohydrate transmembrane transport","13/591","153/21468",0.0849673202614379,3.08642712584188,4.35764292481456,0.000324959685846361,0.00653201585190862,0.00507813881514213,"ENSG00000017427/ENSG00000076555/ENSG00000095637/ENSG00000119508/ENSG00000147257/ENSG00000163884/ENSG00000165269/ENSG00000174697/ENSG00000181092/ENSG00000181856/ENSG00000184811/ENSG00000240583/ENSG00000259916",13
"GO:0006874","GO:0006874","intracellular calcium ion homeostasis","21/591","328/21468",0.0640243902439024,2.32567785068714,4.07068787447303,0.000325209643259049,0.00653201585190862,0.00507813881514213,"ENSG00000018625/ENSG00000092051/ENSG00000092529/ENSG00000100678/ENSG00000102468/ENSG00000105971/ENSG00000105974/ENSG00000107736/ENSG00000118432/ENSG00000118729/ENSG00000124205/ENSG00000137077/ENSG00000138039/ENSG00000138685/ENSG00000145335/ENSG00000145362/ENSG00000152154/ENSG00000179776/ENSG00000185518/ENSG00000186439/ENSG00000276409",21
"GO:0035725","GO:0035725","sodium ion transmembrane transport","15/591","194/21468",0.077319587628866,2.80862420848815,4.25765041837782,0.000325643019010107,0.00653201585190862,0.00507813881514213,"ENSG00000007314/ENSG00000018625/ENSG00000088992/ENSG00000100191/ENSG00000100678/ENSG00000104888/ENSG00000129244/ENSG00000136546/ENSG00000143867/ENSG00000149575/ENSG00000153253/ENSG00000166257/ENSG00000168356/ENSG00000177098/ENSG00000266964",15
"GO:0050708","GO:0050708","regulation of protein secretion","20/591","305/21468",0.0655737704918033,2.38195889157028,4.08979746284824,0.000329260047570181,0.00657481887783158,0.00511141486839626,"ENSG00000017427/ENSG00000053438/ENSG00000101605/ENSG00000118432/ENSG00000123612/ENSG00000130037/ENSG00000132170/ENSG00000136244/ENSG00000136999/ENSG00000138207/ENSG00000145242/ENSG00000153162/ENSG00000158445/ENSG00000164220/ENSG00000173175/ENSG00000173432/ENSG00000174697/ENSG00000182782/ENSG00000185345/ENSG00000272636",20
"GO:0010642","GO:0010642","negative regulation of platelet-derived growth factor receptor signaling pathway","4/591","13/21468",0.307692307692308,11.1768840296759,6.17543585853647,0.00033346069886866,0.00659924677716416,0.00513040567714283,"ENSG00000141052/ENSG00000145335/ENSG00000181092/ENSG00000189058",4
"GO:0045161","GO:0045161","neuronal ion channel clustering","4/591","13/21468",0.307692307692308,11.1768840296759,6.17543585853647,0.00033346069886866,0.00659924677716416,0.00513040567714283,"ENSG00000034971/ENSG00000120049/ENSG00000158445/ENSG00000186417",4
"GO:0001654","GO:0001654","eye development","26/591","450/21468",0.0577777777777778,2.09877044557248,3.96335437306966,0.000337505630456399,0.0066374384688144,0.00516009677345705,"ENSG00000004846/ENSG00000101605/ENSG00000101938/ENSG00000104888/ENSG00000126785/ENSG00000128918/ENSG00000136158/ENSG00000136826/ENSG00000138207/ENSG00000138685/ENSG00000139567/ENSG00000140873/ENSG00000148053/ENSG00000148204/ENSG00000153162/ENSG00000163638/ENSG00000164007/ENSG00000164056/ENSG00000170345/ENSG00000171819/ENSG00000174804/ENSG00000179094/ENSG00000180660/ENSG00000198570/ENSG00000198844/ENSG00000240583",26
"GO:0071248","GO:0071248","cellular response to metal ion","15/591","195/21468",0.0769230769230769,2.79422100741898,4.23471557151803,0.000344043544982988,0.0066374384688144,0.00516009677345705,"ENSG00000015413/ENSG00000092529/ENSG00000111262/ENSG00000125740/ENSG00000145335/ENSG00000145708/ENSG00000153162/ENSG00000158445/ENSG00000169760/ENSG00000170323/ENSG00000170345/ENSG00000185345/ENSG00000196139/ENSG00000205364/ENSG00000240583",15
"GO:0097237","GO:0097237","cellular response to toxic substance","13/591","154/21468",0.0844155844155844,3.06638539125849,4.32996689074684,0.000346195133426704,0.0066374384688144,0.00516009677345705,"ENSG00000109610/ENSG00000118777/ENSG00000135218/ENSG00000140092/ENSG00000146477/ENSG00000161544/ENSG00000165092/ENSG00000185345/ENSG00000188536/ENSG00000198099/ENSG00000211445/ENSG00000244734/ENSG00000257017",13
"GO:0036303","GO:0036303","lymph vessel morphogenesis","5/591","23/21468",0.217391304347826,7.8967115427058,5.56786026731434,0.000346628876937653,0.0066374384688144,0.00516009677345705,"ENSG00000037280/ENSG00000066056/ENSG00000138685/ENSG00000139567/ENSG00000176435",5
"GO:0086012","GO:0086012","membrane depolarization during cardiac muscle cell action potential","5/591","23/21468",0.217391304347826,7.8967115427058,5.56786026731434,0.000346628876937653,0.0066374384688144,0.00516009677345705,"ENSG00000018625/ENSG00000145362/ENSG00000149575/ENSG00000166257/ENSG00000177098",5
"GO:0097623","GO:0097623","potassium ion export across plasma membrane","5/591","23/21468",0.217391304347826,7.8967115427058,5.56786026731434,0.000346628876937653,0.0066374384688144,0.00516009677345705,"ENSG00000120049/ENSG00000130037/ENSG00000158445/ENSG00000180509/ENSG00000182132",5
"GO:1902644","GO:1902644","tertiary alcohol metabolic process","5/591","23/21468",0.217391304347826,7.8967115427058,5.56786026731434,0.000346628876937653,0.0066374384688144,0.00516009677345705,"ENSG00000140459/ENSG00000151632/ENSG00000187134/ENSG00000196139/ENSG00000198075",5
"GO:0010743","GO:0010743","regulation of macrophage derived foam cell differentiation","6/591","35/21468",0.171428571428571,6.22712110224801,5.207154637318,0.000348866041785192,0.0066374384688144,0.00516009677345705,"ENSG00000084674/ENSG00000132170/ENSG00000135218/ENSG00000175445/ENSG00000181092/ENSG00000188257",6
"GO:0050995","GO:0050995","negative regulation of lipid catabolic process","6/591","35/21468",0.171428571428571,6.22712110224801,5.207154637318,0.000348866041785192,0.0066374384688144,0.00516009677345705,"ENSG00000076555/ENSG00000111405/ENSG00000118432/ENSG00000176194/ENSG00000182782/ENSG00000187288",6
"GO:0030857","GO:0030857","negative regulation of epithelial cell differentiation","8/591","64/21468",0.125,4.54060913705584,4.77271910037511,0.000358612010155701,0.00676479591923498,0.0052591073740191,"ENSG00000073282/ENSG00000105974/ENSG00000122592/ENSG00000136158/ENSG00000139567/ENSG00000143867/ENSG00000164056/ENSG00000204301",8
"GO:0045778","GO:0045778","positive regulation of ossification","8/591","64/21468",0.125,4.54060913705584,4.77271910037511,0.000358612010155701,0.00676479591923498,0.0052591073740191,"ENSG00000105894/ENSG00000109906/ENSG00000115353/ENSG00000133116/ENSG00000136999/ENSG00000143867/ENSG00000153162/ENSG00000169252",8
"GO:0140115","GO:0140115","export across plasma membrane","10/591","98/21468",0.102040816326531,3.70661970371905,4.51838661827128,0.000369399420190189,0.00693876114280978,0.00539435192552488,"ENSG00000018625/ENSG00000085563/ENSG00000118777/ENSG00000120049/ENSG00000129244/ENSG00000130037/ENSG00000158445/ENSG00000180509/ENSG00000182132/ENSG00000266964",10
"GO:1903034","GO:1903034","regulation of response to wounding","15/591","197/21468",0.0761421319796954,2.76585328145533,4.189277690862,0.000383538759786476,0.00717395494571074,0.00557719697775226,"ENSG00000003436/ENSG00000074660/ENSG00000105894/ENSG00000105974/ENSG00000116147/ENSG00000117525/ENSG00000135218/ENSG00000136826/ENSG00000137033/ENSG00000138685/ENSG00000138722/ENSG00000140873/ENSG00000164007/ENSG00000178726/ENSG00000184500",15
"GO:1990748","GO:1990748","cellular detoxification","12/591","136/21468",0.0882352941176471,3.20513586145118,4.34044634264938,0.000387248527381355,0.00721291059614095,0.00560748199312939,"ENSG00000109610/ENSG00000118777/ENSG00000135218/ENSG00000140092/ENSG00000146477/ENSG00000161544/ENSG00000165092/ENSG00000188536/ENSG00000198099/ENSG00000211445/ENSG00000244734/ENSG00000257017",12
"GO:1901655","GO:1901655","cellular response to ketone","11/591","117/21468",0.094017094017094,3.41515900906764,4.40732343423837,0.000390180175859845,0.00723710761333345,0.00562629330880922,"ENSG00000119138/ENSG00000122420/ENSG00000124253/ENSG00000127528/ENSG00000136826/ENSG00000151632/ENSG00000170345/ENSG00000173175/ENSG00000174576/ENSG00000196139/ENSG00000240583",11
"GO:0060986","GO:0060986","endocrine hormone secretion","8/591","65/21468",0.123076923076923,4.47075361187036,4.71507396468078,0.00039923733478512,0.00736319788771657,0.00572431877768033,"ENSG00000119147/ENSG00000132170/ENSG00000145708/ENSG00000153162/ENSG00000174697/ENSG00000174804/ENSG00000182782/ENSG00000240583",8
"GO:0055074","GO:0055074","calcium ion homeostasis","22/591","357/21468",0.061624649859944,2.23850758577543,3.97030388871218,0.000400300178420865,0.00736319788771657,0.00572431877768033,"ENSG00000018625/ENSG00000092051/ENSG00000092529/ENSG00000100678/ENSG00000102468/ENSG00000105971/ENSG00000105974/ENSG00000107736/ENSG00000118432/ENSG00000118729/ENSG00000124205/ENSG00000133116/ENSG00000137077/ENSG00000138039/ENSG00000138685/ENSG00000145335/ENSG00000145362/ENSG00000152154/ENSG00000179776/ENSG00000185518/ENSG00000186439/ENSG00000276409",22
"GO:0050730","GO:0050730","regulation of peptidyl-tyrosine phosphorylation","14/591","177/21468",0.0790960451977401,2.87315380423872,4.21024544669624,0.000405283123516791,0.00742404994442121,0.00577162656108731,"ENSG00000017427/ENSG00000101280/ENSG00000102468/ENSG00000105974/ENSG00000108342/ENSG00000135218/ENSG00000136244/ENSG00000136960/ENSG00000153162/ENSG00000162407/ENSG00000181092/ENSG00000189056/ENSG00000241186/ENSG00000261371",14
"GO:0019226","GO:0019226","transmission of nerve impulse","9/591","82/21468",0.109756097560976,3.98687631546366,4.55936915754455,0.000419300173866957,0.00764920852161408,0.00594666999887554,"ENSG00000018625/ENSG00000111262/ENSG00000116147/ENSG00000148053/ENSG00000164007/ENSG00000168356/ENSG00000170989/ENSG00000177098/ENSG00000181195",9
"GO:0045766","GO:0045766","positive regulation of angiogenesis","15/591","199/21468",0.0753768844221105,2.7380557610387,4.14440397059886,0.000426862582908167,0.0077552534017701,0.00602911171890138,"ENSG00000004776/ENSG00000066056/ENSG00000092009/ENSG00000101280/ENSG00000114378/ENSG00000117525/ENSG00000120156/ENSG00000136826/ENSG00000138685/ENSG00000139567/ENSG00000164619/ENSG00000168329/ENSG00000174059/ENSG00000179776/ENSG00000240583",15
"GO:0008643","GO:0008643","carbohydrate transport","13/591","158/21468",0.0822784810126582,2.98875538135321,4.22146856250872,0.000443360668426546,0.00802211364544848,0.0062365749878776,"ENSG00000017427/ENSG00000076555/ENSG00000095637/ENSG00000119508/ENSG00000147257/ENSG00000163884/ENSG00000165269/ENSG00000174697/ENSG00000181092/ENSG00000181856/ENSG00000184811/ENSG00000240583/ENSG00000259916",13
"GO:0046322","GO:0046322","negative regulation of fatty acid oxidation","4/591","14/21468",0.285714285714286,10.3785351704133,5.90595677475112,0.000456714945831003,0.00823015184906031,0.00639830865490246,"ENSG00000076555/ENSG00000094963/ENSG00000115361/ENSG00000118432",4
"GO:0048511","GO:0048511","rhythmic process","20/591","313/21468",0.0638977635782748,2.32107815312758,3.96131645103656,0.00045870039491931,0.00823246498249919,0.00640010693784709,"ENSG00000064300/ENSG00000105894/ENSG00000108924/ENSG00000119138/ENSG00000120738/ENSG00000132170/ENSG00000138039/ENSG00000148053/ENSG00000154734/ENSG00000168356/ENSG00000169760/ENSG00000174697/ENSG00000174804/ENSG00000175899/ENSG00000179094/ENSG00000179388/ENSG00000180914/ENSG00000181092/ENSG00000197181/ENSG00000266524",20
"GO:0048863","GO:0048863","stem cell differentiation","18/591","267/21468",0.0674157303370786,2.44886784919865,4.00822051063443,0.000464045577883411,0.00829481470466597,0.0064485790407058,"ENSG00000005102/ENSG00000010319/ENSG00000073282/ENSG00000105894/ENSG00000122592/ENSG00000124205/ENSG00000128016/ENSG00000128918/ENSG00000136160/ENSG00000137872/ENSG00000138685/ENSG00000141052/ENSG00000143867/ENSG00000162367/ENSG00000164736/ENSG00000170166/ENSG00000175899/ENSG00000186847",18
"GO:0002042","GO:0002042","cell migration involved in sprouting angiogenesis","10/591","101/21468",0.099009900990099,3.5965220887571,4.40074603524538,0.000470882227365585,0.00835650234357387,0.00649653642486634,"ENSG00000069702/ENSG00000106511/ENSG00000123358/ENSG00000126785/ENSG00000136826/ENSG00000138685/ENSG00000173269/ENSG00000176435/ENSG00000179388/ENSG00000241186",10
"GO:0009612","GO:0009612","response to mechanical stimulus","17/591","245/21468",0.0693877551020408,2.52050139852895,4.02728024777894,0.000476624192286618,0.00835650234357387,0.00649653642486634,"ENSG00000018625/ENSG00000102468/ENSG00000105894/ENSG00000111262/ENSG00000115353/ENSG00000125740/ENSG00000130037/ENSG00000137033/ENSG00000138685/ENSG00000148180/ENSG00000153162/ENSG00000168356/ENSG00000170345/ENSG00000186642/ENSG00000240583/ENSG00000251322/ENSG00000265972",17
"GO:0010765","GO:0010765","positive regulation of sodium ion transport","6/591","37/21468",0.162162162162162,5.89051996158595,5.00933473009305,0.000476921969980643,0.00835650234357387,0.00649653642486634,"ENSG00000088992/ENSG00000129244/ENSG00000149575/ENSG00000166257/ENSG00000177098/ENSG00000266964",6
"GO:1901381","GO:1901381","positive regulation of potassium ion transmembrane transport","6/591","37/21468",0.162162162162162,5.89051996158595,5.00933473009305,0.000476921969980643,0.00835650234357387,0.00649653642486634,"ENSG00000120049/ENSG00000124205/ENSG00000129244/ENSG00000145362/ENSG00000145936/ENSG00000180509",6
"GO:2000649","GO:2000649","regulation of sodium ion transmembrane transporter activity","6/591","37/21468",0.162162162162162,5.89051996158595,5.00933473009305,0.000476921969980643,0.00835650234357387,0.00649653642486634,"ENSG00000018625/ENSG00000088992/ENSG00000143867/ENSG00000166257/ENSG00000177098/ENSG00000266964",6
"GO:0030072","GO:0030072","peptide hormone secretion","19/591","291/21468",0.0652920962199313,2.37172710938999,3.96394272584148,0.000484823556684786,0.00846150719206164,0.00657816960043924,"ENSG00000053438/ENSG00000118432/ENSG00000119147/ENSG00000123612/ENSG00000124205/ENSG00000130037/ENSG00000136244/ENSG00000136999/ENSG00000138207/ENSG00000145242/ENSG00000145708/ENSG00000146469/ENSG00000158445/ENSG00000164220/ENSG00000173175/ENSG00000174697/ENSG00000185345/ENSG00000240583/ENSG00000272636",19
"GO:0043113","GO:0043113","receptor clustering","8/591","67/21468",0.119402985074627,4.33729828017274,4.60320976114646,0.000491718754475526,0.00854819309250983,0.00664556120599741,"ENSG00000101938/ENSG00000105894/ENSG00000121871/ENSG00000148180/ENSG00000162896/ENSG00000169760/ENSG00000189056/ENSG00000251322",8
"GO:0043534","GO:0043534","blood vessel endothelial cell migration","15/591","202/21468",0.0742574257425743,2.69739156656782,4.07812180399723,0.000499683188077978,0.00861904892120497,0.00670064615100266,"ENSG00000069702/ENSG00000101280/ENSG00000106511/ENSG00000123358/ENSG00000125968/ENSG00000126785/ENSG00000132170/ENSG00000136826/ENSG00000138685/ENSG00000139567/ENSG00000173269/ENSG00000176435/ENSG00000179388/ENSG00000179776/ENSG00000241186",15
"GO:1904018","GO:1904018","positive regulation of vasculature development","15/591","202/21468",0.0742574257425743,2.69739156656782,4.07812180399723,0.000499683188077978,0.00861904892120497,0.00670064615100266,"ENSG00000004776/ENSG00000066056/ENSG00000092009/ENSG00000101280/ENSG00000114378/ENSG00000117525/ENSG00000120156/ENSG00000136826/ENSG00000138685/ENSG00000139567/ENSG00000164619/ENSG00000168329/ENSG00000174059/ENSG00000179776/ENSG00000240583",15
"GO:0031644","GO:0031644","regulation of nervous system process","12/591","140/21468",0.0857142857142857,3.113560551124,4.22132722956292,0.000504003148295997,0.00865986804804711,0.00673237987564706,"ENSG00000006128/ENSG00000100678/ENSG00000116147/ENSG00000122877/ENSG00000136999/ENSG00000154721/ENSG00000166292/ENSG00000169252/ENSG00000169760/ENSG00000171199/ENSG00000189056/ENSG00000251322",12
"GO:0098754","GO:0098754","detoxification","14/591","181/21468",0.0773480662983425,2.80965869254284,4.11361936338369,0.000507519304607173,0.00868661419816062,0.00675317294567725,"ENSG00000085563/ENSG00000109610/ENSG00000118777/ENSG00000135218/ENSG00000140092/ENSG00000146477/ENSG00000161544/ENSG00000165092/ENSG00000188536/ENSG00000198099/ENSG00000205364/ENSG00000211445/ENSG00000244734/ENSG00000257017",14
"GO:0010640","GO:0010640","regulation of platelet-derived growth factor receptor signaling pathway","5/591","25/21468",0.2,7.26497461928934,5.27341463874436,0.00052298158988148,0.00888267198446207,0.00690559276173408,"ENSG00000117525/ENSG00000141052/ENSG00000145335/ENSG00000181092/ENSG00000189058",5
"GO:0031649","GO:0031649","heat generation","5/591","25/21468",0.2,7.26497461928934,5.27341463874436,0.00052298158988148,0.00888267198446207,0.00690559276173408,"ENSG00000102468/ENSG00000118432/ENSG00000136160/ENSG00000169252/ENSG00000188778",5
"GO:0072073","GO:0072073","kidney epithelium development","13/591","161/21468",0.0807453416149068,2.93306428729073,4.1423181859317,0.000530605222038888,0.00897775934846713,0.00697951585759469,"ENSG00000136160/ENSG00000138685/ENSG00000143867/ENSG00000146021/ENSG00000147257/ENSG00000163884/ENSG00000164056/ENSG00000164619/ENSG00000174059/ENSG00000181092/ENSG00000198914/ENSG00000240583/ENSG00000261371",13
"GO:0009306","GO:0009306","protein secretion","24/591","414/21468",0.0579710144927536,2.10578974472155,3.82252902839514,0.000537706202387452,0.00906331405012767,0.00704602804329205,"ENSG00000017427/ENSG00000053438/ENSG00000054803/ENSG00000101605/ENSG00000118432/ENSG00000123612/ENSG00000130037/ENSG00000132170/ENSG00000136160/ENSG00000136244/ENSG00000136999/ENSG00000138207/ENSG00000145242/ENSG00000146469/ENSG00000153162/ENSG00000158445/ENSG00000164220/ENSG00000171951/ENSG00000173175/ENSG00000173432/ENSG00000174697/ENSG00000182782/ENSG00000185345/ENSG00000272636",24
"GO:0051899","GO:0051899","membrane depolarization","10/591","103/21468",0.0970873786407767,3.52668670839288,4.32477912919547,0.000550615439843393,0.00924575092737031,0.00718785865250107,"ENSG00000018625/ENSG00000022267/ENSG00000034971/ENSG00000105974/ENSG00000145362/ENSG00000149575/ENSG00000153253/ENSG00000166257/ENSG00000168356/ENSG00000177098",10
"GO:0019218","GO:0019218","regulation of steroid metabolic process","11/591","122/21468",0.0901639344262295,3.27519347590913,4.24019050791192,0.000557985352117735,0.00933414741863366,0.00725658011055994,"ENSG00000084674/ENSG00000115361/ENSG00000120738/ENSG00000138039/ENSG00000138135/ENSG00000153162/ENSG00000164849/ENSG00000167910/ENSG00000174697/ENSG00000196139/ENSG00000198848",11
"GO:1901016","GO:1901016","regulation of potassium ion transmembrane transporter activity","7/591","53/21468",0.132075471698113,4.7976247485873,4.65732255713467,0.000594397498946461,0.0098166097302573,0.0076316573680322,"ENSG00000022267/ENSG00000105974/ENSG00000118729/ENSG00000129244/ENSG00000145362/ENSG00000169282/ENSG00000180509",7
"GO:0042542","GO:0042542","response to hydrogen peroxide","10/591","104/21468",0.0961538461538462,3.49277625927372,4.28749925763029,0.000594487592820227,0.0098166097302573,0.0076316573680322,"ENSG00000127528/ENSG00000130037/ENSG00000136244/ENSG00000136826/ENSG00000170962/ENSG00000188536/ENSG00000240583/ENSG00000244734/ENSG00000257017/ENSG00000265972",10
"GO:0035592","GO:0035592","establishment of protein localization to extracellular region","24/591","417/21468",0.0575539568345324,2.09064017821276,3.7840644746908,0.000595332796468849,0.0098166097302573,0.0076316573680322,"ENSG00000017427/ENSG00000053438/ENSG00000054803/ENSG00000101605/ENSG00000118432/ENSG00000123612/ENSG00000130037/ENSG00000132170/ENSG00000136160/ENSG00000136244/ENSG00000136999/ENSG00000138207/ENSG00000145242/ENSG00000146469/ENSG00000153162/ENSG00000158445/ENSG00000164220/ENSG00000171951/ENSG00000173175/ENSG00000173432/ENSG00000174697/ENSG00000182782/ENSG00000185345/ENSG00000272636",24
"GO:0048678","GO:0048678","response to axon injury","9/591","86/21468",0.104651162790698,3.80144020776768,4.3797749324124,0.000597153351199232,0.0098166097302573,0.0076316573680322,"ENSG00000074660/ENSG00000105894/ENSG00000116147/ENSG00000132561/ENSG00000136826/ENSG00000138685/ENSG00000158445/ENSG00000169313/ENSG00000189058",9
"GO:0006721","GO:0006721","terpenoid metabolic process","11/591","123/21468",0.0894308943089431,3.2485658866741,4.20780365731863,0.000597898630085601,0.0098166097302573,0.0076316573680322,"ENSG00000079435/ENSG00000128918/ENSG00000135437/ENSG00000138207/ENSG00000165092/ENSG00000187134/ENSG00000187758/ENSG00000196139/ENSG00000196616/ENSG00000198099/ENSG00000248144",11
"GO:0032352","GO:0032352","positive regulation of hormone metabolic process","4/591","15/21468",0.266666666666667,9.68663282571912,5.66237269282387,0.000609291914733116,0.00993011418386728,0.00771989833140952,"ENSG00000120738/ENSG00000138039/ENSG00000139155/ENSG00000153162",4
"GO:0060347","GO:0060347","heart trabecula formation","4/591","15/21468",0.266666666666667,9.68663282571912,5.66237269282387,0.000609291914733116,0.00993011418386728,0.00771989833140952,"ENSG00000069702/ENSG00000120156/ENSG00000138207/ENSG00000154734",4
"GO:0001894","GO:0001894","tissue homeostasis","19/591","297/21468",0.063973063973064,2.32381343041242,3.86526873931741,0.000621514534227177,0.0100553793074054,0.00781728230910403,"ENSG00000004799/ENSG00000078725/ENSG00000107736/ENSG00000129244/ENSG00000136244/ENSG00000138207/ENSG00000148204/ENSG00000149564/ENSG00000154721/ENSG00000165092/ENSG00000169252/ENSG00000169744/ENSG00000170891/ENSG00000170989/ENSG00000174059/ENSG00000179776/ENSG00000184113/ENSG00000187955/ENSG00000261371",19
"GO:0060249","GO:0060249","anatomical structure homeostasis","19/591","297/21468",0.063973063973064,2.32381343041242,3.86526873931741,0.000621514534227177,0.0100553793074054,0.00781728230910403,"ENSG00000004799/ENSG00000078725/ENSG00000107736/ENSG00000129244/ENSG00000136244/ENSG00000138207/ENSG00000148204/ENSG00000149564/ENSG00000154721/ENSG00000165092/ENSG00000169252/ENSG00000169744/ENSG00000170891/ENSG00000170989/ENSG00000174059/ENSG00000179776/ENSG00000184113/ENSG00000187955/ENSG00000261371",19
"GO:0032232","GO:0032232","negative regulation of actin filament bundle assembly","6/591","39/21468",0.153846153846154,5.58844201483795,4.82549613234524,0.00063888257597919,0.0102987871247845,0.00800651312442438,"ENSG00000034971/ENSG00000103647/ENSG00000144339/ENSG00000170989/ENSG00000185345/ENSG00000251322",6
"GO:0002790","GO:0002790","peptide secretion","19/591","298/21468",0.063758389261745,2.31601539876674,3.84905438092465,0.000647262126405731,0.0103960616172341,0.00808213654405935,"ENSG00000053438/ENSG00000118432/ENSG00000119147/ENSG00000123612/ENSG00000124205/ENSG00000130037/ENSG00000136244/ENSG00000136999/ENSG00000138207/ENSG00000145242/ENSG00000145708/ENSG00000146469/ENSG00000158445/ENSG00000164220/ENSG00000173175/ENSG00000174697/ENSG00000185345/ENSG00000240583/ENSG00000272636",19
"GO:1905952","GO:1905952","regulation of lipid localization","15/591","208/21468",0.0721153846153846,2.61958219445529,3.94910247983733,0.000677583574128319,0.0108437833361402,0.00843020566861531,"ENSG00000076555/ENSG00000084674/ENSG00000105974/ENSG00000119147/ENSG00000132170/ENSG00000135218/ENSG00000136244/ENSG00000141338/ENSG00000153162/ENSG00000174697/ENSG00000175445/ENSG00000176194/ENSG00000181092/ENSG00000185345/ENSG00000198848",15
"GO:0018958","GO:0018958","phenol-containing compound metabolic process","11/591","125/21468",0.088,3.19658883248731,4.14401595279698,0.000684886627915591,0.0109212317321936,0.00849041582656435,"ENSG00000064692/ENSG00000080166/ENSG00000116016/ENSG00000123360/ENSG00000133116/ENSG00000139155/ENSG00000145335/ENSG00000167588/ENSG00000169418/ENSG00000185345/ENSG00000189221",11
"GO:0031032","GO:0031032","actomyosin structure organization","16/591","231/21468",0.0692640692640693,2.51600852616081,3.89768217724486,0.000705034285835686,0.0111511245493437,0.00866913977098823,"ENSG00000034971/ENSG00000092529/ENSG00000095637/ENSG00000101605/ENSG00000103647/ENSG00000109063/ENSG00000115353/ENSG00000130176/ENSG00000130595/ENSG00000133392/ENSG00000142661/ENSG00000144339/ENSG00000154330/ENSG00000170989/ENSG00000171992/ENSG00000198844",16
"GO:0050679","GO:0050679","positive regulation of epithelial cell proliferation","16/591","231/21468",0.0692640692640693,2.51600852616081,3.89768217724486,0.000705034285835686,0.0111511245493437,0.00866913977098823,"ENSG00000017427/ENSG00000037280/ENSG00000073282/ENSG00000105894/ENSG00000105971/ENSG00000115353/ENSG00000117525/ENSG00000119508/ENSG00000120156/ENSG00000123358/ENSG00000138685/ENSG00000139567/ENSG00000143867/ENSG00000153162/ENSG00000171951/ENSG00000179388",16
"GO:0001937","GO:0001937","negative regulation of endothelial cell proliferation","9/591","88/21468",0.102272727272727,3.71504383940932,4.29397691308866,0.000706849988352263,0.0111511245493437,0.00866913977098823,"ENSG00000000005/ENSG00000064300/ENSG00000105971/ENSG00000105974/ENSG00000132170/ENSG00000139567/ENSG00000168874/ENSG00000171951/ENSG00000173269",9
"GO:0002685","GO:0002685","regulation of leukocyte migration","18/591","277/21468",0.0649819494584837,2.36046106763914,3.8343844067162,0.000714095103367799,0.0112254737348562,0.00872694053163932,"ENSG00000105894/ENSG00000115353/ENSG00000120129/ENSG00000122592/ENSG00000124205/ENSG00000133800/ENSG00000136244/ENSG00000136999/ENSG00000137033/ENSG00000137077/ENSG00000154721/ENSG00000165197/ENSG00000168329/ENSG00000169313/ENSG00000170962/ENSG00000174175/ENSG00000189058/ENSG00000271447",18
"GO:0044344","GO:0044344","cellular response to fibroblast growth factor stimulus","11/591","126/21468",0.0873015873015873,3.17121907984852,4.11260249352376,0.000732177649410052,0.0113824794948717,0.00884900040752016,"ENSG00000064300/ENSG00000114378/ENSG00000123358/ENSG00000128016/ENSG00000133116/ENSG00000134962/ENSG00000136158/ENSG00000138685/ENSG00000164056/ENSG00000179388/ENSG00000241186",11
"GO:0010742","GO:0010742","macrophage derived foam cell differentiation","6/591","40/21468",0.15,5.448730964467,4.73827968944255,0.000734353515798176,0.0113824794948717,0.00884900040752016,"ENSG00000084674/ENSG00000132170/ENSG00000135218/ENSG00000175445/ENSG00000181092/ENSG00000188257",6
"GO:0032228","GO:0032228","regulation of synaptic transmission, GABAergic","6/591","40/21468",0.15,5.448730964467,4.73827968944255,0.000734353515798176,0.0113824794948717,0.00884900040752016,"ENSG00000115353/ENSG00000118432/ENSG00000120907/ENSG00000169760/ENSG00000174576/ENSG00000180914",6
"GO:0071398","GO:0071398","cellular response to fatty acid","6/591","40/21468",0.15,5.448730964467,4.73827968944255,0.000734353515798176,0.0113824794948717,0.00884900040752016,"ENSG00000004799/ENSG00000100433/ENSG00000151632/ENSG00000175445/ENSG00000187134/ENSG00000196139",6
"GO:1902305","GO:1902305","regulation of sodium ion transmembrane transport","7/591","55/21468",0.127272727272727,4.62316566682049,4.52664202995225,0.000746352195296539,0.0115178942720405,0.00895427495854315,"ENSG00000018625/ENSG00000088992/ENSG00000129244/ENSG00000143867/ENSG00000166257/ENSG00000177098/ENSG00000266964",7
"GO:0010594","GO:0010594","regulation of endothelial cell migration","17/591","255/21468",0.0666666666666667,2.42165820642978,3.84246228572182,0.000748286386272879,0.0115178942720405,0.00895427495854315,"ENSG00000037280/ENSG00000069702/ENSG00000101280/ENSG00000105894/ENSG00000106511/ENSG00000120156/ENSG00000126785/ENSG00000132170/ENSG00000136826/ENSG00000138685/ENSG00000139567/ENSG00000162407/ENSG00000163638/ENSG00000164619/ENSG00000168874/ENSG00000173269/ENSG00000241186",17
"GO:0071692","GO:0071692","protein localization to extracellular region","24/591","424/21468",0.0566037735849057,2.0561248922517,3.69555298642193,0.000751181924983126,0.0115224549254332,0.00895782051500548,"ENSG00000017427/ENSG00000053438/ENSG00000054803/ENSG00000101605/ENSG00000118432/ENSG00000123612/ENSG00000130037/ENSG00000132170/ENSG00000136160/ENSG00000136244/ENSG00000136999/ENSG00000138207/ENSG00000145242/ENSG00000146469/ENSG00000153162/ENSG00000158445/ENSG00000164220/ENSG00000171951/ENSG00000173175/ENSG00000173432/ENSG00000174697/ENSG00000182782/ENSG00000185345/ENSG00000272636",24
"GO:0010878","GO:0010878","cholesterol storage","5/591","27/21468",0.185185185185185,6.72682835119383,5.009782864511,0.000759387410103309,0.0115682625051133,0.00899343237720468,"ENSG00000084674/ENSG00000132170/ENSG00000135218/ENSG00000175445/ENSG00000198848",5
"GO:0072010","GO:0072010","glomerular epithelium development","5/591","27/21468",0.185185185185185,6.72682835119383,5.009782864511,0.000759387410103309,0.0115682625051133,0.00899343237720468,"ENSG00000136160/ENSG00000163884/ENSG00000174059/ENSG00000181092/ENSG00000261371",5
"GO:0009952","GO:0009952","anterior/posterior pattern specification","16/591","233/21468",0.0686695278969957,2.49441188645128,3.85893545059873,0.000773284720056605,0.01173962727401,0.00912665527565005,"ENSG00000005102/ENSG00000052850/ENSG00000105996/ENSG00000106004/ENSG00000106511/ENSG00000109906/ENSG00000122592/ENSG00000128918/ENSG00000143867/ENSG00000147257/ENSG00000148204/ENSG00000164736/ENSG00000170166/ENSG00000173253/ENSG00000197576/ENSG00000241186",16
"GO:0002526","GO:0002526","acute inflammatory response","11/591","127/21468",0.0866141732283465,3.14624885087334,4.08150117814425,0.000782149487247122,0.0118336814913532,0.00919977517961947,"ENSG00000117525/ENSG00000118432/ENSG00000136160/ENSG00000136244/ENSG00000163687/ENSG00000168356/ENSG00000173432/ENSG00000175899/ENSG00000179639/ENSG00000205502/ENSG00000257017",11
"GO:0090092","GO:0090092","regulation of transmembrane receptor protein serine/threonine kinase signaling pathway","21/591","351/21468",0.0598290598290598,2.17328300577032,3.72894176907801,0.000786383738118017,0.0118572758880176,0.00921811800429069,"ENSG00000069702/ENSG00000090006/ENSG00000101938/ENSG00000105971/ENSG00000105974/ENSG00000129757/ENSG00000132170/ENSG00000136158/ENSG00000136999/ENSG00000139567/ENSG00000141052/ENSG00000142611/ENSG00000147257/ENSG00000148204/ENSG00000153162/ENSG00000164056/ENSG00000164488/ENSG00000164619/ENSG00000168874/ENSG00000176194/ENSG00000179776",21
"GO:0030214","GO:0030214","hyaluronan catabolic process","4/591","16/21468",0.25,9.08121827411168,5.44061891920192,0.000794794585286852,0.0119434725307682,0.0092851292497026,"ENSG00000114378/ENSG00000133800/ENSG00000136011/ENSG00000138685",4
"GO:0050680","GO:0050680","negative regulation of epithelial cell proliferation","14/591","190/21468",0.0736842105263158,2.67656959658028,3.90551542531564,0.00082011944847449,0.0122823970104305,0.00954861690720299,"ENSG00000000005/ENSG00000064300/ENSG00000069702/ENSG00000072163/ENSG00000105971/ENSG00000105974/ENSG00000119138/ENSG00000129757/ENSG00000132170/ENSG00000139567/ENSG00000147257/ENSG00000168874/ENSG00000171951/ENSG00000173269",14
"GO:0050432","GO:0050432","catecholamine secretion","7/591","56/21468",0.125,4.54060913705584,4.46363582862485,0.000833042947721794,0.0124201089918814,0.00965567735747911,"ENSG00000102468/ENSG00000118432/ENSG00000145335/ENSG00000146469/ENSG00000158445/ENSG00000180914/ENSG00000185345",7
"GO:0009308","GO:0009308","amine metabolic process","11/591","128/21468",0.0859375,3.12166878172589,4.05070612321469,0.000834918222328142,0.0124201089918814,0.00965567735747911,"ENSG00000064692/ENSG00000116016/ENSG00000123360/ENSG00000131471/ENSG00000133116/ENSG00000145335/ENSG00000146477/ENSG00000169418/ENSG00000185345/ENSG00000189221/ENSG00000241644",11
"GO:0014897","GO:0014897","striated muscle hypertrophy","10/591","109/21468",0.0917431192660551,3.33255716481162,4.10771647673092,0.000859470921471955,0.0127001153162839,0.00987336069087431,"ENSG00000017427/ENSG00000034971/ENSG00000076555/ENSG00000119508/ENSG00000120907/ENSG00000132170/ENSG00000163884/ENSG00000164530/ENSG00000174697/ENSG00000187955",10
"GO:1990830","GO:1990830","cellular response to leukemia inhibitory factor","10/591","109/21468",0.0917431192660551,3.33255716481162,4.10771647673092,0.000859470921471955,0.0127001153162839,0.00987336069087431,"ENSG00000100285/ENSG00000101695/ENSG00000116833/ENSG00000135144/ENSG00000136158/ENSG00000136826/ENSG00000139874/ENSG00000163710/ENSG00000164736/ENSG00000174804",10
"GO:0051962","GO:0051962","positive regulation of nervous system development","20/591","330/21468",0.0606060606060606,2.20150746039071,3.70081067286361,0.000887201878901432,0.0130663319905982,0.0101580659259426,"ENSG00000080166/ENSG00000105894/ENSG00000108381/ENSG00000121871/ENSG00000122877/ENSG00000131095/ENSG00000131409/ENSG00000135298/ENSG00000136244/ENSG00000137033/ENSG00000138685/ENSG00000148053/ENSG00000167178/ENSG00000168329/ENSG00000169760/ENSG00000174804/ENSG00000180914/ENSG00000189056/ENSG00000221866/ENSG00000251322",20
"GO:0001558","GO:0001558","regulation of cell growth","25/591","455/21468",0.0549450549450549,1.99587214815641,3.61252305603055,0.000898685021164048,0.0131916248305305,0.0102554714509972,"ENSG00000010319/ENSG00000017427/ENSG00000022267/ENSG00000066735/ENSG00000090006/ENSG00000101049/ENSG00000101349/ENSG00000114378/ENSG00000116147/ENSG00000116183/ENSG00000117425/ENSG00000120833/ENSG00000136999/ENSG00000137872/ENSG00000139567/ENSG00000141052/ENSG00000162761/ENSG00000164530/ENSG00000164736/ENSG00000167178/ENSG00000168309/ENSG00000169418/ENSG00000185345/ENSG00000187955/ENSG00000221866",25
"GO:0046323","GO:0046323","D-glucose import","9/591","91/21468",0.0989010989010989,3.59256986668154,4.16987618194384,0.000901734518572638,0.0131927033690842,0.0102563099315853,"ENSG00000017427/ENSG00000076555/ENSG00000095637/ENSG00000147257/ENSG00000163884/ENSG00000174697/ENSG00000181092/ENSG00000181856/ENSG00000184811",9
"GO:0001938","GO:0001938","positive regulation of endothelial cell proliferation","10/591","110/21468",0.0909090909090909,3.30226119058606,4.07301507119696,0.00092263484853251,0.0134099681427692,0.010425216545627,"ENSG00000037280/ENSG00000105971/ENSG00000117525/ENSG00000120156/ENSG00000123358/ENSG00000138685/ENSG00000139567/ENSG00000153162/ENSG00000171951/ENSG00000179388",10
"GO:0033555","GO:0033555","multicellular organismal response to stress","10/591","110/21468",0.0909090909090909,3.30226119058606,4.07301507119696,0.00092263484853251,0.0134099681427692,0.010425216545627,"ENSG00000006128/ENSG00000018625/ENSG00000078549/ENSG00000078725/ENSG00000115353/ENSG00000136160/ENSG00000153253/ENSG00000168356/ENSG00000181195/ENSG00000189056",10
"GO:0050921","GO:0050921","positive regulation of chemotaxis","13/591","171/21468",0.0760233918128655,2.76154005996378,3.89113892662755,0.000933427265205204,0.013522493681878,0.0105126964784377,"ENSG00000105894/ENSG00000117525/ENSG00000124205/ENSG00000136244/ENSG00000137077/ENSG00000138685/ENSG00000140538/ENSG00000165197/ENSG00000168329/ENSG00000169313/ENSG00000170962/ENSG00000170989/ENSG00000171951",13
"GO:0035633","GO:0035633","maintenance of blood-brain barrier","6/591","42/21468",0.142857142857143,5.18926758520667,4.57233002051374,0.000958055632572976,0.0137891578545325,0.0107200073173066,"ENSG00000136244/ENSG00000149564/ENSG00000154721/ENSG00000179776/ENSG00000184113/ENSG00000261371",6
"GO:0090077","GO:0090077","foam cell differentiation","6/591","42/21468",0.142857142857143,5.18926758520667,4.57233002051374,0.000958055632572976,0.0137891578545325,0.0107200073173066,"ENSG00000084674/ENSG00000132170/ENSG00000135218/ENSG00000175445/ENSG00000181092/ENSG00000188257",6
"GO:0014896","GO:0014896","muscle hypertrophy","10/591","111/21468",0.0900900900900901,3.27251108976997,4.03871074447613,0.000989555890189673,0.014105148749874,0.0109656658807954,"ENSG00000017427/ENSG00000034971/ENSG00000076555/ENSG00000119508/ENSG00000120907/ENSG00000132170/ENSG00000163884/ENSG00000164530/ENSG00000174697/ENSG00000187955",10
"GO:0019217","GO:0019217","regulation of fatty acid metabolic process","10/591","111/21468",0.0900900900900901,3.27251108976997,4.03871074447613,0.000989555890189673,0.014105148749874,0.0109656658807954,"ENSG00000004799/ENSG00000076555/ENSG00000094963/ENSG00000105974/ENSG00000115361/ENSG00000118432/ENSG00000132170/ENSG00000145335/ENSG00000167910/ENSG00000181092",10
"GO:1990823","GO:1990823","response to leukemia inhibitory factor","10/591","111/21468",0.0900900900900901,3.27251108976997,4.03871074447613,0.000989555890189673,0.014105148749874,0.0109656658807954,"ENSG00000100285/ENSG00000101695/ENSG00000116833/ENSG00000135144/ENSG00000136158/ENSG00000136826/ENSG00000139874/ENSG00000163710/ENSG00000164736/ENSG00000174804",10
"GO:0031099","GO:0031099","regeneration","15/591","216/21468",0.0694444444444444,2.52256063169769,3.78396352250959,0.00099636920068094,0.0141567457263417,0.0110057785527308,"ENSG00000017427/ENSG00000069702/ENSG00000074660/ENSG00000092529/ENSG00000105894/ENSG00000108823/ENSG00000116147/ENSG00000119508/ENSG00000131095/ENSG00000132561/ENSG00000136244/ENSG00000136826/ENSG00000136999/ENSG00000189058/ENSG00000262179",15
"GO:0072009","GO:0072009","nephron epithelium development","11/591","131/21468",0.083969465648855,3.0501801836711,3.96010201375284,0.00101121476420963,0.0142649758969839,0.0110899191676601,"ENSG00000136160/ENSG00000138685/ENSG00000143867/ENSG00000146021/ENSG00000147257/ENSG00000163884/ENSG00000174059/ENSG00000181092/ENSG00000198914/ENSG00000240583/ENSG00000261371",11
"GO:0090276","GO:0090276","regulation of peptide hormone secretion","16/591","239/21468",0.0669456066945607,2.43179066754455,3.74506260690441,0.00101278152125913,0.0142649758969839,0.0110899191676601,"ENSG00000053438/ENSG00000118432/ENSG00000119147/ENSG00000123612/ENSG00000130037/ENSG00000136244/ENSG00000136999/ENSG00000138207/ENSG00000145242/ENSG00000145708/ENSG00000158445/ENSG00000164220/ENSG00000173175/ENSG00000174697/ENSG00000185345/ENSG00000272636",16
"GO:0032230","GO:0032230","positive regulation of synaptic transmission, GABAergic","4/591","17/21468",0.235294117647059,8.54702896386981,5.23747639877768,0.00101685819613059,0.0142649758969839,0.0110899191676601,"ENSG00000115353/ENSG00000120907/ENSG00000169760/ENSG00000180914",4
"GO:0042448","GO:0042448","progesterone metabolic process","4/591","17/21468",0.235294117647059,8.54702896386981,5.23747639877768,0.00101685819613059,0.0142649758969839,0.0110899191676601,"ENSG00000120738/ENSG00000151632/ENSG00000187134/ENSG00000196139",4
"GO:0051937","GO:0051937","catecholamine transport","8/591","75/21468",0.106666666666667,3.87465313028765,4.19590461801181,0.00105001234683719,0.01468361114678,0.0114153758045657,"ENSG00000102468/ENSG00000118432/ENSG00000145335/ENSG00000146469/ENSG00000146477/ENSG00000158445/ENSG00000180914/ENSG00000185345",8
"GO:1903510","GO:1903510","mucopolysaccharide metabolic process","9/591","93/21468",0.0967741935483871,3.51531029965613,4.09001927506638,0.0010543536457912,0.0146979550685295,0.0114265270980483,"ENSG00000105509/ENSG00000114378/ENSG00000123243/ENSG00000133800/ENSG00000136011/ENSG00000136160/ENSG00000138685/ENSG00000147119/ENSG00000162267",9
"GO:0071383","GO:0071383","cellular response to steroid hormone stimulus","16/591","240/21468",0.0666666666666667,2.42165820642978,3.72641870080631,0.00105825230822971,0.0147060579385025,0.0114328264548559,"ENSG00000003436/ENSG00000018625/ENSG00000067113/ENSG00000073282/ENSG00000119138/ENSG00000119508/ENSG00000124253/ENSG00000128016/ENSG00000137463/ENSG00000151623/ENSG00000168309/ENSG00000174576/ENSG00000178175/ENSG00000179094/ENSG00000196139/ENSG00000240583",16
"GO:0010875","GO:0010875","positive regulation of cholesterol efflux","5/591","29/21468",0.172413793103448,6.26290915455978,4.77164343635603,0.00106755516593252,0.0147889751580589,0.0114972882015232,"ENSG00000105974/ENSG00000132170/ENSG00000141338/ENSG00000181092/ENSG00000198848",5
"GO:0042417","GO:0042417","dopamine metabolic process","6/591","43/21468",0.13953488372093,5.06858694369024,4.49327279847404,0.00108787100775657,0.0149304401776621,0.011607266349666,"ENSG00000064692/ENSG00000123360/ENSG00000145335/ENSG00000169418/ENSG00000185345/ENSG00000189221",6
"GO:0048265","GO:0048265","response to pain","6/591","43/21468",0.13953488372093,5.06858694369024,4.49327279847404,0.00108787100775657,0.0149304401776621,0.011607266349666,"ENSG00000006128/ENSG00000115353/ENSG00000136160/ENSG00000153253/ENSG00000168356/ENSG00000189056",6
"GO:0052652","GO:0052652","cyclic purine nucleotide metabolic process","6/591","43/21468",0.13953488372093,5.06858694369024,4.49327279847404,0.00108787100775657,0.0149304401776621,0.011607266349666,"ENSG00000115252/ENSG00000129467/ENSG00000169418/ENSG00000171408/ENSG00000173175/ENSG00000186642",6
"GO:1902893","GO:1902893","regulation of miRNA transcription","9/591","94/21468",0.0957446808510638,3.47791338157468,4.0509092892726,0.00113814440863247,0.0155722042082338,0.0121061884141089,"ENSG00000064300/ENSG00000120738/ENSG00000132170/ENSG00000136244/ENSG00000136826/ENSG00000138685/ENSG00000141052/ENSG00000168874/ENSG00000170345",9
"GO:0007179","GO:0007179","transforming growth factor beta receptor signaling pathway","17/591","265/21468",0.0641509433962264,2.33027487788526,3.66615686082384,0.00114278125965324,0.0155807812923485,0.0121128564358577,"ENSG00000069702/ENSG00000090006/ENSG00000105971/ENSG00000120693/ENSG00000125968/ENSG00000129757/ENSG00000132170/ENSG00000136158/ENSG00000139567/ENSG00000141052/ENSG00000142611/ENSG00000164056/ENSG00000170345/ENSG00000176194/ENSG00000179776/ENSG00000184113/ENSG00000266524",17
"GO:0032413","GO:0032413","negative regulation of ion transmembrane transporter activity","8/591","76/21468",0.105263157894737,3.82367085225755,4.14897239181649,0.0011458007447114,0.0155807812923485,0.0121128564358577,"ENSG00000018625/ENSG00000105974/ENSG00000118729/ENSG00000143867/ENSG00000164949/ENSG00000169282/ENSG00000180509/ENSG00000186439",8
"GO:0002791","GO:0002791","regulation of peptide secretion","16/591","242/21468",0.0661157024793388,2.40164450224441,3.68940943385291,0.00115439799805906,0.0156019705042555,0.0121293294147797,"ENSG00000053438/ENSG00000118432/ENSG00000119147/ENSG00000123612/ENSG00000130037/ENSG00000136244/ENSG00000136999/ENSG00000138207/ENSG00000145242/ENSG00000145708/ENSG00000158445/ENSG00000164220/ENSG00000173175/ENSG00000174697/ENSG00000185345/ENSG00000272636",16
"GO:0090087","GO:0090087","regulation of peptide transport","16/591","242/21468",0.0661157024793388,2.40164450224441,3.68940943385291,0.00115439799805906,0.0156019705042555,0.0121293294147797,"ENSG00000053438/ENSG00000118432/ENSG00000119147/ENSG00000123612/ENSG00000130037/ENSG00000136244/ENSG00000136999/ENSG00000138207/ENSG00000145242/ENSG00000145708/ENSG00000158445/ENSG00000164220/ENSG00000173175/ENSG00000174697/ENSG00000185345/ENSG00000272636",16
"GO:0006631","GO:0006631","fatty acid metabolic process","24/591","438/21468",0.0547945205479452,1.99040400528475,3.52350733479559,0.00117193953798415,0.0157909056896162,0.0122762119576391,"ENSG00000004799/ENSG00000076555/ENSG00000094963/ENSG00000105974/ENSG00000115361/ENSG00000118432/ENSG00000123560/ENSG00000124253/ENSG00000132170/ENSG00000135218/ENSG00000145335/ENSG00000151632/ENSG00000161544/ENSG00000162877/ENSG00000167910/ENSG00000168477/ENSG00000174697/ENSG00000175445/ENSG00000181092/ENSG00000183549/ENSG00000187134/ENSG00000196139/ENSG00000198099/ENSG00000198848",24
"GO:0021537","GO:0021537","telencephalon development","19/591","314/21468",0.0605095541401274,2.1980018752627,3.5980852163118,0.00120305637790703,0.0161122323965615,0.0125260187033475,"ENSG00000018625/ENSG00000066735/ENSG00000106852/ENSG00000111262/ENSG00000116147/ENSG00000126895/ENSG00000129244/ENSG00000137463/ENSG00000145242/ENSG00000148053/ENSG00000162761/ENSG00000169313/ENSG00000170345/ENSG00000180914/ENSG00000189056/ENSG00000198914/ENSG00000221866/ENSG00000240583/ENSG00000251322",19
"GO:0051896","GO:0051896","regulation of phosphatidylinositol 3-kinase/protein kinase B signal transduction","19/591","314/21468",0.0605095541401274,2.1980018752627,3.5980852163118,0.00120305637790703,0.0161122323965615,0.0125260187033475,"ENSG00000017427/ENSG00000034971/ENSG00000108342/ENSG00000120156/ENSG00000136158/ENSG00000137077/ENSG00000138685/ENSG00000140538/ENSG00000148053/ENSG00000151632/ENSG00000166292/ENSG00000168329/ENSG00000169313/ENSG00000170962/ENSG00000174175/ENSG00000174697/ENSG00000184500/ENSG00000189056/ENSG00000196139",19
"GO:0071774","GO:0071774","response to fibroblast growth factor","11/591","134/21468",0.082089552238806,2.98189256761876,3.87205694574412,0.00121717126384034,0.0162521693150729,0.0126348088706825,"ENSG00000064300/ENSG00000114378/ENSG00000123358/ENSG00000128016/ENSG00000133116/ENSG00000134962/ENSG00000136158/ENSG00000138685/ENSG00000164056/ENSG00000179388/ENSG00000241186",11
"GO:0061614","GO:0061614","miRNA transcription","9/591","95/21468",0.0947368421052632,3.44130376703179,4.01232638762318,0.00122723585469147,0.01628639757037,0.0126614187007471,"ENSG00000064300/ENSG00000120738/ENSG00000132170/ENSG00000136244/ENSG00000136826/ENSG00000138685/ENSG00000141052/ENSG00000168874/ENSG00000170345",9
"GO:0009187","GO:0009187","cyclic nucleotide metabolic process","6/591","44/21468",0.136363636363636,4.9533917858791,4.41663273456652,0.00123075641463432,0.01628639757037,0.0126614187007471,"ENSG00000115252/ENSG00000129467/ENSG00000169418/ENSG00000171408/ENSG00000173175/ENSG00000186642",6
"GO:0099622","GO:0099622","cardiac muscle cell membrane repolarization","6/591","44/21468",0.136363636363636,4.9533917858791,4.41663273456652,0.00123075641463432,0.01628639757037,0.0126614187007471,"ENSG00000120049/ENSG00000130037/ENSG00000145362/ENSG00000149575/ENSG00000177098/ENSG00000180509",6
"GO:0010884","GO:0010884","positive regulation of lipid storage","5/591","30/21468",0.166666666666667,6.05414551607445,4.66081225030406,0.00125238310170994,0.0164742263794664,0.0128074411213442,"ENSG00000076555/ENSG00000084674/ENSG00000135218/ENSG00000175445/ENSG00000176194",5
"GO:0035116","GO:0035116","embryonic hindlimb morphogenesis","5/591","30/21468",0.166666666666667,6.05414551607445,4.66081225030406,0.00125238310170994,0.0164742263794664,0.0128074411213442,"ENSG00000052850/ENSG00000073282/ENSG00000109906/ENSG00000143867/ENSG00000147257",5
"GO:1902930","GO:1902930","regulation of alcohol biosynthetic process","7/591","60/21468",0.116666666666667,4.23790186125211,4.22568024917458,0.00126219675472724,0.0165541958985381,0.0128696112581034,"ENSG00000078549/ENSG00000084674/ENSG00000138039/ENSG00000145335/ENSG00000153162/ENSG00000164849/ENSG00000167910",7
"GO:0097553","GO:0097553","calcium ion transmembrane import into cytosol","14/591","199/21468",0.0703517587939698,2.55551871030278,3.70914332199963,0.00128168062989489,0.016760148177947,0.0130297232798505,"ENSG00000018625/ENSG00000078549/ENSG00000092051/ENSG00000092529/ENSG00000100678/ENSG00000102468/ENSG00000105974/ENSG00000118729/ENSG00000137077/ENSG00000138039/ENSG00000138685/ENSG00000145335/ENSG00000145362/ENSG00000186439",14
"GO:0006816","GO:0006816","calcium ion transport","26/591","493/21468",0.0527383367139959,1.91571338845358,3.46080724948204,0.00128929661478289,0.0168101526274486,0.0130685978848271,"ENSG00000018625/ENSG00000064989/ENSG00000078549/ENSG00000083067/ENSG00000092051/ENSG00000092529/ENSG00000100678/ENSG00000102468/ENSG00000105974/ENSG00000107736/ENSG00000109047/ENSG00000118729/ENSG00000123560/ENSG00000136160/ENSG00000137077/ENSG00000138039/ENSG00000138685/ENSG00000139151/ENSG00000145335/ENSG00000145362/ENSG00000158966/ENSG00000164949/ENSG00000168356/ENSG00000171227/ENSG00000185739/ENSG00000186439",26
"GO:0010001","GO:0010001","glial cell differentiation","18/591","292/21468",0.0616438356164384,2.23920450594534,3.58721839931721,0.00130210142169785,0.016927318482072,0.0131596853052593,"ENSG00000034971/ENSG00000100678/ENSG00000105894/ENSG00000108381/ENSG00000122877/ENSG00000123560/ENSG00000131095/ENSG00000135144/ENSG00000136244/ENSG00000137033/ENSG00000138685/ENSG00000144230/ENSG00000148053/ENSG00000153902/ENSG00000162367/ENSG00000162407/ENSG00000163884/ENSG00000189056",18
"GO:0050796","GO:0050796","regulation of insulin secretion","14/591","200/21468",0.07,2.54274111675127,3.68799309600611,0.00134427628261058,0.0174244934526687,0.013546200520982,"ENSG00000053438/ENSG00000118432/ENSG00000123612/ENSG00000130037/ENSG00000136244/ENSG00000136999/ENSG00000138207/ENSG00000145242/ENSG00000158445/ENSG00000164220/ENSG00000173175/ENSG00000174697/ENSG00000185345/ENSG00000272636",14
"GO:0051209","GO:0051209","release of sequestered calcium ion into cytosol","11/591","136/21468",0.0808823529411765,2.93804120633025,3.81471455476856,0.00137274868337125,0.0177416761323171,0.0137927856049025,"ENSG00000018625/ENSG00000092051/ENSG00000092529/ENSG00000102468/ENSG00000118729/ENSG00000137077/ENSG00000138039/ENSG00000138685/ENSG00000145335/ENSG00000145362/ENSG00000186439",11
"GO:0032231","GO:0032231","regulation of actin filament bundle assembly","10/591","116/21468",0.0862068965517241,3.13145457727989,3.87285439278835,0.00138649942341626,0.0178673021628032,0.0138904501599291,"ENSG00000034971/ENSG00000103647/ENSG00000115353/ENSG00000144339/ENSG00000170989/ENSG00000171992/ENSG00000172403/ENSG00000185345/ENSG00000198844/ENSG00000251322",10
"GO:0019933","GO:0019933","cAMP-mediated signaling","7/591","61/21468",0.114754098360656,4.16842806024798,4.16942567850692,0.00139257338159822,0.0178935588423911,0.0139108627043557,"ENSG00000078549/ENSG00000115252/ENSG00000123360/ENSG00000145242/ENSG00000154678/ENSG00000171408/ENSG00000186642",7
"GO:0050810","GO:0050810","regulation of steroid biosynthetic process","9/591","97/21468",0.0927835051546392,3.37034905018578,3.93668913427581,0.00142229697691735,0.0182226661811404,0.0141667182915345,"ENSG00000084674/ENSG00000120738/ENSG00000138039/ENSG00000153162/ENSG00000164849/ENSG00000167910/ENSG00000174697/ENSG00000196139/ENSG00000198848",9
"GO:0060537","GO:0060537","muscle tissue development","25/591","471/21468",0.0530785562632696,1.92807182040588,3.42656353251588,0.00145165974359108,0.0183845657753066,0.0142925827462343,"ENSG00000017427/ENSG00000069702/ENSG00000101605/ENSG00000102683/ENSG00000105971/ENSG00000105974/ENSG00000106511/ENSG00000108924/ENSG00000115593/ENSG00000120738/ENSG00000120907/ENSG00000122877/ENSG00000123358/ENSG00000128918/ENSG00000133392/ENSG00000138207/ENSG00000138685/ENSG00000141052/ENSG00000143867/ENSG00000154330/ENSG00000163638/ENSG00000164530/ENSG00000170345/ENSG00000170989/ENSG00000187955",25
"GO:0051283","GO:0051283","negative regulation of sequestering of calcium ion","11/591","137/21468",0.0802919708029197,2.91659565007966,3.78643535701629,0.00145644516872008,0.0183845657753066,0.0142925827462343,"ENSG00000018625/ENSG00000092051/ENSG00000092529/ENSG00000102468/ENSG00000118729/ENSG00000137077/ENSG00000138039/ENSG00000138685/ENSG00000145335/ENSG00000145362/ENSG00000186439",11
"GO:0001945","GO:0001945","lymph vessel development","5/591","31/21468",0.161290322580645,5.85885049942689,4.55488852356275,0.00145981663724519,0.0183845657753066,0.0142925827462343,"ENSG00000037280/ENSG00000066056/ENSG00000138685/ENSG00000139567/ENSG00000176435",5
"GO:0042744","GO:0042744","hydrogen peroxide catabolic process","5/591","31/21468",0.161290322580645,5.85885049942689,4.55488852356275,0.00145981663724519,0.0183845657753066,0.0142925827462343,"ENSG00000145335/ENSG00000188536/ENSG00000211445/ENSG00000244734/ENSG00000257017",5
"GO:1902932","GO:1902932","positive regulation of alcohol biosynthetic process","5/591","31/21468",0.161290322580645,5.85885049942689,4.55488852356275,0.00145981663724519,0.0183845657753066,0.0142925827462343,"ENSG00000078549/ENSG00000138039/ENSG00000145335/ENSG00000153162/ENSG00000167910",5
"GO:1904862","GO:1904862","inhibitory synapse assembly","5/591","31/21468",0.161290322580645,5.85885049942689,4.55488852356275,0.00145981663724519,0.0183845657753066,0.0142925827462343,"ENSG00000054803/ENSG00000109158/ENSG00000151834/ENSG00000163285/ENSG00000174576",5
"GO:0014706","GO:0014706","striated muscle tissue development","24/591","446/21468",0.0538116591928251,1.95470169128861,3.4280210367273,0.00149365817330212,0.0187574693548111,0.0145824865346389,"ENSG00000017427/ENSG00000069702/ENSG00000101605/ENSG00000102683/ENSG00000105971/ENSG00000105974/ENSG00000106511/ENSG00000108924/ENSG00000115593/ENSG00000120738/ENSG00000120907/ENSG00000122877/ENSG00000123358/ENSG00000128918/ENSG00000133392/ENSG00000138207/ENSG00000138685/ENSG00000141052/ENSG00000154330/ENSG00000163638/ENSG00000164530/ENSG00000170345/ENSG00000170989/ENSG00000187955",24
"GO:0031102","GO:0031102","neuron projection regeneration","7/591","62/21468",0.112903225806452,4.10119534959882,4.11436276755586,0.00153322812289474,0.0192000007593005,0.0149265205898227,"ENSG00000074660/ENSG00000105894/ENSG00000116147/ENSG00000131095/ENSG00000132561/ENSG00000136826/ENSG00000189058",7
"GO:0001667","GO:0001667","ameboidal-type cell migration","16/591","249/21468",0.0642570281124498,2.33412839173955,3.56270789897073,0.00155115489454246,0.0192526070639955,0.0149674179366524,"ENSG00000010319/ENSG00000105509/ENSG00000115353/ENSG00000123612/ENSG00000124205/ENSG00000136160/ENSG00000136960/ENSG00000136999/ENSG00000137872/ENSG00000138685/ENSG00000147257/ENSG00000148204/ENSG00000161544/ENSG00000164736/ENSG00000174807/ENSG00000240583",16
"GO:0007411","GO:0007411","axon guidance","16/591","249/21468",0.0642570281124498,2.33412839173955,3.56270789897073,0.00155115489454246,0.0192526070639955,0.0149674179366524,"ENSG00000010319/ENSG00000064300/ENSG00000104967/ENSG00000105996/ENSG00000116147/ENSG00000122877/ENSG00000124205/ENSG00000132561/ENSG00000137872/ENSG00000145242/ENSG00000148357/ENSG00000154133/ENSG00000154134/ENSG00000162761/ENSG00000189056/ENSG00000221866",16
"GO:0043010","GO:0043010","camera-type eye development","22/591","396/21468",0.0555555555555556,2.01804850535815,3.44039698004197,0.00155414698841897,0.0192526070639955,0.0149674179366524,"ENSG00000101605/ENSG00000104888/ENSG00000126785/ENSG00000128918/ENSG00000136158/ENSG00000136826/ENSG00000138207/ENSG00000138685/ENSG00000139567/ENSG00000148053/ENSG00000148204/ENSG00000163638/ENSG00000164007/ENSG00000164056/ENSG00000170345/ENSG00000171819/ENSG00000174804/ENSG00000179094/ENSG00000180660/ENSG00000198570/ENSG00000198844/ENSG00000240583",22
"GO:0010828","GO:0010828","positive regulation of D-glucose transmembrane transport","6/591","46/21468",0.130434782608696,4.73802692562348,4.27008683406282,0.00155914413173345,0.0192526070639955,0.0149674179366524,"ENSG00000017427/ENSG00000095637/ENSG00000119508/ENSG00000147257/ENSG00000163884/ENSG00000181092",6
"GO:0019098","GO:0019098","reproductive behavior","6/591","46/21468",0.130434782608696,4.73802692562348,4.27008683406282,0.00155914413173345,0.0192526070639955,0.0149674179366524,"ENSG00000006128/ENSG00000078725/ENSG00000115353/ENSG00000118432/ENSG00000136160/ENSG00000180914",6
"GO:0007416","GO:0007416","synapse assembly","18/591","297/21468",0.0606060606060606,2.20150746039071,3.50815992647698,0.0015728274033583,0.0193591317234511,0.0150502326481007,"ENSG00000054803/ENSG00000109158/ENSG00000121871/ENSG00000131409/ENSG00000135298/ENSG00000145335/ENSG00000148053/ENSG00000150471/ENSG00000151834/ENSG00000163285/ENSG00000165379/ENSG00000169760/ENSG00000174576/ENSG00000180914/ENSG00000189056/ENSG00000198844/ENSG00000221866/ENSG00000251322",18
"GO:0001946","GO:0001946","lymphangiogenesis","4/591","19/21468",0.210526315789474,7.64734170451509,4.87715606593393,0.00158523907412875,0.0193591317234511,0.0150502326481007,"ENSG00000037280/ENSG00000066056/ENSG00000139567/ENSG00000176435",4
"GO:0007379","GO:0007379","segment specification","4/591","19/21468",0.210526315789474,7.64734170451509,4.87715606593393,0.00158523907412875,0.0193591317234511,0.0150502326481007,"ENSG00000005102/ENSG00000105996/ENSG00000106511/ENSG00000143867",4
"GO:0045603","GO:0045603","positive regulation of endothelial cell differentiation","4/591","19/21468",0.210526315789474,7.64734170451509,4.87715606593393,0.00158523907412875,0.0193591317234511,0.0150502326481007,"ENSG00000139567/ENSG00000153162/ENSG00000166292/ENSG00000168874",4
"GO:0097485","GO:0097485","neuron projection guidance","16/591","250/21468",0.064,2.32479187817259,3.54495569498975,0.00161623521640972,0.0196830703594265,0.0153020699672937,"ENSG00000010319/ENSG00000064300/ENSG00000104967/ENSG00000105996/ENSG00000116147/ENSG00000122877/ENSG00000124205/ENSG00000132561/ENSG00000137872/ENSG00000145242/ENSG00000148357/ENSG00000154133/ENSG00000154134/ENSG00000162761/ENSG00000189056/ENSG00000221866",16
"GO:0070588","GO:0070588","calcium ion transmembrane transport","21/591","372/21468",0.0564516129032258,2.05059767479941,3.43916664273127,0.00162064531495391,0.0196830703594265,0.0153020699672937,"ENSG00000018625/ENSG00000078549/ENSG00000083067/ENSG00000092051/ENSG00000092529/ENSG00000100678/ENSG00000102468/ENSG00000105974/ENSG00000118729/ENSG00000123560/ENSG00000136160/ENSG00000137077/ENSG00000138039/ENSG00000138685/ENSG00000145335/ENSG00000145362/ENSG00000158966/ENSG00000164949/ENSG00000168356/ENSG00000171227/ENSG00000186439",21
"GO:0030278","GO:0030278","regulation of ossification","11/591","139/21468",0.079136690647482,2.87463024504254,3.73063830906227,0.00163639578287086,0.0197660558732058,0.0153665848074551,"ENSG00000105894/ENSG00000109906/ENSG00000115353/ENSG00000122877/ENSG00000133116/ENSG00000136999/ENSG00000143867/ENSG00000153162/ENSG00000169252/ENSG00000170989/ENSG00000266524",11
"GO:0051282","GO:0051282","regulation of sequestering of calcium ion","11/591","139/21468",0.079136690647482,2.87463024504254,3.73063830906227,0.00163639578287086,0.0197660558732058,0.0153665848074551,"ENSG00000018625/ENSG00000092051/ENSG00000092529/ENSG00000102468/ENSG00000118729/ENSG00000137077/ENSG00000138039/ENSG00000138685/ENSG00000145335/ENSG00000145362/ENSG00000186439",11
"GO:0032410","GO:0032410","negative regulation of transporter activity","9/591","99/21468",0.0909090909090909,3.30226119058606,3.86300671760141,0.0016415493175902,0.0197744242523842,0.0153730905772034,"ENSG00000018625/ENSG00000105974/ENSG00000118729/ENSG00000143867/ENSG00000145335/ENSG00000164949/ENSG00000169282/ENSG00000180509/ENSG00000186439",9
"GO:0090100","GO:0090100","positive regulation of transmembrane receptor protein serine/threonine kinase signaling pathway","10/591","119/21468",0.0840336134453782,3.05251034423922,3.77759538891343,0.00168108183622951,0.0201845814226265,0.0156919561607748,"ENSG00000069702/ENSG00000129757/ENSG00000139567/ENSG00000141052/ENSG00000147257/ENSG00000148204/ENSG00000153162/ENSG00000164619/ENSG00000168874/ENSG00000179776",10
"GO:1901616","GO:1901616","organic hydroxy compound catabolic process","7/591","63/21468",0.111111111111111,4.0360970107163,4.06044540786329,0.00168470451756639,0.0201845814226265,0.0156919561607748,"ENSG00000074660/ENSG00000123360/ENSG00000167910/ENSG00000189221/ENSG00000196139/ENSG00000198075/ENSG00000198099",7
"GO:0030509","GO:0030509","BMP signaling pathway","13/591","183/21468",0.0710382513661202,2.5804554658678,3.61257068452258,0.00172766402152025,0.0206434895078148,0.0160487218228325,"ENSG00000069702/ENSG00000101938/ENSG00000105974/ENSG00000120693/ENSG00000120738/ENSG00000132170/ENSG00000139567/ENSG00000147257/ENSG00000148204/ENSG00000153162/ENSG00000164619/ENSG00000166292/ENSG00000179776",13
"GO:0071277","GO:0071277","cellular response to calcium ion","8/591","81/21468",0.0987654320987654,3.58764178730338,3.92569996015644,0.00173438416840493,0.0206680780068254,0.0160678374854492,"ENSG00000015413/ENSG00000092529/ENSG00000125740/ENSG00000145708/ENSG00000158445/ENSG00000169760/ENSG00000170345/ENSG00000196139",8
"GO:0060538","GO:0060538","skeletal muscle organ development","14/591","206/21468",0.0679611650485437,2.46868069587502,3.56372605990986,0.00177591742876955,0.0211062787177893,0.0164085047602413,"ENSG00000101605/ENSG00000105971/ENSG00000105974/ENSG00000106511/ENSG00000108924/ENSG00000115593/ENSG00000120738/ENSG00000122877/ENSG00000123358/ENSG00000141052/ENSG00000168356/ENSG00000170345/ENSG00000175084/ENSG00000262179",14
"GO:0018108","GO:0018108","peptidyl-tyrosine phosphorylation","15/591","229/21468",0.0655021834061135,2.37935849976725,3.5308009688586,0.00178104190974388,0.021110584989023,0.0164118525541836,"ENSG00000017427/ENSG00000037280/ENSG00000101280/ENSG00000102468/ENSG00000105974/ENSG00000108342/ENSG00000135218/ENSG00000136244/ENSG00000136960/ENSG00000153162/ENSG00000162407/ENSG00000181092/ENSG00000189056/ENSG00000241186/ENSG00000261371",15
"GO:0015833","GO:0015833","peptide transport","19/591","325/21468",0.0584615384615385,2.12360796563842,3.43414444278993,0.00178726039523968,0.0211278008855934,0.016425236586708,"ENSG00000053438/ENSG00000118432/ENSG00000119147/ENSG00000123612/ENSG00000124205/ENSG00000130037/ENSG00000136244/ENSG00000136999/ENSG00000138207/ENSG00000145242/ENSG00000145708/ENSG00000146469/ENSG00000158445/ENSG00000164220/ENSG00000173175/ENSG00000174697/ENSG00000185345/ENSG00000240583/ENSG00000272636",19
"GO:0002686","GO:0002686","negative regulation of leukocyte migration","7/591","64/21468",0.109375,3.97303299492386,4.00762999010889,0.00184755798338876,0.0217825120754318,0.0169342240694703,"ENSG00000120129/ENSG00000122592/ENSG00000136999/ENSG00000137033/ENSG00000137077/ENSG00000189058/ENSG00000271447",7
"GO:0001656","GO:0001656","metanephros development","9/591","101/21468",0.0891089108910891,3.23686987988139,3.79118525425674,0.00188709946822395,0.0221896868504954,0.0172507710706832,"ENSG00000120738/ENSG00000143867/ENSG00000147257/ENSG00000164056/ENSG00000164736/ENSG00000174059/ENSG00000181092/ENSG00000198914/ENSG00000240583",9
"GO:0045926","GO:0045926","negative regulation of growth","16/591","254/21468",0.062992125984252,2.28818098245334,3.47478415419972,0.00189995938617138,0.0222817988330628,0.0173223810368285,"ENSG00000010319/ENSG00000022267/ENSG00000114378/ENSG00000116147/ENSG00000120833/ENSG00000136999/ENSG00000137872/ENSG00000138207/ENSG00000139567/ENSG00000147257/ENSG00000164530/ENSG00000164736/ENSG00000169252/ENSG00000169418/ENSG00000188778/ENSG00000205364",16
"GO:0018212","GO:0018212","peptidyl-tyrosine modification","15/591","231/21468",0.0649350649350649,2.35875799327576,3.49338854115267,0.00193844707170909,0.0223972198487131,0.0174121119794571,"ENSG00000017427/ENSG00000037280/ENSG00000101280/ENSG00000102468/ENSG00000105974/ENSG00000108342/ENSG00000135218/ENSG00000136244/ENSG00000136960/ENSG00000153162/ENSG00000162407/ENSG00000181092/ENSG00000189056/ENSG00000241186/ENSG00000261371",15
"GO:0061298","GO:0061298","retina vasculature development in camera-type eye","4/591","20/21468",0.2,7.26497461928934,4.71613562876497,0.00193879777703509,0.0223972198487131,0.0174121119794571,"ENSG00000126785/ENSG00000139567/ENSG00000174804/ENSG00000198844",4
"GO:0042573","GO:0042573","retinoic acid metabolic process","5/591","33/21468",0.151515151515152,5.50376865097677,4.35628889079676,0.00194898058807423,0.0223972198487131,0.0174121119794571,"ENSG00000128918/ENSG00000187758/ENSG00000196139/ENSG00000196616/ENSG00000248144",5
"GO:0045987","GO:0045987","positive regulation of smooth muscle contraction","5/591","33/21468",0.151515151515152,5.50376865097677,4.35628889079676,0.00194898058807423,0.0223972198487131,0.0174121119794571,"ENSG00000115353/ENSG00000120907/ENSG00000124205/ENSG00000141052/ENSG00000180914",5
"GO:0050927","GO:0050927","positive regulation of positive chemotaxis","5/591","33/21468",0.151515151515152,5.50376865097677,4.35628889079676,0.00194898058807423,0.0223972198487131,0.0174121119794571,"ENSG00000117525/ENSG00000140538/ENSG00000165197/ENSG00000170989/ENSG00000171951",5
"GO:0061384","GO:0061384","heart trabecula morphogenesis","5/591","33/21468",0.151515151515152,5.50376865097677,4.35628889079676,0.00194898058807423,0.0223972198487131,0.0174121119794571,"ENSG00000069702/ENSG00000120156/ENSG00000138207/ENSG00000154734/ENSG00000170989",5
"GO:0086019","GO:0086019","cell-cell signaling involved in cardiac conduction","5/591","33/21468",0.151515151515152,5.50376865097677,4.35628889079676,0.00194898058807423,0.0223972198487131,0.0174121119794571,"ENSG00000118729/ENSG00000130037/ENSG00000145362/ENSG00000166257/ENSG00000177098",5
"GO:0071402","GO:0071402","cellular response to lipoprotein particle stimulus","6/591","48/21468",0.125,4.54060913705584,4.13175198301498,0.00195022036129106,0.0223972198487131,0.0174121119794571,"ENSG00000084674/ENSG00000132170/ENSG00000135218/ENSG00000175445/ENSG00000198848/ENSG00000265972",6
"GO:0008202","GO:0008202","steroid metabolic process","21/591","378/21468",0.0555555555555556,2.01804850535815,3.35986210629489,0.00196648269131723,0.0225256273142359,0.0175119388858224,"ENSG00000074660/ENSG00000079435/ENSG00000084674/ENSG00000115361/ENSG00000116678/ENSG00000116833/ENSG00000120738/ENSG00000135437/ENSG00000136160/ENSG00000138039/ENSG00000138135/ENSG00000140459/ENSG00000151632/ENSG00000153162/ENSG00000164849/ENSG00000167910/ENSG00000170271/ENSG00000174697/ENSG00000187134/ENSG00000196139/ENSG00000198848",21
"GO:0030900","GO:0030900","forebrain development","24/591","456/21468",0.0526315789473684,1.91183542612877,3.31139172682442,0.00200006761111601,0.0228512879383435,0.0177651149180516,"ENSG00000018625/ENSG00000066735/ENSG00000080166/ENSG00000106852/ENSG00000111262/ENSG00000116147/ENSG00000126895/ENSG00000128918/ENSG00000129244/ENSG00000137463/ENSG00000138685/ENSG00000139874/ENSG00000145242/ENSG00000148053/ENSG00000162761/ENSG00000169313/ENSG00000170345/ENSG00000180914/ENSG00000184226/ENSG00000189056/ENSG00000198914/ENSG00000221866/ENSG00000240583/ENSG00000251322",24
"GO:0045776","GO:0045776","negative regulation of blood pressure","7/591","65/21468",0.107692307692308,3.91190941038657,3.95587523166871,0.00202235530304781,0.0230107175840007,0.0178890591781776,"ENSG00000006128/ENSG00000118432/ENSG00000120907/ENSG00000133116/ENSG00000169252/ENSG00000181092/ENSG00000188778",7
"GO:0034440","GO:0034440","lipid oxidation","10/591","122/21468",0.0819672131147541,2.97744861446284,3.6852948699576,0.00202440330651033,0.0230107175840007,0.0178890591781776,"ENSG00000004799/ENSG00000076555/ENSG00000094963/ENSG00000115361/ENSG00000118432/ENSG00000161544/ENSG00000174697/ENSG00000181092/ENSG00000189058/ENSG00000198099",10
"GO:0006720","GO:0006720","isoprenoid metabolic process","11/591","143/21468",0.0769230769230769,2.79422100741898,3.62196966824097,0.00205088526130549,0.0231927917432838,0.0180306078021326,"ENSG00000079435/ENSG00000128918/ENSG00000135437/ENSG00000138207/ENSG00000165092/ENSG00000187134/ENSG00000187758/ENSG00000196139/ENSG00000196616/ENSG00000198099/ENSG00000248144",11
"GO:0051208","GO:0051208","sequestering of calcium ion","11/591","143/21468",0.0769230769230769,2.79422100741898,3.62196966824097,0.00205088526130549,0.0231927917432838,0.0180306078021326,"ENSG00000018625/ENSG00000092051/ENSG00000092529/ENSG00000102468/ENSG00000118729/ENSG00000137077/ENSG00000138039/ENSG00000138685/ENSG00000145335/ENSG00000145362/ENSG00000186439",11
"GO:0062013","GO:0062013","positive regulation of small molecule metabolic process","12/591","165/21468",0.0727272727272727,2.64180895246885,3.56196445136803,0.00210577239710044,0.0237528983113136,0.0184660474838806,"ENSG00000017427/ENSG00000078549/ENSG00000095637/ENSG00000102468/ENSG00000132170/ENSG00000138039/ENSG00000145335/ENSG00000153162/ENSG00000167588/ENSG00000167910/ENSG00000181092/ENSG00000198848",12
"GO:0019227","GO:0019227","neuronal action potential propagation","3/591","10/21468",0.3,10.897461928934,5.26713673008315,0.00215563740995473,0.0240059626270005,0.01866278548228,"ENSG00000018625/ENSG00000148053/ENSG00000164007",3
"GO:0030647","GO:0030647","aminoglycoside antibiotic metabolic process","3/591","10/21468",0.3,10.897461928934,5.26713673008315,0.00215563740995473,0.0240059626270005,0.01866278548228,"ENSG00000151632/ENSG00000187134/ENSG00000196139",3
"GO:0061299","GO:0061299","retina vasculature morphogenesis in camera-type eye","3/591","10/21468",0.3,10.897461928934,5.26713673008315,0.00215563740995473,0.0240059626270005,0.01866278548228,"ENSG00000126785/ENSG00000174804/ENSG00000198844",3
"GO:0072203","GO:0072203","cell proliferation involved in metanephros development","3/591","10/21468",0.3,10.897461928934,5.26713673008315,0.00215563740995473,0.0240059626270005,0.01866278548228,"ENSG00000120738/ENSG00000143867/ENSG00000147257",3
"GO:0097017","GO:0097017","renal protein absorption","3/591","10/21468",0.3,10.897461928934,5.26713673008315,0.00215563740995473,0.0240059626270005,0.01866278548228,"ENSG00000136160/ENSG00000148180/ENSG00000181092",3
"GO:0050433","GO:0050433","regulation of catecholamine secretion","6/591","49/21468",0.122448979591837,4.44794364446286,4.06540649226678,0.00217152966691342,0.0240059626270005,0.01866278548228,"ENSG00000102468/ENSG00000118432/ENSG00000145335/ENSG00000158445/ENSG00000180914/ENSG00000185345",6
"GO:0090181","GO:0090181","regulation of cholesterol metabolic process","6/591","49/21468",0.122448979591837,4.44794364446286,4.06540649226678,0.00217152966691342,0.0240059626270005,0.01866278548228,"ENSG00000084674/ENSG00000115361/ENSG00000138135/ENSG00000164849/ENSG00000167910/ENSG00000198848",6
"GO:0090278","GO:0090278","negative regulation of peptide hormone secretion","6/591","49/21468",0.122448979591837,4.44794364446286,4.06540649226678,0.00217152966691342,0.0240059626270005,0.01866278548228,"ENSG00000123612/ENSG00000136999/ENSG00000145708/ENSG00000158445/ENSG00000174697/ENSG00000185345",6
"GO:0006638","GO:0006638","neutral lipid metabolic process","12/591","166/21468",0.072289156626506,2.62589444070699,3.53819343983585,0.00221467308247812,0.0244220044144914,0.018986225902156,"ENSG00000079435/ENSG00000084674/ENSG00000105974/ENSG00000119927/ENSG00000124253/ENSG00000136267/ENSG00000145335/ENSG00000168477/ENSG00000175445/ENSG00000187288/ENSG00000187546/ENSG00000277494",12
"GO:0045777","GO:0045777","positive regulation of blood pressure","5/591","34/21468",0.147058823529412,5.34189310241863,4.2629706756973,0.00223399821578845,0.0245131536895797,0.019057087437445,"ENSG00000115353/ENSG00000118432/ENSG00000120907/ENSG00000126895/ENSG00000180914",5
"GO:0050926","GO:0050926","regulation of positive chemotaxis","5/591","34/21468",0.147058823529412,5.34189310241863,4.2629706756973,0.00223399821578845,0.0245131536895797,0.019057087437445,"ENSG00000117525/ENSG00000140538/ENSG00000165197/ENSG00000170989/ENSG00000171951",5
"GO:0060419","GO:0060419","heart growth","9/591","104/21468",0.0865384615384615,3.14349863334635,3.68675237699898,0.00230956582311553,0.0252797661577065,0.0196530695383502,"ENSG00000017427/ENSG00000069702/ENSG00000076555/ENSG00000120907/ENSG00000138207/ENSG00000138685/ENSG00000164530/ENSG00000170989/ENSG00000187955",9
"GO:0010744","GO:0010744","positive regulation of macrophage derived foam cell differentiation","4/591","21/21468",0.19047619047619,6.91902344694223,4.56585173576778,0.00234336521792245,0.025523680616831,0.0198426942285739,"ENSG00000084674/ENSG00000135218/ENSG00000175445/ENSG00000188257",4
"GO:0016137","GO:0016137","glycoside metabolic process","4/591","21/21468",0.19047619047619,6.91902344694223,4.56585173576778,0.00234336521792245,0.025523680616831,0.0198426942285739,"ENSG00000151632/ENSG00000187134/ENSG00000196139/ENSG00000198075",4
"GO:0051279","GO:0051279","regulation of release of sequestered calcium ion into cytosol","8/591","85/21468",0.0941176470588235,3.41881158554792,3.7594348062677,0.00235883957979392,0.0255665913379619,0.0198760540065507,"ENSG00000018625/ENSG00000092051/ENSG00000092529/ENSG00000118729/ENSG00000138039/ENSG00000145335/ENSG00000145362/ENSG00000186439",8
"GO:1904427","GO:1904427","positive regulation of calcium ion transmembrane transport","8/591","85/21468",0.0941176470588235,3.41881158554792,3.7594348062677,0.00235883957979392,0.0255665913379619,0.0198760540065507,"ENSG00000078549/ENSG00000092529/ENSG00000105974/ENSG00000123560/ENSG00000138039/ENSG00000145335/ENSG00000145362/ENSG00000186439",8
"GO:0007584","GO:0007584","response to nutrient","13/591","190/21468",0.068421052631579,2.48538605396741,3.46015945783056,0.00240613826613581,0.0258815976260516,0.0201209471137979,"ENSG00000036473/ENSG00000076555/ENSG00000118432/ENSG00000128918/ENSG00000132170/ENSG00000133116/ENSG00000134200/ENSG00000174697/ENSG00000175445/ENSG00000175899/ENSG00000181092/ENSG00000181195/ENSG00000196139",13
"GO:0061756","GO:0061756","leukocyte adhesion to vascular endothelial cell","7/591","67/21468",0.104477611940299,3.79513599515115,3.85539326018698,0.00241010220808972,0.0258815976260516,0.0201209471137979,"ENSG00000136244/ENSG00000136826/ENSG00000137077/ENSG00000154721/ENSG00000168329/ENSG00000174175/ENSG00000174697",7
"GO:0071384","GO:0071384","cellular response to corticosteroid stimulus","7/591","67/21468",0.104477611940299,3.79513599515115,3.85539326018698,0.00241010220808972,0.0258815976260516,0.0201209471137979,"ENSG00000119138/ENSG00000124253/ENSG00000128016/ENSG00000168309/ENSG00000174576/ENSG00000196139/ENSG00000240583",7
"GO:0002792","GO:0002792","negative regulation of peptide secretion","6/591","50/21468",0.12,4.3589847715736,4.00081945067882,0.00241125644474606,0.0258815976260516,0.0201209471137979,"ENSG00000123612/ENSG00000136999/ENSG00000145708/ENSG00000158445/ENSG00000174697/ENSG00000185345",6
"GO:0043500","GO:0043500","muscle adaptation","10/591","125/21468",0.08,2.90598984771574,3.595780975477,0.00242211945365794,0.0259353998504001,0.0201627741959728,"ENSG00000017427/ENSG00000034971/ENSG00000076555/ENSG00000108823/ENSG00000119508/ENSG00000120907/ENSG00000132170/ENSG00000148180/ENSG00000163884/ENSG00000164530",10
"GO:0090287","GO:0090287","regulation of cellular response to growth factor stimulus","22/591","411/21468",0.0535279805352798,1.94439710005311,3.25254025405408,0.00246135618708931,0.0261523052277316,0.0203314014070531,"ENSG00000064300/ENSG00000069702/ENSG00000090006/ENSG00000101938/ENSG00000105971/ENSG00000105974/ENSG00000129757/ENSG00000132170/ENSG00000136158/ENSG00000138685/ENSG00000139567/ENSG00000141052/ENSG00000142611/ENSG00000147257/ENSG00000148204/ENSG00000164056/ENSG00000164619/ENSG00000168477/ENSG00000173269/ENSG00000174804/ENSG00000176194/ENSG00000179776",22
"GO:0006576","GO:0006576","biogenic amine metabolic process","9/591","105/21468",0.0857142857142857,3.113560551124,3.65278067615524,0.00246597419020794,0.0261523052277316,0.0203314014070531,"ENSG00000064692/ENSG00000116016/ENSG00000123360/ENSG00000133116/ENSG00000145335/ENSG00000146477/ENSG00000169418/ENSG00000185345/ENSG00000189221",9
"GO:0007044","GO:0007044","cell-substrate junction assembly","9/591","105/21468",0.0857142857142857,3.113560551124,3.65278067615524,0.00246597419020794,0.0261523052277316,0.0203314014070531,"ENSG00000034971/ENSG00000065618/ENSG00000095637/ENSG00000103647/ENSG00000120156/ENSG00000136114/ENSG00000139567/ENSG00000168309/ENSG00000189058",9
"GO:1904705","GO:1904705","regulation of vascular associated smooth muscle cell proliferation","9/591","105/21468",0.0857142857142857,3.113560551124,3.65278067615524,0.00246597419020794,0.0261523052277316,0.0203314014070531,"ENSG00000017427/ENSG00000064989/ENSG00000119508/ENSG00000130176/ENSG00000132170/ENSG00000138685/ENSG00000141052/ENSG00000154734/ENSG00000181092",9
"GO:0046320","GO:0046320","regulation of fatty acid oxidation","5/591","35/21468",0.142857142857143,5.18926758520667,4.17326549482341,0.00254818691145566,0.0269596958913674,0.0209590854116464,"ENSG00000004799/ENSG00000076555/ENSG00000094963/ENSG00000115361/ENSG00000118432",5
"GO:0003300","GO:0003300","cardiac muscle hypertrophy","9/591","106/21468",0.0849056603773585,3.08418733837755,3.61921266856614,0.00263066969613734,0.027766092292802,0.0215859964540192,"ENSG00000017427/ENSG00000076555/ENSG00000119508/ENSG00000120907/ENSG00000132170/ENSG00000163884/ENSG00000164530/ENSG00000174697/ENSG00000187955",9
"GO:0051966","GO:0051966","regulation of synaptic transmission, glutamatergic","8/591","87/21468",0.0919540229885057,3.34021821576521,3.67999601182889,0.00273085814958709,0.0287550930572912,0.0223548683129095,"ENSG00000018625/ENSG00000102468/ENSG00000116147/ENSG00000118432/ENSG00000169760/ENSG00000180914/ENSG00000189056/ENSG00000251322",8
"GO:0051146","GO:0051146","striated muscle cell differentiation","19/591","338/21468",0.0562130177514793,2.04193073619079,3.2485744493512,0.00277122991155245,0.0289068339465028,0.0224728351575742,"ENSG00000017427/ENSG00000092529/ENSG00000101605/ENSG00000105971/ENSG00000109063/ENSG00000115593/ENSG00000120907/ENSG00000130595/ENSG00000133392/ENSG00000135298/ENSG00000136999/ENSG00000141052/ENSG00000142661/ENSG00000154330/ENSG00000154721/ENSG00000164530/ENSG00000187955/ENSG00000244476/ENSG00000262179",19
"GO:0015669","GO:0015669","gas transport","4/591","22/21468",0.181818181818182,6.60452238117213,4.42509063511786,0.0028024421495708,0.0289068339465028,0.0224728351575742,"ENSG00000161544/ENSG00000188536/ENSG00000240583/ENSG00000244734",4
"GO:0019430","GO:0019430","removal of superoxide radicals","4/591","22/21468",0.181818181818182,6.60452238117213,4.42509063511786,0.0028024421495708,0.0289068339465028,0.0224728351575742,"ENSG00000109610/ENSG00000135218/ENSG00000140092/ENSG00000161544",4
"GO:0072111","GO:0072111","cell proliferation involved in kidney development","4/591","22/21468",0.181818181818182,6.60452238117213,4.42509063511786,0.0028024421495708,0.0289068339465028,0.0224728351575742,"ENSG00000120738/ENSG00000143867/ENSG00000147257/ENSG00000170962",4
"GO:0097254","GO:0097254","renal tubular secretion","4/591","22/21468",0.181818181818182,6.60452238117213,4.42509063511786,0.0028024421495708,0.0289068339465028,0.0224728351575742,"ENSG00000118777/ENSG00000136160/ENSG00000169418/ENSG00000197891",4
"GO:1901731","GO:1901731","positive regulation of platelet aggregation","4/591","22/21468",0.181818181818182,6.60452238117213,4.42509063511786,0.0028024421495708,0.0289068339465028,0.0224728351575742,"ENSG00000100448/ENSG00000102468/ENSG00000136244/ENSG00000138722",4
"GO:0006942","GO:0006942","regulation of striated muscle contraction","9/591","107/21468",0.0841121495327103,3.05536315764505,3.58603925535611,0.002803956371982,0.0289068339465028,0.0224728351575742,"ENSG00000007314/ENSG00000018625/ENSG00000100678/ENSG00000105974/ENSG00000118729/ENSG00000120907/ENSG00000123358/ENSG00000130595/ENSG00000145362",9
"GO:0060395","GO:0060395","SMAD protein signal transduction","9/591","107/21468",0.0841121495327103,3.05536315764505,3.58603925535611,0.002803956371982,0.0289068339465028,0.0224728351575742,"ENSG00000069702/ENSG00000120693/ENSG00000132170/ENSG00000136999/ENSG00000139567/ENSG00000153162/ENSG00000164619/ENSG00000168874/ENSG00000170345",9
"GO:1990874","GO:1990874","vascular associated smooth muscle cell proliferation","9/591","107/21468",0.0841121495327103,3.05536315764505,3.58603925535611,0.002803956371982,0.0289068339465028,0.0224728351575742,"ENSG00000017427/ENSG00000064989/ENSG00000119508/ENSG00000130176/ENSG00000132170/ENSG00000138685/ENSG00000141052/ENSG00000154734/ENSG00000181092",9
"GO:0007617","GO:0007617","mating behavior","5/591","36/21468",0.138888888888889,5.04512126339538,4.08692641528238,0.00289321742793402,0.0293883073363349,0.022847143604583,"ENSG00000006128/ENSG00000115353/ENSG00000118432/ENSG00000136160/ENSG00000180914",5
"GO:0010996","GO:0010996","response to auditory stimulus","5/591","36/21468",0.138888888888889,5.04512126339538,4.08692641528238,0.00289321742793402,0.0293883073363349,0.022847143604583,"ENSG00000018625/ENSG00000105894/ENSG00000115353/ENSG00000168356/ENSG00000251322",5
"GO:0019934","GO:0019934","cGMP-mediated signaling","5/591","36/21468",0.138888888888889,5.04512126339538,4.08692641528238,0.00289321742793402,0.0293883073363349,0.022847143604583,"ENSG00000135218/ENSG00000136160/ENSG00000169418/ENSG00000186642/ENSG00000240583",5
"GO:0086070","GO:0086070","SA node cell to atrial cardiac muscle cell communication","3/591","11/21468",0.272727272727273,9.90678357175819,4.97139320486616,0.00290369470185307,0.0293883073363349,0.022847143604583,"ENSG00000130037/ENSG00000145362/ENSG00000166257",3
"GO:0097113","GO:0097113","AMPA glutamate receptor clustering","3/591","11/21468",0.272727272727273,9.90678357175819,4.97139320486616,0.00290369470185307,0.0293883073363349,0.022847143604583,"ENSG00000101938/ENSG00000169760/ENSG00000251322",3
"GO:0097688","GO:0097688","glutamate receptor clustering","3/591","11/21468",0.272727272727273,9.90678357175819,4.97139320486616,0.00290369470185307,0.0293883073363349,0.022847143604583,"ENSG00000101938/ENSG00000169760/ENSG00000251322",3
"GO:0098870","GO:0098870","action potential propagation","3/591","11/21468",0.272727272727273,9.90678357175819,4.97139320486616,0.00290369470185307,0.0293883073363349,0.022847143604583,"ENSG00000018625/ENSG00000148053/ENSG00000164007",3
"GO:1901031","GO:1901031","regulation of response to reactive oxygen species","3/591","11/21468",0.272727272727273,9.90678357175819,4.97139320486616,0.00290369470185307,0.0293883073363349,0.022847143604583,"ENSG00000078549/ENSG00000135218/ENSG00000140092",3
"GO:0001709","GO:0001709","cell fate determination","7/591","70/21468",0.1,3.63248730964467,3.71171043331825,0.00309606300053831,0.0311221026788806,0.024195035836645,"ENSG00000105996/ENSG00000117425/ENSG00000136826/ENSG00000164736/ENSG00000168477/ENSG00000204301/ENSG00000221818",7
"GO:0030193","GO:0030193","regulation of blood coagulation","7/591","70/21468",0.1,3.63248730964467,3.71171043331825,0.00309606300053831,0.0311221026788806,0.024195035836645,"ENSG00000003436/ENSG00000105974/ENSG00000117525/ENSG00000135218/ENSG00000140873/ENSG00000178726/ENSG00000184500",7
"GO:0098900","GO:0098900","regulation of action potential","7/591","70/21468",0.1,3.63248730964467,3.71171043331825,0.00309606300053831,0.0311221026788806,0.024195035836645,"ENSG00000105974/ENSG00000115353/ENSG00000118432/ENSG00000120907/ENSG00000135218/ENSG00000145362/ENSG00000158445",7
"GO:0030258","GO:0030258","lipid modification","14/591","219/21468",0.0639269406392694,2.32213800616554,3.30883393958089,0.00311319732995557,0.0312235379269073,0.0242738939230163,"ENSG00000004799/ENSG00000067113/ENSG00000076555/ENSG00000094963/ENSG00000115361/ENSG00000118432/ENSG00000136267/ENSG00000161544/ENSG00000162407/ENSG00000172318/ENSG00000174697/ENSG00000181092/ENSG00000189058/ENSG00000198099",14
"GO:0006081","GO:0006081","cellular aldehyde metabolic process","8/591","89/21468",0.0898876404494382,3.26515713226487,3.6028403397295,0.00314715508416498,0.0313698666789462,0.0243876532482149,"ENSG00000124253/ENSG00000128918/ENSG00000136160/ENSG00000153162/ENSG00000165092/ENSG00000187134/ENSG00000196139/ENSG00000198099",8
"GO:0071772","GO:0071772","response to BMP","13/591","196/21468",0.0663265306122449,2.40930280741738,3.33482895436527,0.00314901661902347,0.0313698666789462,0.0243876532482149,"ENSG00000069702/ENSG00000101938/ENSG00000105974/ENSG00000120693/ENSG00000120738/ENSG00000132170/ENSG00000139567/ENSG00000147257/ENSG00000148204/ENSG00000153162/ENSG00000164619/ENSG00000166292/ENSG00000179776",13
"GO:0071773","GO:0071773","cellular response to BMP stimulus","13/591","196/21468",0.0663265306122449,2.40930280741738,3.33482895436527,0.00314901661902347,0.0313698666789462,0.0243876532482149,"ENSG00000069702/ENSG00000101938/ENSG00000105974/ENSG00000120693/ENSG00000120738/ENSG00000132170/ENSG00000139567/ENSG00000147257/ENSG00000148204/ENSG00000153162/ENSG00000164619/ENSG00000166292/ENSG00000179776",13
"GO:2000628","GO:2000628","regulation of miRNA metabolic process","9/591","109/21468",0.0825688073394495,2.99930144833046,3.52084125746272,0.00317754363296056,0.0315830738226775,0.0245534053677434,"ENSG00000064300/ENSG00000120738/ENSG00000132170/ENSG00000136244/ENSG00000136826/ENSG00000138685/ENSG00000141052/ENSG00000168874/ENSG00000170345",9
"GO:0048638","GO:0048638","regulation of developmental growth","19/591","343/21468",0.0553935860058309,2.01216498201891,3.17940155341604,0.00325462164458756,0.0320780863027202,0.0249382394137524,"ENSG00000010319/ENSG00000017427/ENSG00000069702/ENSG00000076555/ENSG00000092529/ENSG00000116147/ENSG00000119927/ENSG00000120833/ENSG00000137872/ENSG00000138207/ENSG00000138685/ENSG00000164530/ENSG00000167178/ENSG00000169252/ENSG00000174697/ENSG00000185345/ENSG00000187955/ENSG00000188778/ENSG00000221866",19
"GO:0002021","GO:0002021","response to dietary excess","5/591","37/21468",0.135135135135135,4.90876663465496,4.0037297891851,0.00327076359323924,0.0320780863027202,0.0249382394137524,"ENSG00000080293/ENSG00000123612/ENSG00000169252/ENSG00000174697/ENSG00000188778",5
"GO:0003085","GO:0003085","negative regulation of systemic arterial blood pressure","5/591","37/21468",0.135135135135135,4.90876663465496,4.0037297891851,0.00327076359323924,0.0320780863027202,0.0249382394137524,"ENSG00000006128/ENSG00000120907/ENSG00000133116/ENSG00000169252/ENSG00000188778",5
"GO:0032373","GO:0032373","positive regulation of sterol transport","5/591","37/21468",0.135135135135135,4.90876663465496,4.0037297891851,0.00327076359323924,0.0320780863027202,0.0249382394137524,"ENSG00000105974/ENSG00000132170/ENSG00000141338/ENSG00000181092/ENSG00000198848",5
"GO:0032376","GO:0032376","positive regulation of cholesterol transport","5/591","37/21468",0.135135135135135,4.90876663465496,4.0037297891851,0.00327076359323924,0.0320780863027202,0.0249382394137524,"ENSG00000105974/ENSG00000132170/ENSG00000141338/ENSG00000181092/ENSG00000198848",5
"GO:1902882","GO:1902882","regulation of response to oxidative stress","5/591","37/21468",0.135135135135135,4.90876663465496,4.0037297891851,0.00327076359323924,0.0320780863027202,0.0249382394137524,"ENSG00000078549/ENSG00000135218/ENSG00000140092/ENSG00000175471/ENSG00000185345",5
"GO:0050905","GO:0050905","neuromuscular process","13/591","197/21468",0.065989847715736,2.39707284392796,3.314389796163,0.00328927744992765,0.0321884479813008,0.0250240371118,"ENSG00000007314/ENSG00000092051/ENSG00000100678/ENSG00000107736/ENSG00000109063/ENSG00000111262/ENSG00000116147/ENSG00000123358/ENSG00000130595/ENSG00000173175/ENSG00000181195/ENSG00000185345/ENSG00000251322",13
"GO:0044241","GO:0044241","lipid digestion","4/591","23/21468",0.173913043478261,6.31736923416464,4.29282400782119,0.00331945547012514,0.0322700572347911,0.0250874820156734,"ENSG00000135218/ENSG00000174697/ENSG00000187134/ENSG00000240583",4
"GO:0051930","GO:0051930","regulation of sensory perception of pain","4/591","23/21468",0.173913043478261,6.31736923416464,4.29282400782119,0.00331945547012514,0.0322700572347911,0.0250874820156734,"ENSG00000006128/ENSG00000136999/ENSG00000166292/ENSG00000171199",4
"GO:0051931","GO:0051931","regulation of sensory perception","4/591","23/21468",0.173913043478261,6.31736923416464,4.29282400782119,0.00331945547012514,0.0322700572347911,0.0250874820156734,"ENSG00000006128/ENSG00000136999/ENSG00000166292/ENSG00000171199",4
"GO:0007631","GO:0007631","feeding behavior","9/591","110/21468",0.0818181818181818,2.97203507152746,3.48879988078835,0.00337847609889969,0.0327719574319964,0.0254776707308479,"ENSG00000115353/ENSG00000116678/ENSG00000118432/ENSG00000119508/ENSG00000148053/ENSG00000170345/ENSG00000174697/ENSG00000180914/ENSG00000188778",9
"GO:0042593","GO:0042593","glucose homeostasis","17/591","294/21468",0.0578231292517007,2.10041783210746,3.19650363959337,0.00340092167314342,0.0328604727681528,0.0255464845816501,"ENSG00000004799/ENSG00000064300/ENSG00000092009/ENSG00000116678/ENSG00000118432/ENSG00000124253/ENSG00000132170/ENSG00000136244/ENSG00000138207/ENSG00000145242/ENSG00000158445/ENSG00000163884/ENSG00000167910/ENSG00000173175/ENSG00000174697/ENSG00000181092/ENSG00000181856",17
"GO:0006641","GO:0006641","triglyceride metabolic process","10/591","131/21468",0.0763358778625954,2.77289107606463,3.42449389395441,0.00340497680585335,0.0328604727681528,0.0255464845816501,"ENSG00000079435/ENSG00000084674/ENSG00000105974/ENSG00000119927/ENSG00000124253/ENSG00000168477/ENSG00000175445/ENSG00000187288/ENSG00000187546/ENSG00000277494",10
"GO:0007272","GO:0007272","ensheathment of neurons","12/591","175/21468",0.0685714285714286,2.4908484408992,3.33180415731716,0.00341725196167797,0.0328604727681528,0.0255464845816501,"ENSG00000013297/ENSG00000034971/ENSG00000100678/ENSG00000105894/ENSG00000108381/ENSG00000122877/ENSG00000123560/ENSG00000145362/ENSG00000148053/ENSG00000153902/ENSG00000154721/ENSG00000184113",12
"GO:0008366","GO:0008366","axon ensheathment","12/591","175/21468",0.0685714285714286,2.4908484408992,3.33180415731716,0.00341725196167797,0.0328604727681528,0.0255464845816501,"ENSG00000013297/ENSG00000034971/ENSG00000100678/ENSG00000105894/ENSG00000108381/ENSG00000122877/ENSG00000123560/ENSG00000145362/ENSG00000148053/ENSG00000153902/ENSG00000154721/ENSG00000184113",12
"GO:0033500","GO:0033500","carbohydrate homeostasis","17/591","295/21468",0.0576271186440678,2.09329777165964,3.18129281888486,0.00351965293352801,0.0337719079098045,0.0262550551478029,"ENSG00000004799/ENSG00000064300/ENSG00000092009/ENSG00000116678/ENSG00000118432/ENSG00000124253/ENSG00000132170/ENSG00000136244/ENSG00000138207/ENSG00000145242/ENSG00000158445/ENSG00000163884/ENSG00000167910/ENSG00000173175/ENSG00000174697/ENSG00000181092/ENSG00000181856",17
"GO:1903035","GO:1903035","negative regulation of response to wounding","9/591","111/21468",0.0810810810810811,2.94525998079298,3.4571194924392,0.00358926317613882,0.0343526309203521,0.026706522524424,"ENSG00000003436/ENSG00000116147/ENSG00000137033/ENSG00000138685/ENSG00000138722/ENSG00000140873/ENSG00000164007/ENSG00000178726/ENSG00000184500",9
"GO:0007422","GO:0007422","peripheral nervous system development","8/591","91/21468",0.0879120879120879,3.19339543705026,3.52784606042158,0.00361117212020846,0.0343526309203521,0.026706522524424,"ENSG00000034971/ENSG00000100285/ENSG00000122877/ENSG00000136160/ENSG00000148053/ENSG00000153902/ENSG00000179388/ENSG00000221866",8
"GO:0014823","GO:0014823","response to activity","8/591","91/21468",0.0879120879120879,3.19339543705026,3.52784606042158,0.00361117212020846,0.0343526309203521,0.026706522524424,"ENSG00000092529/ENSG00000124253/ENSG00000133116/ENSG00000136244/ENSG00000153162/ENSG00000170345/ENSG00000174697/ENSG00000181092",8
"GO:0015844","GO:0015844","monoamine transport","8/591","91/21468",0.0879120879120879,3.19339543705026,3.52784606042158,0.00361117212020846,0.0343526309203521,0.026706522524424,"ENSG00000102468/ENSG00000118432/ENSG00000145335/ENSG00000146469/ENSG00000146477/ENSG00000158445/ENSG00000180914/ENSG00000185345",8
"GO:1900046","GO:1900046","regulation of hemostasis","7/591","72/21468",0.0972222222222222,3.53158488437676,3.62024381716867,0.00363010226630903,0.0344587651960342,0.0267890337425804,"ENSG00000003436/ENSG00000105974/ENSG00000117525/ENSG00000135218/ENSG00000140873/ENSG00000178726/ENSG00000184500",7
"GO:0035137","GO:0035137","hindlimb morphogenesis","5/591","38/21468",0.131578947368421,4.77958856532193,3.92347249311319,0.00368249814257393,0.0347330090766601,0.0270022372201278,"ENSG00000052850/ENSG00000073282/ENSG00000109906/ENSG00000143867/ENSG00000147257",5
"GO:0051968","GO:0051968","positive regulation of synaptic transmission, glutamatergic","5/591","38/21468",0.131578947368421,4.77958856532193,3.92347249311319,0.00368249814257393,0.0347330090766601,0.0270022372201278,"ENSG00000116147/ENSG00000169760/ENSG00000180914/ENSG00000189056/ENSG00000251322",5
"GO:0086005","GO:0086005","ventricular cardiac muscle cell action potential","5/591","38/21468",0.131578947368421,4.77958856532193,3.92347249311319,0.00368249814257393,0.0347330090766601,0.0270022372201278,"ENSG00000105974/ENSG00000145362/ENSG00000149575/ENSG00000166257/ENSG00000180509",5
"GO:0007494","GO:0007494","midgut development","3/591","12/21468",0.25,9.08121827411168,4.71127497804904,0.00379293200783917,0.0354727164361837,0.0275773026730301,"ENSG00000036473/ENSG00000128918/ENSG00000136160",3
"GO:0015791","GO:0015791","polyol transmembrane transport","3/591","12/21468",0.25,9.08121827411168,4.71127497804904,0.00379293200783917,0.0354727164361837,0.0275773026730301,"ENSG00000165269/ENSG00000240583/ENSG00000259916",3
"GO:0032966","GO:0032966","negative regulation of collagen biosynthetic process","3/591","12/21468",0.25,9.08121827411168,4.71127497804904,0.00379293200783917,0.0354727164361837,0.0275773026730301,"ENSG00000136244/ENSG00000161544/ENSG00000167910",3
"GO:0051458","GO:0051458","corticotropin secretion","3/591","12/21468",0.25,9.08121827411168,4.71127497804904,0.00379293200783917,0.0354727164361837,0.0275773026730301,"ENSG00000119147/ENSG00000145708/ENSG00000240583",3
"GO:0150115","GO:0150115","cell-substrate junction organization","9/591","112/21468",0.0803571428571429,2.91896301667875,3.4257923330173,0.00381023175413641,0.0355594891917615,0.0276447618017565,"ENSG00000034971/ENSG00000065618/ENSG00000095637/ENSG00000103647/ENSG00000120156/ENSG00000136114/ENSG00000139567/ENSG00000168309/ENSG00000189058",9
"GO:0033627","GO:0033627","cell adhesion mediated by integrin","8/591","92/21468",0.0869565217391304,3.15868461708232,3.49112390627339,0.00386217640602706,0.0359685462351217,0.0279627721214785,"ENSG00000088992/ENSG00000135424/ENSG00000136999/ENSG00000137077/ENSG00000138722/ENSG00000144668/ENSG00000162407/ENSG00000169313",8
"GO:0032970","GO:0032970","regulation of actin filament-based process","22/591","427/21468",0.0515222482435597,1.87153912909093,3.06064537501308,0.0038872241518215,0.0360724606237149,0.0280435575485397,"ENSG00000018625/ENSG00000034971/ENSG00000103647/ENSG00000105974/ENSG00000108342/ENSG00000115353/ENSG00000120318/ENSG00000137077/ENSG00000144339/ENSG00000145242/ENSG00000145362/ENSG00000148180/ENSG00000149564/ENSG00000168309/ENSG00000170989/ENSG00000171992/ENSG00000172403/ENSG00000177938/ENSG00000185345/ENSG00000186994/ENSG00000198844/ENSG00000251322",22
"GO:0071450","GO:0071450","cellular response to oxygen radical","4/591","24/21468",0.166666666666667,6.05414551607445,4.16817396191585,0.00389774614003146,0.0360724606237149,0.0280435575485397,"ENSG00000109610/ENSG00000135218/ENSG00000140092/ENSG00000161544",4
"GO:0071451","GO:0071451","cellular response to superoxide","4/591","24/21468",0.166666666666667,6.05414551607445,4.16817396191585,0.00389774614003146,0.0360724606237149,0.0280435575485397,"ENSG00000109610/ENSG00000135218/ENSG00000140092/ENSG00000161544",4
"GO:2001258","GO:2001258","negative regulation of cation channel activity","6/591","55/21468",0.109090909090909,3.96271342870328,3.70149873407283,0.00391953011270167,0.0361462861680409,0.0281009512185322,"ENSG00000105974/ENSG00000118729/ENSG00000164949/ENSG00000169282/ENSG00000180509/ENSG00000186439",6
"GO:0046888","GO:0046888","negative regulation of hormone secretion","7/591","73/21468",0.0958904109589041,3.48320700924831,3.57572065408288,0.00392203105049124,0.0361462861680409,0.0281009512185322,"ENSG00000123612/ENSG00000136999/ENSG00000145708/ENSG00000158445/ENSG00000174697/ENSG00000181092/ENSG00000185345",7
"GO:0006836","GO:0006836","neurotransmitter transport","14/591","225/21468",0.0622222222222222,2.26021432600113,3.19722440830151,0.0039625226502617,0.0364436989805189,0.0283321667546556,"ENSG00000018625/ENSG00000064692/ENSG00000104888/ENSG00000123358/ENSG00000131095/ENSG00000137766/ENSG00000145335/ENSG00000146477/ENSG00000157152/ENSG00000169760/ENSG00000175471/ENSG00000185345/ENSG00000185518/ENSG00000272636",14
"GO:1904659","GO:1904659","D-glucose transmembrane transport","10/591","134/21468",0.0746268656716418,2.71081142510796,3.34244114422753,0.00400299685964745,0.0367397206600769,0.0285623007921668,"ENSG00000017427/ENSG00000076555/ENSG00000095637/ENSG00000119508/ENSG00000147257/ENSG00000163884/ENSG00000174697/ENSG00000181092/ENSG00000181856/ENSG00000184811",10
"GO:0014909","GO:0014909","smooth muscle cell migration","9/591","113/21468",0.079646017699115,2.8931314855577,3.39481087973933,0.0040417127911734,0.0369420882541684,0.0287196259973993,"ENSG00000017427/ENSG00000115353/ENSG00000119508/ENSG00000136999/ENSG00000137872/ENSG00000141052/ENSG00000154734/ENSG00000170962/ENSG00000181092",9
"GO:0019395","GO:0019395","fatty acid oxidation","9/591","113/21468",0.079646017699115,2.8931314855577,3.39481087973933,0.0040417127911734,0.0369420882541684,0.0287196259973993,"ENSG00000004799/ENSG00000076555/ENSG00000094963/ENSG00000115361/ENSG00000118432/ENSG00000161544/ENSG00000174697/ENSG00000181092/ENSG00000198099",9
"GO:0070527","GO:0070527","platelet aggregation","8/591","93/21468",0.0860215053763441,3.12472026636101,3.45490051256448,0.00412644207757867,0.0374410696546734,0.0291075455731299,"ENSG00000100448/ENSG00000102468/ENSG00000136244/ENSG00000138722/ENSG00000140873/ENSG00000169313/ENSG00000187800/ENSG00000244734",8
"GO:0046326","GO:0046326","positive regulation of D-glucose import","5/591","39/21468",0.128205128205128,4.65703501236496,3.8459695580661,0.00413008866707316,0.0374410696546734,0.0291075455731299,"ENSG00000017427/ENSG00000095637/ENSG00000147257/ENSG00000163884/ENSG00000181092",5
"GO:0070633","GO:0070633","transepithelial transport","5/591","39/21468",0.128205128205128,4.65703501236496,3.8459695580661,0.00413008866707316,0.0374410696546734,0.0291075455731299,"ENSG00000085563/ENSG00000118777/ENSG00000136160/ENSG00000164007/ENSG00000240583",5
"GO:0090330","GO:0090330","regulation of platelet aggregation","5/591","39/21468",0.128205128205128,4.65703501236496,3.8459695580661,0.00413008866707316,0.0374410696546734,0.0291075455731299,"ENSG00000100448/ENSG00000102468/ENSG00000136244/ENSG00000138722/ENSG00000140873",5
"GO:0062014","GO:0062014","negative regulation of small molecule metabolic process","10/591","135/21468",0.0740740740740741,2.69073134047753,3.31559055371647,0.00421979347946477,0.0380484533501928,0.0295797395772214,"ENSG00000076555/ENSG00000094963/ENSG00000115361/ENSG00000116678/ENSG00000118432/ENSG00000138135/ENSG00000167910/ENSG00000181092/ENSG00000196139/ENSG00000198570",10
"GO:0002067","GO:0002067","glandular epithelial cell differentiation","7/591","74/21468",0.0945945945945946,3.43613664425847,3.53196898733093,0.00423142059590459,0.0380484533501928,0.0295797395772214,"ENSG00000073282/ENSG00000105974/ENSG00000106004/ENSG00000116833/ENSG00000136826/ENSG00000138685/ENSG00000153162",7
"GO:0010812","GO:0010812","negative regulation of cell-substrate adhesion","7/591","74/21468",0.0945945945945946,3.43613664425847,3.53196898733093,0.00423142059590459,0.0380484533501928,0.0295797395772214,"ENSG00000034971/ENSG00000103647/ENSG00000122592/ENSG00000139567/ENSG00000168309/ENSG00000174804/ENSG00000189058",7
"GO:0045600","GO:0045600","positive regulation of fat cell differentiation","7/591","74/21468",0.0945945945945946,3.43613664425847,3.53196898733093,0.00423142059590459,0.0380484533501928,0.0295797395772214,"ENSG00000102468/ENSG00000102802/ENSG00000109906/ENSG00000128016/ENSG00000132170/ENSG00000151468/ENSG00000175445",7
"GO:0048771","GO:0048771","tissue remodeling","13/591","203/21468",0.0640394088669951,2.32622340026506,3.19431238161473,0.00424133662468033,0.0380604155004208,0.029589039226941,"ENSG00000004799/ENSG00000037280/ENSG00000066056/ENSG00000105894/ENSG00000105974/ENSG00000116016/ENSG00000116678/ENSG00000132170/ENSG00000136244/ENSG00000139567/ENSG00000169252/ENSG00000170989/ENSG00000174697",13
"GO:0030203","GO:0030203","glycosaminoglycan metabolic process","9/591","114/21468",0.0789473684210526,2.86775313919316,3.3641678371696,0.00428404113216983,0.0382199214343113,0.0297130427952878,"ENSG00000105509/ENSG00000114378/ENSG00000123243/ENSG00000133800/ENSG00000136011/ENSG00000136160/ENSG00000138685/ENSG00000147119/ENSG00000162267",9
"GO:0016125","GO:0016125","sterol metabolic process","12/591","180/21468",0.0666666666666667,2.42165820642978,3.22262217434155,0.00428497652895392,0.0382199214343113,0.0297130427952878,"ENSG00000074660/ENSG00000079435/ENSG00000084674/ENSG00000115361/ENSG00000116678/ENSG00000138135/ENSG00000140459/ENSG00000164849/ENSG00000167910/ENSG00000170271/ENSG00000174697/ENSG00000198848",12
"GO:0051017","GO:0051017","actin filament bundle assembly","12/591","180/21468",0.0666666666666667,2.42165820642978,3.22262217434155,0.00428497652895392,0.0382199214343113,0.0297130427952878,"ENSG00000034971/ENSG00000095637/ENSG00000103647/ENSG00000115353/ENSG00000144339/ENSG00000168309/ENSG00000170989/ENSG00000171992/ENSG00000172403/ENSG00000185345/ENSG00000198844/ENSG00000251322",12
"GO:0051223","GO:0051223","regulation of protein transport","24/591","485/21468",0.0494845360824742,1.79751949343241,2.98898516194374,0.00436680746050382,0.0388716013502278,0.0302196736962365,"ENSG00000017427/ENSG00000053438/ENSG00000101605/ENSG00000118432/ENSG00000123612/ENSG00000130037/ENSG00000132170/ENSG00000135218/ENSG00000136244/ENSG00000136999/ENSG00000138207/ENSG00000145242/ENSG00000153162/ENSG00000157782/ENSG00000158445/ENSG00000164220/ENSG00000173175/ENSG00000173432/ENSG00000174697/ENSG00000181092/ENSG00000182782/ENSG00000185345/ENSG00000189058/ENSG00000272636",24
"GO:0045123","GO:0045123","cellular extravasation","8/591","94/21468",0.0851063829787234,3.09147856139972,3.41916307312748,0.00440442325608529,0.0390496165884522,0.0303580668219437,"ENSG00000133800/ENSG00000137077/ENSG00000154721/ENSG00000168329/ENSG00000170962/ENSG00000174175/ENSG00000174697/ENSG00000261371",8
"GO:0048041","GO:0048041","focal adhesion assembly","8/591","94/21468",0.0851063829787234,3.09147856139972,3.41916307312748,0.00440442325608529,0.0390496165884522,0.0303580668219437,"ENSG00000034971/ENSG00000095637/ENSG00000103647/ENSG00000120156/ENSG00000136114/ENSG00000139567/ENSG00000168309/ENSG00000189058",8
"GO:0044703","GO:0044703","multi-organism reproductive process","14/591","228/21468",0.0614035087719298,2.2304746638169,3.14273828398882,0.00445291686424701,0.0394007593996147,0.0306310532903555,"ENSG00000006128/ENSG00000105894/ENSG00000111405/ENSG00000112782/ENSG00000115353/ENSG00000118432/ENSG00000122420/ENSG00000123612/ENSG00000125740/ENSG00000145708/ENSG00000170345/ENSG00000174697/ENSG00000178726/ENSG00000180914",14
"GO:0003081","GO:0003081","regulation of systemic arterial blood pressure by renin-angiotensin","4/591","25/21468",0.16,5.81197969543147,4.05038578912989,0.00454055843529812,0.0398580109775774,0.0309865311457344,"ENSG00000092009/ENSG00000100448/ENSG00000115353/ENSG00000136160",4
"GO:0015874","GO:0015874","norepinephrine transport","4/591","25/21468",0.16,5.81197969543147,4.05038578912989,0.00454055843529812,0.0398580109775774,0.0309865311457344,"ENSG00000145335/ENSG00000146477/ENSG00000158445/ENSG00000180914",4
"GO:0040037","GO:0040037","negative regulation of fibroblast growth factor receptor signaling pathway","4/591","25/21468",0.16,5.81197969543147,4.05038578912989,0.00454055843529812,0.0398580109775774,0.0309865311457344,"ENSG00000064300/ENSG00000136158/ENSG00000138685/ENSG00000164056",4
"GO:0072202","GO:0072202","cell differentiation involved in metanephros development","4/591","25/21468",0.16,5.81197969543147,4.05038578912989,0.00454055843529812,0.0398580109775774,0.0309865311457344,"ENSG00000143867/ENSG00000174059/ENSG00000181092/ENSG00000198914",4
"GO:0032350","GO:0032350","regulation of hormone metabolic process","5/591","40/21468",0.125,4.54060913705584,3.77105212618231,0.00461519368868387,0.0400379401281364,0.0311264121907509,"ENSG00000120738/ENSG00000138039/ENSG00000139155/ENSG00000153162/ENSG00000196139",5
"GO:0042044","GO:0042044","fluid transport","5/591","40/21468",0.125,4.54060913705584,3.77105212618231,0.00461519368868387,0.0400379401281364,0.0311264121907509,"ENSG00000136160/ENSG00000141469/ENSG00000165269/ENSG00000240583/ENSG00000259916",5
"GO:0043267","GO:0043267","negative regulation of potassium ion transport","5/591","40/21468",0.125,4.54060913705584,3.77105212618231,0.00461519368868387,0.0400379401281364,0.0311264121907509,"ENSG00000102468/ENSG00000105974/ENSG00000118729/ENSG00000169282/ENSG00000180509",5
"GO:0046164","GO:0046164","alcohol catabolic process","5/591","40/21468",0.125,4.54060913705584,3.77105212618231,0.00461519368868387,0.0400379401281364,0.0311264121907509,"ENSG00000074660/ENSG00000167910/ENSG00000196139/ENSG00000198075/ENSG00000198099",5
"GO:0071404","GO:0071404","cellular response to low-density lipoprotein particle stimulus","5/591","40/21468",0.125,4.54060913705584,3.77105212618231,0.00461519368868387,0.0400379401281364,0.0311264121907509,"ENSG00000132170/ENSG00000135218/ENSG00000175445/ENSG00000198848/ENSG00000265972",5
"GO:0071674","GO:0071674","mononuclear cell migration","16/591","278/21468",0.0575539568345324,2.09064017821276,3.07952536268329,0.00461524642577887,0.0400379401281364,0.0311264121907509,"ENSG00000100448/ENSG00000120129/ENSG00000136160/ENSG00000136244/ENSG00000136999/ENSG00000137077/ENSG00000138135/ENSG00000154721/ENSG00000168329/ENSG00000169313/ENSG00000170962/ENSG00000170989/ENSG00000173432/ENSG00000189058/ENSG00000261371/ENSG00000271447",16
"GO:0008645","GO:0008645","hexose transmembrane transport","10/591","137/21468",0.072992700729927,2.65145059098151,3.26261353447084,0.00468112770282351,0.0404100500148565,0.0314156989441961,"ENSG00000017427/ENSG00000076555/ENSG00000095637/ENSG00000119508/ENSG00000147257/ENSG00000163884/ENSG00000174697/ENSG00000181092/ENSG00000181856/ENSG00000184811",10
"GO:0007187","GO:0007187","G protein-coupled receptor signaling pathway, coupled to cyclic nucleotide second messenger","6/591","57/21468",0.105263157894737,3.82367085225755,3.59152088191623,0.00468548741431,0.0404100500148565,0.0314156989441961,"ENSG00000064989/ENSG00000102468/ENSG00000118432/ENSG00000138039/ENSG00000139874/ENSG00000188778",6
"GO:0071385","GO:0071385","cellular response to glucocorticoid stimulus","6/591","57/21468",0.105263157894737,3.82367085225755,3.59152088191623,0.00468548741431,0.0404100500148565,0.0314156989441961,"ENSG00000119138/ENSG00000124253/ENSG00000128016/ENSG00000168309/ENSG00000174576/ENSG00000240583",6
"GO:0051047","GO:0051047","positive regulation of secretion","19/591","355/21468",0.0535211267605634,1.9441481375563,3.01803808876124,0.00470728581155153,0.0405192194225397,0.0315005697435252,"ENSG00000017427/ENSG00000053438/ENSG00000101605/ENSG00000115353/ENSG00000119147/ENSG00000124205/ENSG00000132170/ENSG00000138207/ENSG00000145335/ENSG00000153162/ENSG00000158445/ENSG00000164220/ENSG00000169418/ENSG00000169760/ENSG00000174697/ENSG00000180914/ENSG00000182782/ENSG00000240583/ENSG00000272636",19
"GO:1901888","GO:1901888","regulation of cell junction assembly","17/591","304/21468",0.0559210526315789,2.03132514026182,3.04704517380913,0.00475044973734915,0.0408115187706759,0.0317278099552858,"ENSG00000034971/ENSG00000105974/ENSG00000120156/ENSG00000121871/ENSG00000131409/ENSG00000135298/ENSG00000139567/ENSG00000145335/ENSG00000148053/ENSG00000164007/ENSG00000165379/ENSG00000168309/ENSG00000169760/ENSG00000180914/ENSG00000184113/ENSG00000189058/ENSG00000198844",17
"GO:0006109","GO:0006109","regulation of carbohydrate metabolic process","13/591","206/21468",0.0631067961165049,2.29234636045537,3.13585411459402,0.00479454986127699,0.0408679742071582,0.0317716997053762,"ENSG00000004799/ENSG00000017427/ENSG00000076555/ENSG00000078549/ENSG00000095637/ENSG00000102468/ENSG00000116678/ENSG00000138039/ENSG00000145335/ENSG00000167588/ENSG00000174697/ENSG00000181092/ENSG00000185345",13
"GO:0007320","GO:0007320","insemination","3/591","13/21468",0.230769230769231,8.38266302225693,4.47987437276403,0.00483077340053032,0.0408679742071582,0.0317716997053762,"ENSG00000006128/ENSG00000115353/ENSG00000180914",3
"GO:0010713","GO:0010713","negative regulation of collagen metabolic process","3/591","13/21468",0.230769230769231,8.38266302225693,4.47987437276403,0.00483077340053032,0.0408679742071582,0.0317716997053762,"ENSG00000136244/ENSG00000161544/ENSG00000167910",3
"GO:0010764","GO:0010764","negative regulation of fibroblast migration","3/591","13/21468",0.230769230769231,8.38266302225693,4.47987437276403,0.00483077340053032,0.0408679742071582,0.0317716997053762,"ENSG00000105509/ENSG00000138685/ENSG00000161544",3
"GO:0040015","GO:0040015","negative regulation of multicellular organism growth","3/591","13/21468",0.230769230769231,8.38266302225693,4.47987437276403,0.00483077340053032,0.0408679742071582,0.0317716997053762,"ENSG00000120833/ENSG00000169252/ENSG00000188778",3
"GO:0042074","GO:0042074","cell migration involved in gastrulation","3/591","13/21468",0.230769230769231,8.38266302225693,4.47987437276403,0.00483077340053032,0.0408679742071582,0.0317716997053762,"ENSG00000147257/ENSG00000148204/ENSG00000164736",3
"GO:0046415","GO:0046415","urate metabolic process","3/591","13/21468",0.230769230769231,8.38266302225693,4.47987437276403,0.00483077340053032,0.0408679742071582,0.0317716997053762,"ENSG00000118777/ENSG00000168065/ENSG00000197891",3
"GO:0060732","GO:0060732","positive regulation of inositol phosphate biosynthetic process","3/591","13/21468",0.230769230769231,8.38266302225693,4.47987437276403,0.00483077340053032,0.0408679742071582,0.0317716997053762,"ENSG00000078549/ENSG00000138039/ENSG00000145335",3
"GO:0060420","GO:0060420","regulation of heart growth","7/591","76/21468",0.0921052631578947,3.34571199572535,3.44668157821447,0.00490517682729242,0.0414183788102615,0.0321995968572539,"ENSG00000017427/ENSG00000069702/ENSG00000076555/ENSG00000138207/ENSG00000138685/ENSG00000164530/ENSG00000187955",7
"GO:0044706","GO:0044706","multi-multicellular organism process","14/591","231/21468",0.0606060606060606,2.20150746039071,3.08909490506048,0.00499136757689607,0.0420074610162044,0.0326575628639399,"ENSG00000006128/ENSG00000105894/ENSG00000111405/ENSG00000112782/ENSG00000115353/ENSG00000118432/ENSG00000122420/ENSG00000123612/ENSG00000125740/ENSG00000145708/ENSG00000170345/ENSG00000174697/ENSG00000178726/ENSG00000180914",14
"GO:0007193","GO:0007193","adenylate cyclase-inhibiting G protein-coupled receptor signaling pathway","8/591","96/21468",0.0833333333333333,3.02707275803722,3.34909713656132,0.00500337004659506,0.0420074610162044,0.0326575628639399,"ENSG00000129467/ENSG00000164849/ENSG00000169313/ENSG00000170989/ENSG00000173175/ENSG00000183134/ENSG00000185149/ENSG00000186642",8
"GO:0055017","GO:0055017","cardiac muscle tissue growth","8/591","96/21468",0.0833333333333333,3.02707275803722,3.34909713656132,0.00500337004659506,0.0420074610162044,0.0326575628639399,"ENSG00000017427/ENSG00000069702/ENSG00000120907/ENSG00000138207/ENSG00000138685/ENSG00000164530/ENSG00000170989/ENSG00000187955",8
"GO:0042632","GO:0042632","cholesterol homeostasis","9/591","117/21468",0.0769230769230769,2.79422100741898,3.27419944712177,0.00507951274167698,0.0423186217169266,0.0328994663234397,"ENSG00000084674/ENSG00000105974/ENSG00000116833/ENSG00000167910/ENSG00000170323/ENSG00000175445/ENSG00000187134/ENSG00000198848/ENSG00000277494",9
"GO:0002687","GO:0002687","positive regulation of leukocyte migration","12/591","184/21468",0.0652173913043478,2.36901346281174,3.13787311601375,0.00509934301117858,0.0423186217169266,0.0328994663234397,"ENSG00000105894/ENSG00000115353/ENSG00000124205/ENSG00000133800/ENSG00000136244/ENSG00000137077/ENSG00000154721/ENSG00000165197/ENSG00000168329/ENSG00000169313/ENSG00000170962/ENSG00000174175",12
"GO:0061572","GO:0061572","actin filament bundle organization","12/591","184/21468",0.0652173913043478,2.36901346281174,3.13787311601375,0.00509934301117858,0.0423186217169266,0.0328994663234397,"ENSG00000034971/ENSG00000095637/ENSG00000103647/ENSG00000115353/ENSG00000144339/ENSG00000168309/ENSG00000170989/ENSG00000171992/ENSG00000172403/ENSG00000185345/ENSG00000198844/ENSG00000251322",12
"GO:0006953","GO:0006953","acute-phase response","6/591","58/21468",0.103448275862069,3.75774549273587,3.53838609393802,0.00510725527149915,0.0423186217169266,0.0328994663234397,"ENSG00000118432/ENSG00000136160/ENSG00000136244/ENSG00000173432/ENSG00000175899/ENSG00000257017",6
"GO:0007215","GO:0007215","glutamate receptor signaling pathway","6/591","58/21468",0.103448275862069,3.75774549273587,3.53838609393802,0.00510725527149915,0.0423186217169266,0.0328994663234397,"ENSG00000123560/ENSG00000139874/ENSG00000152578/ENSG00000158445/ENSG00000169252/ENSG00000251322",6
"GO:0010761","GO:0010761","fibroblast migration","6/591","58/21468",0.103448275862069,3.75774549273587,3.53838609393802,0.00510725527149915,0.0423186217169266,0.0328994663234397,"ENSG00000105509/ENSG00000136999/ENSG00000138685/ENSG00000161544/ENSG00000174807/ENSG00000240583",6
"GO:0061028","GO:0061028","establishment of endothelial barrier","6/591","58/21468",0.103448275862069,3.75774549273587,3.53838609393802,0.00510725527149915,0.0423186217169266,0.0328994663234397,"ENSG00000136160/ENSG00000154133/ENSG00000179776/ENSG00000184113/ENSG00000186642/ENSG00000261371",6
"GO:0055094","GO:0055094","response to lipoprotein particle","5/591","41/21468",0.121951219512195,4.4298625727374,3.69856568223539,0.00513945886925811,0.0425060096407112,0.0330451459896918,"ENSG00000132170/ENSG00000135218/ENSG00000175445/ENSG00000198848/ENSG00000265972",5
"GO:0072243","GO:0072243","metanephric nephron epithelium development","4/591","26/21468",0.153846153846154,5.58844201483795,3.93880652706639,0.00525103044937357,0.0432673196692807,0.0336370058525711,"ENSG00000143867/ENSG00000181092/ENSG00000198914/ENSG00000240583",4
"GO:0086064","GO:0086064","cell communication by electrical coupling involved in cardiac conduction","4/591","26/21468",0.153846153846154,5.58844201483795,3.93880652706639,0.00525103044937357,0.0432673196692807,0.0336370058525711,"ENSG00000018625/ENSG00000105974/ENSG00000129244/ENSG00000186439",4
"GO:0048662","GO:0048662","negative regulation of smooth muscle cell proliferation","7/591","77/21468",0.0909090909090909,3.30226119058606,3.40509932299257,0.00527085136696308,0.043269785388421,0.0336389227591367,"ENSG00000130176/ENSG00000132170/ENSG00000136826/ENSG00000141052/ENSG00000169418/ENSG00000181092/ENSG00000189058",7
"GO:0050818","GO:0050818","regulation of coagulation","7/591","77/21468",0.0909090909090909,3.30226119058606,3.40509932299257,0.00527085136696308,0.043269785388421,0.0336389227591367,"ENSG00000003436/ENSG00000105974/ENSG00000117525/ENSG00000135218/ENSG00000140873/ENSG00000178726/ENSG00000184500",7
"GO:0055092","GO:0055092","sterol homeostasis","9/591","118/21468",0.076271186440678,2.77054116837305,3.24484133967153,0.00536864978663818,0.0439911728357986,0.0341997458925059,"ENSG00000084674/ENSG00000105974/ENSG00000116833/ENSG00000167910/ENSG00000170323/ENSG00000175445/ENSG00000187134/ENSG00000198848/ENSG00000277494",9
"GO:0015749","GO:0015749","monosaccharide transmembrane transport","10/591","140/21468",0.0714285714285714,2.59463379260334,3.18489623886944,0.00544646813372166,0.0445464819866939,0.0346314559522329,"ENSG00000017427/ENSG00000076555/ENSG00000095637/ENSG00000119508/ENSG00000147257/ENSG00000163884/ENSG00000174697/ENSG00000181092/ENSG00000181856/ENSG00000184811",10
"GO:0001885","GO:0001885","endothelial cell development","7/591","78/21468",0.0897435897435897,3.25992450865547,3.36419541117089,0.00565660096239871,0.0461799485567467,0.0359013502973604,"ENSG00000000005/ENSG00000136160/ENSG00000154133/ENSG00000179776/ENSG00000184113/ENSG00000186642/ENSG00000261371",7
"GO:0050901","GO:0050901","leukocyte tethering or rolling","5/591","42/21468",0.119047619047619,4.32438965433889,3.62836851723071,0.00570451336070206,0.0464854921470445,0.036138886886491,"ENSG00000137077/ENSG00000154721/ENSG00000168329/ENSG00000174175/ENSG00000174697",5
"GO:1903169","GO:1903169","regulation of calcium ion transmembrane transport","12/591","187/21468",0.0641711229946524,2.33100789923722,3.07574830475667,0.00578748129851667,0.047007628335018,0.0365448075246296,"ENSG00000018625/ENSG00000078549/ENSG00000092051/ENSG00000092529/ENSG00000105974/ENSG00000118729/ENSG00000123560/ENSG00000138039/ENSG00000145335/ENSG00000145362/ENSG00000164949/ENSG00000186439",12
"GO:0030073","GO:0030073","insulin secretion","14/591","235/21468",0.0595744680851064,2.1640349929798,3.01883697352588,0.00578979586531013,0.047007628335018,0.0365448075246296,"ENSG00000053438/ENSG00000118432/ENSG00000123612/ENSG00000130037/ENSG00000136244/ENSG00000136999/ENSG00000138207/ENSG00000145242/ENSG00000158445/ENSG00000164220/ENSG00000173175/ENSG00000174697/ENSG00000185345/ENSG00000272636",14
"GO:0008203","GO:0008203","cholesterol metabolic process","11/591","164/21468",0.0670731707317073,2.43642441500557,3.10684436777944,0.00583896299576827,0.0473201516640599,0.036787770322612,"ENSG00000074660/ENSG00000079435/ENSG00000084674/ENSG00000115361/ENSG00000116678/ENSG00000138135/ENSG00000140459/ENSG00000164849/ENSG00000167910/ENSG00000174697/ENSG00000198848",11
"GO:0048706","GO:0048706","embryonic skeletal system development","10/591","142/21468",0.0704225352112676,2.55808965467935,3.13420418884452,0.00600874906195225,0.0479313175620529,0.0372629046975818,"ENSG00000052850/ENSG00000105996/ENSG00000106004/ENSG00000114378/ENSG00000122592/ENSG00000138207/ENSG00000143867/ENSG00000170166/ENSG00000173253/ENSG00000197576",10
"GO:0048704","GO:0048704","embryonic skeletal system morphogenesis","8/591","99/21468",0.0808080808080808,2.93534328052095,3.24734835651467,0.00601624085978439,0.0479313175620529,0.0372629046975818,"ENSG00000052850/ENSG00000105996/ENSG00000106004/ENSG00000114378/ENSG00000122592/ENSG00000143867/ENSG00000170166/ENSG00000197576",8
"GO:0051952","GO:0051952","regulation of amine transport","8/591","99/21468",0.0808080808080808,2.93534328052095,3.24734835651467,0.00601624085978439,0.0479313175620529,0.0372629046975818,"ENSG00000018625/ENSG00000102468/ENSG00000118432/ENSG00000145335/ENSG00000158445/ENSG00000174697/ENSG00000180914/ENSG00000185345",8
"GO:0002024","GO:0002024","diet induced thermogenesis","3/591","14/21468",0.214285714285714,7.78390137781001,4.27203476593186,0.00602369843363015,0.0479313175620529,0.0372629046975818,"ENSG00000080293/ENSG00000169252/ENSG00000188778",3
"GO:0010524","GO:0010524","positive regulation of calcium ion transport into cytosol","3/591","14/21468",0.214285714285714,7.78390137781001,4.27203476593186,0.00602369843363015,0.0479313175620529,0.0372629046975818,"ENSG00000078549/ENSG00000105974/ENSG00000138039",3
"GO:0070417","GO:0070417","cellular response to cold","3/591","14/21468",0.214285714285714,7.78390137781001,4.27203476593186,0.00602369843363015,0.0479313175620529,0.0372629046975818,"ENSG00000166819/ENSG00000168356/ENSG00000176194",3
"GO:0071472","GO:0071472","cellular response to salt stress","3/591","14/21468",0.214285714285714,7.78390137781001,4.27203476593186,0.00602369843363015,0.0479313175620529,0.0372629046975818,"ENSG00000092529/ENSG00000124253/ENSG00000240583",3
"GO:1901653","GO:1901653","cellular response to peptide","3/591","14/21468",0.214285714285714,7.78390137781001,4.27203476593186,0.00602369843363015,0.0479313175620529,0.0372629046975818,"ENSG00000127528/ENSG00000136826/ENSG00000163884",3
"GO:2000310","GO:2000310","regulation of NMDA receptor activity","3/591","14/21468",0.214285714285714,7.78390137781001,4.27203476593186,0.00602369843363015,0.0479313175620529,0.0372629046975818,"ENSG00000145708/ENSG00000169760/ENSG00000189056",3
"GO:0000303","GO:0000303","response to superoxide","4/591","27/21468",0.148148148148148,5.38146268095507,3.83286791823738,0.00603218576055101,0.0479313175620529,0.0372629046975818,"ENSG00000109610/ENSG00000135218/ENSG00000140092/ENSG00000161544",4
"GO:0016339","GO:0016339","calcium-dependent cell-cell adhesion via plasma membrane cell adhesion molecules","6/591","60/21468",0.1,3.63248730964467,3.43557343837051,0.00603331270011855,0.0479313175620529,0.0372629046975818,"ENSG00000101542/ENSG00000107736/ENSG00000149654/ENSG00000169760/ENSG00000174175/ENSG00000179776",6
"GO:0006639","GO:0006639","acylglycerol metabolic process","11/591","165/21468",0.0666666666666667,2.42165820642978,3.08433937193711,0.0061056194671017,0.0484189822856205,0.0376420264293211,"ENSG00000079435/ENSG00000084674/ENSG00000105974/ENSG00000119927/ENSG00000124253/ENSG00000136267/ENSG00000168477/ENSG00000175445/ENSG00000187288/ENSG00000187546/ENSG00000277494",11
"GO:0055002","GO:0055002","striated muscle cell development","12/591","189/21468",0.0634920634920635,2.30634114898074,3.03499007276621,0.00628576433497191,0.0497585594588044,0.0386834444223647,"ENSG00000017427/ENSG00000092529/ENSG00000101605/ENSG00000105971/ENSG00000109063/ENSG00000120907/ENSG00000130595/ENSG00000133392/ENSG00000142661/ENSG00000154330/ENSG00000164530/ENSG00000187955",12
"GO:0060074","GO:0060074","synapse maturation","5/591","43/21468",0.116279069767442,4.2238224530752,3.56033038890258,0.00631196630187909,0.0497956671315376,0.0387122927775308,"ENSG00000101938/ENSG00000135298/ENSG00000168329/ENSG00000189056/ENSG00000198844",5
"GO:0034109","GO:0034109","homotypic cell-cell adhesion","9/591","121/21468",0.0743801652892562,2.70185006502496,3.15857307306085,0.00631291787230411,0.0497956671315376,0.0387122927775308,"ENSG00000100448/ENSG00000102468/ENSG00000136244/ENSG00000138722/ENSG00000140873/ENSG00000162407/ENSG00000169313/ENSG00000187800/ENSG00000244734",9
