"","ID","Description","GeneRatio","BgRatio","RichFactor","FoldEnrichment","zScore","pvalue","p.adjust","qvalue","geneID","Count"
"GO:0030098","GO:0030098","lymphocyte differentiation","40/275","484/21468",0.0826446280991736,6.45169045830203,13.8186474529456,4.92231964696219e-21,1.50475311607634e-17,1.20052785494857e-17,"ENSG00000049249/ENSG00000049768/ENSG00000089692/ENSG00000100060/ENSG00000102524/ENSG00000104951/ENSG00000105369/ENSG00000107738/ENSG00000111537/ENSG00000113302/ENSG00000117215/ENSG00000117322/ENSG00000121594/ENSG00000125245/ENSG00000126353/ENSG00000127951/ENSG00000134321/ENSG00000138684/ENSG00000147168/ENSG00000150782/ENSG00000151651/ENSG00000154822/ENSG00000156738/ENSG00000158714/ENSG00000160856/ENSG00000161405/ENSG00000163508/ENSG00000163599/ENSG00000167286/ENSG00000169884/ENSG00000171522/ENSG00000171855/ENSG00000172724/ENSG00000177455/ENSG00000180549/ENSG00000182393/ENSG00000182885/ENSG00000196092/ENSG00000197272/ENSG00000203710",40
"GO:0070098","GO:0070098","chemokine-mediated signaling pathway","19/275","108/21468",0.175925925925926,13.7337373737374,15.1120349075614,1.40826051029036e-16,2.15252618997881e-13,1.71733663281198e-13,"ENSG00000102970/ENSG00000106178/ENSG00000108691/ENSG00000108702/ENSG00000121966/ENSG00000126353/ENSG00000131142/ENSG00000138755/ENSG00000156234/ENSG00000160683/ENSG00000169245/ENSG00000169248/ENSG00000172156/ENSG00000172724/ENSG00000179934/ENSG00000181374/ENSG00000183813/ENSG00000186810/ENSG00000274736",19
"GO:0046651","GO:0046651","lymphocyte proliferation","31/275","389/21468",0.0796915167095116,6.22115447534471,11.8378313212243,4.85231591585944e-16,3.39787135983645e-13,2.71090265335505e-13,"ENSG00000013725/ENSG00000027869/ENSG00000049249/ENSG00000049768/ENSG00000090659/ENSG00000102524/ENSG00000102879/ENSG00000104951/ENSG00000105369/ENSG00000107738/ENSG00000113302/ENSG00000117215/ENSG00000117322/ENSG00000121594/ENSG00000131203/ENSG00000138684/ENSG00000150782/ENSG00000154822/ENSG00000155659/ENSG00000156738/ENSG00000160856/ENSG00000161405/ENSG00000163599/ENSG00000169194/ENSG00000170476/ENSG00000171855/ENSG00000172724/ENSG00000177455/ENSG00000197272/ENSG00000203710/ENSG00000203747",31
"GO:0006959","GO:0006959","humoral immune response","32/275","418/21468",0.076555023923445,5.97630274032188,11.7037406703738,5.00844057132366e-16,3.39787135983645e-13,2.71090265335505e-13,"ENSG00000090382/ENSG00000102794/ENSG00000102970/ENSG00000104921/ENSG00000106178/ENSG00000108691/ENSG00000108702/ENSG00000111537/ENSG00000117322/ENSG00000125730/ENSG00000126353/ENSG00000126759/ENSG00000131142/ENSG00000132465/ENSG00000138755/ENSG00000149131/ENSG00000155659/ENSG00000156234/ENSG00000156738/ENSG00000162894/ENSG00000167207/ENSG00000169245/ENSG00000169248/ENSG00000171855/ENSG00000172156/ENSG00000172724/ENSG00000181374/ENSG00000188389/ENSG00000197721/ENSG00000203710/ENSG00000226979/ENSG00000274736",32
"GO:1990868","GO:1990868","response to chemokine","19/275","117/21468",0.162393162393162,12.677296037296,14.4271955034253,6.66903112823642e-16,3.39787135983645e-13,2.71090265335505e-13,"ENSG00000102970/ENSG00000106178/ENSG00000108691/ENSG00000108702/ENSG00000121966/ENSG00000126353/ENSG00000131142/ENSG00000138755/ENSG00000156234/ENSG00000160683/ENSG00000169245/ENSG00000169248/ENSG00000172156/ENSG00000172724/ENSG00000179934/ENSG00000181374/ENSG00000183813/ENSG00000186810/ENSG00000274736",19
"GO:1990869","GO:1990869","cellular response to chemokine","19/275","117/21468",0.162393162393162,12.677296037296,14.4271955034253,6.66903112823642e-16,3.39787135983645e-13,2.71090265335505e-13,"ENSG00000102970/ENSG00000106178/ENSG00000108691/ENSG00000108702/ENSG00000121966/ENSG00000126353/ENSG00000131142/ENSG00000138755/ENSG00000156234/ENSG00000160683/ENSG00000169245/ENSG00000169248/ENSG00000172156/ENSG00000172724/ENSG00000179934/ENSG00000181374/ENSG00000183813/ENSG00000186810/ENSG00000274736",19
"GO:0032943","GO:0032943","mononuclear cell proliferation","31/275","397/21468",0.0780856423173804,6.09579116098008,11.6740112361882,8.55200253421211e-16,3.7347816781552e-13,2.97969772507811e-13,"ENSG00000013725/ENSG00000027869/ENSG00000049249/ENSG00000049768/ENSG00000090659/ENSG00000102524/ENSG00000102879/ENSG00000104951/ENSG00000105369/ENSG00000107738/ENSG00000113302/ENSG00000117215/ENSG00000117322/ENSG00000121594/ENSG00000131203/ENSG00000138684/ENSG00000150782/ENSG00000154822/ENSG00000155659/ENSG00000156738/ENSG00000160856/ENSG00000161405/ENSG00000163599/ENSG00000169194/ENSG00000170476/ENSG00000171855/ENSG00000172724/ENSG00000177455/ENSG00000197272/ENSG00000203710/ENSG00000203747",31
"GO:0030217","GO:0030217","T cell differentiation","29/275","369/21468",0.0785907859078591,6.13522542498152,11.3343747041315,6.50233159293996e-15,2.48470345995218e-12,1.98235556590025e-12,"ENSG00000049249/ENSG00000049768/ENSG00000089692/ENSG00000104951/ENSG00000107738/ENSG00000111537/ENSG00000113302/ENSG00000117215/ENSG00000121594/ENSG00000125245/ENSG00000126353/ENSG00000127951/ENSG00000134321/ENSG00000138684/ENSG00000147168/ENSG00000150782/ENSG00000151651/ENSG00000161405/ENSG00000163508/ENSG00000163599/ENSG00000167286/ENSG00000169884/ENSG00000171522/ENSG00000171855/ENSG00000172724/ENSG00000180549/ENSG00000182393/ENSG00000197272/ENSG00000203710",29
"GO:0070661","GO:0070661","leukocyte proliferation","31/275","438/21468",0.0707762557077626,5.52518057285181,10.8995643280236,1.27462635634854e-14,4.32948085706387e-12,3.45416288615153e-12,"ENSG00000013725/ENSG00000027869/ENSG00000049249/ENSG00000049768/ENSG00000090659/ENSG00000102524/ENSG00000102879/ENSG00000104951/ENSG00000105369/ENSG00000107738/ENSG00000113302/ENSG00000117215/ENSG00000117322/ENSG00000121594/ENSG00000131203/ENSG00000138684/ENSG00000150782/ENSG00000154822/ENSG00000155659/ENSG00000156738/ENSG00000160856/ENSG00000161405/ENSG00000163599/ENSG00000169194/ENSG00000170476/ENSG00000171855/ENSG00000172724/ENSG00000177455/ENSG00000197272/ENSG00000203710/ENSG00000203747",31
"GO:0001906","GO:0001906","cell killing","32/275","471/21468",0.0679405520169851,5.30381007527504,10.7582277342561,1.45091982274216e-14,4.4354618981228e-12,3.53871708346694e-12,"ENSG00000035720/ENSG00000089692/ENSG00000090382/ENSG00000092929/ENSG00000100453/ENSG00000102879/ENSG00000102970/ENSG00000104921/ENSG00000108702/ENSG00000111537/ENSG00000113302/ENSG00000125730/ENSG00000131142/ENSG00000138684/ENSG00000138755/ENSG00000150337/ENSG00000150782/ENSG00000154451/ENSG00000156234/ENSG00000158477/ENSG00000158485/ENSG00000169194/ENSG00000169245/ENSG00000169248/ENSG00000172156/ENSG00000172243/ENSG00000172724/ENSG00000181374/ENSG00000189013/ENSG00000197721/ENSG00000203710/ENSG00000203747",32
"GO:0042113","GO:0042113","B cell activation","26/275","299/21468",0.0869565217391304,6.78830039525692,11.481332393811,1.62195260419447e-14,4.50755373729318e-12,3.59623366882162e-12,"ENSG00000049768/ENSG00000100060/ENSG00000102524/ENSG00000104951/ENSG00000105369/ENSG00000117322/ENSG00000125730/ENSG00000138684/ENSG00000147168/ENSG00000153064/ENSG00000154822/ENSG00000156738/ENSG00000158714/ENSG00000160683/ENSG00000160856/ENSG00000161405/ENSG00000163534/ENSG00000163599/ENSG00000167207/ENSG00000169194/ENSG00000170476/ENSG00000171855/ENSG00000177455/ENSG00000182885/ENSG00000196092/ENSG00000203710",26
"GO:0050900","GO:0050900","leukocyte migration","31/275","472/21468",0.0656779661016949,5.12718027734977,10.3278985385503,9.56441867110394e-14,2.43653565646373e-11,1.94392614569718e-11,"ENSG00000007908/ENSG00000035720/ENSG00000102879/ENSG00000106178/ENSG00000108691/ENSG00000108702/ENSG00000121966/ENSG00000125245/ENSG00000126353/ENSG00000131142/ENSG00000136286/ENSG00000138755/ENSG00000151651/ENSG00000153898/ENSG00000154165/ENSG00000156234/ENSG00000158714/ENSG00000160683/ENSG00000163606/ENSG00000167207/ENSG00000169245/ENSG00000169248/ENSG00000171522/ENSG00000172156/ENSG00000172724/ENSG00000180549/ENSG00000181374/ENSG00000186810/ENSG00000188404/ENSG00000188822/ENSG00000274736",31
"GO:0050729","GO:0050729","positive regulation of inflammatory response","21/275","203/21468",0.103448275862069,8.07573667711599,11.5383256953049,2.02324730301316e-13,4.75774385023941e-11,3.79584129642226e-11,"ENSG00000035720/ENSG00000060566/ENSG00000091592/ENSG00000099985/ENSG00000106178/ENSG00000108702/ENSG00000111537/ENSG00000113302/ENSG00000124256/ENSG00000125730/ENSG00000126353/ENSG00000131203/ENSG00000138684/ENSG00000150337/ENSG00000150782/ENSG00000151651/ENSG00000154451/ENSG00000163568/ENSG00000171522/ENSG00000185897/ENSG00000226979",21
"GO:0002822","GO:0002822","regulation of adaptive immune response based on somatic recombination of immune receptors built from immunoglobulin superfamily domains","25/275","314/21468",0.0796178343949045,6.21540243196294,10.6050374183513,3.90917769025542e-13,8.53596871365057e-11,6.81019902881338e-11,"ENSG00000049768/ENSG00000102524/ENSG00000104921/ENSG00000104951/ENSG00000113302/ENSG00000117322/ENSG00000121594/ENSG00000125730/ENSG00000134321/ENSG00000150337/ENSG00000150782/ENSG00000158477/ENSG00000158485/ENSG00000167207/ENSG00000171855/ENSG00000172243/ENSG00000172724/ENSG00000173762/ENSG00000180549/ENSG00000188389/ENSG00000197272/ENSG00000197721/ENSG00000203710/ENSG00000205846/ENSG00000226979",25
"GO:0051607","GO:0051607","defense response to virus","28/275","406/21468",0.0689655172413793,5.38382445141066,10.1583266358422,4.9526756437285e-13,1.00935529619187e-10,8.05287681860978e-11,"ENSG00000049768/ENSG00000091592/ENSG00000092929/ENSG00000102794/ENSG00000111335/ENSG00000111537/ENSG00000113302/ENSG00000115415/ENSG00000119922/ENSG00000124256/ENSG00000127951/ENSG00000128383/ENSG00000134321/ENSG00000135114/ENSG00000138684/ENSG00000138755/ENSG00000154451/ENSG00000157601/ENSG00000163568/ENSG00000165949/ENSG00000169245/ENSG00000169385/ENSG00000171855/ENSG00000172183/ENSG00000182393/ENSG00000183709/ENSG00000197110/ENSG00000197272",28
"GO:0002703","GO:0002703","regulation of leukocyte mediated immunity","28/275","423/21468",0.066193853427896,5.16745325596389,9.86102958853857,1.34003765813594e-12,2.4489063920602e-10,1.95379581302738e-10,"ENSG00000035720/ENSG00000049768/ENSG00000089692/ENSG00000092929/ENSG00000104921/ENSG00000104951/ENSG00000113302/ENSG00000117322/ENSG00000121594/ENSG00000125730/ENSG00000134321/ENSG00000138684/ENSG00000150337/ENSG00000150782/ENSG00000158477/ENSG00000158485/ENSG00000167207/ENSG00000169194/ENSG00000171855/ENSG00000172243/ENSG00000173762/ENSG00000180549/ENSG00000188389/ENSG00000188820/ENSG00000189013/ENSG00000197721/ENSG00000203710/ENSG00000226979",28
"GO:0097530","GO:0097530","granulocyte migration","19/275","176/21468",0.107954545454545,8.42752066115703,11.2706192822664,1.36183868711231e-12,2.4489063920602e-10,1.95379581302738e-10,"ENSG00000106178/ENSG00000108691/ENSG00000108702/ENSG00000126353/ENSG00000131142/ENSG00000138755/ENSG00000151651/ENSG00000153898/ENSG00000156234/ENSG00000158714/ENSG00000167207/ENSG00000169245/ENSG00000169248/ENSG00000171522/ENSG00000172156/ENSG00000172724/ENSG00000180549/ENSG00000181374/ENSG00000274736",19
"GO:0002819","GO:0002819","regulation of adaptive immune response","25/275","337/21468",0.0741839762611276,5.79120582681414,10.098469535649,1.88770476021959e-12,3.20595191777295e-10,2.55778475405193e-10,"ENSG00000049768/ENSG00000102524/ENSG00000104921/ENSG00000104951/ENSG00000113302/ENSG00000117322/ENSG00000121594/ENSG00000125730/ENSG00000134321/ENSG00000150337/ENSG00000150782/ENSG00000158477/ENSG00000158485/ENSG00000167207/ENSG00000171855/ENSG00000172243/ENSG00000172724/ENSG00000173762/ENSG00000180549/ENSG00000188389/ENSG00000197272/ENSG00000197721/ENSG00000203710/ENSG00000205846/ENSG00000226979",25
"GO:0051251","GO:0051251","positive regulation of lymphocyte activation","29/275","475/21468",0.0610526315789474,4.7661014354067,9.45490938494505,3.85027585088082e-12,6.19489119796983e-10,4.94243166010574e-10,"ENSG00000013725/ENSG00000049768/ENSG00000089012/ENSG00000090659/ENSG00000102524/ENSG00000102879/ENSG00000104951/ENSG00000107738/ENSG00000108691/ENSG00000110448/ENSG00000111537/ENSG00000113302/ENSG00000121594/ENSG00000126353/ENSG00000138684/ENSG00000147168/ENSG00000150782/ENSG00000151651/ENSG00000160856/ENSG00000163600/ENSG00000167207/ENSG00000169194/ENSG00000169884/ENSG00000172243/ENSG00000172724/ENSG00000203710/ENSG00000203747/ENSG00000232629/ENSG00000237541",29
"GO:0060326","GO:0060326","cell chemotaxis","26/275","382/21468",0.0680628272251309,5.31335554497858,9.68959543143938,4.73660504407847e-12,7.23990080987394e-10,5.77616520375253e-10,"ENSG00000035720/ENSG00000102879/ENSG00000102970/ENSG00000106178/ENSG00000108691/ENSG00000108702/ENSG00000121966/ENSG00000125245/ENSG00000126353/ENSG00000131142/ENSG00000138755/ENSG00000151651/ENSG00000156234/ENSG00000158714/ENSG00000160683/ENSG00000167207/ENSG00000169245/ENSG00000169248/ENSG00000172156/ENSG00000172724/ENSG00000179934/ENSG00000181374/ENSG00000183813/ENSG00000186810/ENSG00000188822/ENSG00000274736",26
"GO:0050670","GO:0050670","regulation of lymphocyte proliferation","24/275","331/21468",0.0725075528700906,5.6603350727822,9.73341570936517,8.65885989275549e-12,1.26048260438826e-09,1.00564302614108e-09,"ENSG00000013725/ENSG00000049249/ENSG00000049768/ENSG00000090659/ENSG00000102524/ENSG00000102879/ENSG00000104951/ENSG00000107738/ENSG00000113302/ENSG00000117215/ENSG00000121594/ENSG00000131203/ENSG00000138684/ENSG00000150782/ENSG00000155659/ENSG00000160856/ENSG00000161405/ENSG00000163599/ENSG00000169194/ENSG00000170476/ENSG00000172724/ENSG00000197272/ENSG00000203710/ENSG00000203747",24
"GO:0002237","GO:0002237","response to molecule of bacterial origin","28/275","463/21468",0.060475161987041,4.72102100922835,9.22034307223518,1.15917426538891e-11,1.45218964308017e-09,1.15859146497831e-09,"ENSG00000005381/ENSG00000007908/ENSG00000013725/ENSG00000035720/ENSG00000049768/ENSG00000050730/ENSG00000100985/ENSG00000102794/ENSG00000108691/ENSG00000113302/ENSG00000120436/ENSG00000121594/ENSG00000126353/ENSG00000131203/ENSG00000134326/ENSG00000138755/ENSG00000154451/ENSG00000156234/ENSG00000167207/ENSG00000167634/ENSG00000169194/ENSG00000169245/ENSG00000169248/ENSG00000171522/ENSG00000188822/ENSG00000226979/ENSG00000255833/ENSG00000260314",28
"GO:0032496","GO:0032496","response to lipopolysaccharide","27/275","430/21468",0.0627906976744186,4.9017843551797,9.31002980702255,1.16882149333088e-11,1.45218964308017e-09,1.15859146497831e-09,"ENSG00000005381/ENSG00000007908/ENSG00000013725/ENSG00000035720/ENSG00000049768/ENSG00000050730/ENSG00000100985/ENSG00000102794/ENSG00000108691/ENSG00000113302/ENSG00000121594/ENSG00000126353/ENSG00000131203/ENSG00000134326/ENSG00000138755/ENSG00000154451/ENSG00000156234/ENSG00000167207/ENSG00000167634/ENSG00000169194/ENSG00000169245/ENSG00000169248/ENSG00000171522/ENSG00000188822/ENSG00000226979/ENSG00000255833/ENSG00000260314",27
"GO:1903039","GO:1903039","positive regulation of leukocyte cell-cell adhesion","27/275","430/21468",0.0627906976744186,4.9017843551797,9.31002980702255,1.16882149333088e-11,1.45218964308017e-09,1.15859146497831e-09,"ENSG00000007908/ENSG00000013725/ENSG00000049768/ENSG00000089012/ENSG00000090659/ENSG00000102524/ENSG00000102879/ENSG00000104951/ENSG00000107738/ENSG00000108691/ENSG00000110448/ENSG00000111537/ENSG00000113302/ENSG00000121594/ENSG00000126353/ENSG00000138684/ENSG00000147168/ENSG00000150782/ENSG00000151651/ENSG00000163600/ENSG00000167207/ENSG00000169884/ENSG00000172724/ENSG00000180549/ENSG00000203710/ENSG00000232629/ENSG00000237541",27
"GO:0032944","GO:0032944","regulation of mononuclear cell proliferation","24/275","336/21468",0.0714285714285714,5.5761038961039,9.63054843592523,1.18759375456344e-11,1.45218964308017e-09,1.15859146497831e-09,"ENSG00000013725/ENSG00000049249/ENSG00000049768/ENSG00000090659/ENSG00000102524/ENSG00000102879/ENSG00000104951/ENSG00000107738/ENSG00000113302/ENSG00000117215/ENSG00000121594/ENSG00000131203/ENSG00000138684/ENSG00000150782/ENSG00000155659/ENSG00000160856/ENSG00000161405/ENSG00000163599/ENSG00000169194/ENSG00000170476/ENSG00000172724/ENSG00000197272/ENSG00000203710/ENSG00000203747",24
"GO:0030595","GO:0030595","leukocyte chemotaxis","22/275","283/21468",0.0777385159010601,6.0686925795053,9.77756566453066,1.70096049360144e-11,1.99993701113061e-09,1.59559735371439e-09,"ENSG00000035720/ENSG00000102879/ENSG00000106178/ENSG00000108691/ENSG00000108702/ENSG00000121966/ENSG00000125245/ENSG00000126353/ENSG00000131142/ENSG00000138755/ENSG00000151651/ENSG00000156234/ENSG00000158714/ENSG00000160683/ENSG00000167207/ENSG00000169245/ENSG00000169248/ENSG00000172156/ENSG00000172724/ENSG00000181374/ENSG00000188822/ENSG00000274736",22
"GO:0002920","GO:0002920","regulation of humoral immune response","12/275","63/21468",0.19047619047619,14.8696103896104,12.5583541497348,2.29350081561692e-11,2.59675259012626e-09,2.07175102915571e-09,"ENSG00000102794/ENSG00000104921/ENSG00000117322/ENSG00000125730/ENSG00000126353/ENSG00000149131/ENSG00000155659/ENSG00000156234/ENSG00000167207/ENSG00000197721/ENSG00000203710/ENSG00000226979",12
"GO:0002285","GO:0002285","lymphocyte activation involved in immune response","21/275","268/21468",0.0783582089552239,6.11706919945726,9.6023285738006,4.29684100254181e-11,4.52946308440356e-09,3.61371346747346e-09,"ENSG00000049768/ENSG00000077420/ENSG00000092929/ENSG00000100060/ENSG00000102879/ENSG00000111537/ENSG00000113302/ENSG00000121594/ENSG00000127951/ENSG00000138684/ENSG00000150782/ENSG00000154822/ENSG00000163508/ENSG00000171522/ENSG00000171855/ENSG00000172724/ENSG00000177455/ENSG00000182393/ENSG00000197272/ENSG00000203710/ENSG00000203747",21
"GO:0045619","GO:0045619","regulation of lymphocyte differentiation","21/275","268/21468",0.0783582089552239,6.11706919945726,9.6023285738006,4.29684100254181e-11,4.52946308440356e-09,3.61371346747346e-09,"ENSG00000049768/ENSG00000089692/ENSG00000104951/ENSG00000107738/ENSG00000111537/ENSG00000113302/ENSG00000121594/ENSG00000127951/ENSG00000147168/ENSG00000150782/ENSG00000151651/ENSG00000158714/ENSG00000160856/ENSG00000161405/ENSG00000163599/ENSG00000169884/ENSG00000171855/ENSG00000172724/ENSG00000182393/ENSG00000197272/ENSG00000203710",21
"GO:0002706","GO:0002706","regulation of lymphocyte mediated immunity","24/275","360/21468",0.0666666666666667,5.20436363636364,9.16397266002478,5.01196043716216e-11,5.10718768546824e-09,4.07463590628236e-09,"ENSG00000049768/ENSG00000089692/ENSG00000104921/ENSG00000104951/ENSG00000113302/ENSG00000117322/ENSG00000121594/ENSG00000125730/ENSG00000134321/ENSG00000138684/ENSG00000150337/ENSG00000150782/ENSG00000158477/ENSG00000158485/ENSG00000167207/ENSG00000171855/ENSG00000173762/ENSG00000180549/ENSG00000188389/ENSG00000188820/ENSG00000189013/ENSG00000197721/ENSG00000203710/ENSG00000226979",24
"GO:0002699","GO:0002699","positive regulation of immune effector process","26/275","426/21468",0.0610328638497653,4.76455825864277,8.93986827886554,5.36108715329261e-11,5.28672368632759e-09,4.21787400141901e-09,"ENSG00000035720/ENSG00000049768/ENSG00000089692/ENSG00000104921/ENSG00000111537/ENSG00000113302/ENSG00000121594/ENSG00000125730/ENSG00000126759/ENSG00000134321/ENSG00000138623/ENSG00000138684/ENSG00000150337/ENSG00000150782/ENSG00000158477/ENSG00000158485/ENSG00000167207/ENSG00000169194/ENSG00000170476/ENSG00000172243/ENSG00000172724/ENSG00000173762/ENSG00000185897/ENSG00000189013/ENSG00000203710/ENSG00000226979",26
"GO:0050870","GO:0050870","positive regulation of T cell activation","25/275","397/21468",0.0629722921914358,4.91596061369361,8.97112278752356,6.60411525814849e-11,6.17436055227597e-09,4.92605182226243e-09,"ENSG00000013725/ENSG00000049768/ENSG00000089012/ENSG00000090659/ENSG00000102524/ENSG00000102879/ENSG00000104951/ENSG00000107738/ENSG00000108691/ENSG00000110448/ENSG00000111537/ENSG00000113302/ENSG00000121594/ENSG00000126353/ENSG00000138684/ENSG00000147168/ENSG00000150782/ENSG00000151651/ENSG00000163600/ENSG00000167207/ENSG00000169884/ENSG00000172724/ENSG00000203710/ENSG00000232629/ENSG00000237541",25
"GO:0070663","GO:0070663","regulation of leukocyte proliferation","24/275","365/21468",0.0657534246575342,5.13307098381071,9.07199919333147,6.66515859421351e-11,6.17436055227597e-09,4.92605182226243e-09,"ENSG00000013725/ENSG00000049249/ENSG00000049768/ENSG00000090659/ENSG00000102524/ENSG00000102879/ENSG00000104951/ENSG00000107738/ENSG00000113302/ENSG00000117215/ENSG00000121594/ENSG00000131203/ENSG00000138684/ENSG00000150782/ENSG00000155659/ENSG00000160856/ENSG00000161405/ENSG00000163599/ENSG00000169194/ENSG00000170476/ENSG00000172724/ENSG00000197272/ENSG00000203710/ENSG00000203747",24
"GO:0030183","GO:0030183","B cell differentiation","16/275","149/21468",0.10738255033557,8.38286760219646,10.3012660936683,9.06809655369389e-11,8.15328563665947e-09,6.50488536065286e-09,"ENSG00000100060/ENSG00000102524/ENSG00000104951/ENSG00000105369/ENSG00000117322/ENSG00000138684/ENSG00000147168/ENSG00000154822/ENSG00000156738/ENSG00000158714/ENSG00000160856/ENSG00000161405/ENSG00000177455/ENSG00000182885/ENSG00000196092/ENSG00000203710",16
"GO:0097529","GO:0097529","myeloid leukocyte migration","21/275","284/21468",0.073943661971831,5.77244558258643,9.22257036076444,1.26714996331239e-10,1.10676498224171e-08,8.83003448118741e-09,"ENSG00000035720/ENSG00000106178/ENSG00000108691/ENSG00000108702/ENSG00000126353/ENSG00000131142/ENSG00000138755/ENSG00000151651/ENSG00000153898/ENSG00000156234/ENSG00000158714/ENSG00000163606/ENSG00000167207/ENSG00000169245/ENSG00000169248/ENSG00000171522/ENSG00000172156/ENSG00000172724/ENSG00000180549/ENSG00000181374/ENSG00000274736",21
"GO:0050864","GO:0050864","regulation of B cell activation","15/275","138/21468",0.108695652173913,8.48537549407115,10.0487840325591,2.9866080582494e-10,2.53612800946344e-08,2.02338329560346e-08,"ENSG00000049768/ENSG00000102524/ENSG00000104951/ENSG00000138684/ENSG00000147168/ENSG00000153064/ENSG00000158714/ENSG00000160856/ENSG00000161405/ENSG00000163599/ENSG00000167207/ENSG00000169194/ENSG00000170476/ENSG00000177455/ENSG00000203710",15
"GO:0042100","GO:0042100","B cell proliferation","13/275","97/21468",0.134020618556701,10.4623805060918,10.6397067731404,3.36727293136853e-10,2.78209550032259e-08,2.2196220147883e-08,"ENSG00000102524/ENSG00000105369/ENSG00000117322/ENSG00000138684/ENSG00000154822/ENSG00000156738/ENSG00000160856/ENSG00000161405/ENSG00000163599/ENSG00000169194/ENSG00000170476/ENSG00000171855/ENSG00000177455",13
"GO:0031640","GO:0031640","killing of cells of another organism","16/275","165/21468",0.096969696969697,7.56998347107438,9.65031903988512,4.19952579289322e-10,3.29178214073707e-08,2.62626214902391e-08,"ENSG00000090382/ENSG00000100453/ENSG00000102970/ENSG00000104921/ENSG00000108702/ENSG00000111537/ENSG00000131142/ENSG00000138755/ENSG00000154451/ENSG00000156234/ENSG00000169245/ENSG00000169248/ENSG00000172156/ENSG00000172243/ENSG00000172724/ENSG00000181374",16
"GO:0141061","GO:0141061","disruption of cell in another organism","16/275","165/21468",0.096969696969697,7.56998347107438,9.65031903988512,4.19952579289322e-10,3.29178214073707e-08,2.62626214902391e-08,"ENSG00000090382/ENSG00000100453/ENSG00000102970/ENSG00000104921/ENSG00000108702/ENSG00000111537/ENSG00000131142/ENSG00000138755/ENSG00000154451/ENSG00000156234/ENSG00000169245/ENSG00000169248/ENSG00000172156/ENSG00000172243/ENSG00000172724/ENSG00000181374",16
"GO:0002366","GO:0002366","leukocyte activation involved in immune response","23/275","373/21468",0.0616621983914209,4.81368754569827,8.46380337498528,5.9632701443645e-10,4.55742920783057e-08,3.63602550644541e-08,"ENSG00000049768/ENSG00000077420/ENSG00000092929/ENSG00000100060/ENSG00000102879/ENSG00000107317/ENSG00000111537/ENSG00000113302/ENSG00000121594/ENSG00000127951/ENSG00000138684/ENSG00000150782/ENSG00000154822/ENSG00000163508/ENSG00000169194/ENSG00000171522/ENSG00000171855/ENSG00000172724/ENSG00000177455/ENSG00000182393/ENSG00000197272/ENSG00000203710/ENSG00000203747",23
"GO:0002263","GO:0002263","cell activation involved in immune response","23/275","377/21468",0.0610079575596817,4.76261393778635,8.39590575953855,7.33614042057555e-10,5.4698978696828e-08,4.36401472515367e-08,"ENSG00000049768/ENSG00000077420/ENSG00000092929/ENSG00000100060/ENSG00000102879/ENSG00000107317/ENSG00000111537/ENSG00000113302/ENSG00000121594/ENSG00000127951/ENSG00000138684/ENSG00000150782/ENSG00000154822/ENSG00000163508/ENSG00000169194/ENSG00000171522/ENSG00000171855/ENSG00000172724/ENSG00000177455/ENSG00000182393/ENSG00000197272/ENSG00000203710/ENSG00000203747",23
"GO:0141060","GO:0141060","disruption of anatomical structure in another organism","16/275","174/21468",0.0919540229885057,7.17843260188088,9.32137797732123,9.22538929190302e-10,6.71476549174941e-08,5.35719974670158e-08,"ENSG00000090382/ENSG00000100453/ENSG00000102970/ENSG00000104921/ENSG00000108702/ENSG00000111537/ENSG00000131142/ENSG00000138755/ENSG00000154451/ENSG00000156234/ENSG00000169245/ENSG00000169248/ENSG00000172156/ENSG00000172243/ENSG00000172724/ENSG00000181374",16
"GO:0050766","GO:0050766","positive regulation of phagocytosis","12/275","87/21468",0.137931034482759,10.7676489028213,10.3989973154887,1.16070239702882e-09,8.25178425050486e-08,6.5834698994266e-08,"ENSG00000035720/ENSG00000089012/ENSG00000100385/ENSG00000108691/ENSG00000111537/ENSG00000125730/ENSG00000126759/ENSG00000147168/ENSG00000150337/ENSG00000167207/ENSG00000172243/ENSG00000186074",12
"GO:0042129","GO:0042129","regulation of T cell proliferation","19/275","263/21468",0.0722433460076046,5.6397096439682,8.62393242474904,1.46209929030231e-09,1.01582671146686e-07,8.1045073101207e-08,"ENSG00000013725/ENSG00000049249/ENSG00000049768/ENSG00000090659/ENSG00000102524/ENSG00000102879/ENSG00000104951/ENSG00000107738/ENSG00000113302/ENSG00000117215/ENSG00000121594/ENSG00000131203/ENSG00000138684/ENSG00000150782/ENSG00000155659/ENSG00000163599/ENSG00000172724/ENSG00000197272/ENSG00000203710",19
"GO:0045580","GO:0045580","regulation of T cell differentiation","18/275","235/21468",0.0765957446808511,5.97948162475822,8.7431552746032,1.57692888350146e-09,1.07126035485866e-07,8.54677011245119e-08,"ENSG00000049768/ENSG00000089692/ENSG00000104951/ENSG00000107738/ENSG00000111537/ENSG00000113302/ENSG00000121594/ENSG00000127951/ENSG00000147168/ENSG00000150782/ENSG00000151651/ENSG00000163599/ENSG00000169884/ENSG00000171855/ENSG00000172724/ENSG00000182393/ENSG00000197272/ENSG00000203710",18
"GO:0042098","GO:0042098","T cell proliferation","20/275","296/21468",0.0675675675675676,5.27469287469288,8.43578759616851,1.71365535381085e-09,1.13547433128398e-07,9.05908450178186e-08,"ENSG00000013725/ENSG00000027869/ENSG00000049249/ENSG00000049768/ENSG00000090659/ENSG00000102524/ENSG00000102879/ENSG00000104951/ENSG00000107738/ENSG00000113302/ENSG00000117215/ENSG00000121594/ENSG00000131203/ENSG00000138684/ENSG00000150782/ENSG00000155659/ENSG00000163599/ENSG00000172724/ENSG00000197272/ENSG00000203710",20
"GO:0002429","GO:0002429","immune response-activating cell surface receptor signaling pathway","24/275","429/21468",0.0559440559440559,4.36729815638907,8.02515589814924,1.74574071214743e-09,1.13547433128398e-07,9.05908450178186e-08,"ENSG00000035720/ENSG00000049768/ENSG00000050730/ENSG00000102794/ENSG00000105369/ENSG00000117322/ENSG00000124557/ENSG00000125730/ENSG00000126353/ENSG00000136286/ENSG00000136573/ENSG00000153064/ENSG00000154822/ENSG00000156738/ENSG00000160856/ENSG00000162894/ENSG00000163519/ENSG00000163599/ENSG00000167207/ENSG00000167286/ENSG00000172243/ENSG00000177455/ENSG00000203710/ENSG00000205846",24
"GO:0046632","GO:0046632","alpha-beta T cell differentiation","15/275","157/21468",0.0955414012738854,7.45848291835553,9.25197036342342,1.83695253284128e-09,1.16990914435329e-07,9.33381363726588e-08,"ENSG00000049768/ENSG00000111537/ENSG00000113302/ENSG00000117215/ENSG00000121594/ENSG00000125245/ENSG00000134321/ENSG00000138684/ENSG00000147168/ENSG00000150782/ENSG00000163508/ENSG00000171522/ENSG00000172724/ENSG00000180549/ENSG00000197272",15
"GO:0002685","GO:0002685","regulation of leukocyte migration","19/275","277/21468",0.0685920577617329,5.35467016737775,8.30950648164908,3.45434873879658e-09,2.15509063153084e-07,1.71938260532581e-07,"ENSG00000007908/ENSG00000035720/ENSG00000102879/ENSG00000106178/ENSG00000108691/ENSG00000108702/ENSG00000125245/ENSG00000126353/ENSG00000131142/ENSG00000151651/ENSG00000156234/ENSG00000158714/ENSG00000163606/ENSG00000167207/ENSG00000169245/ENSG00000171522/ENSG00000172724/ENSG00000180549/ENSG00000186810",19
"GO:0043367","GO:0043367","CD4-positive, alpha-beta T cell differentiation","13/275","120/21468",0.108333333333333,8.45709090909091,9.33119509215595,4.87013748971429e-09,2.97760206121132e-07,2.37560180287748e-07,"ENSG00000049768/ENSG00000111537/ENSG00000113302/ENSG00000117215/ENSG00000121594/ENSG00000134321/ENSG00000138684/ENSG00000147168/ENSG00000150782/ENSG00000171522/ENSG00000172724/ENSG00000180549/ENSG00000197272",13
"GO:0072677","GO:0072677","eosinophil migration","9/275","46/21468",0.195652173913043,15.2736758893281,11.0392748270855,5.93181411103655e-09,3.55559916420367e-07,2.83674165021088e-07,"ENSG00000106178/ENSG00000108691/ENSG00000108702/ENSG00000131142/ENSG00000151651/ENSG00000171522/ENSG00000172156/ENSG00000181374/ENSG00000274736",9
"GO:0071621","GO:0071621","granulocyte chemotaxis","14/275","146/21468",0.0958904109589041,7.48572851805728,8.95729814982851,6.14064908463208e-09,3.60999312533082e-07,2.88013844718472e-07,"ENSG00000106178/ENSG00000108691/ENSG00000108702/ENSG00000126353/ENSG00000131142/ENSG00000138755/ENSG00000156234/ENSG00000167207/ENSG00000169245/ENSG00000169248/ENSG00000172156/ENSG00000172724/ENSG00000181374/ENSG00000274736",14
"GO:0002695","GO:0002695","negative regulation of leukocyte activation","18/275","258/21468",0.0697674418604651,5.44642706131078,8.18477032962595,6.91813825517579e-09,3.99032993322121e-07,3.18358020600642e-07,"ENSG00000049768/ENSG00000089692/ENSG00000104951/ENSG00000107738/ENSG00000117215/ENSG00000121594/ENSG00000127951/ENSG00000131203/ENSG00000153064/ENSG00000155659/ENSG00000163599/ENSG00000171855/ENSG00000181847/ENSG00000182393/ENSG00000186074/ENSG00000188389/ENSG00000188822/ENSG00000203710",18
"GO:0002456","GO:0002456","T cell mediated immunity","17/275","229/21468",0.074235807860262,5.79525208416038,8.31032402366625,7.26294243156381e-09,4.11163240986863e-07,3.28035820934373e-07,"ENSG00000049768/ENSG00000104951/ENSG00000113302/ENSG00000117322/ENSG00000121594/ENSG00000134321/ENSG00000136286/ENSG00000150782/ENSG00000158477/ENSG00000158485/ENSG00000167207/ENSG00000171855/ENSG00000173762/ENSG00000180549/ENSG00000188389/ENSG00000197721/ENSG00000203710",17
"GO:1903038","GO:1903038","negative regulation of leukocyte cell-cell adhesion","16/275","202/21468",0.0792079207920792,6.18340234023402,8.43147402508398,8.0692042867046e-09,4.48501045535563e-07,3.57824810187456e-07,"ENSG00000049768/ENSG00000089692/ENSG00000104951/ENSG00000107738/ENSG00000117215/ENSG00000121594/ENSG00000127951/ENSG00000131142/ENSG00000131203/ENSG00000155659/ENSG00000163599/ENSG00000171855/ENSG00000181847/ENSG00000182393/ENSG00000188389/ENSG00000203710",16
"GO:0019730","GO:0019730","antimicrobial humoral response","17/275","239/21468",0.0711297071129707,5.55277291745911,8.06243037337984,1.37515525966049e-08,7.50687433711094e-07,5.98916303878451e-07,"ENSG00000090382/ENSG00000102794/ENSG00000102970/ENSG00000106178/ENSG00000108691/ENSG00000108702/ENSG00000131142/ENSG00000132465/ENSG00000138755/ENSG00000156234/ENSG00000167207/ENSG00000169245/ENSG00000169248/ENSG00000172156/ENSG00000172724/ENSG00000181374/ENSG00000274736",17
"GO:0050868","GO:0050868","negative regulation of T cell activation","15/275","183/21468",0.0819672131147541,6.39880774962742,8.35492173959456,1.50403178201331e-08,8.02557163553238e-07,6.40299209046658e-07,"ENSG00000049768/ENSG00000089692/ENSG00000104951/ENSG00000107738/ENSG00000117215/ENSG00000121594/ENSG00000127951/ENSG00000131203/ENSG00000155659/ENSG00000163599/ENSG00000171855/ENSG00000181847/ENSG00000182393/ENSG00000188389/ENSG00000203710",15
"GO:0032620","GO:0032620","interleukin-17 production","9/275","51/21468",0.176470588235294,13.776256684492,10.405553925138,1.54893270034809e-08,8.02557163553238e-07,6.40299209046658e-07,"ENSG00000049768/ENSG00000099985/ENSG00000107738/ENSG00000108702/ENSG00000111537/ENSG00000113302/ENSG00000138684/ENSG00000150782/ENSG00000167207",9
"GO:0032660","GO:0032660","regulation of interleukin-17 production","9/275","51/21468",0.176470588235294,13.776256684492,10.405553925138,1.54893270034809e-08,8.02557163553238e-07,6.40299209046658e-07,"ENSG00000049768/ENSG00000099985/ENSG00000107738/ENSG00000108702/ENSG00000111537/ENSG00000113302/ENSG00000138684/ENSG00000150782/ENSG00000167207",9
"GO:0046631","GO:0046631","alpha-beta T cell activation","18/275","272/21468",0.0661764705882353,5.16609625668449,7.87666912746368,1.57548583244896e-08,8.02710031632746e-07,6.40421170839341e-07,"ENSG00000049768/ENSG00000107738/ENSG00000111537/ENSG00000113302/ENSG00000117215/ENSG00000121594/ENSG00000125245/ENSG00000134321/ENSG00000138684/ENSG00000147168/ENSG00000150045/ENSG00000150782/ENSG00000163508/ENSG00000167286/ENSG00000171522/ENSG00000172724/ENSG00000180549/ENSG00000197272",18
"GO:0045066","GO:0045066","regulatory T cell differentiation","10/275","69/21468",0.144927536231884,11.3138339920949,9.774707016266,1.76647676830377e-08,8.85265488640102e-07,7.06285879578918e-07,"ENSG00000049768/ENSG00000089692/ENSG00000104951/ENSG00000107738/ENSG00000111537/ENSG00000117215/ENSG00000147168/ENSG00000163599/ENSG00000180549/ENSG00000203710",10
"GO:0002292","GO:0002292","T cell differentiation involved in immune response","12/275","111/21468",0.108108108108108,8.4395085995086,8.95140942652789,1.96539498103869e-08,9.6906652532827e-07,7.73144341437461e-07,"ENSG00000049768/ENSG00000111537/ENSG00000113302/ENSG00000121594/ENSG00000127951/ENSG00000138684/ENSG00000150782/ENSG00000163508/ENSG00000171522/ENSG00000172724/ENSG00000182393/ENSG00000197272",12
"GO:1902105","GO:1902105","regulation of leukocyte differentiation","22/275","413/21468",0.0532687651331719,4.15845036319613,7.38290474338783,2.06154633621294e-08,1.00034081742904e-06,7.98095716124541e-07,"ENSG00000049768/ENSG00000089692/ENSG00000104951/ENSG00000107738/ENSG00000111537/ENSG00000113302/ENSG00000121594/ENSG00000127951/ENSG00000147168/ENSG00000150782/ENSG00000151651/ENSG00000158714/ENSG00000160856/ENSG00000161405/ENSG00000163599/ENSG00000164935/ENSG00000169884/ENSG00000171855/ENSG00000172724/ENSG00000182393/ENSG00000197272/ENSG00000203710",22
"GO:0071674","GO:0071674","mononuclear cell migration","18/275","278/21468",0.0647482014388489,5.0545977763244,7.75104937608769,2.20642291863363e-08,1.05391169722859e-06,8.40835839222716e-07,"ENSG00000035720/ENSG00000102879/ENSG00000108691/ENSG00000108702/ENSG00000121966/ENSG00000126353/ENSG00000136286/ENSG00000151651/ENSG00000153898/ENSG00000154165/ENSG00000156234/ENSG00000158714/ENSG00000163606/ENSG00000169245/ENSG00000169248/ENSG00000172724/ENSG00000180549/ENSG00000274736",18
"GO:0050866","GO:0050866","negative regulation of cell activation","18/275","281/21468",0.0640569395017794,5.00063409899709,7.68958788606131,2.60231665682464e-08,1.22388954152507e-06,9.7644820953242e-07,"ENSG00000049768/ENSG00000089692/ENSG00000104951/ENSG00000107738/ENSG00000117215/ENSG00000121594/ENSG00000127951/ENSG00000131203/ENSG00000153064/ENSG00000155659/ENSG00000163599/ENSG00000171855/ENSG00000181847/ENSG00000182393/ENSG00000186074/ENSG00000188389/ENSG00000188822/ENSG00000203710",18
"GO:0002286","GO:0002286","T cell activation involved in immune response","14/275","166/21468",0.0843373493975904,6.58383351588171,8.22682238301514,3.19463340371448e-08,1.4576110918142e-06,1.16291682582976e-06,"ENSG00000049768/ENSG00000077420/ENSG00000111537/ENSG00000113302/ENSG00000121594/ENSG00000127951/ENSG00000138684/ENSG00000150782/ENSG00000163508/ENSG00000171522/ENSG00000171855/ENSG00000172724/ENSG00000182393/ENSG00000197272",14
"GO:0035710","GO:0035710","CD4-positive, alpha-beta T cell activation","14/275","166/21468",0.0843373493975904,6.58383351588171,8.22682238301514,3.19463340371448e-08,1.4576110918142e-06,1.16291682582976e-06,"ENSG00000049768/ENSG00000107738/ENSG00000111537/ENSG00000113302/ENSG00000117215/ENSG00000121594/ENSG00000134321/ENSG00000138684/ENSG00000147168/ENSG00000150782/ENSG00000171522/ENSG00000172724/ENSG00000180549/ENSG00000197272",14
"GO:0002698","GO:0002698","negative regulation of immune effector process","16/275","224/21468",0.0714285714285714,5.5761038961039,7.84255449139787,3.48869300020076e-08,1.56837272082555e-06,1.25128509001009e-06,"ENSG00000049768/ENSG00000104951/ENSG00000117322/ENSG00000121594/ENSG00000127951/ENSG00000149131/ENSG00000155659/ENSG00000158714/ENSG00000160856/ENSG00000167207/ENSG00000171855/ENSG00000182393/ENSG00000188389/ENSG00000189013/ENSG00000197721/ENSG00000203710",16
"GO:0071222","GO:0071222","cellular response to lipopolysaccharide","18/275","288/21468",0.0625,4.87909090909091,7.54951460619385,3.79262555707172e-08,1.68029801854612e-06,1.34058175678645e-06,"ENSG00000013725/ENSG00000035720/ENSG00000050730/ENSG00000100985/ENSG00000102794/ENSG00000108691/ENSG00000113302/ENSG00000121594/ENSG00000134326/ENSG00000138755/ENSG00000154451/ENSG00000156234/ENSG00000167207/ENSG00000167634/ENSG00000169245/ENSG00000169248/ENSG00000255833/ENSG00000260314",18
"GO:0050764","GO:0050764","regulation of phagocytosis","12/275","118/21468",0.101694915254237,7.93885978428351,8.60965961041926,3.92738059115437e-08,1.71514320959413e-06,1.36838207965484e-06,"ENSG00000035720/ENSG00000089012/ENSG00000100385/ENSG00000108691/ENSG00000111537/ENSG00000125730/ENSG00000126759/ENSG00000147168/ENSG00000150337/ENSG00000167207/ENSG00000172243/ENSG00000186074",12
"GO:0097553","GO:0097553","calcium ion transmembrane import into cytosol","15/275","199/21468",0.0753768844221105,5.88433074463225,7.88522106229676,4.62483539981574e-08,1.99128476299109e-06,1.58869438419171e-06,"ENSG00000083454/ENSG00000102879/ENSG00000126353/ENSG00000138755/ENSG00000140090/ENSG00000155962/ENSG00000156738/ENSG00000169194/ENSG00000169245/ENSG00000169248/ENSG00000171631/ENSG00000172724/ENSG00000177455/ENSG00000186810/ENSG00000198216",15
"GO:0051250","GO:0051250","negative regulation of lymphocyte activation","16/275","230/21468",0.0695652173913043,5.43064031620553,7.69536831411522,5.04584317604643e-08,2.14238091516305e-06,1.70924249106719e-06,"ENSG00000049768/ENSG00000089692/ENSG00000104951/ENSG00000107738/ENSG00000117215/ENSG00000121594/ENSG00000127951/ENSG00000131203/ENSG00000153064/ENSG00000155659/ENSG00000163599/ENSG00000171855/ENSG00000181847/ENSG00000182393/ENSG00000188389/ENSG00000203710",16
"GO:0071216","GO:0071216","cellular response to biotic stimulus","19/275","330/21468",0.0575757575757576,4.49467768595041,7.28765753894797,5.81665621409277e-08,2.43582438992899e-06,1.94335868032487e-06,"ENSG00000013725/ENSG00000035720/ENSG00000050730/ENSG00000100985/ENSG00000102794/ENSG00000108691/ENSG00000113302/ENSG00000121594/ENSG00000134326/ENSG00000138755/ENSG00000154451/ENSG00000156234/ENSG00000167207/ENSG00000167634/ENSG00000169245/ENSG00000169248/ENSG00000172243/ENSG00000255833/ENSG00000260314",19
"GO:0061844","GO:0061844","antimicrobial humoral immune response mediated by antimicrobial peptide","14/275","175/21468",0.08,6.24523636363636,7.9363619574257,6.2206327593008e-08,2.56979383043008e-06,2.05024268894736e-06,"ENSG00000102970/ENSG00000106178/ENSG00000108691/ENSG00000108702/ENSG00000131142/ENSG00000138755/ENSG00000156234/ENSG00000167207/ENSG00000169245/ENSG00000169248/ENSG00000172156/ENSG00000172724/ENSG00000181374/ENSG00000274736",14
"GO:0016064","GO:0016064","immunoglobulin mediated immune response","16/275","237/21468",0.0675105485232067,5.2702416570771,7.5300386735638,7.64786947068397e-08,3.11727159625079e-06,2.48703348260698e-06,"ENSG00000049768/ENSG00000100385/ENSG00000103522/ENSG00000104921/ENSG00000117322/ENSG00000124334/ENSG00000125730/ENSG00000149131/ENSG00000150337/ENSG00000162894/ENSG00000167207/ENSG00000177455/ENSG00000197721/ENSG00000203710/ENSG00000203747/ENSG00000226979",16
"GO:0002673","GO:0002673","regulation of acute inflammatory response","9/275","61/21468",0.147540983606557,11.5178539493294,9.370655132936,7.89539456080978e-08,3.1758185753152e-06,2.53374365614907e-06,"ENSG00000060566/ENSG00000099985/ENSG00000117215/ENSG00000125730/ENSG00000126353/ENSG00000150337/ENSG00000151651/ENSG00000180549/ENSG00000185897",9
"GO:0071219","GO:0071219","cellular response to molecule of bacterial origin","18/275","303/21468",0.0594059405940594,4.63755175517552,7.26402223756102,8.18914845167732e-08,3.25119828789319e-06,2.59388338517243e-06,"ENSG00000013725/ENSG00000035720/ENSG00000050730/ENSG00000100985/ENSG00000102794/ENSG00000108691/ENSG00000113302/ENSG00000121594/ENSG00000134326/ENSG00000138755/ENSG00000154451/ENSG00000156234/ENSG00000167207/ENSG00000167634/ENSG00000169245/ENSG00000169248/ENSG00000255833/ENSG00000260314",18
"GO:0045807","GO:0045807","positive regulation of endocytosis","14/275","186/21468",0.0752688172043011,5.87589442815249,7.60782216817524,1.33082810405876e-07,5.18883097583694e-06,4.13977286676452e-06,"ENSG00000007908/ENSG00000035720/ENSG00000089012/ENSG00000100385/ENSG00000108691/ENSG00000111537/ENSG00000125730/ENSG00000126759/ENSG00000147168/ENSG00000150337/ENSG00000167207/ENSG00000172243/ENSG00000172724/ENSG00000186074",14
"GO:0019724","GO:0019724","B cell mediated immunity","16/275","247/21468",0.0647773279352227,5.05687154950313,7.30487211184415,1.35025686596188e-07,5.18883097583694e-06,4.13977286676452e-06,"ENSG00000049768/ENSG00000100385/ENSG00000103522/ENSG00000104921/ENSG00000117322/ENSG00000124334/ENSG00000125730/ENSG00000149131/ENSG00000150337/ENSG00000162894/ENSG00000167207/ENSG00000177455/ENSG00000197721/ENSG00000203710/ENSG00000203747/ENSG00000226979",16
"GO:0050853","GO:0050853","B cell receptor signaling pathway","10/275","85/21468",0.117647058823529,9.18417112299465,8.61203234645559,1.35788838098448e-07,5.18883097583694e-06,4.13977286676452e-06,"ENSG00000035720/ENSG00000105369/ENSG00000136573/ENSG00000153064/ENSG00000154822/ENSG00000156738/ENSG00000160856/ENSG00000162894/ENSG00000163599/ENSG00000177455",10
"GO:0002705","GO:0002705","positive regulation of leukocyte mediated immunity","17/275","288/21468",0.0590277777777778,4.6080303030303,7.02197450657348,2.06971692531497e-07,7.81126498850355e-06,6.23201314614008e-06,"ENSG00000035720/ENSG00000049768/ENSG00000089692/ENSG00000104921/ENSG00000113302/ENSG00000125730/ENSG00000134321/ENSG00000138684/ENSG00000150337/ENSG00000150782/ENSG00000158477/ENSG00000158485/ENSG00000167207/ENSG00000172243/ENSG00000173762/ENSG00000189013/ENSG00000226979",17
"GO:0001818","GO:0001818","negative regulation of cytokine production","22/275","473/21468",0.0465116279069767,3.63095137420719,6.5908474291348,2.20891402047462e-07,8.23493922023281e-06,6.5700305332987e-06,"ENSG00000049768/ENSG00000089692/ENSG00000102794/ENSG00000107738/ENSG00000111537/ENSG00000113302/ENSG00000125245/ENSG00000126353/ENSG00000131203/ENSG00000153064/ENSG00000155659/ENSG00000163606/ENSG00000167207/ENSG00000167634/ENSG00000169194/ENSG00000171522/ENSG00000171855/ENSG00000173208/ENSG00000181847/ENSG00000182393/ENSG00000186188/ENSG00000203710",22
"GO:0002824","GO:0002824","positive regulation of adaptive immune response based on somatic recombination of immune receptors built from immunoglobulin superfamily domains","15/275","225/21468",0.0666666666666667,5.20436363636364,7.22169947572867,2.31189705433984e-07,8.5150232471288e-06,6.79348823703921e-06,"ENSG00000049768/ENSG00000102524/ENSG00000104921/ENSG00000113302/ENSG00000125730/ENSG00000134321/ENSG00000150337/ENSG00000150782/ENSG00000158477/ENSG00000158485/ENSG00000167207/ENSG00000172243/ENSG00000173762/ENSG00000205846/ENSG00000226979",15
"GO:1990266","GO:1990266","neutrophil migration","11/275","115/21468",0.0956521739130435,7.46713043478261,7.92112554073517,2.7357107750011e-07,9.956033141879e-06,7.94316023267863e-06,"ENSG00000126353/ENSG00000138755/ENSG00000151651/ENSG00000153898/ENSG00000156234/ENSG00000158714/ENSG00000167207/ENSG00000169245/ENSG00000169248/ENSG00000172724/ENSG00000180549",11
"GO:0072678","GO:0072678","T cell migration","10/275","93/21468",0.10752688172043,8.3941348973607,8.14013463594333,3.20457939941915e-07,1.15251755576757e-05,9.19505940365842e-06,"ENSG00000102879/ENSG00000108691/ENSG00000136286/ENSG00000151651/ENSG00000154165/ENSG00000156234/ENSG00000163606/ENSG00000169245/ENSG00000169248/ENSG00000180549",10
"GO:0002821","GO:0002821","positive regulation of adaptive immune response","15/275","231/21468",0.0649350649350649,5.06918536009445,7.08308878734781,3.24479654550038e-07,1.15341198134822e-05,9.2021953438487e-06,"ENSG00000049768/ENSG00000102524/ENSG00000104921/ENSG00000113302/ENSG00000125730/ENSG00000134321/ENSG00000150337/ENSG00000150782/ENSG00000158477/ENSG00000158485/ENSG00000167207/ENSG00000172243/ENSG00000173762/ENSG00000205846/ENSG00000226979",15
"GO:0002438","GO:0002438","acute inflammatory response to antigenic stimulus","7/275","37/21468",0.189189189189189,14.7691400491401,9.54865642711006,3.88660284846908e-07,1.36567182847931e-05,1.0895654930312e-05,"ENSG00000013725/ENSG00000117215/ENSG00000125730/ENSG00000126353/ENSG00000150337/ENSG00000180549/ENSG00000203747",7
"GO:0006909","GO:0006909","phagocytosis","16/275","268/21468",0.0597014925373134,4.66062415196744,6.8692672548008,4.07849734172957e-07,1.41681436064401e-05,1.13036822258223e-05,"ENSG00000035720/ENSG00000089012/ENSG00000092929/ENSG00000100385/ENSG00000102879/ENSG00000108691/ENSG00000111537/ENSG00000125730/ENSG00000126759/ENSG00000136286/ENSG00000147168/ENSG00000150337/ENSG00000167207/ENSG00000171631/ENSG00000172243/ENSG00000186074",16
"GO:0030449","GO:0030449","regulation of complement activation","6/275","24/21468",0.25,19.5163636363636,10.3386594166018,4.63908445602825e-07,1.59344732382903e-05,1.27129020515878e-05,"ENSG00000117322/ENSG00000125730/ENSG00000149131/ENSG00000155659/ENSG00000197721/ENSG00000203710",6
"GO:0002922","GO:0002922","positive regulation of humoral immune response","7/275","38/21468",0.184210526315789,14.3804784688995,9.40390346610091,4.71238291686504e-07,1.60063939742849e-05,1.27702821267559e-05,"ENSG00000102794/ENSG00000104921/ENSG00000125730/ENSG00000126353/ENSG00000167207/ENSG00000203710/ENSG00000226979",7
"GO:0140888","GO:0140888","interferon-mediated signaling pathway","11/275","122/21468",0.0901639344262295,7.03868852459016,7.61938814879953,4.98548717216322e-07,1.67479497640692e-05,1.33619129877411e-05,"ENSG00000111335/ENSG00000111537/ENSG00000115415/ENSG00000117322/ENSG00000124256/ENSG00000135114/ENSG00000165949/ENSG00000171855/ENSG00000182393/ENSG00000183709/ENSG00000197110",11
"GO:0022408","GO:0022408","negative regulation of cell-cell adhesion","16/275","273/21468",0.0586080586080586,4.57526473526474,6.77218204997063,5.22222474689764e-07,1.73525446209414e-05,1.38442731562492e-05,"ENSG00000049768/ENSG00000089692/ENSG00000104951/ENSG00000107738/ENSG00000117215/ENSG00000121594/ENSG00000127951/ENSG00000131142/ENSG00000131203/ENSG00000155659/ENSG00000163599/ENSG00000171855/ENSG00000181847/ENSG00000182393/ENSG00000188389/ENSG00000203710",16
"GO:0002335","GO:0002335","mature B cell differentiation","7/275","40/21468",0.175,13.6614545454545,9.13016409317449,6.81083498976813e-07,2.20114940016742e-05,1.75612938732087e-05,"ENSG00000100060/ENSG00000138684/ENSG00000147168/ENSG00000154822/ENSG00000158714/ENSG00000177455/ENSG00000203710",7
"GO:0032609","GO:0032609","type II interferon production","13/275","182/21468",0.0714285714285714,5.5761038961039,7.06220544258267,6.84033997435084e-07,2.20114940016742e-05,1.75612938732087e-05,"ENSG00000049768/ENSG00000107738/ENSG00000113302/ENSG00000126353/ENSG00000138684/ENSG00000150782/ENSG00000167207/ENSG00000172243/ENSG00000182393/ENSG00000197272/ENSG00000203710/ENSG00000221887/ENSG00000226979",13
"GO:0032649","GO:0032649","regulation of type II interferon production","13/275","182/21468",0.0714285714285714,5.5761038961039,7.06220544258267,6.84033997435084e-07,2.20114940016742e-05,1.75612938732087e-05,"ENSG00000049768/ENSG00000107738/ENSG00000113302/ENSG00000126353/ENSG00000138684/ENSG00000150782/ENSG00000167207/ENSG00000172243/ENSG00000182393/ENSG00000197272/ENSG00000203710/ENSG00000221887/ENSG00000226979",13
"GO:0050777","GO:0050777","negative regulation of immune response","17/275","315/21468",0.053968253968254,4.21305627705628,6.54400210752724,7.27376681758219e-07,2.31624012097383e-05,1.84795150398442e-05,"ENSG00000049768/ENSG00000102794/ENSG00000104951/ENSG00000113302/ENSG00000117322/ENSG00000121594/ENSG00000127951/ENSG00000149131/ENSG00000155659/ENSG00000158714/ENSG00000167207/ENSG00000171855/ENSG00000182393/ENSG00000188389/ENSG00000189013/ENSG00000197721/ENSG00000203710",17
"GO:0002526","GO:0002526","acute inflammatory response","11/275","127/21468",0.0866141732283465,6.76157480314961,7.41807958445074,7.46891119146217e-07,2.3538620115773e-05,1.87796714385435e-05,"ENSG00000013725/ENSG00000060566/ENSG00000099985/ENSG00000117215/ENSG00000125730/ENSG00000126353/ENSG00000150337/ENSG00000151651/ENSG00000180549/ENSG00000185897/ENSG00000203747",11
"GO:0002287","GO:0002287","alpha-beta T cell activation involved in immune response","10/275","102/21468",0.0980392156862745,7.65347593582888,7.67260552703119,7.63637845752761e-07,2.3580211055214e-05,1.88128536800547e-05,"ENSG00000049768/ENSG00000111537/ENSG00000113302/ENSG00000121594/ENSG00000138684/ENSG00000150782/ENSG00000163508/ENSG00000171522/ENSG00000172724/ENSG00000197272",10
"GO:0002293","GO:0002293","alpha-beta T cell differentiation involved in immune response","10/275","102/21468",0.0980392156862745,7.65347593582888,7.67260552703119,7.63637845752761e-07,2.3580211055214e-05,1.88128536800547e-05,"ENSG00000049768/ENSG00000111537/ENSG00000113302/ENSG00000121594/ENSG00000138684/ENSG00000150782/ENSG00000163508/ENSG00000171522/ENSG00000172724/ENSG00000197272",10
"GO:0002675","GO:0002675","positive regulation of acute inflammatory response","7/275","41/21468",0.170731707317073,13.3282483370288,9.00053704339706,8.1237378757519e-07,2.43473202805623e-05,1.94248716802035e-05,"ENSG00000060566/ENSG00000099985/ENSG00000125730/ENSG00000126353/ENSG00000150337/ENSG00000151651/ENSG00000185897",7
"GO:0048245","GO:0048245","eosinophil chemotaxis","7/275","41/21468",0.170731707317073,13.3282483370288,9.00053704339706,8.1237378757519e-07,2.43473202805623e-05,1.94248716802035e-05,"ENSG00000106178/ENSG00000108691/ENSG00000108702/ENSG00000131142/ENSG00000172156/ENSG00000181374/ENSG00000274736",7
"GO:0070670","GO:0070670","response to interleukin-4","7/275","41/21468",0.170731707317073,13.3282483370288,9.00053704339706,8.1237378757519e-07,2.43473202805623e-05,1.94248716802035e-05,"ENSG00000102879/ENSG00000147168/ENSG00000164935/ENSG00000172156/ENSG00000186074/ENSG00000188282/ENSG00000260314",7
"GO:0045916","GO:0045916","negative regulation of complement activation","5/275","15/21468",0.333333333333333,26.0218181818182,11.0427256665295,8.99229459470713e-07,2.66887811417667e-05,2.1292944891095e-05,"ENSG00000117322/ENSG00000149131/ENSG00000155659/ENSG00000197721/ENSG00000203710",5
"GO:0002700","GO:0002700","regulation of production of molecular mediator of immune response","16/275","285/21468",0.056140350877193,4.38262200956938,6.5484418183108,9.23890542845112e-07,2.71570518218991e-05,2.16665423863575e-05,"ENSG00000049768/ENSG00000134321/ENSG00000138623/ENSG00000138684/ENSG00000150782/ENSG00000160856/ENSG00000167207/ENSG00000169194/ENSG00000170476/ENSG00000171855/ENSG00000172243/ENSG00000173762/ENSG00000185897/ENSG00000188820/ENSG00000189013/ENSG00000203710",16
"GO:0034767","GO:0034767","positive regulation of monoatomic ion transmembrane transport","12/275","159/21468",0.0754716981132075,5.89173241852487,7.05237709487793,1.03019629477503e-06,2.97104723879932e-05,2.37037220952706e-05,"ENSG00000083454/ENSG00000108691/ENSG00000111537/ENSG00000137731/ENSG00000138755/ENSG00000156738/ENSG00000169194/ENSG00000169245/ENSG00000169248/ENSG00000171631/ENSG00000177455/ENSG00000186810",12
"GO:0045582","GO:0045582","positive regulation of T cell differentiation","12/275","159/21468",0.0754716981132075,5.89173241852487,7.05237709487793,1.03019629477503e-06,2.97104723879932e-05,2.37037220952706e-05,"ENSG00000049768/ENSG00000104951/ENSG00000107738/ENSG00000111537/ENSG00000113302/ENSG00000121594/ENSG00000147168/ENSG00000150782/ENSG00000151651/ENSG00000169884/ENSG00000172724/ENSG00000203710",12
"GO:0072676","GO:0072676","lymphocyte migration","11/275","132/21468",0.0833333333333333,6.50545454545455,7.22735606950555,1.0984152887422e-06,3.13818274549992e-05,2.50371689524415e-05,"ENSG00000102879/ENSG00000108691/ENSG00000126353/ENSG00000136286/ENSG00000151651/ENSG00000154165/ENSG00000156234/ENSG00000163606/ENSG00000169245/ENSG00000169248/ENSG00000180549",11
"GO:0051281","GO:0051281","positive regulation of release of sequestered calcium ion into cytosol","7/275","43/21468",0.162790697674419,12.7083298097252,8.75436330829202,1.13921690601445e-06,3.224616742302e-05,2.57267599535621e-05,"ENSG00000138755/ENSG00000169194/ENSG00000169245/ENSG00000169248/ENSG00000171631/ENSG00000177455/ENSG00000186810",7
"GO:0032740","GO:0032740","positive regulation of interleukin-17 production","6/275","28/21468",0.214285714285714,16.7283116883117,9.48646782686698,1.24379255399597e-06,3.48832462161988e-05,2.78306841874327e-05,"ENSG00000099985/ENSG00000108702/ENSG00000113302/ENSG00000138684/ENSG00000150782/ENSG00000167207",6
"GO:0051770","GO:0051770","positive regulation of nitric-oxide synthase biosynthetic process","5/275","16/21468",0.3125,24.3954545454545,10.6638343597686,1.29429494041544e-06,3.53885633842163e-05,2.82338382525797e-05,"ENSG00000104921/ENSG00000108691/ENSG00000111537/ENSG00000115415/ENSG00000167207",5
"GO:0002712","GO:0002712","regulation of B cell mediated immunity","9/275","84/21468",0.107142857142857,8.36415584415584,7.70324918835029,1.29653879588886e-06,3.53885633842163e-05,2.82338382525797e-05,"ENSG00000049768/ENSG00000104921/ENSG00000117322/ENSG00000125730/ENSG00000150337/ENSG00000167207/ENSG00000197721/ENSG00000203710/ENSG00000226979",9
"GO:0002889","GO:0002889","regulation of immunoglobulin mediated immune response","9/275","84/21468",0.107142857142857,8.36415584415584,7.70324918835029,1.29653879588886e-06,3.53885633842163e-05,2.82338382525797e-05,"ENSG00000049768/ENSG00000104921/ENSG00000117322/ENSG00000125730/ENSG00000150337/ENSG00000167207/ENSG00000197721/ENSG00000203710/ENSG00000226979",9
"GO:0002709","GO:0002709","regulation of T cell mediated immunity","13/275","194/21468",0.0670103092783505,5.23119025304592,6.7436441779701,1.40747183142733e-06,3.77907401446389e-05,3.01503520531406e-05,"ENSG00000049768/ENSG00000104951/ENSG00000113302/ENSG00000121594/ENSG00000134321/ENSG00000150782/ENSG00000158477/ENSG00000158485/ENSG00000167207/ENSG00000171855/ENSG00000173762/ENSG00000180549/ENSG00000188389",13
"GO:0002455","GO:0002455","humoral immune response mediated by circulating immunoglobulin","9/275","85/21468",0.105882352941176,8.26575401069519,7.64560120030829,1.43399602773245e-06,3.77907401446389e-05,3.01503520531406e-05,"ENSG00000104921/ENSG00000117322/ENSG00000125730/ENSG00000149131/ENSG00000162894/ENSG00000167207/ENSG00000197721/ENSG00000203710/ENSG00000226979",9
"GO:0051279","GO:0051279","regulation of release of sequestered calcium ion into cytosol","9/275","85/21468",0.105882352941176,8.26575401069519,7.64560120030829,1.43399602773245e-06,3.77907401446389e-05,3.01503520531406e-05,"ENSG00000102879/ENSG00000138755/ENSG00000155962/ENSG00000169194/ENSG00000169245/ENSG00000169248/ENSG00000171631/ENSG00000177455/ENSG00000186810",9
"GO:1904427","GO:1904427","positive regulation of calcium ion transmembrane transport","9/275","85/21468",0.105882352941176,8.26575401069519,7.64560120030829,1.43399602773245e-06,3.77907401446389e-05,3.01503520531406e-05,"ENSG00000083454/ENSG00000138755/ENSG00000156738/ENSG00000169194/ENSG00000169245/ENSG00000169248/ENSG00000171631/ENSG00000177455/ENSG00000186810",9
"GO:0051209","GO:0051209","release of sequestered calcium ion into cytosol","11/275","136/21468",0.0808823529411765,6.31411764705882,7.08175075495662,1.47708642515282e-06,3.85936171084802e-05,3.07909064064696e-05,"ENSG00000102879/ENSG00000126353/ENSG00000138755/ENSG00000155962/ENSG00000169194/ENSG00000169245/ENSG00000169248/ENSG00000171631/ENSG00000172724/ENSG00000177455/ENSG00000186810",11
"GO:0032735","GO:0032735","positive regulation of interleukin-12 production","8/275","64/21468",0.125,9.75818181818182,7.99304538003546,1.5581174569442e-06,4.03658056430374e-05,3.22048006042793e-05,"ENSG00000111537/ENSG00000113302/ENSG00000126353/ENSG00000131203/ENSG00000167207/ENSG00000172243/ENSG00000172724/ENSG00000227507",8
"GO:0002823","GO:0002823","negative regulation of adaptive immune response based on somatic recombination of immune receptors built from immunoglobulin superfamily domains","9/275","86/21468",0.104651162790698,8.16964059196617,7.58888994027795,1.58384693551847e-06,4.04550296319477e-05,3.22759856265079e-05,"ENSG00000049768/ENSG00000104951/ENSG00000117322/ENSG00000121594/ENSG00000167207/ENSG00000171855/ENSG00000188389/ENSG00000197721/ENSG00000203710",9
"GO:0051283","GO:0051283","negative regulation of sequestering of calcium ion","11/275","137/21468",0.0802919708029197,6.26802919708029,7.04625985135859,1.58802864109706e-06,4.04550296319477e-05,3.22759856265079e-05,"ENSG00000102879/ENSG00000126353/ENSG00000138755/ENSG00000155962/ENSG00000169194/ENSG00000169245/ENSG00000169248/ENSG00000171631/ENSG00000172724/ENSG00000177455/ENSG00000186810",11
"GO:0045071","GO:0045071","negative regulation of viral genome replication","8/275","65/21468",0.123076923076923,9.60805594405594,7.91735720659693,1.75726683002668e-06,4.40324975359964e-05,3.51301746779277e-05,"ENSG00000111335/ENSG00000128383/ENSG00000134321/ENSG00000135114/ENSG00000157601/ENSG00000171855/ENSG00000172183/ENSG00000197110",8
"GO:0045589","GO:0045589","regulation of regulatory T cell differentiation","8/275","65/21468",0.123076923076923,9.60805594405594,7.91735720659693,1.75726683002668e-06,4.40324975359964e-05,3.51301746779277e-05,"ENSG00000049768/ENSG00000089692/ENSG00000104951/ENSG00000107738/ENSG00000111537/ENSG00000147168/ENSG00000163599/ENSG00000203710",8
"GO:0002437","GO:0002437","inflammatory response to antigenic stimulus","10/275","112/21468",0.0892857142857143,6.97012987012987,7.21586899303316,1.81348752709362e-06,4.48834504465351e-05,3.58090851659253e-05,"ENSG00000013725/ENSG00000113302/ENSG00000117215/ENSG00000125730/ENSG00000126353/ENSG00000150337/ENSG00000167207/ENSG00000180549/ENSG00000203747/ENSG00000226979",10
"GO:0051282","GO:0051282","regulation of sequestering of calcium ion","11/275","139/21468",0.079136690647482,6.1778417266187,6.97632541025169,1.83207884900227e-06,4.48834504465351e-05,3.58090851659253e-05,"ENSG00000102879/ENSG00000126353/ENSG00000138755/ENSG00000155962/ENSG00000169194/ENSG00000169245/ENSG00000169248/ENSG00000171631/ENSG00000172724/ENSG00000177455/ENSG00000186810",11
"GO:0002708","GO:0002708","positive regulation of lymphocyte mediated immunity","15/275","265/21468",0.0566037735849057,4.41879931389365,6.37901604350792,1.83527357076117e-06,4.48834504465351e-05,3.58090851659253e-05,"ENSG00000049768/ENSG00000089692/ENSG00000104921/ENSG00000113302/ENSG00000125730/ENSG00000134321/ENSG00000138684/ENSG00000150337/ENSG00000150782/ENSG00000158477/ENSG00000158485/ENSG00000167207/ENSG00000173762/ENSG00000189013/ENSG00000226979",15
"GO:0050671","GO:0050671","positive regulation of lymphocyte proliferation","13/275","200/21468",0.065,5.07425454545455,6.59410163655857,1.97831714897622e-06,4.7997742257304e-05,3.82937413047444e-05,"ENSG00000013725/ENSG00000049768/ENSG00000090659/ENSG00000102524/ENSG00000102879/ENSG00000113302/ENSG00000121594/ENSG00000138684/ENSG00000150782/ENSG00000160856/ENSG00000169194/ENSG00000172724/ENSG00000203747",13
"GO:0050851","GO:0050851","antigen receptor-mediated signaling pathway","15/275","269/21468",0.0557620817843866,4.35309226089895,6.3040516371613,2.20878060574012e-06,5.31672622972247e-05,4.241810744716e-05,"ENSG00000035720/ENSG00000049768/ENSG00000105369/ENSG00000124557/ENSG00000126353/ENSG00000136573/ENSG00000153064/ENSG00000154822/ENSG00000156738/ENSG00000160856/ENSG00000162894/ENSG00000163519/ENSG00000163599/ENSG00000167286/ENSG00000177455",15
"GO:0032946","GO:0032946","positive regulation of mononuclear cell proliferation","13/275","203/21468",0.0640394088669951,4.99926556202418,6.52155820692012,2.33441081047945e-06,5.57522956846538e-05,4.44805086174415e-05,"ENSG00000013725/ENSG00000049768/ENSG00000090659/ENSG00000102524/ENSG00000102879/ENSG00000113302/ENSG00000121594/ENSG00000138684/ENSG00000150782/ENSG00000160856/ENSG00000169194/ENSG00000172724/ENSG00000203747",13
"GO:0051208","GO:0051208","sequestering of calcium ion","11/275","143/21468",0.0769230769230769,6.00503496503497,6.84047752945805,2.42076155074092e-06,5.73664190745349e-05,4.57682946802669e-05,"ENSG00000102879/ENSG00000126353/ENSG00000138755/ENSG00000155962/ENSG00000169194/ENSG00000169245/ENSG00000169248/ENSG00000171631/ENSG00000172724/ENSG00000177455/ENSG00000186810",11
"GO:0019079","GO:0019079","viral genome replication","11/275","144/21468",0.0763888888888889,5.96333333333333,6.80731986919889,2.59159550635781e-06,6.09423650995063e-05,4.86212695403324e-05,"ENSG00000090659/ENSG00000108691/ENSG00000111335/ENSG00000128383/ENSG00000134321/ENSG00000135114/ENSG00000157601/ENSG00000165949/ENSG00000171855/ENSG00000172183/ENSG00000197110",11
"GO:1904064","GO:1904064","positive regulation of cation transmembrane transport","11/275","145/21468",0.0758620689655172,5.92220689655172,6.77447303156531,2.77290543363543e-06,6.47081825238436e-05,5.16257283224853e-05,"ENSG00000083454/ENSG00000111537/ENSG00000137731/ENSG00000138755/ENSG00000156738/ENSG00000169194/ENSG00000169245/ENSG00000169248/ENSG00000171631/ENSG00000177455/ENSG00000186810",11
"GO:0045621","GO:0045621","positive regulation of lymphocyte differentiation","12/275","175/21468",0.0685714285714286,5.35305974025974,6.58644440896999,2.82644665158579e-06,6.54579349537709e-05,5.22238986580883e-05,"ENSG00000049768/ENSG00000104951/ENSG00000107738/ENSG00000111537/ENSG00000113302/ENSG00000121594/ENSG00000147168/ENSG00000150782/ENSG00000151651/ENSG00000169884/ENSG00000172724/ENSG00000203710",12
"GO:0002923","GO:0002923","regulation of humoral immune response mediated by circulating immunoglobulin","6/275","32/21468",0.1875,14.6372727272727,8.7939997081126,2.86580969522745e-06,6.58705281075963e-05,5.25530752975227e-05,"ENSG00000104921/ENSG00000117322/ENSG00000167207/ENSG00000197721/ENSG00000203710/ENSG00000226979",6
"GO:0007259","GO:0007259","cell surface receptor signaling pathway via JAK-STAT","11/275","146/21468",0.0753424657534247,5.88164383561644,6.74193179303572,2.96523464691351e-06,6.76471814598104e-05,5.3970531633139e-05,"ENSG00000099985/ENSG00000108691/ENSG00000111537/ENSG00000113302/ENSG00000115415/ENSG00000138684/ENSG00000150782/ENSG00000171855/ENSG00000182393/ENSG00000183709/ENSG00000197110",11
"GO:0002921","GO:0002921","negative regulation of humoral immune response","5/275","19/21468",0.263157894736842,20.5435406698565,9.70805724977631,3.33863851915963e-06,7.56016144671926e-05,6.03167676326929e-05,"ENSG00000117322/ENSG00000149131/ENSG00000155659/ENSG00000197721/ENSG00000203710",5
"GO:0007162","GO:0007162","negative regulation of cell adhesion","18/275","392/21468",0.0459183673469388,3.58463821892393,5.88307664570388,3.4357483704932e-06,7.72285497691009e-05,6.16147753439067e-05,"ENSG00000049768/ENSG00000089692/ENSG00000104951/ENSG00000107738/ENSG00000117215/ENSG00000121594/ENSG00000127951/ENSG00000131142/ENSG00000131203/ENSG00000134028/ENSG00000152270/ENSG00000155659/ENSG00000163599/ENSG00000171855/ENSG00000181847/ENSG00000182393/ENSG00000188389/ENSG00000203710",18
"GO:0002440","GO:0002440","production of molecular mediator of immune response","16/275","321/21468",0.0498442367601246,3.89111299915038,5.94496094582377,4.31504451768426e-06,9.61869061459292e-05,7.67402033435318e-05,"ENSG00000049768/ENSG00000134321/ENSG00000138623/ENSG00000138684/ENSG00000150782/ENSG00000160856/ENSG00000167207/ENSG00000169194/ENSG00000170476/ENSG00000171855/ENSG00000172243/ENSG00000173762/ENSG00000185897/ENSG00000188820/ENSG00000189013/ENSG00000203710",16
"GO:0019058","GO:0019058","viral life cycle","18/275","399/21468",0.0451127819548872,3.52174982911825,5.79191650237481,4.39234916674697e-06,9.61869061459292e-05,7.67402033435318e-05,"ENSG00000078081/ENSG00000090659/ENSG00000108691/ENSG00000111335/ENSG00000117322/ENSG00000121594/ENSG00000121966/ENSG00000128383/ENSG00000134321/ENSG00000135114/ENSG00000154165/ENSG00000157601/ENSG00000165949/ENSG00000171855/ENSG00000172183/ENSG00000197110/ENSG00000203710/ENSG00000260314",18
"GO:0051767","GO:0051767","nitric-oxide synthase biosynthetic process","5/275","20/21468",0.25,19.5163636363636,9.43698151786754,4.40502677802751e-06,9.61869061459292e-05,7.67402033435318e-05,"ENSG00000104921/ENSG00000108691/ENSG00000111537/ENSG00000115415/ENSG00000167207",5
"GO:0051769","GO:0051769","regulation of nitric-oxide synthase biosynthetic process","5/275","20/21468",0.25,19.5163636363636,9.43698151786754,4.40502677802751e-06,9.61869061459292e-05,7.67402033435318e-05,"ENSG00000104921/ENSG00000108691/ENSG00000111537/ENSG00000115415/ENSG00000167207",5
"GO:0002820","GO:0002820","negative regulation of adaptive immune response","9/275","98/21468",0.0918367346938776,7.16927643784787,6.97269732745969,4.74163307622648e-06,0.000101364841356814,8.08712833096559e-05,"ENSG00000049768/ENSG00000104951/ENSG00000117322/ENSG00000121594/ENSG00000167207/ENSG00000171855/ENSG00000188389/ENSG00000197721/ENSG00000203710",9
"GO:0032615","GO:0032615","interleukin-12 production","9/275","98/21468",0.0918367346938776,7.16927643784787,6.97269732745969,4.74163307622648e-06,0.000101364841356814,8.08712833096559e-05,"ENSG00000111537/ENSG00000113302/ENSG00000126353/ENSG00000131203/ENSG00000167207/ENSG00000172243/ENSG00000172724/ENSG00000181847/ENSG00000227507",9
"GO:0032655","GO:0032655","regulation of interleukin-12 production","9/275","98/21468",0.0918367346938776,7.16927643784787,6.97269732745969,4.74163307622648e-06,0.000101364841356814,8.08712833096559e-05,"ENSG00000111537/ENSG00000113302/ENSG00000126353/ENSG00000131203/ENSG00000167207/ENSG00000172243/ENSG00000172724/ENSG00000181847/ENSG00000227507",9
"GO:0002544","GO:0002544","chronic inflammatory response","6/275","35/21468",0.171428571428571,13.3826493506494,8.35145068618518,4.97037262652428e-06,0.000105516868883922,8.41838697050933e-05,"ENSG00000049768/ENSG00000092929/ENSG00000131203/ENSG00000156234/ENSG00000172156/ENSG00000226979",6
"GO:0002861","GO:0002861","regulation of inflammatory response to antigenic stimulus","8/275","75/21468",0.106666666666667,8.32698181818182,7.2406191727922,5.25938248059737e-06,0.000110882291332318,8.84645314522259e-05,"ENSG00000113302/ENSG00000117215/ENSG00000125730/ENSG00000126353/ENSG00000150337/ENSG00000167207/ENSG00000180549/ENSG00000226979",8
"GO:0034764","GO:0034764","positive regulation of transmembrane transport","13/275","220/21468",0.0590909090909091,4.61295867768595,6.13579882647168,5.64778299178896e-06,0.000117966776920555,9.4116702692673e-05,"ENSG00000083454/ENSG00000108691/ENSG00000111537/ENSG00000125730/ENSG00000137731/ENSG00000138755/ENSG00000156738/ENSG00000169194/ENSG00000169245/ENSG00000169248/ENSG00000171631/ENSG00000177455/ENSG00000186810",13
"GO:0006874","GO:0006874","intracellular calcium ion homeostasis","16/275","328/21468",0.0487804878048781,3.80807095343681,5.83778792065171,5.67259280579706e-06,0.000117966776920555,9.4116702692673e-05,"ENSG00000102879/ENSG00000108702/ENSG00000126353/ENSG00000138755/ENSG00000140090/ENSG00000155962/ENSG00000169194/ENSG00000169245/ENSG00000169248/ENSG00000171631/ENSG00000172156/ENSG00000172724/ENSG00000177455/ENSG00000181374/ENSG00000186810/ENSG00000274736",16
"GO:0002828","GO:0002828","regulation of type 2 immune response","6/275","36/21468",0.166666666666667,13.0109090909091,8.2158326783108,5.90072772199761e-06,0.000121063923799642,9.65876801968807e-05,"ENSG00000131203/ENSG00000134321/ENSG00000150782/ENSG00000167207/ENSG00000171855/ENSG00000182393",6
"GO:0045577","GO:0045577","regulation of B cell differentiation","6/275","36/21468",0.166666666666667,13.0109090909091,8.2158326783108,5.90072772199761e-06,0.000121063923799642,9.65876801968807e-05,"ENSG00000104951/ENSG00000147168/ENSG00000158714/ENSG00000160856/ENSG00000161405/ENSG00000203710",6
"GO:0002294","GO:0002294","CD4-positive, alpha-beta T cell differentiation involved in immune response","9/275","101/21468",0.0891089108910891,6.95632763276328,6.8347604290617,6.08560956884906e-06,0.000124024723013144,9.89498762878826e-05,"ENSG00000049768/ENSG00000111537/ENSG00000113302/ENSG00000121594/ENSG00000138684/ENSG00000150782/ENSG00000171522/ENSG00000172724/ENSG00000197272",9
"GO:0019722","GO:0019722","calcium-mediated signaling","14/275","257/21468",0.0544747081712062,4.2525928546162,5.97546214253609,6.3146930862113e-06,0.000127841170626145,0.000101994729039746,"ENSG00000007908/ENSG00000083454/ENSG00000121966/ENSG00000126353/ENSG00000140090/ENSG00000153898/ENSG00000155962/ENSG00000160683/ENSG00000163519/ENSG00000172243/ENSG00000179934/ENSG00000183813/ENSG00000186810/ENSG00000203747",14
"GO:0070665","GO:0070665","positive regulation of leukocyte proliferation","13/275","223/21468",0.0582959641255605,4.55090093762739,6.07181354164495,6.54216200675123e-06,0.000131574929306832,0.000104973610593093,"ENSG00000013725/ENSG00000049768/ENSG00000090659/ENSG00000102524/ENSG00000102879/ENSG00000113302/ENSG00000121594/ENSG00000138684/ENSG00000150782/ENSG00000160856/ENSG00000169194/ENSG00000172724/ENSG00000203747",13
"GO:0043372","GO:0043372","positive regulation of CD4-positive, alpha-beta T cell differentiation","7/275","56/21468",0.125,9.75818181818182,7.47541244054076,7.11377213832301e-06,0.000142135957038258,0.000113399449910522,"ENSG00000049768/ENSG00000111537/ENSG00000113302/ENSG00000121594/ENSG00000147168/ENSG00000150782/ENSG00000172724",7
"GO:0002864","GO:0002864","regulation of acute inflammatory response to antigenic stimulus","5/275","22/21468",0.227272727272727,17.7421487603306,8.94963229134743,7.32666316005385e-06,0.000145439021300549,0.000116034713204681,"ENSG00000117215/ENSG00000125730/ENSG00000126353/ENSG00000150337/ENSG00000180549",5
"GO:0002604","GO:0002604","regulation of dendritic cell antigen processing and presentation","4/275","11/21468",0.363636363636364,28.3874380165289,10.3494925355194,8.09948168564308e-06,0.000158718689185967,0.000126629548351113,"ENSG00000126353/ENSG00000127951/ENSG00000167207/ENSG00000172724",4
"GO:0097278","GO:0097278","complement-dependent cytotoxicity","4/275","11/21468",0.363636363636364,28.3874380165289,10.3494925355194,8.09948168564308e-06,0.000158718689185967,0.000126629548351113,"ENSG00000125730/ENSG00000169194/ENSG00000197721/ENSG00000203710",4
"GO:0071353","GO:0071353","cellular response to interleukin-4","6/275","38/21468",0.157894736842105,12.3261244019139,7.96008758343063,8.18564345759057e-06,0.000159385427069136,0.000127161487705245,"ENSG00000102879/ENSG00000147168/ENSG00000164935/ENSG00000186074/ENSG00000188282/ENSG00000260314",6
"GO:0051928","GO:0051928","positive regulation of calcium ion transport","10/275","133/21468",0.075187969924812,5.86958304853042,6.41692672068167,8.54426908831906e-06,0.000164412174675689,0.000131171946601784,"ENSG00000083454/ENSG00000108691/ENSG00000138755/ENSG00000156738/ENSG00000169194/ENSG00000169245/ENSG00000169248/ENSG00000171631/ENSG00000177455/ENSG00000186810",10
"GO:0043370","GO:0043370","regulation of CD4-positive, alpha-beta T cell differentiation","8/275","80/21468",0.1,7.80654545454546,6.94772245178943,8.55136924220954e-06,0.000164412174675689,0.000131171946601784,"ENSG00000049768/ENSG00000111537/ENSG00000113302/ENSG00000121594/ENSG00000147168/ENSG00000150782/ENSG00000172724/ENSG00000197272",8
"GO:0002361","GO:0002361","CD4-positive, CD25-positive, alpha-beta regulatory T cell differentiation","5/275","23/21468",0.217391304347826,16.9707509881423,8.72935261961473,9.26415361360047e-06,0.000177003234979854,0.00014121739422837,"ENSG00000049768/ENSG00000111537/ENSG00000117215/ENSG00000147168/ENSG00000180549",5
"GO:0042130","GO:0042130","negative regulation of T cell proliferation","9/275","110/21468",0.0818181818181818,6.38717355371901,6.45257148421512,1.22415200092438e-05,0.000232436811604088,0.000185443621192663,"ENSG00000049768/ENSG00000104951/ENSG00000107738/ENSG00000117215/ENSG00000121594/ENSG00000131203/ENSG00000155659/ENSG00000163599/ENSG00000203710",9
"GO:0002524","GO:0002524","hypersensitivity","5/275","25/21468",0.2,15.6130909090909,8.32770099729495,1.43240418758939e-05,0.000270299975398813,0.000215651754557805,"ENSG00000125730/ENSG00000126353/ENSG00000150337/ENSG00000180549/ENSG00000203747",5
"GO:0007204","GO:0007204","positive regulation of cytosolic calcium ion concentration","11/275","173/21468",0.0635838150289017,4.96369942196532,5.96266964883074,1.50435191659113e-05,0.000282135203007306,0.000225094180868044,"ENSG00000083454/ENSG00000108702/ENSG00000121966/ENSG00000126353/ENSG00000156234/ENSG00000160683/ENSG00000171522/ENSG00000179934/ENSG00000183813/ENSG00000186188/ENSG00000186810",11
"GO:0055074","GO:0055074","calcium ion homeostasis","16/275","357/21468",0.0448179271708683,3.49873185637892,5.42319430508468,1.62989061555259e-05,0.000303815586081968,0.000242391306561962,"ENSG00000102879/ENSG00000108702/ENSG00000126353/ENSG00000138755/ENSG00000140090/ENSG00000155962/ENSG00000169194/ENSG00000169245/ENSG00000169248/ENSG00000171631/ENSG00000172156/ENSG00000172724/ENSG00000177455/ENSG00000181374/ENSG00000186810/ENSG00000274736",16
"GO:0002686","GO:0002686","negative regulation of leukocyte migration","7/275","64/21468",0.109375,8.53840909090909,6.87983501687762,1.74633158952179e-05,0.000323187817536252,0.000257846933950208,"ENSG00000035720/ENSG00000108691/ENSG00000125245/ENSG00000131142/ENSG00000158714/ENSG00000163606/ENSG00000171522",7
"GO:0006957","GO:0006957","complement activation, alternative pathway","5/275","26/21468",0.192307692307692,15.0125874125874,8.14382005454027,1.75496165230677e-05,0.000323187817536252,0.000257846933950208,"ENSG00000117322/ENSG00000125730/ENSG00000126759/ENSG00000155659/ENSG00000203710",5
"GO:0097696","GO:0097696","cell surface receptor signaling pathway via STAT","11/275","176/21468",0.0625,4.87909090909091,5.88618447422184,1.76715467345666e-05,0.000323484541123174,0.000258083667091023,"ENSG00000099985/ENSG00000108691/ENSG00000111537/ENSG00000113302/ENSG00000115415/ENSG00000138684/ENSG00000150782/ENSG00000171855/ENSG00000182393/ENSG00000183709/ENSG00000197110",11
"GO:0002707","GO:0002707","negative regulation of lymphocyte mediated immunity","10/275","146/21468",0.0684931506849315,5.34694894146949,6.00347634077146,1.93722826959857e-05,0.000352506358343025,0.000281237963700494,"ENSG00000049768/ENSG00000104951/ENSG00000117322/ENSG00000121594/ENSG00000167207/ENSG00000171855/ENSG00000188389/ENSG00000189013/ENSG00000197721/ENSG00000203710",10
"GO:1902107","GO:1902107","positive regulation of leukocyte differentiation","13/275","248/21468",0.0524193548387097,4.09214076246334,5.57915224342216,2.03436085440529e-05,0.000363217422566784,0.000289783505702956,"ENSG00000049768/ENSG00000104951/ENSG00000107738/ENSG00000111537/ENSG00000113302/ENSG00000121594/ENSG00000147168/ENSG00000150782/ENSG00000151651/ENSG00000164935/ENSG00000169884/ENSG00000172724/ENSG00000203710",13
"GO:1903708","GO:1903708","positive regulation of hemopoiesis","13/275","248/21468",0.0524193548387097,4.09214076246334,5.57915224342216,2.03436085440529e-05,0.000363217422566784,0.000289783505702956,"ENSG00000049768/ENSG00000104951/ENSG00000107738/ENSG00000111537/ENSG00000113302/ENSG00000121594/ENSG00000147168/ENSG00000150782/ENSG00000151651/ENSG00000164935/ENSG00000169884/ENSG00000172724/ENSG00000203710",13
"GO:0032613","GO:0032613","interleukin-10 production","8/275","90/21468",0.0888888888888889,6.93915151515152,6.43158374863184,2.04795396922788e-05,0.000363217422566784,0.000289783505702956,"ENSG00000049768/ENSG00000107738/ENSG00000113302/ENSG00000131203/ENSG00000167207/ENSG00000169194/ENSG00000172243/ENSG00000181847",8
"GO:0032653","GO:0032653","regulation of interleukin-10 production","8/275","90/21468",0.0888888888888889,6.93915151515152,6.43158374863184,2.04795396922788e-05,0.000363217422566784,0.000289783505702956,"ENSG00000049768/ENSG00000107738/ENSG00000113302/ENSG00000131203/ENSG00000167207/ENSG00000169194/ENSG00000172243/ENSG00000181847",8
"GO:0002688","GO:0002688","regulation of leukocyte chemotaxis","10/275","147/21468",0.0680272108843537,5.31057513914657,5.97373438245185,2.0554993164558e-05,0.000363217422566784,0.000289783505702956,"ENSG00000035720/ENSG00000108691/ENSG00000108702/ENSG00000125245/ENSG00000126353/ENSG00000156234/ENSG00000158714/ENSG00000167207/ENSG00000169245/ENSG00000172724",10
"GO:0050920","GO:0050920","regulation of chemotaxis","13/275","249/21468",0.0522088353413655,4.07570646221249,5.56080810202789,2.12224103729812e-05,0.000372319150715715,0.000297045081076498,"ENSG00000035720/ENSG00000108691/ENSG00000108702/ENSG00000121966/ENSG00000125245/ENSG00000126353/ENSG00000156234/ENSG00000158714/ENSG00000167207/ENSG00000169245/ENSG00000172724/ENSG00000183813/ENSG00000186810",13
"GO:0042531","GO:0042531","positive regulation of tyrosine phosphorylation of STAT protein","5/275","27/21468",0.185185185185185,14.4565656565657,7.9698363603052,2.13136576301113e-05,0.000372319150715715,0.000297045081076498,"ENSG00000099985/ENSG00000111537/ENSG00000138684/ENSG00000150782/ENSG00000182393",5
"GO:0006816","GO:0006816","calcium ion transport","19/275","493/21468",0.0385395537525355,3.00860778167066,5.1395301934219,2.20874545316302e-05,0.000383644025586327,0.000306080335824086,"ENSG00000083454/ENSG00000102879/ENSG00000108691/ENSG00000121966/ENSG00000126353/ENSG00000138755/ENSG00000140090/ENSG00000153898/ENSG00000155962/ENSG00000156738/ENSG00000160856/ENSG00000169194/ENSG00000169245/ENSG00000169248/ENSG00000171631/ENSG00000172724/ENSG00000177455/ENSG00000186810/ENSG00000198216",19
"GO:0034765","GO:0034765","regulation of monoatomic ion transmembrane transport","16/275","368/21468",0.0434782608695652,3.39415019762846,5.27703385217879,2.36080404871943e-05,0.000406358422818682,0.000324202422626547,"ENSG00000083454/ENSG00000100985/ENSG00000102879/ENSG00000108691/ENSG00000111537/ENSG00000137731/ENSG00000138755/ENSG00000155962/ENSG00000156738/ENSG00000169194/ENSG00000169245/ENSG00000169248/ENSG00000171631/ENSG00000177455/ENSG00000177807/ENSG00000186810",16
"GO:0045620","GO:0045620","negative regulation of lymphocyte differentiation","7/275","67/21468",0.104477611940299,8.15609226594301,6.6827021555178,2.3661039994022e-05,0.000406358422818682,0.000324202422626547,"ENSG00000049768/ENSG00000089692/ENSG00000127951/ENSG00000163599/ENSG00000171855/ENSG00000182393/ENSG00000203710",7
"GO:0031341","GO:0031341","regulation of cell killing","13/275","253/21468",0.0513833992094862,4.01126841537909,5.48837803364184,2.50792548766379e-05,0.000428308838870849,0.000341714987057748,"ENSG00000035720/ENSG00000089692/ENSG00000104921/ENSG00000111537/ENSG00000113302/ENSG00000138684/ENSG00000158477/ENSG00000158485/ENSG00000169194/ENSG00000172243/ENSG00000189013/ENSG00000197721/ENSG00000203710",13
"GO:0042092","GO:0042092","type 2 immune response","6/275","46/21468",0.130434782608696,10.1824505928854,7.10171622691703,2.54895020310382e-05,0.000430505014966209,0.000343467148624109,"ENSG00000131203/ENSG00000134321/ENSG00000150782/ENSG00000167207/ENSG00000171855/ENSG00000182393",6
"GO:0070269","GO:0070269","pyroptotic inflammatory response","6/275","46/21468",0.130434782608696,10.1824505928854,7.10171622691703,2.54895020310382e-05,0.000430505014966209,0.000343467148624109,"ENSG00000091592/ENSG00000100453/ENSG00000124256/ENSG00000154451/ENSG00000163568/ENSG00000165949",6
"GO:2000516","GO:2000516","positive regulation of CD4-positive, alpha-beta T cell activation","7/275","68/21468",0.102941176470588,8.03614973262032,6.61970214274451,2.60905462640076e-05,0.000438235164445447,0.000349634445886094,"ENSG00000049768/ENSG00000111537/ENSG00000113302/ENSG00000121594/ENSG00000147168/ENSG00000150782/ENSG00000172724",7
"GO:2000514","GO:2000514","regulation of CD4-positive, alpha-beta T cell activation","9/275","121/21468",0.0743801652892562,5.80652141247183,6.0396385362404,2.63539979367984e-05,0.000440241375370452,0.000351235048717641,"ENSG00000049768/ENSG00000107738/ENSG00000111537/ENSG00000113302/ENSG00000121594/ENSG00000147168/ENSG00000150782/ENSG00000172724/ENSG00000197272",9
"GO:0070588","GO:0070588","calcium ion transmembrane transport","16/275","372/21468",0.043010752688172,3.35765395894428,5.22525248026942,2.69120318221304e-05,0.000447120006957895,0.000356722984736134,"ENSG00000083454/ENSG00000102879/ENSG00000126353/ENSG00000138755/ENSG00000140090/ENSG00000153898/ENSG00000155962/ENSG00000156738/ENSG00000169194/ENSG00000169245/ENSG00000169248/ENSG00000171631/ENSG00000172724/ENSG00000177455/ENSG00000186810/ENSG00000198216",16
"GO:0051924","GO:0051924","regulation of calcium ion transport","14/275","293/21468",0.0477815699658703,3.7300899782811,5.35987754216924,2.74990711293709e-05,0.000454403569959388,0.000362533984675689,"ENSG00000083454/ENSG00000102879/ENSG00000108691/ENSG00000121966/ENSG00000138755/ENSG00000155962/ENSG00000156738/ENSG00000160856/ENSG00000169194/ENSG00000169245/ENSG00000169248/ENSG00000171631/ENSG00000177455/ENSG00000186810",14
"GO:0045069","GO:0045069","regulation of viral genome replication","8/275","95/21468",0.0842105263157895,6.57393301435407,6.20221205766836,3.03924414131467e-05,0.000499514480645105,0.000398524543034867,"ENSG00000111335/ENSG00000128383/ENSG00000134321/ENSG00000135114/ENSG00000157601/ENSG00000171855/ENSG00000172183/ENSG00000197110",8
"GO:0050855","GO:0050855","regulation of B cell receptor signaling pathway","5/275","29/21468",0.172413793103448,13.4595611285266,7.64813046935861,3.07027528284082e-05,0.000501916125114674,0.000400440632161114,"ENSG00000035720/ENSG00000154822/ENSG00000160856/ENSG00000162894/ENSG00000177455",5
"GO:1903169","GO:1903169","regulation of calcium ion transmembrane transport","11/275","187/21468",0.0588235294117647,4.59208556149733,5.61988289733411,3.10078211479846e-05,0.000504206964092494,0.000402268318028445,"ENSG00000083454/ENSG00000102879/ENSG00000138755/ENSG00000155962/ENSG00000156738/ENSG00000169194/ENSG00000169245/ENSG00000169248/ENSG00000171631/ENSG00000177455/ENSG00000186810",11
"GO:0002713","GO:0002713","negative regulation of B cell mediated immunity","4/275","15/21468",0.266666666666667,20.8174545454545,8.7459157589671,3.21735459270251e-05,0.000517655420520609,0.000412997816692062,"ENSG00000049768/ENSG00000117322/ENSG00000197721/ENSG00000203710",4
"GO:0002890","GO:0002890","negative regulation of immunoglobulin mediated immune response","4/275","15/21468",0.266666666666667,20.8174545454545,8.7459157589671,3.21735459270251e-05,0.000517655420520609,0.000412997816692062,"ENSG00000049768/ENSG00000117322/ENSG00000197721/ENSG00000203710",4
"GO:1902622","GO:1902622","regulation of neutrophil migration","6/275","48/21468",0.125,9.75818181818182,6.91959455495601,3.26858748038576e-05,0.000522113972217357,0.000416554955366498,"ENSG00000126353/ENSG00000151651/ENSG00000158714/ENSG00000167207/ENSG00000172724/ENSG00000180549",6
"GO:0034340","GO:0034340","response to type I interferon","8/275","96/21468",0.0833333333333333,6.50545454545455,6.15831672489605,3.27922416309233e-05,0.000522113972217357,0.000416554955366498,"ENSG00000111335/ENSG00000115415/ENSG00000117322/ENSG00000124256/ENSG00000135114/ENSG00000157601/ENSG00000165949/ENSG00000171855",8
"GO:0030888","GO:0030888","regulation of B cell proliferation","7/275","71/21468",0.0985915492957746,7.69659411011524,6.43817108965241,3.46411080506619e-05,0.000548693613009706,0.000437760825488866,"ENSG00000102524/ENSG00000138684/ENSG00000160856/ENSG00000161405/ENSG00000163599/ENSG00000169194/ENSG00000170476",7
"GO:0098586","GO:0098586","cellular response to virus","8/275","97/21468",0.0824742268041237,6.43838800374883,6.11504194332496,3.53484514913691e-05,0.000557011423758326,0.000444396972900174,"ENSG00000111537/ENSG00000138684/ENSG00000169245/ENSG00000171855/ENSG00000172724/ENSG00000182393/ENSG00000183709/ENSG00000197110",8
"GO:0002704","GO:0002704","negative regulation of leukocyte mediated immunity","10/275","158/21468",0.0632911392405063,4.94085155350978,5.66347125401615,3.82417424001059e-05,0.000596454114883284,0.000475865290768235,"ENSG00000049768/ENSG00000104951/ENSG00000117322/ENSG00000121594/ENSG00000167207/ENSG00000171855/ENSG00000188389/ENSG00000189013/ENSG00000197721/ENSG00000203710",10
"GO:0042102","GO:0042102","positive regulation of T cell proliferation","10/275","158/21468",0.0632911392405063,4.94085155350978,5.66347125401615,3.82417424001059e-05,0.000596454114883284,0.000475865290768235,"ENSG00000013725/ENSG00000049768/ENSG00000090659/ENSG00000102524/ENSG00000102879/ENSG00000113302/ENSG00000121594/ENSG00000138684/ENSG00000150782/ENSG00000172724",10
"GO:0032611","GO:0032611","interleukin-1 beta production","10/275","159/21468",0.0628930817610063,4.90977701543739,5.63669872156779,4.03545957352575e-05,0.000623050500821628,0.000497084520566676,"ENSG00000091592/ENSG00000111537/ENSG00000126353/ENSG00000154451/ENSG00000163568/ENSG00000167207/ENSG00000167634/ENSG00000172243/ENSG00000172724/ENSG00000186188",10
"GO:0032651","GO:0032651","regulation of interleukin-1 beta production","10/275","159/21468",0.0628930817610063,4.90977701543739,5.63669872156779,4.03545957352575e-05,0.000623050500821628,0.000497084520566676,"ENSG00000091592/ENSG00000111537/ENSG00000126353/ENSG00000154451/ENSG00000163568/ENSG00000167207/ENSG00000167634/ENSG00000172243/ENSG00000172724/ENSG00000186188",10
"GO:0042093","GO:0042093","T-helper cell differentiation","8/275","99/21468",0.0808080808080808,6.30831955922865,6.0302922915312,4.09623346393614e-05,0.000629255562776521,0.000502035066698759,"ENSG00000049768/ENSG00000113302/ENSG00000121594/ENSG00000138684/ENSG00000150782/ENSG00000171522/ENSG00000172724/ENSG00000197272",8
"GO:0050792","GO:0050792","regulation of viral process","12/275","229/21468",0.0524017467248908,4.09076617705439,5.35639586030387,4.24608008397693e-05,0.000639509786474241,0.000510216130454976,"ENSG00000078081/ENSG00000090659/ENSG00000111335/ENSG00000115415/ENSG00000121966/ENSG00000128383/ENSG00000134321/ENSG00000135114/ENSG00000157601/ENSG00000171855/ENSG00000172183/ENSG00000197110",12
"GO:0002883","GO:0002883","regulation of hypersensitivity","4/275","16/21468",0.25,19.5163636363636,8.4399058962412,4.24666295892283e-05,0.000639509786474241,0.000510216130454976,"ENSG00000125730/ENSG00000126353/ENSG00000150337/ENSG00000180549",4
"GO:0038196","GO:0038196","type III interferon-mediated signaling pathway","4/275","16/21468",0.25,19.5163636363636,8.4399058962412,4.24666295892283e-05,0.000639509786474241,0.000510216130454976,"ENSG00000111537/ENSG00000182393/ENSG00000183709/ENSG00000197110",4
"GO:0071358","GO:0071358","cellular response to type III interferon","4/275","16/21468",0.25,19.5163636363636,8.4399058962412,4.24666295892283e-05,0.000639509786474241,0.000510216130454976,"ENSG00000111537/ENSG00000182393/ENSG00000183709/ENSG00000197110",4
"GO:0050731","GO:0050731","positive regulation of peptidyl-tyrosine phosphorylation","9/275","129/21468",0.0697674418604651,5.44642706131078,5.76998656628245,4.37409296153658e-05,0.000655470695265555,0.000522950123420034,"ENSG00000099985/ENSG00000111537/ENSG00000121594/ENSG00000138684/ENSG00000150782/ENSG00000153064/ENSG00000167207/ENSG00000182393/ENSG00000205846",9
"GO:0043270","GO:0043270","positive regulation of monoatomic ion transport","12/275","231/21468",0.051948051948052,4.05534828807556,5.31833801746697,4.61983641096223e-05,0.000688919019917636,0.000549635993026932,"ENSG00000083454/ENSG00000108691/ENSG00000111537/ENSG00000137731/ENSG00000138755/ENSG00000156738/ENSG00000169194/ENSG00000169245/ENSG00000169248/ENSG00000171631/ENSG00000177455/ENSG00000186810",12
"GO:0045591","GO:0045591","positive regulation of regulatory T cell differentiation","6/275","51/21468",0.117647058823529,9.18417112299465,6.66555439953295,4.64525194657962e-05,0.000689346368965724,0.000549976942270055,"ENSG00000049768/ENSG00000104951/ENSG00000107738/ENSG00000111537/ENSG00000147168/ENSG00000203710",6
"GO:0030100","GO:0030100","regulation of endocytosis","15/275","348/21468",0.0431034482758621,3.36489028213166,5.06651657425779,4.68436530064801e-05,0.000691792498747873,0.000551928522837602,"ENSG00000007908/ENSG00000035720/ENSG00000089012/ENSG00000100385/ENSG00000108691/ENSG00000111537/ENSG00000125730/ENSG00000126759/ENSG00000130208/ENSG00000147168/ENSG00000150337/ENSG00000167207/ENSG00000172243/ENSG00000172724/ENSG00000186074",15
"GO:0002274","GO:0002274","myeloid leukocyte activation","14/275","309/21468",0.0453074433656958,3.53694616063548,5.11680335821871,4.90796836904335e-05,0.000721329774238727,0.000575494064325579,"ENSG00000035720/ENSG00000092929/ENSG00000104921/ENSG00000107317/ENSG00000111537/ENSG00000150782/ENSG00000155659/ENSG00000164935/ENSG00000168062/ENSG00000169194/ENSG00000186074/ENSG00000188822/ENSG00000203747/ENSG00000213886",14
"GO:0042509","GO:0042509","regulation of tyrosine phosphorylation of STAT protein","5/275","32/21468",0.15625,12.1977272727273,7.2208580364427,5.04540853086943e-05,0.000737981525304682,0.000588779227702063,"ENSG00000099985/ENSG00000111537/ENSG00000138684/ENSG00000150782/ENSG00000182393",5
"GO:0046637","GO:0046637","regulation of alpha-beta T cell differentiation","8/275","104/21468",0.0769230769230769,6.00503496503497,5.82825180420109,5.83292476703497e-05,0.000849107191086947,0.00067743792908371,"ENSG00000049768/ENSG00000111537/ENSG00000113302/ENSG00000121594/ENSG00000147168/ENSG00000150782/ENSG00000172724/ENSG00000197272",8
"GO:0050672","GO:0050672","negative regulation of lymphocyte proliferation","9/275","135/21468",0.0666666666666667,5.20436363636364,5.58209206213485,6.2415070974381e-05,0.000904279014069587,0.00072145532276199,"ENSG00000049768/ENSG00000104951/ENSG00000107738/ENSG00000117215/ENSG00000121594/ENSG00000131203/ENSG00000155659/ENSG00000163599/ENSG00000203710",9
"GO:0002825","GO:0002825","regulation of T-helper 1 type immune response","5/275","34/21468",0.147058823529412,11.4802139037433,6.96648647231905,6.82729147258263e-05,0.000984482548664392,0.000785443611815986,"ENSG00000113302/ENSG00000121594/ENSG00000150782/ENSG00000172724/ENSG00000197272",5
"GO:0050854","GO:0050854","regulation of antigen receptor-mediated signaling pathway","7/275","79/21468",0.0886075949367089,6.91719217491369,6.00191424085038,6.92141734542187e-05,0.000990296100240179,0.000790081801648157,"ENSG00000035720/ENSG00000126353/ENSG00000154822/ENSG00000160856/ENSG00000162894/ENSG00000163519/ENSG00000177455",7
"GO:0032945","GO:0032945","negative regulation of mononuclear cell proliferation","9/275","137/21468",0.0656934306569343,5.12838752488388,5.52193053211652,6.99677087801117e-05,0.000990296100240179,0.000790081801648157,"ENSG00000049768/ENSG00000104951/ENSG00000107738/ENSG00000117215/ENSG00000121594/ENSG00000131203/ENSG00000155659/ENSG00000163599/ENSG00000203710",9
"GO:0002830","GO:0002830","positive regulation of type 2 immune response","4/275","18/21468",0.222222222222222,17.3478787878788,7.90387055913823,6.99718539914553e-05,0.000990296100240179,0.000790081801648157,"ENSG00000131203/ENSG00000134321/ENSG00000150782/ENSG00000167207",4
"GO:0034342","GO:0034342","response to type III interferon","4/275","18/21468",0.222222222222222,17.3478787878788,7.90387055913823,6.99718539914553e-05,0.000990296100240179,0.000790081801648157,"ENSG00000111537/ENSG00000182393/ENSG00000183709/ENSG00000197110",4
"GO:0002710","GO:0002710","negative regulation of T cell mediated immunity","6/275","55/21468",0.109090909090909,8.51623140495868,6.35767809400432,7.16409123842456e-05,0.00100924547999373,0.000805200067884051,"ENSG00000049768/ENSG00000104951/ENSG00000121594/ENSG00000167207/ENSG00000171855/ENSG00000188389",6
"GO:1903557","GO:1903557","positive regulation of tumor necrosis factor superfamily cytokine production","9/275","138/21468",0.0652173913043478,5.09122529644269,5.49228819116132,7.40233919836366e-05,0.00103787438849251,0.000828040892563108,"ENSG00000111335/ENSG00000111537/ENSG00000113302/ENSG00000120949/ENSG00000151651/ENSG00000167207/ENSG00000172243/ENSG00000172724/ENSG00000203747",9
"GO:0032623","GO:0032623","interleukin-2 production","7/275","80/21468",0.0875,6.83072727272727,5.9516644755432,7.50311546800278e-05,0.00103787438849251,0.000828040892563108,"ENSG00000049768/ENSG00000089692/ENSG00000121594/ENSG00000155659/ENSG00000167207/ENSG00000172243/ENSG00000203710",7
"GO:0032663","GO:0032663","regulation of interleukin-2 production","7/275","80/21468",0.0875,6.83072727272727,5.9516644755432,7.50311546800278e-05,0.00103787438849251,0.000828040892563108,"ENSG00000049768/ENSG00000089692/ENSG00000121594/ENSG00000155659/ENSG00000167207/ENSG00000172243/ENSG00000203710",7
"GO:0046638","GO:0046638","positive regulation of alpha-beta T cell differentiation","7/275","80/21468",0.0875,6.83072727272727,5.9516644755432,7.50311546800278e-05,0.00103787438849251,0.000828040892563108,"ENSG00000049768/ENSG00000111537/ENSG00000113302/ENSG00000121594/ENSG00000147168/ENSG00000150782/ENSG00000172724",7
"GO:0071706","GO:0071706","tumor necrosis factor superfamily cytokine production","12/275","246/21468",0.0487804878048781,3.80807095343681,5.04589584368686,8.44990401833232e-05,0.00115835679749067,0.000924164626409063,"ENSG00000049768/ENSG00000107738/ENSG00000111335/ENSG00000111537/ENSG00000113302/ENSG00000120949/ENSG00000125245/ENSG00000151651/ENSG00000167207/ENSG00000172243/ENSG00000172724/ENSG00000203747",12
"GO:1903555","GO:1903555","regulation of tumor necrosis factor superfamily cytokine production","12/275","246/21468",0.0487804878048781,3.80807095343681,5.04589584368686,8.44990401833232e-05,0.00115835679749067,0.000924164626409063,"ENSG00000049768/ENSG00000107738/ENSG00000111335/ENSG00000111537/ENSG00000113302/ENSG00000120949/ENSG00000125245/ENSG00000151651/ENSG00000167207/ENSG00000172243/ENSG00000172724/ENSG00000203747",12
"GO:0031295","GO:0031295","T cell costimulation","6/275","57/21468",0.105263157894737,8.21741626794258,6.21522009009709,8.77797528082546e-05,0.0011979585014948,0.000955759808537246,"ENSG00000102524/ENSG00000110448/ENSG00000121594/ENSG00000126353/ENSG00000163600/ENSG00000172724",6
"GO:0140374","GO:0140374","antiviral innate immune response","7/275","83/21468",0.0843373493975904,6.58383351588171,5.80594190674305,9.4919426367247e-05,0.001289638606243,0.00102890437844637,"ENSG00000091592/ENSG00000111335/ENSG00000119922/ENSG00000124256/ENSG00000135114/ENSG00000157601/ENSG00000169245",7
"GO:0002718","GO:0002718","regulation of cytokine production involved in immune response","11/275","212/21468",0.0518867924528302,4.05056603773585,5.08467731304202,9.65078906018378e-05,0.00129311077022171,0.00103167455351952,"ENSG00000049768/ENSG00000134321/ENSG00000138623/ENSG00000150782/ENSG00000167207/ENSG00000171855/ENSG00000172243/ENSG00000173762/ENSG00000185897/ENSG00000188820/ENSG00000189013",11
"GO:0002507","GO:0002507","tolerance induction","6/275","58/21468",0.103448275862069,8.07573667711599,6.14657423892575,9.68669827872986e-05,0.00129311077022171,0.00103167455351952,"ENSG00000049768/ENSG00000102794/ENSG00000131203/ENSG00000163600/ENSG00000183813/ENSG00000188389",6
"GO:0031294","GO:0031294","lymphocyte costimulation","6/275","58/21468",0.103448275862069,8.07573667711599,6.14657423892575,9.68669827872986e-05,0.00129311077022171,0.00103167455351952,"ENSG00000102524/ENSG00000110448/ENSG00000121594/ENSG00000126353/ENSG00000163600/ENSG00000172724",6
"GO:0045581","GO:0045581","negative regulation of T cell differentiation","6/275","58/21468",0.103448275862069,8.07573667711599,6.14657423892575,9.68669827872986e-05,0.00129311077022171,0.00103167455351952,"ENSG00000049768/ENSG00000089692/ENSG00000127951/ENSG00000163599/ENSG00000171855/ENSG00000182393",6
"GO:1904062","GO:1904062","regulation of monoatomic cation transmembrane transport","14/275","330/21468",0.0424242424242424,3.31186776859504,4.82107424114864,9.89882197645318e-05,0.00131568255573989,0.00104968286130169,"ENSG00000083454/ENSG00000100985/ENSG00000102879/ENSG00000111537/ENSG00000137731/ENSG00000138755/ENSG00000155962/ENSG00000156738/ENSG00000169194/ENSG00000169245/ENSG00000169248/ENSG00000171631/ENSG00000177455/ENSG00000186810",14
"GO:0002367","GO:0002367","cytokine production involved in immune response","11/275","213/21468",0.0516431924882629,4.03154929577465,5.06500277597312,0.000100627577182047,0.00133168183309748,0.00106244746562225,"ENSG00000049768/ENSG00000134321/ENSG00000138623/ENSG00000150782/ENSG00000167207/ENSG00000171855/ENSG00000172243/ENSG00000173762/ENSG00000185897/ENSG00000188820/ENSG00000189013",11
"GO:2000106","GO:2000106","regulation of leukocyte apoptotic process","8/275","113/21468",0.0707964601769911,5.52675784392599,5.4958200311596,0.000104963368311214,0.00138307334882491,0.0011034488401864,"ENSG00000126353/ENSG00000131203/ENSG00000151651/ENSG00000167207/ENSG00000171115/ENSG00000171611/ENSG00000172724/ENSG00000188389",8
"GO:0071675","GO:0071675","regulation of mononuclear cell migration","10/275","179/21468",0.0558659217877095,4.36119857795835,5.14397514695515,0.000109068544837627,0.00143099803248337,0.0011416842936019,"ENSG00000035720/ENSG00000102879/ENSG00000108691/ENSG00000108702/ENSG00000126353/ENSG00000151651/ENSG00000156234/ENSG00000158714/ENSG00000163606/ENSG00000169245",10
"GO:0070664","GO:0070664","negative regulation of leukocyte proliferation","9/275","146/21468",0.0616438356164384,4.81225404732254,5.2650208885072,0.000114175863939966,0.00149160519685673,0.00119003813202384,"ENSG00000049768/ENSG00000104951/ENSG00000107738/ENSG00000117215/ENSG00000121594/ENSG00000131203/ENSG00000155659/ENSG00000163599/ENSG00000203710",9
"GO:0007260","GO:0007260","tyrosine phosphorylation of STAT protein","5/275","38/21468",0.131578947368421,10.2717703349282,6.51627170076035,0.000118114618350316,0.00153649526934857,0.00122585250041515,"ENSG00000099985/ENSG00000111537/ENSG00000138684/ENSG00000150782/ENSG00000182393",5
"GO:0002702","GO:0002702","positive regulation of production of molecular mediator of immune response","11/275","217/21468",0.0506912442396313,3.95723502304148,4.98748759208439,0.00011864317402469,0.00153683128387067,0.00122612058079932,"ENSG00000134321/ENSG00000138623/ENSG00000138684/ENSG00000150782/ENSG00000167207/ENSG00000169194/ENSG00000170476/ENSG00000172243/ENSG00000173762/ENSG00000185897/ENSG00000189013",11
"GO:0002687","GO:0002687","positive regulation of leukocyte migration","10/275","184/21468",0.0543478260869565,4.24268774703557,5.0320300147164,0.000136833291692676,0.0017502065803536,0.00139635647149055,"ENSG00000007908/ENSG00000102879/ENSG00000106178/ENSG00000108702/ENSG00000126353/ENSG00000151651/ENSG00000156234/ENSG00000169245/ENSG00000172724/ENSG00000180549",10
"GO:0032612","GO:0032612","interleukin-1 production","10/275","184/21468",0.0543478260869565,4.24268774703557,5.0320300147164,0.000136833291692676,0.0017502065803536,0.00139635647149055,"ENSG00000091592/ENSG00000111537/ENSG00000126353/ENSG00000154451/ENSG00000163568/ENSG00000167207/ENSG00000167634/ENSG00000172243/ENSG00000172724/ENSG00000186188",10
"GO:0032652","GO:0032652","regulation of interleukin-1 production","10/275","184/21468",0.0543478260869565,4.24268774703557,5.0320300147164,0.000136833291692676,0.0017502065803536,0.00139635647149055,"ENSG00000091592/ENSG00000111537/ENSG00000126353/ENSG00000154451/ENSG00000163568/ENSG00000167207/ENSG00000167634/ENSG00000172243/ENSG00000172724/ENSG00000186188",10
"GO:0042742","GO:0042742","defense response to bacterium","16/275","428/21468",0.0373831775700935,2.91833474936279,4.56645536089558,0.000140005559055851,0.00177917033153113,0.00141946444162927,"ENSG00000005381/ENSG00000090382/ENSG00000091592/ENSG00000111335/ENSG00000113302/ENSG00000126759/ENSG00000132205/ENSG00000132465/ENSG00000150337/ENSG00000150782/ENSG00000154451/ENSG00000156234/ENSG00000158714/ENSG00000167207/ENSG00000181804/ENSG00000226979",16
"GO:0048525","GO:0048525","negative regulation of viral process","9/275","150/21468",0.06,4.68392727272727,5.15750021147162,0.000140261710794571,0.00177917033153113,0.00141946444162927,"ENSG00000111335/ENSG00000115415/ENSG00000128383/ENSG00000134321/ENSG00000135114/ENSG00000157601/ENSG00000171855/ENSG00000172183/ENSG00000197110",9
"GO:0060337","GO:0060337","type I interferon-mediated signaling pathway","7/275","89/21468",0.0786516853932584,6.13997957099081,5.53501125809671,0.000147587602624944,0.00186436074886138,0.00148743138443669,"ENSG00000111335/ENSG00000115415/ENSG00000117322/ENSG00000124256/ENSG00000135114/ENSG00000165949/ENSG00000171855",7
"GO:0031343","GO:0031343","positive regulation of cell killing","9/275","152/21468",0.0592105263157895,4.6222966507177,5.10515295523687,0.000155064737305771,0.00195075268289606,0.00155635692587166,"ENSG00000035720/ENSG00000089692/ENSG00000104921/ENSG00000111537/ENSG00000113302/ENSG00000138684/ENSG00000158477/ENSG00000158485/ENSG00000172243",9
"GO:0030593","GO:0030593","neutrophil chemotaxis","7/275","90/21468",0.0777777777777778,6.07175757575758,5.49227166844061,0.000158307559739747,0.00197529065356901,0.00157593390297312,"ENSG00000126353/ENSG00000138755/ENSG00000156234/ENSG00000167207/ENSG00000169245/ENSG00000169248/ENSG00000172724",7
"GO:0071357","GO:0071357","cellular response to type I interferon","7/275","90/21468",0.0777777777777778,6.07175757575758,5.49227166844061,0.000158307559739747,0.00197529065356901,0.00157593390297312,"ENSG00000111335/ENSG00000115415/ENSG00000117322/ENSG00000124256/ENSG00000135114/ENSG00000165949/ENSG00000171855",7
"GO:0008037","GO:0008037","cell recognition","10/275","188/21468",0.0531914893617021,4.15241779497099,4.94530053024341,0.000163138090716591,0.00202728920049031,0.00161741958147343,"ENSG00000013725/ENSG00000090659/ENSG00000110448/ENSG00000121966/ENSG00000126353/ENSG00000126759/ENSG00000150337/ENSG00000165457/ENSG00000172243/ENSG00000172724",10
"GO:0006956","GO:0006956","complement activation","7/275","92/21468",0.0760869565217391,5.9397628458498,5.40869632743292,0.000181639285513759,0.00224806192637879,0.00179355731743183,"ENSG00000117322/ENSG00000125730/ENSG00000126759/ENSG00000149131/ENSG00000155659/ENSG00000197721/ENSG00000203710",7
"GO:2000107","GO:2000107","negative regulation of leukocyte apoptotic process","6/275","65/21468",0.0923076923076923,7.20604195804196,5.70807756597767,0.000183436102755146,0.00226114583113904,0.00180399596809708,"ENSG00000126353/ENSG00000131203/ENSG00000167207/ENSG00000171611/ENSG00000172724/ENSG00000188389",6
"GO:0002323","GO:0002323","natural killer cell activation involved in immune response","5/275","42/21468",0.119047619047619,9.29350649350649,6.12841391411908,0.000191989494355628,0.00235707584034198,0.00188053121294437,"ENSG00000092929/ENSG00000102879/ENSG00000113302/ENSG00000171855/ENSG00000203747",5
"GO:0045622","GO:0045622","regulation of T-helper cell differentiation","6/275","66/21468",0.0909090909090909,7.09685950413223,5.65075894490748,0.000199637607975028,0.00243735912775056,0.00194458313069162,"ENSG00000049768/ENSG00000113302/ENSG00000121594/ENSG00000150782/ENSG00000172724/ENSG00000197272",6
"GO:0032729","GO:0032729","positive regulation of type II interferon production","8/275","124/21468",0.0645161290322581,5.03648093841642,5.13489595739546,0.000200123369664832,0.00243735912775056,0.00194458313069162,"ENSG00000113302/ENSG00000138684/ENSG00000150782/ENSG00000172243/ENSG00000182393/ENSG00000197272/ENSG00000221887/ENSG00000226979",8
"GO:0045123","GO:0045123","cellular extravasation","7/275","94/21468",0.074468085106383,5.81338491295938,5.3275486299719,0.000207674524869522,0.00251928977192908,0.00200994934888339,"ENSG00000007908/ENSG00000108691/ENSG00000131142/ENSG00000151651/ENSG00000171522/ENSG00000180549/ENSG00000188404",7
"GO:0007189","GO:0007189","adenylate cyclase-activating G protein-coupled receptor signaling pathway","10/275","194/21468",0.0515463917525773,4.02399250234302,4.81962006269289,0.000210507798590339,0.0025435665624137,0.0020293179502135,"ENSG00000138755/ENSG00000152270/ENSG00000169245/ENSG00000169248/ENSG00000171522/ENSG00000179921/ENSG00000182885/ENSG00000186188/ENSG00000186810/ENSG00000188822",10
"GO:0032703","GO:0032703","negative regulation of interleukin-2 production","5/275","43/21468",0.116279069767442,9.07737843551797,6.03948697655858,0.000214997025597716,0.0025875823120166,0.00206443476299174,"ENSG00000049768/ENSG00000089692/ENSG00000155659/ENSG00000167207/ENSG00000203710",5
"GO:0051651","GO:0051651","maintenance of location in cell","11/275","233/21468",0.0472103004291846,3.68549356223176,4.69495841003776,0.00022079514954645,0.00264694420456274,0.00211179509390764,"ENSG00000102879/ENSG00000126353/ENSG00000138755/ENSG00000155962/ENSG00000169194/ENSG00000169245/ENSG00000169248/ENSG00000171631/ENSG00000172724/ENSG00000177455/ENSG00000186810",11
"GO:1903900","GO:1903900","regulation of viral life cycle","10/275","196/21468",0.0510204081632653,3.98293135435993,4.77884493483664,0.000228661878257482,0.00273054438216064,0.00217849330560274,"ENSG00000078081/ENSG00000090659/ENSG00000111335/ENSG00000128383/ENSG00000134321/ENSG00000135114/ENSG00000157601/ENSG00000171855/ENSG00000172183/ENSG00000197110",10
"GO:0006569","GO:0006569","tryptophan catabolic process","3/275","10/21468",0.3,23.4196363636364,8.07773775778071,0.000233418666697577,0.0027444648619019,0.00218959939570156,"ENSG00000104951/ENSG00000131203/ENSG00000188676",3
"GO:0042436","GO:0042436","indole-containing compound catabolic process","3/275","10/21468",0.3,23.4196363636364,8.07773775778071,0.000233418666697577,0.0027444648619019,0.00218959939570156,"ENSG00000104951/ENSG00000131203/ENSG00000188676",3
"GO:0051709","GO:0051709","regulation of killing of cells of another organism","3/275","10/21468",0.3,23.4196363636364,8.07773775778071,0.000233418666697577,0.0027444648619019,0.00218959939570156,"ENSG00000104921/ENSG00000111537/ENSG00000172243",3
"GO:0071104","GO:0071104","response to interleukin-9","3/275","10/21468",0.3,23.4196363636364,8.07773775778071,0.000233418666697577,0.0027444648619019,0.00218959939570156,"ENSG00000115415/ENSG00000124334/ENSG00000147168",3
"GO:0010959","GO:0010959","regulation of metal ion transport","16/275","449/21468",0.0356347438752784,2.78184247823446,4.34652577645208,0.000240456222327064,0.00281637805231354,0.00224697345082398,"ENSG00000083454/ENSG00000102879/ENSG00000108691/ENSG00000111537/ENSG00000121966/ENSG00000137731/ENSG00000138755/ENSG00000155962/ENSG00000156738/ENSG00000160856/ENSG00000169194/ENSG00000169245/ENSG00000169248/ENSG00000171631/ENSG00000177455/ENSG00000186810",16
"GO:0032731","GO:0032731","positive regulation of interleukin-1 beta production","7/275","97/21468",0.0721649484536082,5.63358950328023,5.21010897736187,0.000252296483448255,0.0029437799614554,0.00234861772659545,"ENSG00000091592/ENSG00000111537/ENSG00000154451/ENSG00000163568/ENSG00000167207/ENSG00000172243/ENSG00000172724",7
"GO:0019882","GO:0019882","antigen processing and presentation","12/275","278/21468",0.0431654676258993,3.36973185088293,4.53014320965082,0.000263915836647794,0.00306764529517987,0.00244744043831474,"ENSG00000090659/ENSG00000104921/ENSG00000126353/ENSG00000127951/ENSG00000150337/ENSG00000158477/ENSG00000158485/ENSG00000167207/ENSG00000168394/ENSG00000172724/ENSG00000232629/ENSG00000237541",12
"GO:0070232","GO:0070232","regulation of T cell apoptotic process","5/275","45/21468",0.111111111111111,8.67393939393939,5.87002950197819,0.000267249745636757,0.00309463057731654,0.00246896993875744,"ENSG00000131203/ENSG00000151651/ENSG00000171115/ENSG00000171611/ENSG00000188389",5
"GO:0032700","GO:0032700","negative regulation of interleukin-17 production","4/275","25/21468",0.16,12.4904727272727,6.54818489706176,0.000269549123644703,0.00310947800370512,0.00248081556895641,"ENSG00000049768/ENSG00000107738/ENSG00000111537/ENSG00000113302",4
"GO:0031348","GO:0031348","negative regulation of defense response","15/275","410/21468",0.0365853658536585,2.85605321507761,4.32244620970681,0.000283849767846174,0.0032621381214502,0.00260261144479456,"ENSG00000049768/ENSG00000102794/ENSG00000113302/ENSG00000120436/ENSG00000127951/ENSG00000149131/ENSG00000155659/ENSG00000158714/ENSG00000163606/ENSG00000167207/ENSG00000169194/ENSG00000171522/ENSG00000186188/ENSG00000189013/ENSG00000203710",15
"GO:0032640","GO:0032640","tumor necrosis factor production","11/275","241/21468",0.045643153526971,3.56315352697095,4.55821323231062,0.000295016811762114,0.0033651731102865,0.00268481521151931,"ENSG00000049768/ENSG00000107738/ENSG00000111335/ENSG00000111537/ENSG00000113302/ENSG00000120949/ENSG00000125245/ENSG00000167207/ENSG00000172243/ENSG00000172724/ENSG00000203747",11
"GO:0032680","GO:0032680","regulation of tumor necrosis factor production","11/275","241/21468",0.045643153526971,3.56315352697095,4.55821323231062,0.000295016811762114,0.0033651731102865,0.00268481521151931,"ENSG00000049768/ENSG00000107738/ENSG00000111335/ENSG00000111537/ENSG00000113302/ENSG00000120949/ENSG00000125245/ENSG00000167207/ENSG00000172243/ENSG00000172724/ENSG00000203747",11
"GO:0032733","GO:0032733","positive regulation of interleukin-10 production","5/275","46/21468",0.108695652173913,8.48537549407115,5.78919669352756,0.00029673270217404,0.00337216308753174,0.00269039198175406,"ENSG00000113302/ENSG00000167207/ENSG00000169194/ENSG00000172243/ENSG00000181847",5
"GO:0002407","GO:0002407","dendritic cell chemotaxis","4/275","26/21468",0.153846153846154,12.0100699300699,6.39882026483201,0.000315367215848637,0.00357065769944179,0.00284875570807521,"ENSG00000121966/ENSG00000126353/ENSG00000158714/ENSG00000172724",4
"GO:0002924","GO:0002924","negative regulation of humoral immune response mediated by circulating immunoglobulin","3/275","11/21468",0.272727272727273,21.2905785123967,7.66764641251519,0.000317913361077052,0.00357301891475201,0.00285063954185576,"ENSG00000117322/ENSG00000197721/ENSG00000203710",3
"GO:0045625","GO:0045625","regulation of T-helper 1 cell differentiation","3/275","11/21468",0.272727272727273,21.2905785123967,7.66764641251519,0.000317913361077052,0.00357301891475201,0.00285063954185576,"ENSG00000121594/ENSG00000172724/ENSG00000197272",3
"GO:0032760","GO:0032760","positive regulation of tumor necrosis factor production","8/275","134/21468",0.0597014925373134,4.66062415196744,4.84202693029826,0.000339436968939953,0.00380094803681112,0.003032486821029,"ENSG00000111335/ENSG00000111537/ENSG00000113302/ENSG00000120949/ENSG00000167207/ENSG00000172243/ENSG00000172724/ENSG00000203747",8
"GO:0001909","GO:0001909","leukocyte mediated cytotoxicity","13/275","330/21468",0.0393939393939394,3.07530578512397,4.32775758158878,0.000357662067414488,0.00399041219009522,0.00318364583249854,"ENSG00000035720/ENSG00000089692/ENSG00000092929/ENSG00000100453/ENSG00000102879/ENSG00000113302/ENSG00000138684/ENSG00000150337/ENSG00000150782/ENSG00000158477/ENSG00000158485/ENSG00000189013/ENSG00000203747",13
"GO:0002689","GO:0002689","negative regulation of leukocyte chemotaxis","4/275","27/21468",0.148148148148148,11.5652525252525,6.25741633345205,0.000366506965104032,0.00407422469935646,0.00325051344744897,"ENSG00000035720/ENSG00000108691/ENSG00000125245/ENSG00000158714",4
"GO:0038093","GO:0038093","Fc receptor signaling pathway","6/275","74/21468",0.0810810810810811,6.32963144963145,5.23145926737807,0.000373758849147901,0.00413978551393164,0.00330281942591795,"ENSG00000104921/ENSG00000136286/ENSG00000150337/ENSG00000162894/ENSG00000163606/ENSG00000203747",6
"GO:0098659","GO:0098659","inorganic cation import across plasma membrane","8/275","138/21468",0.0579710144927536,4.52553359683794,4.73287221759501,0.000413671612031729,0.00454889970496761,0.00362922046602618,"ENSG00000070915/ENSG00000111537/ENSG00000137731/ENSG00000140090/ENSG00000156738/ENSG00000177807/ENSG00000181804/ENSG00000198216",8
"GO:0099587","GO:0099587","inorganic ion import across plasma membrane","8/275","138/21468",0.0579710144927536,4.52553359683794,4.73287221759501,0.000413671612031729,0.00454889970496761,0.00362922046602618,"ENSG00000070915/ENSG00000111537/ENSG00000137731/ENSG00000140090/ENSG00000156738/ENSG00000177807/ENSG00000181804/ENSG00000198216",8
"GO:0002638","GO:0002638","negative regulation of immunoglobulin production","3/275","12/21468",0.25,19.5163636363636,7.30849156255231,0.000419875534026159,0.00458414109827845,0.00365733688849102,"ENSG00000049768/ENSG00000160856/ENSG00000203710",3
"GO:0002885","GO:0002885","positive regulation of hypersensitivity","3/275","12/21468",0.25,19.5163636363636,7.30849156255231,0.000419875534026159,0.00458414109827845,0.00365733688849102,"ENSG00000125730/ENSG00000126353/ENSG00000150337",3
"GO:0035458","GO:0035458","cellular response to interferon-beta","4/275","28/21468",0.142857142857143,11.1522077922078,6.12326322754769,0.000423312013991856,0.00460521290666585,0.003674148478813,"ENSG00000102794/ENSG00000115415/ENSG00000163568/ENSG00000171855",4
"GO:0050730","GO:0050730","regulation of peptidyl-tyrosine phosphorylation","9/275","177/21468",0.0508474576271186,3.96942989214176,4.51874137090581,0.000479330047670912,0.00519614168698574,0.00414560552614223,"ENSG00000099985/ENSG00000111537/ENSG00000121594/ENSG00000138684/ENSG00000150782/ENSG00000153064/ENSG00000167207/ENSG00000182393/ENSG00000205846",9
"GO:0002523","GO:0002523","leukocyte migration involved in inflammatory response","4/275","29/21468",0.137931034482759,10.7676489028213,5.9957371224438,0.000486129495778007,0.00525122921764441,0.00418955566939797,"ENSG00000007908/ENSG00000151651/ENSG00000158714/ENSG00000180549",4
"GO:0071887","GO:0071887","leukocyte apoptotic process","8/275","143/21468",0.0559440559440559,4.36729815638907,4.60215114073714,0.000524488011724829,0.00564563328113663,0.00450422061959388,"ENSG00000126353/ENSG00000131203/ENSG00000151651/ENSG00000167207/ENSG00000171115/ENSG00000171611/ENSG00000172724/ENSG00000188389",8
"GO:0002691","GO:0002691","regulation of cellular extravasation","5/275","52/21468",0.0961538461538462,7.50629370629371,5.35083997559042,0.000528540929856894,0.0056692969213071,0.00452310003500803,"ENSG00000007908/ENSG00000131142/ENSG00000151651/ENSG00000171522/ENSG00000180549",5
"GO:0002312","GO:0002312","B cell activation involved in immune response","7/275","110/21468",0.0636363636363636,4.96780165289256,4.75249656339763,0.00054293010296926,0.00580327735936023,0.00462999281773933,"ENSG00000049768/ENSG00000100060/ENSG00000138684/ENSG00000154822/ENSG00000171855/ENSG00000177455/ENSG00000203710",7
"GO:0002468","GO:0002468","dendritic cell antigen processing and presentation","4/275","30/21468",0.133333333333333,10.4087272727273,5.87428725724356,0.000555309482608314,0.00589358827941422,0.00470204501950752,"ENSG00000126353/ENSG00000127951/ENSG00000167207/ENSG00000172724",4
"GO:0034695","GO:0034695","response to prostaglandin E","4/275","30/21468",0.133333333333333,10.4087272727273,5.87428725724356,0.000555309482608314,0.00589358827941422,0.00470204501950752,"ENSG00000126353/ENSG00000171522/ENSG00000171631/ENSG00000172724",4
"GO:0007249","GO:0007249","canonical NF-kappaB signal transduction","14/275","391/21468",0.0358056265984655,2.79518251569402,4.08082899889293,0.000557162908979624,0.00589358827941422,0.00470204501950752,"ENSG00000003402/ENSG00000050730/ENSG00000115415/ENSG00000126353/ENSG00000151651/ENSG00000167207/ENSG00000172243/ENSG00000172724/ENSG00000196154/ENSG00000205846/ENSG00000213886/ENSG00000226979/ENSG00000227507/ENSG00000255833",14
"GO:0032732","GO:0032732","positive regulation of interleukin-1 production","7/275","113/21468",0.0619469026548673,4.83591311343524,4.65708324886262,0.000637898034740883,0.00672432514552717,0.0053648266660422,"ENSG00000091592/ENSG00000111537/ENSG00000154451/ENSG00000163568/ENSG00000167207/ENSG00000172243/ENSG00000172724",7
"GO:0050688","GO:0050688","regulation of defense response to virus","6/275","82/21468",0.0731707317073171,5.71210643015521,4.86982149220607,0.000648818102494073,0.0068159344993965,0.00543791478921602,"ENSG00000049768/ENSG00000113302/ENSG00000115415/ENSG00000127951/ENSG00000163568/ENSG00000197272",6
"GO:0002228","GO:0002228","natural killer cell mediated immunity","10/275","224/21468",0.0446428571428571,3.48506493506493,4.25891929256721,0.000655589560676369,0.00686348385954678,0.00547585080060255,"ENSG00000089692/ENSG00000092929/ENSG00000100453/ENSG00000102879/ENSG00000113302/ENSG00000138684/ENSG00000150782/ENSG00000188820/ENSG00000189013/ENSG00000203747",10
"GO:0046634","GO:0046634","regulation of alpha-beta T cell activation","9/275","185/21468",0.0486486486486487,3.79777886977887,4.35350084933892,0.00065918329579277,0.00687755404518259,0.00548707632962762,"ENSG00000049768/ENSG00000107738/ENSG00000111537/ENSG00000113302/ENSG00000121594/ENSG00000147168/ENSG00000150782/ENSG00000172724/ENSG00000197272",9
"GO:0098739","GO:0098739","import across plasma membrane","10/275","225/21468",0.0444444444444444,3.46957575757576,4.24191042837156,0.000678499312819843,0.00701603991323301,0.00559756365165742,"ENSG00000070915/ENSG00000079215/ENSG00000111537/ENSG00000137731/ENSG00000140090/ENSG00000156738/ENSG00000171488/ENSG00000177807/ENSG00000181804/ENSG00000198216",10
"GO:0002430","GO:0002430","complement receptor mediated signaling pathway","3/275","14/21468",0.214285714285714,16.7283116883117,6.70575670765496,0.000681636851236573,0.00701603991323301,0.00559756365165742,"ENSG00000117322/ENSG00000125730/ENSG00000203710",3
"GO:0002467","GO:0002467","germinal center formation","3/275","14/21468",0.214285714285714,16.7283116883117,6.70575670765496,0.000681636851236573,0.00701603991323301,0.00559756365165742,"ENSG00000092929/ENSG00000102524/ENSG00000156234",3
"GO:0002866","GO:0002866","positive regulation of acute inflammatory response to antigenic stimulus","3/275","14/21468",0.214285714285714,16.7283116883117,6.70575670765496,0.000681636851236573,0.00701603991323301,0.00559756365165742,"ENSG00000125730/ENSG00000126353/ENSG00000150337",3
"GO:0043123","GO:0043123","positive regulation of canonical NF-kappaB signal transduction","11/275","267/21468",0.0411985018726592,3.2161797752809,4.15086157810392,0.00069643644609977,0.00714431616015771,0.00569990549492465,"ENSG00000003402/ENSG00000126353/ENSG00000167207/ENSG00000172243/ENSG00000172724/ENSG00000196154/ENSG00000205846/ENSG00000213886/ENSG00000226979/ENSG00000227507/ENSG00000255833",11
"GO:0002832","GO:0002832","negative regulation of response to biotic stimulus","10/275","226/21468",0.0442477876106195,3.45422365245374,4.22499754178345,0.000702065937730883,0.0071779785004793,0.00572676211132708,"ENSG00000049768/ENSG00000102794/ENSG00000104951/ENSG00000127951/ENSG00000149131/ENSG00000155659/ENSG00000158714/ENSG00000188389/ENSG00000189013/ENSG00000203710",10
"GO:0046635","GO:0046635","positive regulation of alpha-beta T cell activation","7/275","115/21468",0.0608695652173913,4.75181027667984,4.59532407863061,0.00070820926362709,0.00720532674159561,0.00574858118908357,"ENSG00000049768/ENSG00000111537/ENSG00000113302/ENSG00000121594/ENSG00000147168/ENSG00000150782/ENSG00000172724",7
"GO:0002218","GO:0002218","activation of innate immune response","14/275","401/21468",0.0349127182044888,2.72547721605078,3.97315834587529,0.000712852951934543,0.00720532674159561,0.00574858118908357,"ENSG00000050730/ENSG00000091592/ENSG00000102794/ENSG00000124256/ENSG00000134321/ENSG00000135114/ENSG00000154451/ENSG00000160856/ENSG00000163568/ENSG00000167207/ENSG00000172243/ENSG00000186074/ENSG00000205846/ENSG00000255833",14
"GO:0002863","GO:0002863","positive regulation of inflammatory response to antigenic stimulus","4/275","32/21468",0.125,9.75818181818182,5.6477163647728,0.000714168793818604,0.00720532674159561,0.00574858118908357,"ENSG00000125730/ENSG00000126353/ENSG00000150337/ENSG00000226979",4
"GO:0045624","GO:0045624","positive regulation of T-helper cell differentiation","4/275","32/21468",0.125,9.75818181818182,5.6477163647728,0.000714168793818604,0.00720532674159561,0.00574858118908357,"ENSG00000113302/ENSG00000121594/ENSG00000150782/ENSG00000172724",4
"GO:0050728","GO:0050728","negative regulation of inflammatory response","10/275","227/21468",0.0440528634361234,3.4390068081698,4.2081796098208,0.000726303786343887,0.00730365353570152,0.00582702864597918,"ENSG00000049768/ENSG00000102794/ENSG00000113302/ENSG00000120436/ENSG00000158714/ENSG00000163606/ENSG00000167207/ENSG00000169194/ENSG00000171522/ENSG00000186188",10
"GO:0018108","GO:0018108","peptidyl-tyrosine phosphorylation","10/275","229/21468",0.0436681222707424,3.40897181421199,4.17482459495892,0.000776851550125998,0.00778634488109894,0.00621213129125777,"ENSG00000099985/ENSG00000111537/ENSG00000121594/ENSG00000136573/ENSG00000138684/ENSG00000150782/ENSG00000153064/ENSG00000167207/ENSG00000182393/ENSG00000205846",10
"GO:2000401","GO:2000401","regulation of lymphocyte migration","6/275","85/21468",0.0705882352941176,5.51050267379679,4.7463077618664,0.000784942586984776,0.00784173035428909,0.0062563191401573,"ENSG00000102879/ENSG00000108691/ENSG00000151651/ENSG00000156234/ENSG00000163606/ENSG00000169245",6
"GO:0006958","GO:0006958","complement activation, classical pathway","5/275","57/21468",0.087719298245614,6.84784688995215,5.03582641279511,0.000808397090146457,0.00802360358629129,0.00640142193393486,"ENSG00000117322/ENSG00000125730/ENSG00000149131/ENSG00000197721/ENSG00000203710",5
"GO:0048247","GO:0048247","lymphocyte chemotaxis","5/275","57/21468",0.087719298245614,6.84784688995215,5.03582641279511,0.000808397090146457,0.00802360358629129,0.00640142193393486,"ENSG00000108691/ENSG00000151651/ENSG00000156234/ENSG00000169245/ENSG00000169248",5
"GO:0018212","GO:0018212","peptidyl-tyrosine modification","10/275","231/21468",0.0432900432900433,3.37945690672963,4.14183750421308,0.000830261383333652,0.00821394514191253,0.00655328095787454,"ENSG00000099985/ENSG00000111537/ENSG00000121594/ENSG00000136573/ENSG00000138684/ENSG00000150782/ENSG00000153064/ENSG00000167207/ENSG00000182393/ENSG00000205846",10
"GO:0001878","GO:0001878","response to yeast","3/275","15/21468",0.2,15.6130909090909,6.44910585140467,0.000844002677563959,0.00829619352190682,0.00661890067326347,"ENSG00000005381/ENSG00000172243/ENSG00000205846",3
"GO:0006586","GO:0006586","indolalkylamine metabolic process","3/275","15/21468",0.2,15.6130909090909,6.44910585140467,0.000844002677563959,0.00829619352190682,0.00661890067326347,"ENSG00000104951/ENSG00000131203/ENSG00000188676",3
"GO:0002369","GO:0002369","T cell cytokine production","5/275","58/21468",0.0862068965517241,6.72978056426332,4.97736465022794,0.000875522571972792,0.00852379777872874,0.00680048876721743,"ENSG00000049768/ENSG00000134321/ENSG00000150782/ENSG00000171855/ENSG00000173762",5
"GO:0002724","GO:0002724","regulation of T cell cytokine production","5/275","58/21468",0.0862068965517241,6.72978056426332,4.97736465022794,0.000875522571972792,0.00852379777872874,0.00680048876721743,"ENSG00000049768/ENSG00000134321/ENSG00000150782/ENSG00000171855/ENSG00000173762",5
"GO:0042088","GO:0042088","T-helper 1 type immune response","5/275","58/21468",0.0862068965517241,6.72978056426332,4.97736465022794,0.000875522571972792,0.00852379777872874,0.00680048876721743,"ENSG00000113302/ENSG00000121594/ENSG00000150782/ENSG00000172724/ENSG00000197272",5
"GO:0043122","GO:0043122","regulation of canonical NF-kappaB signal transduction","13/275","368/21468",0.0353260869565217,2.75774703557312,3.87431440996241,0.000985427165845659,0.00956333601901644,0.00762985712034884,"ENSG00000003402/ENSG00000050730/ENSG00000115415/ENSG00000126353/ENSG00000167207/ENSG00000172243/ENSG00000172724/ENSG00000196154/ENSG00000205846/ENSG00000213886/ENSG00000226979/ENSG00000227507/ENSG00000255833",13
"GO:0050871","GO:0050871","positive regulation of B cell activation","6/275","89/21468",0.0674157303370786,5.26283963227784,4.59045897561231,0.0009995651608308,0.00963948684228411,0.00769061205983585,"ENSG00000102524/ENSG00000138684/ENSG00000147168/ENSG00000160856/ENSG00000167207/ENSG00000169194",6
"GO:0002577","GO:0002577","regulation of antigen processing and presentation","4/275","35/21468",0.114285714285714,8.92176623376623,5.34281785547906,0.00100904016667678,0.00963948684228411,0.00769061205983585,"ENSG00000126353/ENSG00000127951/ENSG00000167207/ENSG00000172724",4
"GO:0035456","GO:0035456","response to interferon-beta","4/275","35/21468",0.114285714285714,8.92176623376623,5.34281785547906,0.00100904016667678,0.00963948684228411,0.00769061205983585,"ENSG00000102794/ENSG00000115415/ENSG00000163568/ENSG00000171855",4
"GO:0036336","GO:0036336","dendritic cell migration","4/275","35/21468",0.114285714285714,8.92176623376623,5.34281785547906,0.00100904016667678,0.00963948684228411,0.00769061205983585,"ENSG00000121966/ENSG00000126353/ENSG00000158714/ENSG00000172724",4
"GO:0050869","GO:0050869","negative regulation of B cell activation","4/275","35/21468",0.114285714285714,8.92176623376623,5.34281785547906,0.00100904016667678,0.00963948684228411,0.00769061205983585,"ENSG00000049768/ENSG00000153064/ENSG00000163599/ENSG00000203710",4
"GO:2000404","GO:2000404","regulation of T cell migration","5/275","60/21468",0.0833333333333333,6.50545454545455,4.86448159411231,0.00102211386980744,0.00967867396569125,0.00772187647969514,"ENSG00000102879/ENSG00000151651/ENSG00000156234/ENSG00000163606/ENSG00000169245",5
"GO:0001771","GO:0001771","immunological synapse formation","3/275","16/21468",0.1875,14.6372727272727,6.21597743271378,0.0010289725347889,0.00967867396569125,0.00772187647969514,"ENSG00000013725/ENSG00000126353/ENSG00000172724",3
"GO:0001794","GO:0001794","type IIa hypersensitivity","3/275","16/21468",0.1875,14.6372727272727,6.21597743271378,0.0010289725347889,0.00967867396569125,0.00772187647969514,"ENSG00000125730/ENSG00000150337/ENSG00000203747",3
"GO:0002445","GO:0002445","type II hypersensitivity","3/275","16/21468",0.1875,14.6372727272727,6.21597743271378,0.0010289725347889,0.00967867396569125,0.00772187647969514,"ENSG00000125730/ENSG00000150337/ENSG00000203747",3
"GO:0032819","GO:0032819","positive regulation of natural killer cell proliferation","3/275","16/21468",0.1875,14.6372727272727,6.21597743271378,0.0010289725347889,0.00967867396569125,0.00772187647969514,"ENSG00000113302/ENSG00000150782/ENSG00000203747",3
"GO:0002720","GO:0002720","positive regulation of cytokine production involved in immune response","8/275","160/21468",0.05,3.90327272727273,4.19886863616829,0.00109310184207326,0.0102503445742883,0.00817796889920489,"ENSG00000134321/ENSG00000138623/ENSG00000150782/ENSG00000167207/ENSG00000172243/ENSG00000173762/ENSG00000185897/ENSG00000189013",8
"GO:1902624","GO:1902624","positive regulation of neutrophil migration","4/275","36/21468",0.111111111111111,8.67393939393939,5.24921149322693,0.00112384705628511,0.0105064233977479,0.00838227468022723,"ENSG00000126353/ENSG00000151651/ENSG00000172724/ENSG00000180549",4
"GO:0002758","GO:0002758","innate immune response-activating signaling pathway","13/275","377/21468",0.0344827586206897,2.69191222570533,3.77533699585197,0.00122542214557629,0.0114210838384961,0.00911201255231151,"ENSG00000050730/ENSG00000091592/ENSG00000102794/ENSG00000134321/ENSG00000135114/ENSG00000154451/ENSG00000160856/ENSG00000163568/ENSG00000167207/ENSG00000172243/ENSG00000186074/ENSG00000205846/ENSG00000255833",13
"GO:0032725","GO:0032725","positive regulation of granulocyte macrophage colony-stimulating factor production","3/275","17/21468",0.176470588235294,13.776256684492,6.00288638643692,0.00123768629180252,0.0114308368400009,0.00911979372907118,"ENSG00000113302/ENSG00000121594/ENSG00000150782",3
"GO:0070234","GO:0070234","positive regulation of T cell apoptotic process","3/275","17/21468",0.176470588235294,13.776256684492,6.00288638643692,0.00123768629180252,0.0114308368400009,0.00911979372907118,"ENSG00000131203/ENSG00000151651/ENSG00000188389",3
"GO:1905522","GO:1905522","negative regulation of macrophage migration","3/275","17/21468",0.176470588235294,13.776256684492,6.00288638643692,0.00123768629180252,0.0114308368400009,0.00911979372907118,"ENSG00000035720/ENSG00000158714/ENSG00000163606",3
"GO:0060142","GO:0060142","regulation of syncytium formation by plasma membrane fusion","4/275","37/21468",0.108108108108108,8.4395085995086,5.15916835399426,0.0012475072716471,0.0114868365344132,0.0091644716182826,"ENSG00000003402/ENSG00000138755/ENSG00000164935/ENSG00000169245",4
"GO:0002637","GO:0002637","regulation of immunoglobulin production","6/275","93/21468",0.0645161290322581,5.03648093841642,4.44372448572136,0.00125665778685544,0.0115018049533446,0.0091764137792123,"ENSG00000049768/ENSG00000138684/ENSG00000160856/ENSG00000169194/ENSG00000170476/ENSG00000203710",6
"GO:0032722","GO:0032722","positive regulation of chemokine production","6/275","93/21468",0.0645161290322581,5.03648093841642,4.44372448572136,0.00125665778685544,0.0115018049533446,0.0091764137792123,"ENSG00000111537/ENSG00000150782/ENSG00000153898/ENSG00000167207/ENSG00000172243/ENSG00000185897",6
"GO:0002714","GO:0002714","positive regulation of B cell mediated immunity","5/275","63/21468",0.0793650793650794,6.195670995671,4.70446354124115,0.0012751421781346,0.011601516781421,0.00925596624917879,"ENSG00000104921/ENSG00000125730/ENSG00000150337/ENSG00000167207/ENSG00000226979",5
"GO:0002891","GO:0002891","positive regulation of immunoglobulin mediated immune response","5/275","63/21468",0.0793650793650794,6.195670995671,4.70446354124115,0.0012751421781346,0.011601516781421,0.00925596624917879,"ENSG00000104921/ENSG00000125730/ENSG00000150337/ENSG00000167207/ENSG00000226979",5
"GO:0050922","GO:0050922","negative regulation of chemotaxis","5/275","64/21468",0.078125,6.09886363636364,4.65341429056195,0.00136894316675904,0.0124179800023216,0.0099073600417951,"ENSG00000035720/ENSG00000108691/ENSG00000125245/ENSG00000156234/ENSG00000158714",5
"GO:0034694","GO:0034694","response to prostaglandin","4/275","38/21468",0.105263157894737,8.21741626794258,5.07245581809008,0.00138037699556437,0.0124756951134093,0.00995340653126364,"ENSG00000126353/ENSG00000171522/ENSG00000171631/ENSG00000172724",4
"GO:0034341","GO:0034341","response to type II interferon","8/275","166/21468",0.0481927710843374,3.76219058050383,4.06961476004076,0.00138346766223282,0.0124756951134093,0.00995340653126364,"ENSG00000102794/ENSG00000108691/ENSG00000111537/ENSG00000113302/ENSG00000115415/ENSG00000154451/ENSG00000213886/ENSG00000260314",8
"GO:0007188","GO:0007188","adenylate cyclase-modulating G protein-coupled receptor signaling pathway","11/275","291/21468",0.0378006872852234,2.95092783505155,3.81690444177085,0.00139726933260409,0.0125630951463844,0.0100231363580299,"ENSG00000138755/ENSG00000152270/ENSG00000169245/ENSG00000169248/ENSG00000171522/ENSG00000179921/ENSG00000182885/ENSG00000185897/ENSG00000186188/ENSG00000186810/ENSG00000188822",11
"GO:0033077","GO:0033077","T cell differentiation in thymus","6/275","95/21468",0.0631578947368421,4.93044976076555,4.37347970194521,0.00140276833003157,0.0125755506888754,0.0100330736863193,"ENSG00000049249/ENSG00000049768/ENSG00000126353/ENSG00000147168/ENSG00000151651/ENSG00000167286",6
"GO:0070228","GO:0070228","regulation of lymphocyte apoptotic process","5/275","65/21468",0.0769230769230769,6.00503496503497,4.60343774566803,0.0014677354220927,0.0130742662829011,0.0104309608585926,"ENSG00000131203/ENSG00000151651/ENSG00000171115/ENSG00000171611/ENSG00000188389",5
"GO:0070231","GO:0070231","T cell apoptotic process","5/275","65/21468",0.0769230769230769,6.00503496503497,4.60343774566803,0.0014677354220927,0.0130742662829011,0.0104309608585926,"ENSG00000131203/ENSG00000151651/ENSG00000171115/ENSG00000171611/ENSG00000188389",5
"GO:0032817","GO:0032817","regulation of natural killer cell proliferation","3/275","18/21468",0.166666666666667,13.0109090909091,5.80703294806115,0.00147122917936473,0.0130742662829011,0.0104309608585926,"ENSG00000113302/ENSG00000150782/ENSG00000203747",3
"GO:0002230","GO:0002230","positive regulation of defense response to virus by host","4/275","39/21468",0.102564102564103,8.00671328671329,4.98886214802584,0.00152281128468895,0.0134934321660699,0.0107653813779536,"ENSG00000113302/ENSG00000115415/ENSG00000163568/ENSG00000197272",4
"GO:0002886","GO:0002886","regulation of myeloid leukocyte mediated immunity","5/275","66/21468",0.0757575757575758,5.91404958677686,4.55449393894972,0.00157167786587283,0.0138861827629285,0.0110787271531103,"ENSG00000035720/ENSG00000092929/ENSG00000125730/ENSG00000150337/ENSG00000169194",5
"GO:0050921","GO:0050921","positive regulation of chemotaxis","8/275","171/21468",0.0467836257309941,3.65218500797448,3.96641782861495,0.00166958489190615,0.014681726142828,0.0117134305986028,"ENSG00000108702/ENSG00000121966/ENSG00000126353/ENSG00000156234/ENSG00000169245/ENSG00000172724/ENSG00000183813/ENSG00000186810",8
"GO:0032693","GO:0032693","negative regulation of interleukin-10 production","4/275","40/21468",0.1,7.80654545454546,4.90819413240013,0.00167516370804387,0.014681726142828,0.0117134305986028,"ENSG00000049768/ENSG00000107738/ENSG00000113302/ENSG00000131203",4
"GO:0002548","GO:0002548","monocyte chemotaxis","5/275","67/21468",0.0746268656716418,5.82578018995929,4.50654497999913,0.00168093037291128,0.014681726142828,0.0117134305986028,"ENSG00000108691/ENSG00000108702/ENSG00000158714/ENSG00000169245/ENSG00000274736",5
"GO:0002701","GO:0002701","negative regulation of production of molecular mediator of immune response","5/275","67/21468",0.0746268656716418,5.82578018995929,4.50654497999913,0.00168093037291128,0.014681726142828,0.0117134305986028,"ENSG00000049768/ENSG00000160856/ENSG00000167207/ENSG00000171855/ENSG00000203710",5
"GO:0032831","GO:0032831","positive regulation of CD4-positive, CD25-positive, alpha-beta regulatory T cell differentiation","3/275","19/21468",0.157894736842105,12.3261244019139,5.62613837325087,0.0017306332670986,0.0149450449082498,0.0119235125776612,"ENSG00000049768/ENSG00000111537/ENSG00000147168",3
"GO:0035743","GO:0035743","CD4-positive, alpha-beta T cell cytokine production","3/275","19/21468",0.157894736842105,12.3261244019139,5.62613837325087,0.0017306332670986,0.0149450449082498,0.0119235125776612,"ENSG00000134321/ENSG00000150782/ENSG00000171855",3
"GO:0043320","GO:0043320","natural killer cell degranulation","3/275","19/21468",0.157894736842105,12.3261244019139,5.62613837325087,0.0017306332670986,0.0149450449082498,0.0119235125776612,"ENSG00000092929/ENSG00000102879/ENSG00000203747",3
"GO:1903236","GO:1903236","regulation of leukocyte tethering or rolling","3/275","19/21468",0.157894736842105,12.3261244019139,5.62613837325087,0.0017306332670986,0.0149450449082498,0.0119235125776612,"ENSG00000007908/ENSG00000131142/ENSG00000180549",3
"GO:0034368","GO:0034368","protein-lipid complex remodeling","4/275","41/21468",0.0975609756097561,7.61614190687361,4.83027504713125,0.00183778600172983,0.0157812129418205,0.0125906273388764,"ENSG00000005381/ENSG00000087237/ENSG00000100979/ENSG00000130208",4
"GO:0034369","GO:0034369","plasma lipoprotein particle remodeling","4/275","41/21468",0.0975609756097561,7.61614190687361,4.83027504713125,0.00183778600172983,0.0157812129418205,0.0125906273388764,"ENSG00000005381/ENSG00000087237/ENSG00000100979/ENSG00000130208",4
"GO:0002532","GO:0002532","production of molecular mediator involved in inflammatory response","7/275","137/21468",0.0510948905109489,3.98874585268746,3.99760121287444,0.0019611538657356,0.0167465010266864,0.0133607571505715,"ENSG00000013725/ENSG00000154451/ENSG00000158714/ENSG00000167207/ENSG00000167634/ENSG00000172243/ENSG00000173208",7
"GO:0071346","GO:0071346","cellular response to type II interferon","7/275","137/21468",0.0510948905109489,3.98874585268746,3.99760121287444,0.0019611538657356,0.0167465010266864,0.0133607571505715,"ENSG00000102794/ENSG00000108691/ENSG00000111537/ENSG00000113302/ENSG00000115415/ENSG00000154451/ENSG00000260314",7
"GO:0045730","GO:0045730","respiratory burst","4/275","42/21468",0.0952380952380952,7.43480519480519,4.75494288469734,0.00201102773934817,0.0168458984240856,0.013440058760259,"ENSG00000005381/ENSG00000132465/ENSG00000158714/ENSG00000172243",4
"GO:0050901","GO:0050901","leukocyte tethering or rolling","4/275","42/21468",0.0952380952380952,7.43480519480519,4.75494288469734,0.00201102773934817,0.0168458984240856,0.013440058760259,"ENSG00000007908/ENSG00000131142/ENSG00000180549/ENSG00000188404",4
"GO:0032604","GO:0032604","granulocyte macrophage colony-stimulating factor production","3/275","20/21468",0.15,11.7098181818182,5.45832638775009,0.00201687890847737,0.0168458984240856,0.013440058760259,"ENSG00000113302/ENSG00000121594/ENSG00000150782",3
"GO:0032645","GO:0032645","regulation of granulocyte macrophage colony-stimulating factor production","3/275","20/21468",0.15,11.7098181818182,5.45832638775009,0.00201687890847737,0.0168458984240856,0.013440058760259,"ENSG00000113302/ENSG00000121594/ENSG00000150782",3
"GO:0032829","GO:0032829","regulation of CD4-positive, CD25-positive, alpha-beta regulatory T cell differentiation","3/275","20/21468",0.15,11.7098181818182,5.45832638775009,0.00201687890847737,0.0168458984240856,0.013440058760259,"ENSG00000049768/ENSG00000111537/ENSG00000147168",3
"GO:0060263","GO:0060263","regulation of respiratory burst","3/275","20/21468",0.15,11.7098181818182,5.45832638775009,0.00201687890847737,0.0168458984240856,0.013440058760259,"ENSG00000132465/ENSG00000158714/ENSG00000172243",3
"GO:0070230","GO:0070230","positive regulation of lymphocyte apoptotic process","3/275","20/21468",0.15,11.7098181818182,5.45832638775009,0.00201687890847737,0.0168458984240856,0.013440058760259,"ENSG00000131203/ENSG00000151651/ENSG00000188389",3
"GO:0071639","GO:0071639","positive regulation of monocyte chemotactic protein-1 production","3/275","20/21468",0.15,11.7098181818182,5.45832638775009,0.00201687890847737,0.0168458984240856,0.013440058760259,"ENSG00000153898/ENSG00000167207/ENSG00000172243",3
"GO:1905517","GO:1905517","macrophage migration","5/275","70/21468",0.0714285714285714,5.5761038961039,4.36831663623275,0.00204215935334943,0.0170105753220415,0.0135714419093952,"ENSG00000035720/ENSG00000108691/ENSG00000153898/ENSG00000158714/ENSG00000163606",5
"GO:1902106","GO:1902106","negative regulation of leukocyte differentiation","7/275","139/21468",0.0503597122302158,3.93135382603009,3.94953713587664,0.00212920610071854,0.0176858094805675,0.0141101597942513,"ENSG00000049768/ENSG00000089692/ENSG00000127951/ENSG00000163599/ENSG00000171855/ENSG00000182393/ENSG00000203710",7
"GO:0042267","GO:0042267","natural killer cell mediated cytotoxicity","9/275","219/21468",0.0410958904109589,3.20816936488169,3.7414590437963,0.00213479348980354,0.0176858094805675,0.0141101597942513,"ENSG00000089692/ENSG00000092929/ENSG00000100453/ENSG00000102879/ENSG00000113302/ENSG00000138684/ENSG00000150782/ENSG00000189013/ENSG00000203747",9
"GO:0034367","GO:0034367","protein-containing complex remodeling","4/275","43/21468",0.0930232558139535,7.26190274841438,4.68204881069186,0.00219523601768154,0.0180398830807862,0.0143926481408267,"ENSG00000005381/ENSG00000087237/ENSG00000100979/ENSG00000130208",4
"GO:0071676","GO:0071676","negative regulation of mononuclear cell migration","4/275","43/21468",0.0930232558139535,7.26190274841438,4.68204881069186,0.00219523601768154,0.0180398830807862,0.0143926481408267,"ENSG00000035720/ENSG00000108691/ENSG00000158714/ENSG00000163606",4
"GO:2000406","GO:2000406","positive regulation of T cell migration","4/275","43/21468",0.0930232558139535,7.26190274841438,4.68204881069186,0.00219523601768154,0.0180398830807862,0.0143926481408267,"ENSG00000102879/ENSG00000151651/ENSG00000156234/ENSG00000169245",4
"GO:0001787","GO:0001787","natural killer cell proliferation","3/275","21/21468",0.142857142857143,11.1522077922078,5.30203604215159,0.00233089615441778,0.0189006619205707,0.0150793979890716,"ENSG00000113302/ENSG00000150782/ENSG00000203747",3
"GO:0002925","GO:0002925","positive regulation of humoral immune response mediated by circulating immunoglobulin","3/275","21/21468",0.142857142857143,11.1522077922078,5.30203604215159,0.00233089615441778,0.0189006619205707,0.0150793979890716,"ENSG00000104921/ENSG00000167207/ENSG00000226979",3
"GO:0035821","GO:0035821","modulation of process of another organism","3/275","21/21468",0.142857142857143,11.1522077922078,5.30203604215159,0.00233089615441778,0.0189006619205707,0.0150793979890716,"ENSG00000104921/ENSG00000111537/ENSG00000172243",3
"GO:0071731","GO:0071731","response to nitric oxide","3/275","21/21468",0.142857142857143,11.1522077922078,5.30203604215159,0.00233089615441778,0.0189006619205707,0.0150793979890716,"ENSG00000003402/ENSG00000126353/ENSG00000172724",3
"GO:2000427","GO:2000427","positive regulation of apoptotic cell clearance","3/275","21/21468",0.142857142857143,11.1522077922078,5.30203604215159,0.00233089615441778,0.0189006619205707,0.0150793979890716,"ENSG00000108691/ENSG00000125730/ENSG00000186074",3
"GO:1900017","GO:1900017","positive regulation of cytokine production involved in inflammatory response","4/275","44/21468",0.0909090909090909,7.09685950413223,4.61145581397122,0.00239075515718465,0.0193347579775489,0.0154257301564936,"ENSG00000013725/ENSG00000154451/ENSG00000167207/ENSG00000172243",4
"GO:0002444","GO:0002444","myeloid leukocyte mediated immunity","7/275","142/21468",0.0492957746478873,3.84829705505762,3.87909625833192,0.00240190522646223,0.019373678831913,0.0154567821405721,"ENSG00000035720/ENSG00000092929/ENSG00000107317/ENSG00000125730/ENSG00000150337/ENSG00000169194/ENSG00000203747",7
"GO:0002711","GO:0002711","positive regulation of T cell mediated immunity","7/275","145/21468",0.0482758620689655,3.76867711598746,3.81055263412615,0.0027007535569312,0.0217268516408913,0.0173341994221872,"ENSG00000049768/ENSG00000113302/ENSG00000134321/ENSG00000150782/ENSG00000158477/ENSG00000158485/ENSG00000173762",7
"GO:0045576","GO:0045576","mast cell activation","5/275","75/21468",0.0666666666666667,5.20436363636364,4.15480708295234,0.00276553848633349,0.0221896355714474,0.017703419458032,"ENSG00000092929/ENSG00000107317/ENSG00000169194/ENSG00000186074/ENSG00000188822",5
"GO:1903707","GO:1903707","negative regulation of hemopoiesis","7/275","146/21468",0.0479452054794521,3.74286425902864,3.78810998397867,0.00280645808694886,0.0224368715272692,0.0179006701887584,"ENSG00000049768/ENSG00000089692/ENSG00000127951/ENSG00000163599/ENSG00000171855/ENSG00000182393/ENSG00000203710",7
"GO:0002534","GO:0002534","cytokine production involved in inflammatory response","6/275","109/21468",0.055045871559633,4.29718098415346,3.93116600502249,0.0028183705156923,0.0224368715272692,0.0179006701887584,"ENSG00000013725/ENSG00000154451/ENSG00000167207/ENSG00000167634/ENSG00000172243/ENSG00000173208",6
"GO:1900015","GO:1900015","regulation of cytokine production involved in inflammatory response","6/275","109/21468",0.055045871559633,4.29718098415346,3.93116600502249,0.0028183705156923,0.0224368715272692,0.0179006701887584,"ENSG00000013725/ENSG00000154451/ENSG00000167207/ENSG00000167634/ENSG00000172243/ENSG00000173208",6
"GO:0051235","GO:0051235","maintenance of location","12/275","369/21468",0.032520325203252,2.53871396895787,3.39622105035685,0.00302020470534672,0.0238544463812811,0.0190316451510523,"ENSG00000102879/ENSG00000125730/ENSG00000126353/ENSG00000138755/ENSG00000155962/ENSG00000169194/ENSG00000169245/ENSG00000169248/ENSG00000171631/ENSG00000172724/ENSG00000177455/ENSG00000186810",12
"GO:0002676","GO:0002676","regulation of chronic inflammatory response","3/275","23/21468",0.130434782608696,10.1824505928854,5.01897808042968,0.00304572241748467,0.0238544463812811,0.0190316451510523,"ENSG00000049768/ENSG00000131203/ENSG00000226979",3
"GO:0034105","GO:0034105","positive regulation of tissue remodeling","3/275","23/21468",0.130434782608696,10.1824505928854,5.01897808042968,0.00304572241748467,0.0238544463812811,0.0190316451510523,"ENSG00000113302/ENSG00000138684/ENSG00000150782",3
"GO:0034375","GO:0034375","high-density lipoprotein particle remodeling","3/275","23/21468",0.130434782608696,10.1824505928854,5.01897808042968,0.00304572241748467,0.0238544463812811,0.0190316451510523,"ENSG00000087237/ENSG00000100979/ENSG00000130208",3
"GO:2000425","GO:2000425","regulation of apoptotic cell clearance","3/275","23/21468",0.130434782608696,10.1824505928854,5.01897808042968,0.00304572241748467,0.0238544463812811,0.0190316451510523,"ENSG00000108691/ENSG00000125730/ENSG00000186074",3
"GO:2000316","GO:2000316","regulation of T-helper 17 type immune response","4/275","47/21468",0.0851063829787234,6.64386847195358,4.41226662848337,0.00304857341168483,0.0238544463812811,0.0190316451510523,"ENSG00000049768/ENSG00000113302/ENSG00000172243/ENSG00000205846",4
"GO:0031334","GO:0031334","positive regulation of protein-containing complex assembly","9/275","231/21468",0.038961038961039,3.04151121605667,3.55358724758613,0.00305105938340887,0.0238544463812811,0.0190316451510523,"ENSG00000106178/ENSG00000111537/ENSG00000126353/ENSG00000154451/ENSG00000156234/ENSG00000159753/ENSG00000169884/ENSG00000172156/ENSG00000172243",9
"GO:0051345","GO:0051345","positive regulation of hydrolase activity","12/275","372/21468",0.032258064516129,2.51824046920821,3.36486605563098,0.00322339827686309,0.0250926747225902,0.0200195331963713,"ENSG00000091592/ENSG00000106178/ENSG00000107738/ENSG00000111537/ENSG00000147488/ENSG00000156234/ENSG00000163568/ENSG00000169031/ENSG00000172156/ENSG00000172243/ENSG00000172724/ENSG00000203710",12
"GO:0150076","GO:0150076","neuroinflammatory response","6/275","112/21468",0.0535714285714286,4.18207792207792,3.84605660359579,0.00322584925285507,0.0250926747225902,0.0200195331963713,"ENSG00000035720/ENSG00000100985/ENSG00000111537/ENSG00000150782/ENSG00000163606/ENSG00000169194",6
"GO:0002385","GO:0002385","mucosal immune response","4/275","48/21468",0.0833333333333333,6.50545454545455,4.3497056907633,0.00329271398405214,0.0254831054411326,0.0203310281173852,"ENSG00000167207/ENSG00000169385/ENSG00000183709/ENSG00000185897",4
"GO:0030890","GO:0030890","positive regulation of B cell proliferation","4/275","48/21468",0.0833333333333333,6.50545454545455,4.3497056907633,0.00329271398405214,0.0254831054411326,0.0203310281173852,"ENSG00000102524/ENSG00000138684/ENSG00000160856/ENSG00000169194",4
"GO:0001936","GO:0001936","regulation of endothelial cell proliferation","8/275","191/21468",0.0418848167539267,3.26975725844836,3.58919212691138,0.00331178735663443,0.0255659948212915,0.0203971592379638,"ENSG00000101445/ENSG00000106178/ENSG00000108691/ENSG00000113302/ENSG00000115415/ENSG00000169031/ENSG00000172156/ENSG00000186810",8
"GO:0045063","GO:0045063","T-helper 1 cell differentiation","3/275","24/21468",0.125,9.75818181818182,4.89015341808432,0.00344815231847366,0.0265516414044684,0.0211835315442224,"ENSG00000121594/ENSG00000172724/ENSG00000197272",3
"GO:0097028","GO:0097028","dendritic cell differentiation","5/275","79/21468",0.0632911392405063,4.94085155350978,3.99727647183145,0.00346523615418522,0.0266161480486035,0.0212349964804209,"ENSG00000126353/ENSG00000164935/ENSG00000168062/ENSG00000172724/ENSG00000213886",5
"GO:0009219","GO:0009219","pyrimidine deoxyribonucleotide metabolic process","3/275","25/21468",0.12,9.36785454545454,4.76866879682856,0.00388159820867761,0.029591136468647,0.0236085130581599,"ENSG00000025708/ENSG00000134326/ENSG00000147647",3
"GO:0030431","GO:0030431","sleep","3/275","25/21468",0.12,9.36785454545454,4.76866879682856,0.00388159820867761,0.029591136468647,0.0236085130581599,"ENSG00000107317/ENSG00000150782/ENSG00000177301",3
"GO:0043380","GO:0043380","regulation of memory T cell differentiation","3/275","25/21468",0.12,9.36785454545454,4.76866879682856,0.00388159820867761,0.029591136468647,0.0236085130581599,"ENSG00000113302/ENSG00000127951/ENSG00000182393",3
"GO:0030101","GO:0030101","natural killer cell activation","7/275","157/21468",0.0445859872611465,3.48062536189925,3.5535701837688,0.00419029791625269,0.0318650266915037,0.0254226768053351,"ENSG00000092929/ENSG00000102879/ENSG00000103522/ENSG00000113302/ENSG00000150782/ENSG00000171855/ENSG00000203747",7
"GO:0010950","GO:0010950","positive regulation of endopeptidase activity","7/275","158/21468",0.0443037974683544,3.45859608745685,3.53329428360409,0.00433782314627171,0.0324098574852138,0.0258573557816367,"ENSG00000091592/ENSG00000107738/ENSG00000147488/ENSG00000163568/ENSG00000169031/ENSG00000172243/ENSG00000203710",7
"GO:0071677","GO:0071677","positive regulation of mononuclear cell migration","6/275","119/21468",0.0504201680672269,3.93607333842628,3.6585367126391,0.00434597747231547,0.0324098574852138,0.0258573557816367,"ENSG00000102879/ENSG00000108702/ENSG00000126353/ENSG00000151651/ENSG00000156234/ENSG00000169245",6
"GO:0009074","GO:0009074","aromatic amino acid family catabolic process","3/275","26/21468",0.115384615384615,9.00755244755245,4.65382047512375,0.00434675877295965,0.0324098574852138,0.0258573557816367,"ENSG00000104951/ENSG00000131203/ENSG00000188676",3
"GO:0042430","GO:0042430","indole-containing compound metabolic process","3/275","26/21468",0.115384615384615,9.00755244755245,4.65382047512375,0.00434675877295965,0.0324098574852138,0.0258573557816367,"ENSG00000104951/ENSG00000131203/ENSG00000188676",3
"GO:0043011","GO:0043011","myeloid dendritic cell differentiation","3/275","26/21468",0.115384615384615,9.00755244755245,4.65382047512375,0.00434675877295965,0.0324098574852138,0.0258573557816367,"ENSG00000164935/ENSG00000168062/ENSG00000213886",3
"GO:0043379","GO:0043379","memory T cell differentiation","3/275","26/21468",0.115384615384615,9.00755244755245,4.65382047512375,0.00434675877295965,0.0324098574852138,0.0258573557816367,"ENSG00000113302/ENSG00000127951/ENSG00000182393",3
"GO:0071605","GO:0071605","monocyte chemotactic protein-1 production","3/275","26/21468",0.115384615384615,9.00755244755245,4.65382047512375,0.00434675877295965,0.0324098574852138,0.0258573557816367,"ENSG00000153898/ENSG00000167207/ENSG00000172243",3
"GO:0071637","GO:0071637","regulation of monocyte chemotactic protein-1 production","3/275","26/21468",0.115384615384615,9.00755244755245,4.65382047512375,0.00434675877295965,0.0324098574852138,0.0258573557816367,"ENSG00000153898/ENSG00000167207/ENSG00000172243",3
"GO:0002251","GO:0002251","organ or tissue specific immune response","4/275","52/21468",0.0769230769230769,6.00503496503497,4.1161900121771,0.00440228827530428,0.0326645515961291,0.0260605568060297,"ENSG00000167207/ENSG00000169385/ENSG00000183709/ENSG00000185897",4
"GO:0150077","GO:0150077","regulation of neuroinflammatory response","4/275","52/21468",0.0769230769230769,6.00503496503497,4.1161900121771,0.00440228827530428,0.0326645515961291,0.0260605568060297,"ENSG00000035720/ENSG00000100985/ENSG00000150782/ENSG00000163606",4
"GO:0009612","GO:0009612","response to mechanical stimulus","9/275","245/21468",0.036734693877551,2.86771057513915,3.3492305112792,0.0044849718496884,0.0331974792844975,0.0264857392015497,"ENSG00000005381/ENSG00000079215/ENSG00000115415/ENSG00000120949/ENSG00000121966/ENSG00000169194/ENSG00000169245/ENSG00000171522/ENSG00000255833",9
"GO:0007157","GO:0007157","heterophilic cell-cell adhesion via plasma membrane cell adhesion molecules","4/275","53/21468",0.0754716981132075,5.89173241852487,4.06160228016046,0.00471451101786366,0.0348122226608918,0.0277740199043735,"ENSG00000007908/ENSG00000013725/ENSG00000090659/ENSG00000188404",4
"GO:0002520","GO:0002520","immune system development","9/275","247/21468",0.0364372469635627,2.84449024659551,3.32122060028603,0.00472668906119221,0.0348180444820833,0.0277786646919019,"ENSG00000049768/ENSG00000102794/ENSG00000131203/ENSG00000160683/ENSG00000163600/ENSG00000183813/ENSG00000188389/ENSG00000226979/ENSG00000227507",9
"GO:0071695","GO:0071695","anatomical structure maturation","10/275","294/21468",0.0340136054421769,2.65528756957328,3.2553783476241,0.00481160989699747,0.0352595125976535,0.0281308784631521,"ENSG00000083454/ENSG00000092345/ENSG00000100918/ENSG00000125730/ENSG00000138684/ENSG00000140090/ENSG00000169884/ENSG00000170819/ENSG00000172243/ENSG00000172724",10
"GO:0032695","GO:0032695","negative regulation of interleukin-12 production","3/275","27/21468",0.111111111111111,8.67393939393939,4.54499630659891,0.0048442902489416,0.0352595125976535,0.0281308784631521,"ENSG00000126353/ENSG00000167207/ENSG00000181847",3
"GO:0033622","GO:0033622","integrin activation","3/275","27/21468",0.111111111111111,8.67393939393939,4.54499630659891,0.0048442902489416,0.0352595125976535,0.0281308784631521,"ENSG00000156234/ENSG00000170476/ENSG00000171522",3
"GO:0090715","GO:0090715","immunological memory formation process","3/275","27/21468",0.111111111111111,8.67393939393939,4.54499630659891,0.0048442902489416,0.0352595125976535,0.0281308784631521,"ENSG00000113302/ENSG00000127951/ENSG00000182393",3
"GO:1901739","GO:1901739","regulation of myoblast fusion","3/275","27/21468",0.111111111111111,8.67393939393939,4.54499630659891,0.0048442902489416,0.0352595125976535,0.0281308784631521,"ENSG00000003402/ENSG00000138755/ENSG00000169245",3
"GO:0045765","GO:0045765","regulation of angiogenesis","12/275","393/21468",0.0305343511450382,2.38367800138792,3.15357617459483,0.00497608056190978,0.0361327275006133,0.0288275500986247,"ENSG00000101445/ENSG00000106178/ENSG00000115415/ENSG00000121966/ENSG00000125730/ENSG00000132205/ENSG00000152270/ENSG00000156234/ENSG00000169031/ENSG00000169245/ENSG00000172156/ENSG00000186810",12
"GO:2000403","GO:2000403","positive regulation of lymphocyte migration","4/275","54/21468",0.0740740740740741,5.78262626262626,4.00839240971754,0.00504127898091742,0.0365194072148449,0.0291360523791112,"ENSG00000102879/ENSG00000151651/ENSG00000156234/ENSG00000169245",4
"GO:0002377","GO:0002377","immunoglobulin production","6/275","123/21468",0.0487804878048781,3.80807095343681,3.5576920995232,0.00510241382122086,0.0368748913746387,0.0294196661036922,"ENSG00000049768/ENSG00000138684/ENSG00000160856/ENSG00000169194/ENSG00000170476/ENSG00000203710",6
"GO:0052548","GO:0052548","regulation of endopeptidase activity","10/275","297/21468",0.0336700336700337,2.62846648301194,3.21915708136006,0.00516059286662447,0.0372073877199788,0.0296849396027033,"ENSG00000078081/ENSG00000091592/ENSG00000100985/ENSG00000107738/ENSG00000147488/ENSG00000149131/ENSG00000163568/ENSG00000169031/ENSG00000172243/ENSG00000203710",10
"GO:0050832","GO:0050832","defense response to fungus","5/275","87/21468",0.0574712643678161,4.48652037617555,3.71187748382046,0.00523184659697781,0.0376323648163792,0.0300239964463098,"ENSG00000005381/ENSG00000124256/ENSG00000172243/ENSG00000198178/ENSG00000205846",5
"GO:0002221","GO:0002221","pattern recognition receptor signaling pathway","11/275","347/21468",0.031700288184438,2.47469740634006,3.1547592436345,0.00535909605926968,0.038300202673015,0.0305568133854573,"ENSG00000050730/ENSG00000091592/ENSG00000102794/ENSG00000134321/ENSG00000135114/ENSG00000154451/ENSG00000160856/ENSG00000163568/ENSG00000167207/ENSG00000186074/ENSG00000255833",11
"GO:0002888","GO:0002888","positive regulation of myeloid leukocyte mediated immunity","3/275","28/21468",0.107142857142857,8.36415584415584,4.44166092788804,0.00537480763713557,0.038300202673015,0.0305568133854573,"ENSG00000035720/ENSG00000125730/ENSG00000150337",3
"GO:0032816","GO:0032816","positive regulation of natural killer cell activation","3/275","28/21468",0.107142857142857,8.36415584415584,4.44166092788804,0.00537480763713557,0.038300202673015,0.0305568133854573,"ENSG00000113302/ENSG00000150782/ENSG00000203747",3
"GO:2000318","GO:2000318","positive regulation of T-helper 17 type immune response","3/275","28/21468",0.107142857142857,8.36415584415584,4.44166092788804,0.00537480763713557,0.038300202673015,0.0305568133854573,"ENSG00000113302/ENSG00000172243/ENSG00000205846",3
"GO:0002573","GO:0002573","myeloid leukocyte differentiation","10/275","299/21468",0.0334448160535117,2.61088476740651,3.19525632738003,0.0054040679725844,0.0384191530050942,0.0306517147918679,"ENSG00000083454/ENSG00000100985/ENSG00000111537/ENSG00000113302/ENSG00000126353/ENSG00000164935/ENSG00000168062/ENSG00000170909/ENSG00000172724/ENSG00000213886",10
"GO:0001937","GO:0001937","negative regulation of endothelial cell proliferation","5/275","88/21468",0.0568181818181818,4.43553719008264,3.67864556463175,0.00549026335152384,0.0389413806626644,0.0310683604481151,"ENSG00000108691/ENSG00000113302/ENSG00000115415/ENSG00000169031/ENSG00000186810",5
"GO:0030838","GO:0030838","positive regulation of actin filament polymerization","4/275","56/21468",0.0714285714285714,5.5761038961039,3.90586364890557,0.00573963653103042,0.0405550270834937,0.0323557659736773,"ENSG00000106178/ENSG00000126353/ENSG00000159753/ENSG00000172156",4
"GO:0009988","GO:0009988","cell-cell recognition","5/275","89/21468",0.0561797752808989,4.38569969356486,3.64590669312791,0.00575756681525557,0.0405550270834937,0.0323557659736773,"ENSG00000013725/ENSG00000090659/ENSG00000126353/ENSG00000165457/ENSG00000172724",5
"GO:0070227","GO:0070227","lymphocyte apoptotic process","5/275","89/21468",0.0561797752808989,4.38569969356486,3.64590669312791,0.00575756681525557,0.0405550270834937,0.0323557659736773,"ENSG00000131203/ENSG00000151651/ENSG00000171115/ENSG00000171611/ENSG00000188389",5
"GO:0043491","GO:0043491","phosphatidylinositol 3-kinase/protein kinase B signal transduction","11/275","351/21468",0.0313390313390313,2.44649572649573,3.11250751853339,0.00582611764218228,0.0409435439819568,0.0326657340034757,"ENSG00000099985/ENSG00000101445/ENSG00000126353/ENSG00000150782/ENSG00000151651/ENSG00000152270/ENSG00000153064/ENSG00000163568/ENSG00000172724/ENSG00000177455/ENSG00000203747",11
"GO:1901342","GO:1901342","regulation of vasculature development","12/275","402/21468",0.0298507462686567,2.33031207598372,3.06712394156031,0.00592888195778485,0.041545020933744,0.0331456066330888,"ENSG00000101445/ENSG00000106178/ENSG00000115415/ENSG00000121966/ENSG00000125730/ENSG00000132205/ENSG00000152270/ENSG00000156234/ENSG00000169031/ENSG00000169245/ENSG00000172156/ENSG00000186810",12
"GO:0050857","GO:0050857","positive regulation of antigen receptor-mediated signaling pathway","3/275","29/21468",0.103448275862069,8.07573667711599,4.34334377552898,0.00593888588421528,0.041545020933744,0.0331456066330888,"ENSG00000035720/ENSG00000126353/ENSG00000163519",3
"GO:0010952","GO:0010952","positive regulation of peptidase activity","7/275","169/21468",0.0414201183431953,3.23348036578806,3.3204862832583,0.0062318538165161,0.0434949249248623,0.034701286452458,"ENSG00000091592/ENSG00000107738/ENSG00000147488/ENSG00000163568/ENSG00000169031/ENSG00000172243/ENSG00000203710",7
"GO:0001935","GO:0001935","endothelial cell proliferation","8/275","215/21468",0.0372093023255814,2.90476109936575,3.19746226477649,0.00669262593521049,0.0465874013445752,0.037168537753002,"ENSG00000101445/ENSG00000106178/ENSG00000108691/ENSG00000113302/ENSG00000115415/ENSG00000169031/ENSG00000172156/ENSG00000186810",8
"GO:0001796","GO:0001796","regulation of type IIa hypersensitivity","2/275","10/21468",0.2,15.6130909090909,5.26505935598949,0.00687476354579932,0.0465874013445752,0.037168537753002,"ENSG00000125730/ENSG00000150337",2
"GO:0002692","GO:0002692","negative regulation of cellular extravasation","2/275","10/21468",0.2,15.6130909090909,5.26505935598949,0.00687476354579932,0.0465874013445752,0.037168537753002,"ENSG00000131142/ENSG00000171522",2
"GO:0002892","GO:0002892","regulation of type II hypersensitivity","2/275","10/21468",0.2,15.6130909090909,5.26505935598949,0.00687476354579932,0.0465874013445752,0.037168537753002,"ENSG00000125730/ENSG00000150337",2
"GO:0009624","GO:0009624","response to nematode","2/275","10/21468",0.2,15.6130909090909,5.26505935598949,0.00687476354579932,0.0465874013445752,0.037168537753002,"ENSG00000169194/ENSG00000171522",2
"GO:0010760","GO:0010760","negative regulation of macrophage chemotaxis","2/275","10/21468",0.2,15.6130909090909,5.26505935598949,0.00687476354579932,0.0465874013445752,0.037168537753002,"ENSG00000035720/ENSG00000158714",2
"GO:0019835","GO:0019835","cytolysis","2/275","10/21468",0.2,15.6130909090909,5.26505935598949,0.00687476354579932,0.0465874013445752,0.037168537753002,"ENSG00000154451/ENSG00000221887",2
"GO:0032627","GO:0032627","interleukin-23 production","2/275","10/21468",0.2,15.6130909090909,5.26505935598949,0.00687476354579932,0.0465874013445752,0.037168537753002,"ENSG00000111537/ENSG00000172243",2
"GO:0032667","GO:0032667","regulation of interleukin-23 production","2/275","10/21468",0.2,15.6130909090909,5.26505935598949,0.00687476354579932,0.0465874013445752,0.037168537753002,"ENSG00000111537/ENSG00000172243",2
"GO:1904669","GO:1904669","ATP export","2/275","10/21468",0.2,15.6130909090909,5.26505935598949,0.00687476354579932,0.0465874013445752,0.037168537753002,"ENSG00000188820/ENSG00000203710",2
"GO:2000508","GO:2000508","regulation of dendritic cell chemotaxis","2/275","10/21468",0.2,15.6130909090909,5.26505935598949,0.00687476354579932,0.0465874013445752,0.037168537753002,"ENSG00000126353/ENSG00000158714",2
"GO:0032602","GO:0032602","chemokine production","6/275","131/21468",0.0458015267175573,3.57551700208189,3.36813272023863,0.00689869744425327,0.0465874013445752,0.037168537753002,"ENSG00000111537/ENSG00000150782/ENSG00000153898/ENSG00000167207/ENSG00000172243/ENSG00000185897",6
"GO:0032642","GO:0032642","regulation of chemokine production","6/275","131/21468",0.0458015267175573,3.57551700208189,3.36813272023863,0.00689869744425327,0.0465874013445752,0.037168537753002,"ENSG00000111537/ENSG00000150782/ENSG00000153898/ENSG00000167207/ENSG00000172243/ENSG00000185897",6
"GO:0032689","GO:0032689","negative regulation of type II interferon production","4/275","59/21468",0.0677966101694915,5.29257318952234,3.76098264575542,0.0069035305230921,0.0465874013445752,0.037168537753002,"ENSG00000049768/ENSG00000107738/ENSG00000167207/ENSG00000203710",4
"GO:0050691","GO:0050691","regulation of defense response to virus by host","4/275","59/21468",0.0677966101694915,5.29257318952234,3.76098264575542,0.0069035305230921,0.0465874013445752,0.037168537753002,"ENSG00000113302/ENSG00000115415/ENSG00000163568/ENSG00000197272",4
"GO:0061760","GO:0061760","antifungal innate immune response","3/275","31/21468",0.0967741935483871,7.55472140762463,4.16014901078862,0.00716983138830953,0.0480661722676803,0.0383483363959215,"ENSG00000172243/ENSG00000198178/ENSG00000205846",3
"GO:1901623","GO:1901623","regulation of lymphocyte chemotaxis","3/275","31/21468",0.0967741935483871,7.55472140762463,4.16014901078862,0.00716983138830953,0.0480661722676803,0.0383483363959215,"ENSG00000108691/ENSG00000156234/ENSG00000169245",3
"GO:1902221","GO:1902221","erythrose 4-phosphate/phosphoenolpyruvate family amino acid metabolic process","3/275","31/21468",0.0967741935483871,7.55472140762463,4.16014901078862,0.00716983138830953,0.0480661722676803,0.0383483363959215,"ENSG00000104951/ENSG00000131203/ENSG00000188676",3
"GO:0043299","GO:0043299","leukocyte degranulation","5/275","94/21468",0.0531914893617021,4.15241779497099,3.48915771507893,0.00723286222375686,0.0483826254223736,0.0386008102555445,"ENSG00000092929/ENSG00000102879/ENSG00000107317/ENSG00000169194/ENSG00000203747",5
