Module,GeneSymbol,EnsemblID,kME,Full_Name,Aliases,EntrezID,BRCA_Mutation_pct,BRCA_CNA_pct,BRCA_Altered_pct,Functional_Summary
turquoise,CAVIN2,ENSG00000168497.5,0.8538,caveolae associated protein 2,PS-p68; SDPR; SDR; cavin-2,8436,0.3,0.6,0.8,"This gene encodes a calcium-independent phospholipid-binding protein whose expression increases in serum-starved cells. This protein is a substrate for protein kinase C (PKC) phosphorylation and recruits polymerase I and transcript release factor (PTRF) to caveolae. Removal of this protein causes caveolae loss and its over-expression results in caveolae deformation and membrane tubulation.[provided by RefSeq, Sep 2009]."
turquoise,ABCA8,ENSG00000141338.14,0.8497,ATP binding cassette subfamily A member 8,,10351,2.0,5.0,6.7,"The membrane-associated protein encoded by this gene is a member of the superfamily of ATP-binding cassette (ABC) transporters. ABC proteins transport various molecules across extra- and intracellular membranes. ABC genes are divided into seven distinct subfamilies (ABC1, MDR/TAP, MRP, ALD, OABP, GCN20, White). This protein is a member of the ABC1 subfamily. Members of the ABC1 subfamily comprise the only major ABC subfamily found exclusively in multicellular eukaryotes. The encoded protein may regulate lipid metabolism and be involved in the formation and maintenance of myelin. Alternative splicing results in multiple transcript variants. [provided by RefSeq, Jan 2014]."
turquoise,S1PR1,ENSG00000170989.10,0.8234,sphingosine-1-phosphate receptor 1,CD363; CHEDG1; D1S3362; ECGF1; EDG-1; EDG1; S1P1,1901,0.1,0.5,0.6,"The protein encoded by this gene is structurally similar to G protein-coupled receptors and is highly expressed in endothelial cells. It binds the ligand sphingosine-1-phosphate with high affinity and high specificity, and suggested to be involved in the processes that regulate the differentiation of endothelial cells. Activation of this receptor induces cell-cell adhesion. Alternative splicing results in multiple transcript variants. [provided by RefSeq, Mar 2016]."
turquoise,C7,ENSG00000112936.19,0.8129,complement C7,,730,0.9,1.1,2.0,"This gene encodes a serum glycoprotein that forms a membrane attack complex together with complement components C5b, C6, C8, and C9 as part of the terminal complement pathway of the innate immune system. The protein encoded by this gene contains a cholesterol-dependent cytolysin/membrane attack complex/perforin-like (CDC/MACPF) domain and belongs to a large family of structurally related molecules that form pores involved in host immunity and bacterial pathogenesis. This protein initiates membrane attack complex formation by binding the C5b-C6 subcomplex and inserts into the phospholipid bilayer, serving as a membrane anchor. Mutations in this gene are associated with a rare disorder called C7 deficiency. [provided by RefSeq, Nov 2016]."
turquoise,BMX,ENSG00000102010.15,0.8126,BMX non-receptor tyrosine kinase,ETK; PSCTK2; PSCTK3,660,0.8,1.0,1.8,"This gene encodes a non-receptor tyrosine kinase belonging to the Tec kinase family. The protein contains a PH-like domain, which mediates membrane targeting by binding to phosphatidylinositol 3,4,5-triphosphate (PIP3), and a SH2 domain that binds to tyrosine-phosphorylated proteins and functions in signal transduction. The protein is implicated in several signal transduction pathways including the Stat pathway, and regulates differentiation and tumorigenicity of several types of cancer cells. Alternatively spliced transcript variants have been found for this gene. [provided by RefSeq, Mar 2016]."
turquoise,CD300LG,ENSG00000161649.13,0.8108,CD300 molecule like family member g,CLM-9; CLM9; NEPMUCIN; TREM-4; TREM4,146894,0.3,0.8,1.1,"Members of the CD300 (see MIM 606786)-like (CD300L) family, such as CD300LG, are widely expressed on hematopoietic cells. All CD300L proteins are type I cell surface glycoproteins that contain a single immunoglobulin (Ig) V-like domain (Takatsu et al., 2006 [PubMed 16876123]).[supplied by OMIM, Mar 2008]."
turquoise,TNXB,ENSG00000168477.19,0.8105,tenascin XB,EDS3; EDSCLL; EDSCLL1; HXBL; TENX; TN-X; TNX; TNXB1; TNXB2; TNXBS; VUR8; XB; XBS,7148,1.3,1.2,2.5,"This gene encodes a member of the tenascin family of extracellular matrix glycoproteins. The tenascins have anti-adhesive effects, as opposed to fibronectin which is adhesive. This protein is thought to function in matrix maturation during wound healing, and its deficiency has been associated with the connective tissue disorder Ehlers-Danlos syndrome. This gene localizes to the major histocompatibility complex (MHC) class III region on chromosome 6. It is one of four genes in this cluster which have been duplicated. The duplicated copy of this gene is incomplete and is a pseudogene which is transcribed but does not encode a protein. The structure of this gene is unusual in that it overlaps the CREBL1 and CYP21A2 genes at its 5' and 3' ends, respectively. Multiple transcript variants encoding different isoforms have been found for this gene. [provided by RefSeq, Jul 2008]."
turquoise,TMEM132C,ENSG00000181234.9,0.8098,transmembrane protein 132C,PPP1R152,92293,1.2,0.6,1.8,"Predicted to be integral component of membrane. [provided by Alliance of Genome Resources, Apr 2022]"
turquoise,CCL14,ENSG00000276409.5,0.8087,C-C motif chemokine ligand 14,CC-1; CC-3; CKB1; HCC-1; HCC-1(1-74); HCC-1/HCC-3; HCC-3; MCIF; NCC-2; NCC2; SCYA14; SCYL2; SY14,6358,0.2,2.2,2.4,"This gene, chemokine (C-C motif) ligand 14, is one of several CC cytokine genes clustered on 17q11.2. The CC cytokines are secreted proteins characterized by two adjacent cysteines. The cytokine encoded by this gene induces changes in intracellular calcium concentration and enzyme release in monocytes. Multiple transcript variants encoding different isoforms have been found for this gene. Read-through transcripts are also expressed that include exons from the upstream cytokine gene, chemokine (C-C motif) ligand 15, and are represented as GeneID: 348249. [provided by RefSeq, Dec 2009]."
turquoise,EMCN,ENSG00000164035.10,0.8035,endomucin,EMCN2; MUC14,51705,0.1,0.5,0.6,"EMCN is a mucin-like sialoglycoprotein that interferes with the assembly of focal adhesion complexes and inhibits interaction between cells and the extracellular matrix (Kinoshita et al., 2001 [PubMed 11418125]).[supplied by OMIM, Mar 2008]."
turquoise,IGF1,ENSG00000017427.17,0.7999,insulin like growth factor 1,IGF; IGF-I; IGFI; MGF,3479,0.2,0.3,0.5,"The protein encoded by this gene is similar to insulin in function and structure and is a member of a family of proteins involved in mediating growth and development. The encoded protein is processed from a precursor, bound by a specific receptor, and secreted. Defects in this gene are a cause of insulin-like growth factor I deficiency. Alternative splicing results in multiple transcript variants encoding different isoforms that may undergo similar processing to generate mature protein. [provided by RefSeq, Sep 2015]."
turquoise,PDE2A,ENSG00000186642.16,0.7993,phosphodiesterase 2A,CGS-PDE; IDDPADS; PDE2A1; PED2A4; cGSPDE,5138,0.4,4.4,4.7,"Enables several functions, including 3',5'-cyclic-nucleotide phosphodiesterase activity; anion binding activity; and metal ion binding activity. Involved in several processes, including cellular response to organic cyclic compound; cyclic-nucleotide-mediated signaling; and regulation of vascular permeability. Located in several cellular components, including cytosol; mitochondrial membrane; and perinuclear region of cytoplasm. Colocalizes with plasma membrane. [provided by Alliance of Genome Resources, Apr 2022]"
turquoise,LHFPL6,ENSG00000183722.9,0.7982,LHFPL tetraspan subfamily member 6,LHFP,10186,0.0,1.7,1.7,"This gene is a member of the lipoma HMGIC fusion partner (LHFP) gene family, which is a subset of the superfamily of tetraspan transmembrane protein encoding genes. This gene is fused to a high-mobility group gene in a translocation-associated lipoma. Mutations in another LHFP-like gene result in deafness in humans and mice. Alternatively spliced transcript variants have been found; however, their full-length nature is not known. [provided by RefSeq, Jul 2008]."
turquoise,DIPK2B,ENSG00000147113.17,0.7924,divergent protein kinase domain 2B,4930578C19Rik; CXorf36; DIA1R; EPQL1862; PRO3743; bA435K1.1,79742,0.4,0.9,1.3,"Predicted to be located in extracellular region. [provided by Alliance of Genome Resources, Apr 2022]"
turquoise,JAM2,ENSG00000154721.15,0.7892,junctional adhesion molecule 2,C21orf43; CD322; IBGC8; JAM-B; JAMB; PRO245; VE-JAM; VEJAM,58494,0.2,1.5,1.7,"This gene belongs to the immunoglobulin superfamily, and the junctional adhesion molecule (JAM) family. The protein encoded by this gene is a type I membrane protein that is localized at the tight junctions of both epithelial and endothelial cells. It acts as an adhesive ligand for interacting with a variety of immune cell types, and may play a role in lymphocyte homing to secondary lymphoid organs. Alternatively spliced transcript variants have been found for this gene. [provided by RefSeq, Jul 2012]."
turquoise,ERG,ENSG00000157554.19,0.786,ETS transcription factor ERG,LMPHM14; erg-3; p55,2078,0.7,1.1,1.8,"This gene encodes a member of the erythroblast transformation-specific (ETS) family of transcriptions factors. All members of this family are key regulators of embryonic development, cell proliferation, differentiation, angiogenesis, inflammation, and apoptosis. The protein encoded by this gene is mainly expressed in the nucleus. It contains an ETS DNA-binding domain and a PNT (pointed) domain which is implicated in the self-association of chimeric oncoproteins. This protein is required for platelet adhesion to the subendothelium, inducing vascular cell remodeling. It also regulates hematopoesis, and the differentiation and maturation of megakaryocytic cells. This gene is involved in chromosomal translocations, resulting in different fusion gene products, such as TMPSSR2-ERG and NDRG1-ERG in prostate cancer, EWS-ERG in Ewing's sarcoma and FUS-ERG in acute myeloid leukemia. More than two dozens of transcript variants generated from combinatorial usage of three alternative promoters and multiple alternative splicing events have been reported, but the full-length nature of many of these variants has not been determined. [provided by RefSeq, Apr 2014]."
turquoise,AOC3,ENSG00000131471.7,0.7848,amine oxidase copper containing 3,HPAO; SSAO; VAP-1; VAP1,8639,0.4,0.9,1.2,"This gene encodes a member of the semicarbazide-sensitive amine oxidase family. Copper amine oxidases catalyze the oxidative conversion of amines to aldehydes in the presence of copper and quinone cofactor. The encoded protein is localized to the cell surface, has adhesive properties as well as monoamine oxidase activity, and may be involved in leukocyte trafficking. Alterations in levels of the encoded protein may be associated with many diseases, including diabetes mellitus. A pseudogene of this gene has been described and is located approximately 9-kb downstream on the same chromosome. Alternative splicing results in multiple transcript variants. [provided by RefSeq, Apr 2013]."
turquoise,IL33,ENSG00000137033.11,0.7842,interleukin 33,C9orf26; DVS27; IL1F11; NF-HEV; NFEHEV,90865,0.5,2.0,2.3,"The protein encoded by this gene is a cytokine that binds to the IL1RL1/ST2 receptor. The encoded protein is involved in the maturation of Th2 cells and the activation of mast cells, basophils, eosinophils and natural killer cells. Several transcript variants encoding different isoforms have been found for this gene. [provided by RefSeq, Sep 2015]."
turquoise,ITIH5,ENSG00000123243.15,0.7808,inter-alpha-trypsin inhibitor heavy chain 5,ITI-HC5; PP14776,80760,0.8,2.8,3.5,"This gene encodes a heavy chain component of one of the inter-alpha-trypsin inhibitor (ITI) family members. ITI proteins are involved in extracellular matrix stabilization and in the prevention of tumor metastasis. They are also structurally related plasma serine protease inhibitors and are composed of a light chain and varying numbers of heavy chains. This family member is thought to function as a tumor suppressor in breast and thyroid cancers. Alternative splicing results in multiple transcript variants. [provided by RefSeq, Aug 2011]."
turquoise,EBF1,ENSG00000164330.17,0.7786,EBF transcription factor 1,COE1; EBF; O/E-1; OLF1,1879,0.7,0.9,1.6,"Predicted to enable DNA-binding transcription activator activity, RNA polymerase II-specific and RNA polymerase II cis-regulatory region sequence-specific DNA binding activity. Predicted to be involved in positive regulation of transcription by RNA polymerase II. Predicted to act upstream of or within positive regulation of transcription, DNA-templated. Predicted to be located in nucleus. Predicted to be part of chromatin. [provided by Alliance of Genome Resources, Apr 2022]"
yellow,VCAN,ENSG00000038427.16,0.8962,versican,CSPG2; ERVR; GHAP; PG-M; WGN; WGN1,1462,1.9,0.5,2.3,"This gene is a member of the aggrecan/versican proteoglycan family. The protein encoded is a large chondroitin sulfate proteoglycan and is a major component of the extracellular matrix. This protein is involved in cell adhesion, proliferation, proliferation, migration and angiogenesis and plays a central role in tissue morphogenesis and maintenance. Mutations in this gene are the cause of Wagner syndrome type 1. Multiple transcript variants encoding different isoforms have been found for this gene. [provided by RefSeq, Aug 2009]."
yellow,MSRB3,ENSG00000174099.12,0.8938,methionine sulfoxide reductase B3,DFNB74,253827,0.2,1.7,1.8,"The protein encoded by this gene catalyzes the reduction of methionine sulfoxide to methionine. This enzyme acts as a monomer and requires zinc as a cofactor. Several transcript variants encoding two different isoforms have been found for this gene. One of the isoforms localizes to mitochondria while the other localizes to endoplasmic reticula. [provided by RefSeq, Jul 2010]."
yellow,CDH11,ENSG00000140937.14,0.8908,cadherin 11,CAD11; CDHOB; ESWS; OB; OSF-4; TBHS2,1009,0.7,1.5,2.1,"This gene encodes a type II classical cadherin from the cadherin superfamily, integral membrane proteins that mediate calcium-dependent cell-cell adhesion. Mature cadherin proteins are composed of a large N-terminal extracellular domain, a single membrane-spanning domain, and a small, highly conserved C-terminal cytoplasmic domain. Type II (atypical) cadherins are defined based on their lack of a HAV cell adhesion recognition sequence specific to type I cadherins. Expression of this particular cadherin in osteoblastic cell lines, and its upregulation during differentiation, suggests a specific function in bone development and maintenance. [provided by RefSeq, Jul 2008]."
yellow,RECK,ENSG00000122707.12,0.8855,reversion inducing cysteine rich protein with kazal motifs,ST15,8434,0.7,0.8,1.5,"The protein encoded by this gene is a cysteine-rich, extracellular protein with protease inhibitor-like domains whose expression is suppressed strongly in many tumors and cells transformed by various kinds of oncogenes. In normal cells, this membrane-anchored glycoprotein may serve as a negative regulator for matrix metalloproteinase-9, a key enzyme involved in tumor invasion and metastasis. Several transcript variants encoding different isoforms have been found for this gene. [provided by RefSeq, Oct 2015]."
yellow,FSTL1,ENSG00000163430.12,0.8849,follistatin like 1,FRP; FSL1; OCC-1; OCC1; tsc36,11167,0.2,0.4,0.6,"This gene encodes a protein with similarity to follistatin, an activin-binding protein. It contains an FS module, a follistatin-like sequence containing 10 conserved cysteine residues. This gene product is thought to be an autoantigen associated with rheumatoid arthritis. [provided by RefSeq, Jul 2008]."
yellow,ECM2,ENSG00000106823.12,0.8818,extracellular matrix protein 2,,1842,0.6,0.6,1.0,"ECM2 encodes extracellular matrix protein 2, so named because it shares extensive similarity with known extracelluar matrix proteins. Three transcript variants encoding different isoforms have been found for this gene. [provided by RefSeq, Oct 2010]."
yellow,COL5A2,ENSG00000204262.14,0.8806,collagen type V alpha 2 chain,EDSC; EDSCL2,1290,1.1,0.6,1.7,"This gene encodes an alpha chain for one of the low abundance fibrillar collagens. Fibrillar collagen molecules are trimers that can be composed of one or more types of alpha chains. Type V collagen is found in tissues containing type I collagen and appears to regulate the assembly of heterotypic fibers composed of both type I and type V collagen. This gene product is closely related to type XI collagen and it is possible that the collagen chains of types V and XI constitute a single collagen type with tissue-specific chain combinations. Mutations in this gene are associated with Ehlers-Danlos syndrome, types I and II. [provided by RefSeq, Jul 2008]."
yellow,FAP,ENSG00000078098.14,0.8765,fibroblast activation protein alpha,DPPIV; FAPA; FAPalpha; SIMP,2191,0.9,0.0,0.9,"The protein encoded by this gene is a homodimeric integral membrane gelatinase belonging to the serine protease family. It is selectively expressed in reactive stromal fibroblasts of epithelial cancers, granulation tissue of healing wounds, and malignant cells of bone and soft tissue sarcomas. This protein is thought to be involved in the control of fibroblast growth or epithelial-mesenchymal interactions during development, tissue repair, and epithelial carcinogenesis. Alternatively spliced transcript variants encoding different isoforms have been found for this gene. [provided by RefSeq, Apr 2014]."
yellow,COL3A1,ENSG00000168542.16,0.8758,collagen type III alpha 1 chain,EDS4A; EDSVASC; PMGEDSV,1281,1.0,0.6,1.6,"This gene encodes the pro-alpha1 chains of type III collagen, a fibrillar collagen that is found in extensible connective tissues such as skin, lung, uterus, intestine and the vascular system, frequently in association with type I collagen. Mutations in this gene are associated with Ehlers-Danlos syndrome type IV, and with aortic and arterial aneurysms. [provided by R. Dalgleish, Feb 2008]."
yellow,ADAM12,ENSG00000148848.14,0.8736,ADAM metallopeptidase domain 12,ADAM12-OT1; CAR10; MCMP; MCMPMltna; MLTN; MLTNA,8038,1.0,1.2,2.2,"This gene encodes a member of a family of proteins that are structurally related to snake venom disintegrins and have been implicated in a variety of biological processes involving cell-cell and cell-matrix interactions, including fertilization, muscle development, and neurogenesis. Expression of this gene has been used as a maternal serum marker for pre-natal development. Alternative splicing results in multiple transcript variants encoding different isoforms. Shorter isoforms are secreted, while longer isoforms are membrane-bound form. [provided by RefSeq, Jan 2014]."
yellow,ZFPM2,ENSG00000169946.14,0.8705,"zinc finger protein, FOG family member 2",DIH3; FOG2; PRDM19; SRXY9; ZC2HC11B; ZNF89B; hFOG-2,23414,1.5,11.3,12.4,"The zinc finger protein encoded by this gene is a widely expressed member of the FOG family of transcription factors. The family members modulate the activity of GATA family proteins, which are important regulators of hematopoiesis and cardiogenesis in mammals. It has been demonstrated that the protein can both activate and down-regulate expression of GATA-target genes, suggesting different modulation in different promoter contexts. A related mRNA suggests an alternatively spliced product but this information is not yet fully supported by the sequence. [provided by RefSeq, Jul 2008]."
yellow,DCN,ENSG00000011465.18,0.8686,decorin,CSCD; DSPG2; PG40; PGII; PGS2; SLRR1B,1634,0.4,1.1,1.5,"This gene encodes a member of the small leucine-rich proteoglycan family of proteins. Alternative splicing results in multiple transcript variants, at least one of which encodes a preproprotein that is proteolytically processed to generate the mature protein. This protein plays a role in collagen fibril assembly. Binding of this protein to multiple cell surface receptors mediates its role in tumor suppression, including a stimulatory effect on autophagy and inflammation and an inhibitory effect on angiogenesis and tumorigenesis. This gene and the related gene biglycan are thought to be the result of a gene duplication. Mutations in this gene are associated with congenital stromal corneal dystrophy in human patients. [provided by RefSeq, Nov 2015]."
yellow,OLFML1,ENSG00000183801.8,0.8628,olfactomedin like 1,MVAL564; ONT2; UNQ564,283298,0.2,0.7,0.9,"Predicted to be located in extracellular region. [provided by Alliance of Genome Resources, Apr 2022]"
yellow,ZEB1,ENSG00000148516.22,0.8628,zinc finger E-box binding homeobox 1,AREB6; BZP; DELTAEF1; FECD6; NIL2A; PPCD3; TCF8; ZFHEP; ZFHX1A,6935,0.8,0.8,1.7,"This gene encodes a zinc finger transcription factor. The encoded protein likely plays a role in transcriptional repression of interleukin 2. Mutations in this gene have been associated with posterior polymorphous corneal dystrophy-3 and late-onset Fuchs endothelial corneal dystrophy. Alternatively spliced transcript variants encoding different isoforms have been described.[provided by RefSeq, Mar 2010]."
yellow,CCDC80,ENSG00000091986.16,0.8579,coiled-coil domain containing 80,CL2; DRO1; LINC01279; SSG1; URB; okuribin,151887,1.1,0.8,1.9,"Predicted to enable glycosaminoglycan binding activity. Predicted to act upstream of or within extracellular matrix organization; positive regulation of cell-substrate adhesion; and response to bacterium. Predicted to be located in extracellular matrix. [provided by Alliance of Genome Resources, Apr 2022]"
yellow,LRP1,ENSG00000123384.14,0.8517,LDL receptor related protein 1,A2MR; APOER; APR; CD91; DDH3; IGFBP-3R; IGFBP3R; IGFBP3R1; KPA; LRP; LRP1A; TGFBR5,4035,2.5,0.4,2.9,"This gene encodes a member of the low-density lipoprotein receptor family of proteins. The encoded preproprotein is proteolytically processed by furin to generate 515 kDa and 85 kDa subunits that form the mature receptor (PMID: 8546712). This receptor is involved in several cellular processes, including intracellular signaling, lipid homeostasis, and clearance of apoptotic cells. In addition, the encoded protein is necessary for the alpha 2-macroglobulin-mediated clearance of secreted amyloid precursor protein and beta-amyloid, the main component of amyloid plaques found in Alzheimer patients. Expression of this gene decreases with age and has been found to be lower than controls in brain tissue from Alzheimer's disease patients. [provided by RefSeq, Oct 2015]."
yellow,RASGRF2,ENSG00000113319.13,0.8512,Ras protein specific guanine nucleotide releasing factor 2,GRF2; RAS-GRF2,5924,0.8,0.6,1.3,"RAS GTPases cycle between an inactive GDP-bound state and an active GTP-bound state. This gene encodes a calcium-regulated nucleotide exchange factor activating both RAS and RAS-related protein, RAC1, through the exchange of bound GDP for GTP, thereby, coordinating the signaling of distinct mitogen-activated protein kinase pathways. [provided by RefSeq, Oct 2011]."
yellow,MXRA5,ENSG00000101825.8,0.8486,matrix remodeling associated 5,,25878,2.8,1.1,3.8,"This gene encodes one of the matrix-remodelling associated proteins. This protein contains 7 leucine-rich repeats and 12 immunoglobulin-like C2-type domains related to perlecan. This gene has a pseudogene on chromosome Y. [provided by RefSeq, Mar 2010]."
yellow,COL1A2,ENSG00000164692.18,0.8443,collagen type I alpha 2 chain,EDSARTH2; EDSCV; OI4,1278,1.3,0.3,1.6,"This gene encodes the pro-alpha2 chain of type I collagen whose triple helix comprises two alpha1 chains and one alpha2 chain. Type I is a fibril-forming collagen found in most connective tissues and is abundant in bone, cornea, dermis and tendon. Mutations in this gene are associated with osteogenesis imperfecta types I-IV, Ehlers-Danlos syndrome type VIIB, recessive Ehlers-Danlos syndrome Classical type, idiopathic osteoporosis, and atypical Marfan syndrome. Symptoms associated with mutations in this gene, however, tend to be less severe than mutations in the gene for the alpha1 chain of type I collagen (COL1A1) reflecting the different role of alpha2 chains in matrix integrity. Three transcripts, resulting from the use of alternate polyadenylation signals, have been identified for this gene. [provided by R. Dalgleish, Feb 2008]."
yellow,CCN4,ENSG00000104415.14,0.8396,cellular communication network factor 4,WISP1; WISP1-OT1; WISP1-UT1; WISP1c; WISP1i; WISP1tc,8840,0.5,11.2,11.4,"This gene encodes a member of the WNT1 inducible signaling pathway (WISP) protein subfamily, which belongs to the connective tissue growth factor (CTGF) family. WNT1 is a member of a family of cysteine-rich, glycosylated signaling proteins that mediate diverse developmental processes. The CTGF family members are characterized by four conserved cysteine-rich domains: insulin-like growth factor-binding domain, von Willebrand factor type C module, thrombospondin domain and C-terminal cystine knot-like domain. This gene may be downstream in the WNT1 signaling pathway that is relevant to malignant transformation. It is expressed at a high level in fibroblast cells, and overexpressed in colon tumors. The encoded protein binds to decorin and biglycan, two members of a family of small leucine-rich proteoglycans present in the extracellular matrix of connective tissue, and possibly prevents the inhibitory activity of decorin and biglycan in tumor cell proliferation. It also attenuates p53-mediated apoptosis in response to DNA damage through activation of the Akt kinase. It is 83% identical to the mouse protein at the amino acid level. Multiple alternatively spliced transcript variants have been identified. [provided by RefSeq, Mar 2011]."
black,PTPN7,ENSG00000143851.15,0.9426,protein tyrosine phosphatase non-receptor type 7,BPTP-4; HEPTP; LC-PTP; LPTP; PTPNI,5778,0.5,8.1,8.4,"The protein encoded by this gene is a member of the protein tyrosine phosphatase (PTP) family. PTPs are known to be signaling molecules that regulate a variety of cellular processes including cell growth, differentiation, mitotic cycle, and oncogenic transformation. This gene is preferentially expressed in a variety of hematopoietic cells, and is an early response gene in lymphokine stimulated cells. The non-catalytic N-terminus of this PTP can interact with MAP kinases and suppress the MAP kinase activities. This PTP was shown to be involved in the regulation of T cell antigen receptor (TCR) signaling, which was thought to function through dephosphorylating the molecules related to MAP kinase pathway. Multiple alternatively spliced transcript variants have been found for this gene. [provided by RefSeq, Dec 2010]."
black,SNX20,ENSG00000167208.15,0.9377,sorting nexin 20,SLIC1,124460,0.1,1.8,1.8,"SNX20 interacts with the cytoplasmic domain of PSGL1 (SELPLG; MIM 600738) and cycles PSGL1 into endosomes.[supplied by OMIM, Feb 2010]."
black,SIRPG,ENSG00000089012.14,0.9239,signal regulatory protein gamma,CD172g; SIRP-B2; SIRPB2; SIRPgamma; bA77C3.1,55423,0.8,0.3,1.1,"The protein encoded by this gene is a member of the signal-regulatory protein (SIRP) family, and also belongs to the immunoglobulin superfamily. SIRP family members are receptor-type transmembrane glycoproteins known to be involved in the negative regulation of receptor tyrosine kinase-coupled signaling processes. Alternatively spliced transcript variants encoding different isoforms have been described. [provided by RefSeq, Jul 2008]."
black,SP140,ENSG00000079263.19,0.9194,SP140 nuclear body protein,LYSP100; LYSP100-A; LYSP100-B,11262,0.6,0.7,1.2,"This gene encodes a member of the SP100 family of proteins, which are share common domains including an N-terminal homogeneously staining region domain followed by a SP100/autoimmune regulator/NucP41/P75/deformed epidermal autoregulatory factor domain, a plant homeobox zinc finger, and a bromodomain. The encoded protein is interferon-inducible and is expressed at high levels in the nuclei of leukocytes. Variants of this gene have been associated with multiple sclerosis, Crohn's disease, and chronic lymphocytic leukemia. Alternative splicing results in multiple variants. [provided by RefSeq, Aug 2016]."
black,TIGIT,ENSG00000181847.12,0.9191,T cell immunoreceptor with Ig and ITIM domains,VSIG9; VSTM3; WUCAM,201633,0.3,0.7,1.0,"This gene encodes a member of the PVR (poliovirus receptor) family of immunoglobin proteins. The product of this gene is expressed on several classes of T cells including follicular B helper T cells (TFH). The protein has been shown to bind PVR with high affinity; this binding is thought to assist interactions between TFH and dendritic cells to regulate T cell dependent B cell responses.[provided by RefSeq, Sep 2009]."
black,CD5,ENSG00000110448.11,0.9066,CD5 molecule,LEU1; T1,921,0.5,1.2,1.7,"This gene encodes a member of the scavenger receptor cysteine-rich (SRCR) superfamily. Members of this family are secreted or membrane-anchored proteins mainly found in cells associated with the immune system. This protein is a type-I transmembrane glycoprotein found on the surface of thymocytes, T lymphocytes and a subset of B lymphocytes. The encoded protein contains three SRCR domains and may act as a receptor to regulate T-cell proliferation. Alternative splicing results in multiple transcript variants encoding different isoforms. [provided by RefSeq, Oct 2016]."
black,ICOS,ENSG00000163600.13,0.9057,inducible T cell costimulator,AILIM; CD278; CVID1,29851,0.3,0.7,1.0,"The protein encoded by this gene belongs to the CD28 and CTLA-4 cell-surface receptor family. It forms homodimers and plays an important role in cell-cell signaling, immune responses, and regulation of cell proliferation. [provided by RefSeq, Jul 2008]."
black,CD3D,ENSG00000167286.10,0.9041,CD3 delta subunit of T-cell receptor complex,CD3-DELTA; CD3DELTA; IMD19; T3D,915,0.0,0.8,0.8,"The protein encoded by this gene is part of the T-cell receptor/CD3 complex (TCR/CD3 complex) and is involved in T-cell development and signal transduction. The encoded membrane protein represents the delta subunit of the CD3 complex, and along with four other CD3 subunits, binds either TCR alpha/beta or TCR gamma/delta to form the TCR/CD3 complex on the surface of T-cells. Defects in this gene are a cause of severe combined immunodeficiency autosomal recessive T-cell-negative/B-cell-positive/NK-cell-positive (SCIDBNK). Two transcript variants encoding different isoforms have been found for this gene. Other variants may also exist, but the full-length natures of their transcripts has yet to be defined. [provided by RefSeq, Feb 2009]."
black,CXCR3,ENSG00000186810.8,0.8947,C-X-C motif chemokine receptor 3,CD182; CD183; CKR-L2; CMKAR3; GPR9; IP10-R; Mig-R; MigR,2833,0.8,0.3,1.0,"This gene encodes a G protein-coupled receptor with selectivity for three chemokines, termed CXCL9/Mig (monokine induced by interferon-g), CXCL10/IP10 (interferon-g-inducible 10 kDa protein) and CXCL11/I-TAC (interferon-inducible T cell a-chemoattractant). Binding of chemokines to this protein induces cellular responses that are involved in leukocyte traffic, most notably integrin activation, cytoskeletal changes and chemotactic migration. Alternatively spliced transcript variants encoding different isoforms have been found for this gene. One of the isoforms (CXCR3-B) shows high affinity binding to chemokine, CXCL4/PF4 (PMID:12782716). [provided by RefSeq, Jun 2011]."
black,TIFAB,ENSG00000255833.2,0.8926,TIFA inhibitor,,497189,0.1,0.4,0.5,"TIFAB associates with TIFA (MIM 609028) and inhibits TIFA-mediated activation of NF-kappa-B (NFKB1; MIM 164011) (Matsumura et al., 2004 [PubMed 15047173]).[supplied by OMIM, Mar 2009]"
black,TRAT1,ENSG00000163519.14,0.8897,T cell receptor associated transmembrane adaptor 1,HSPC062; TCRIM; TRIM; pp29/30,50852,0.4,0.9,1.3,"Predicted to enable transmembrane receptor protein tyrosine kinase adaptor activity. Acts upstream of or within negative regulation of receptor recycling; negative regulation of transport; and positive regulation of signal transduction. Located in centriolar satellite; mitotic spindle; and plasma membrane. Part of T cell receptor complex. [provided by Alliance of Genome Resources, Apr 2022]"
black,LTA,ENSG00000226979.9,0.8868,lymphotoxin alpha,LT; TNFB; TNFSF1; TNLG1E,4049,0.1,1.2,1.3,"The encoded protein, a member of the tumor necrosis factor family, is a cytokine produced by lymphocytes. The protein is highly inducible, secreted, and forms heterotrimers with lymphotoxin-beta which anchor lymphotoxin-alpha to the cell surface. This protein also mediates a large variety of inflammatory, immunostimulatory, and antiviral responses, is involved in the formation of secondary lymphoid organs during development and plays a role in apoptosis. Genetic variations in this gene are associated with susceptibility to leprosy type 4, myocardial infarction, non-Hodgkin's lymphoma, and psoriatic arthritis. Alternatively spliced transcript variants have been observed for this gene. [provided by RefSeq, Jul 2012]."
black,CTLA4,ENSG00000163599.17,0.8862,cytotoxic T-lymphocyte associated protein 4,ALPS5; CD; CD152; CELIAC3; CTLA-4; GRD4; GSE; IDDM12,1493,0.3,0.7,1.0,"This gene is a member of the immunoglobulin superfamily and encodes a protein which transmits an inhibitory signal to T cells. The protein contains a V domain, a transmembrane domain, and a cytoplasmic tail. Alternate transcriptional splice variants, encoding different isoforms, have been characterized. The membrane-bound isoform functions as a homodimer interconnected by a disulfide bond, while the soluble isoform functions as a monomer. Mutations in this gene have been associated with insulin-dependent diabetes mellitus, Graves disease, Hashimoto thyroiditis, celiac disease, systemic lupus erythematosus, thyroid-associated orbitopathy, and other autoimmune diseases. [provided by RefSeq, Jul 2008]."
black,CD6,ENSG00000013725.14,0.8853,CD6 molecule,TP120,923,0.2,1.0,1.2,"This gene encodes a protein found on the outer membrane of T-lymphocytes as well as some other immune cells. The encoded protein contains three scavenger receptor cysteine-rich (SRCR) domains and a binding site for an activated leukocyte cell adhesion molecule. The gene product is important for continuation of T cell activation. This gene may be associated with susceptibility to multiple sclerosis (PMID: 19525953, 21849685). Multiple transcript variants encoding different isoforms have been found for this gene. [provided by RefSeq, Dec 2011]."
black,FCRL3,ENSG00000160856.21,0.8759,Fc receptor like 3,CD307c; FCRH3; IFGP3; IRTA3; MAIA; SPAP2,115352,0.8,7.8,8.4,"This gene encodes a member of the immunoglobulin receptor superfamily and is one of several Fc receptor-like glycoproteins clustered on the long arm of chromosome 1. The encoded protein contains immunoreceptor-tyrosine activation motifs and immunoreceptor-tyrosine inhibitory motifs in its cytoplasmic domain and may play a role in regulation of the immune system. Mutations in this gene have been associated with rheumatoid arthritis, autoimmune thyroid disease, and systemic lupus erythematosus. Alternative splicing results in multiple transcript variants. [provided by RefSeq, Feb 2016]."
black,IL2RG,ENSG00000147168.13,0.8733,interleukin 2 receptor subunit gamma,CD132; CIDX; IL-2RG; IMD4; P64; SCIDX; SCIDX1,3561,0.3,0.1,0.4,"The protein encoded by this gene is an important signaling component of many interleukin receptors, including those of interleukin -2, -4, -7 and -21, and is thus referred to as the common gamma chain. Mutations in this gene cause X-linked severe combined immunodeficiency (XSCID), as well as X-linked combined immunodeficiency (XCID), a less severe immunodeficiency disorder. [provided by RefSeq, Mar 2010]."
black,GBP5,ENSG00000154451.14,0.8713,guanylate binding protein 5,GBP-5,115362,0.6,1.2,1.8,"This gene belongs to the TRAFAC class dynamin-like GTPase superfamily. The encoded protein acts as an activator of NLRP3 inflammasome assembly and has a role in innate immunity and inflammation. Alternative splicing results in multiple transcript variants. [provided by RefSeq, Jan 2017]."
black,PLA2G2D,ENSG00000117215.15,0.8667,phospholipase A2 group IID,PLA2IID; SPLASH; sPLA2-IID; sPLA2S,26279,0.2,0.5,0.6,"This gene encodes a secreted member of the phospholipase A2 family, and is found in a cluster of related family members on chromosome 1. Phospholipase A2 family members hydrolyze the sn-2 fatty acid ester bond of glycerophospholipids to produce lysophospholipids and free fatty acid. This gene may be involved in inflammation and immune response, and in weight loss associated with chronic obstructive pulmonary disease. Alternative splicing results in multiple transcript variants encoding different isoforms. [provided by RefSeq, Nov 2012]."
black,GZMB,ENSG00000100453.13,0.861,granzyme B,C11; CCPI; CGL-1; CGL1; CSP-B; CSPB; CTLA1; CTSGL1; HLP; SECT,3002,0.1,0.6,0.6,"This gene encodes a member of the granzyme subfamily of proteins, part of the peptidase S1 family of serine proteases. The encoded preproprotein is secreted by natural killer (NK) cells and cytotoxic T lymphocytes (CTLs) and proteolytically processed to generate the active protease, which induces target cell apoptosis. This protein also processes cytokines and degrades extracellular matrix proteins, and these roles are implicated in chronic inflammation and wound healing. Expression of this gene may be elevated in human patients with cardiac fibrosis. [provided by RefSeq, Sep 2016]."
black,PDCD1,ENSG00000188389.11,0.8604,programmed cell death 1,ADMIO4; AIMTBS; CD279; PD-1; PD1; SLEB2; hPD-1; hPD-l; hSLE1,5133,0.3,0.8,1.1,"Programmed cell death protein 1 (PDCD1) is an immune-inhibitory receptor expressed in activated T cells; it is involved in the regulation of T-cell functions, including those of effector CD8+ T cells. In addition, this protein can also promote the differentiation of CD4+ T cells into T regulatory cells. PDCD1 is expressed in many types of tumors including melanomas, and has demonstrated to play a role in anti-tumor immunity. Moreover, this protein has been shown to be involved in safeguarding against autoimmunity, however, it can also contribute to the inhibition of effective anti-tumor and anti-microbial immunity. [provided by RefSeq, Aug 2020]."
blue,LEMD1,ENSG00000186007.10,0.8008,LEM domain containing 1,CT50; LEMP-1,93273,0.0,9.0,8.9,"Predicted to be integral component of membrane. [provided by Alliance of Genome Resources, Apr 2022]"
blue,RGMA,ENSG00000182175.14,0.7873,repulsive guidance molecule BMP co-receptor a,RGM,56963,0.2,2.7,2.9,"This gene encodes a member of the repulsive guidance molecule family. The encoded protein is a glycosylphosphatidylinositol-anchored glycoprotein that functions as an axon guidance protein in the developing and adult central nervous system. This protein may also function as a tumor suppressor in some cancers. Alternate splicing results in multiple transcript variants. [provided by RefSeq, Oct 2009]."
blue,CLCN4,ENSG00000073464.13,0.7815,Cl-/H+ antiporter 4,CLC4; ClC-4; ClC-4A; MRX15; MRX49; MRXSRC,1183,0.6,0.8,1.4,"The CLCN family of voltage-dependent chloride channel genes comprises nine members (CLCN1-7, Ka and Kb) which demonstrate quite diverse functional characteristics while sharing significant sequence homology. Chloride channel 4 has an evolutionary conserved CpG island and is conserved in both mouse and hamster. This gene is mapped in close proximity to APXL (Apical protein Xenopus laevis-like) and OA1 (Ocular albinism type I), which are both located on the human X chromosome at band p22.3. The physiological role of chloride channel 4 remains unknown but may contribute to the pathogenesis of neuronal disorders. Alternate splicing results in two transcript variants that encode different proteins. [provided by RefSeq, Mar 2012]."
blue,CCDC82,ENSG00000149231.15,0.78,coiled-coil domain containing 82,HSPC048,79780,0.8,1.0,1.8,"Predicted to be active in nucleus. [provided by Alliance of Genome Resources, Apr 2022]"
blue,ART3,ENSG00000156219.17,0.7755,ADP-ribosyltransferase 3 (inactive),ARTC3,419,0.2,1.6,1.8,"This gene encodes an arginine-specific ADP-ribosyltransferase. The encoded protein catalyzes a reversible reaction which modifies proteins by the addition or removal of ADP-ribose to an arginine residue to regulate the function of the modified protein. An ADP-ribosyltransferase pseudogene is located on chromosome 11. Multiple transcript variants encoding different isoforms have been found for this gene. [provided by RefSeq, Dec 2011]."
blue,KRT16,ENSG00000186832.9,0.7688,keratin 16,CK16; FNEPPK; K16; K1CP; KRT16A; NEPPK; PC1,3868,0.3,1.7,1.9,"The protein encoded by this gene is a member of the keratin gene family. The keratins are intermediate filament proteins responsible for the structural integrity of epithelial cells and are subdivided into cytokeratins and hair keratins. Most of the type I cytokeratins consist of acidic proteins which are arranged in pairs of heterotypic keratin chains and are clustered in a region of chromosome 17q12-q21. This keratin has been coexpressed with keratin 14 in a number of epithelial tissues, including esophagus, tongue, and hair follicles. Mutations in this gene are associated with type 1 pachyonychia congenita, non-epidermolytic palmoplantar keratoderma and unilateral palmoplantar verrucous nevus. [provided by RefSeq, Jul 2008]."
blue,MID1,ENSG00000101871.16,0.7536,midline 1,BBBG1; FXY; GBBB; GBBB1; MIDIN; OGS1; OS; OSX; RNF59; TRIM18; XPRF; ZNFXY,4281,0.8,1.3,2.1,"The protein encoded by this gene is a member of the tripartite motif (TRIM) family, also known as the 'RING-B box-coiled coil' (RBCC) subgroup of RING finger proteins. The TRIM motif includes three zinc-binding domains, a RING, a B-box type 1 and a B-box type 2, and a coiled-coil region. This protein forms homodimers which associate with microtubules in the cytoplasm. The protein is likely involved in the formation of multiprotein structures acting as anchor points to microtubules. Mutations in this gene have been associated with the X-linked form of Opitz syndrome, which is characterized by midline abnormalities such as cleft lip, laryngeal cleft, heart defects, hypospadias, and agenesis of the corpus callosum. This gene was also the first example of a gene subject to X inactivation in human while escaping it in mouse. Alternative promoter use, alternative splicing and alternative polyadenylation result in multiple transcript variants that have different tissue specificities. [provided by RefSeq, Dec 2016]."
blue,MAML2,ENSG00000184384.14,0.7513,mastermind like transcriptional coactivator 2,MAM-3; MAM2; MAM3; MLL-MAML2,84441,0.9,1.7,2.6,"The protein encoded by this gene is a member of the Mastermind-like family of proteins. All family members are proline and glutamine-rich, and contain a conserved basic domain that binds the ankyrin repeat domain of the intracellular domain of the Notch receptors (ICN1-4) in their N-terminus, and a transcriptional activation domain in their C-terminus. This protein binds to an extended groove that is formed by the interaction of CBF1, Suppressor of Hairless, LAG-1 (CSL) with ICN, and positively regulates Notch signaling. High levels of expression of this gene have been observed in several B cell-derived lymphomas. Translocations resulting in fusion proteins with both CRTC1 and CRTC3 have been implicated in the development of mucoepidermoid carcinomas, while a translocation event with CXCR4 has been linked with chronic lymphocytic leukemia (CLL). Copy number variation in the polyglutamine tract has been observed. [provided by RefSeq, Jan 2015]."
blue,CHST3,ENSG00000122863.6,0.75,carbohydrate sulfotransferase 3,C6ST; C6ST1; HSD,9469,0.2,1.5,1.7,"This gene encodes an enzyme which catalyzes the sulfation of chondroitin, a proteoglycan found in the extracellular matrix and most cells which is involved in cell migration and differentiation. Mutations in this gene are associated with spondylepiphyseal dysplasia and humerospinal dysostosis. [provided by RefSeq, Mar 2009]."
blue,MRAS,ENSG00000158186.13,0.7446,muscle RAS oncogene homolog,M-RAs; NS11; R-RAS3; RRAS3,22808,0.2,0.6,0.7,"This gene encodes a member of the Ras family of small GTPases. These membrane-associated proteins function as signal transducers in multiple processes including cell growth and differentiation, and dysregulation of Ras signaling has been associated with many types of cancer. The encoded protein may play a role in the tumor necrosis factor-alpha and MAP kinase signaling pathways. Alternatively spliced transcript variants encoding multiple isoforms have been observed for this gene. [provided by RefSeq, Nov 2011]."
blue,HORMAD1,ENSG00000143452.16,0.7402,HORMA domain containing 1,CT46; NOHMA,84072,0.6,10.0,10.4,"This gene encodes a HORMA domain-containing protein. HORMA domains are involved in chromatin binding and play a role in cell cycle regulation. The encoded protein may play a role in meiosis, and expression of this gene is a potential marker for cancer. A pseudogene of this gene is located on the long arm of chromosome 6. Alternatively spliced transcript variants encoding multiple isoforms have been observed for this gene. [provided by RefSeq, Dec 2010]."
blue,A2ML1,ENSG00000166535.20,0.7396,alpha-2-macroglobulin like 1,CPAMD9; OMS; p170,144568,0.9,1.6,2.5,"This gene encodes a member of the alpha-macroglobulin superfamily. The encoded protein is thought to be an N-glycosylated monomeric protein that acts as an inhibitor of several proteases. It has been shown to form covalent interactions with proteases, and has been reported as the p170 antigen recognized by autoantibodies in the autoimmune disease paraneoplastic pemphigus (PNP; PMID:20805888). Mutations in these gene have also been associated with some cases of Noonan syndrome (NS; PMID:24939586) as well as some cases of otitis media (PMID:26121085). Alternative splicing results in multiple transcript variants encoding different isoforms. [provided by RefSeq, Aug 2015]."
blue,GABBR2,ENSG00000136928.7,0.7374,gamma-aminobutyric acid type B receptor subunit 2,DEE59; EIEE59; GABABR2; GPR51; GPRC3B; HG20; HRIHFB2099; NDPLHS,9568,0.8,0.6,1.3,"The multi-pass membrane protein encoded by this gene belongs to the G-protein coupled receptor 3 family and GABA-B receptor subfamily. The GABA-B receptors inhibit neuronal activity through G protein-coupled second-messenger systems, which regulate the release of neurotransmitters, and the activity of ion channels and adenylyl cyclase. This receptor subunit forms an active heterodimeric complex with GABA-B receptor subunit 1, neither of which is effective on its own. Allelic variants of this gene have been associated with nicotine dependence.[provided by RefSeq, Jan 2010]."
blue,PCARE,ENSG00000179270.7,0.7331,photoreceptor cilium actin regulator,C2orf71; RP54,388939,1.1,0.5,1.6,"The protein encoded by this gene is highly expressed in photoreceptors and may associate with the primary cilium of the outer segment. The encoded protein appears to undergo post-translational lipid modification. Nonsense and missense variants of this gene appear to cause a recessive form of retinitis pigmentosa. [provided by RefSeq, Jun 2010]."
blue,SLC6A2,ENSG00000103546.18,0.7278,solute carrier family 6 member 2,NAT1; NET; NET1; SLC6A5,6530,0.3,2.0,2.2,"This gene encodes a member of the sodium:neurotransmitter symporter family. This member is a multi-pass membrane protein, which is responsible for reuptake of norepinephrine into presynaptic nerve terminals and is a regulator of norepinephrine homeostasis. Mutations in this gene cause orthostatic intolerance, a syndrome characterized by lightheadedness, fatigue, altered mentation and syncope. Alternatively spliced transcript variants encoding different isoforms have been identified in this gene.[provided by RefSeq, Feb 2010]."
blue,CT83,ENSG00000204019.5,0.7254,cancer/testis antigen 83,CXorf61; KK-LC-1; KKLC1,203413,0.1,0.6,0.6,"Located in nucleus. [provided by Alliance of Genome Resources, Apr 2022]"
blue,SFRP1,ENSG00000104332.12,0.7212,secreted frizzled related protein 1,FRP; FRP-1; FRP1; FrzA; SARP2,6422,0.4,8.8,9.0,"This gene encodes a member of the SFRP family that contains a cysteine-rich domain homologous to the putative Wnt-binding site of Frizzled proteins. Members of this family act as soluble modulators of Wnt signaling; epigenetic silencing of SFRP genes leads to deregulated activation of the Wnt-pathway which is associated with cancer. This gene may also be involved in determining the polarity of photoreceptor cells in the retina. [provided by RefSeq, Sep 2009]."
blue,EN1,ENSG00000163064.7,0.7198,engrailed homeobox 1,ENDOVESLB,2019,0.2,0.1,0.3,"Homeobox-containing genes are thought to have a role in controlling development. In Drosophila, the 'engrailed' (en) gene plays an important role during development in segmentation, where it is required for the formation of posterior compartments. Different mutations in the mouse homologs, En1 and En2, produced different developmental defects that frequently are lethal. The human engrailed homologs 1 and 2 encode homeodomain-containing proteins and have been implicated in the control of pattern formation during development of the central nervous system. [provided by RefSeq, Jul 2008]."
blue,EGFR,ENSG00000146648.19,0.719,epidermal growth factor receptor,ERBB; ERBB1; ERRP; HER1; NISBD2; NNCIS; PIG61; mENA,1956,1.4,1.7,3.0,"The protein encoded by this gene is a transmembrane glycoprotein that is a member of the protein kinase superfamily. This protein is a receptor for members of the epidermal growth factor family. EGFR is a cell surface protein that binds to epidermal growth factor, thus inducing receptor dimerization and tyrosine autophosphorylation leading to cell proliferation. Mutations in this gene are associated with lung cancer. EGFR is a component of the cytokine storm which contributes to a severe form of Coronavirus Disease 2019 (COVID-19) resulting from infection with severe acute respiratory syndrome coronavirus-2 (SARS-CoV-2). [provided by RefSeq, Jul 2020]."
blue,ARHGEF4,ENSG00000136002.20,0.7095,Rho guanine nucleotide exchange factor 4,ASEF; ASEF1; GEF4; STM6,50649,0.8,0.5,1.2,"Rho GTPases play a fundamental role in numerous cellular processes that are initiated by extracellular stimuli that work through G protein coupled receptors. The protein encoded by this gene may form complex with G proteins and stimulate Rho-dependent signals. Multiple alternatively spliced transcript variants encoding different isoforms have been found, but the full-length nature of some variants has not been determined. [provided by RefSeq, Jun 2013]."
green,TPX2,ENSG00000088325.16,0.9465,TPX2 microtubule nucleation factor,C20orf1; C20orf2; DIL-2; DIL2; FLS353; GD:C20orf1; HCA519; HCTP4; REPP86; p100,22974,0.4,1.3,1.7,"Enables importin-alpha family protein binding activity and protein kinase binding activity. Involved in activation of protein kinase activity; microtubule cytoskeleton organization; and negative regulation of microtubule depolymerization. Located in intercellular bridge; mitotic spindle; and nucleoplasm. Colocalizes with spindle pole. [provided by Alliance of Genome Resources, Apr 2022]"
green,NCAPH,ENSG00000121152.10,0.9302,non-SMC condensin I complex subunit H,BRRN1; CAP-H; CAPH; MCPH23; NCAPH1,23397,0.6,0.5,1.0,"This gene encodes a member of the barr gene family and a regulatory subunit of the condensin complex. This complex is required for the conversion of interphase chromatin into condensed chromosomes. The protein encoded by this gene is associated with mitotic chromosomes, except during the early phase of chromosome condensation. During interphase, the protein has a distinct punctate nucleolar localization. Alternatively spliced transcript variants encoding different proteins have been described. [provided by RefSeq, Jul 2013]."
green,SGO1,ENSG00000129810.15,0.9283,shugoshin 1,CAID; NY-BR-85; SGO; SGOL1,151648,0.2,0.7,0.8,"The protein encoded by this gene is a member of the shugoshin family of proteins. This protein is thought to protect centromeric cohesin from cleavage during mitotic prophase by preventing phosphorylation of a cohesin subunit. Reduced expression of this gene leads to the premature loss of centromeric cohesion, mis-segregation of sister chromatids, and mitotic arrest. Evidence suggests that this protein also protects a small subset of cohesin found along the length of the chromosome arms during mitotic prophase. An isoform lacking exon 6 has been shown to play a role in the cohesion of centrioles (PMID: 16582621 and PMID:18331714). Mutations in this gene have been associated with Chronic Atrial and Intestinal Dysrhythmia (CAID) syndrome, characterized by the co-occurrence of Sick Sinus Syndrome (SSS) and Chronic Intestinal Pseudo-obstruction (CIPO) within the first four decades of life (PMID:25282101). Fibroblast cells from CAID patients exhibited both increased cell proliferation and higher rates of senescence. Pseudogenes of this gene have been found on chromosomes 1 and 7. Alternative splicing results in multiple transcript variants. [provided by RefSeq, Mar 2015]."
green,NCAPG,ENSG00000109805.10,0.9282,non-SMC condensin I complex subunit G,CAPG; CHCG; NY-MEL-3; YCG1,64151,0.2,0.7,0.8,"This gene encodes a subunit of the condensin complex, which is responsible for the condensation and stabilization of chromosomes during mitosis and meiosis. Phosphorylation of the encoded protein activates the condensin complex. There are pseudogenes for this gene on chromosomes 8 and 15. Alternative splicing results in multiple transcript variants. [provided by RefSeq, Aug 2012]."
green,BUB1,ENSG00000169679.15,0.9272,BUB1 mitotic checkpoint serine/threonine kinase,BUB1A; BUB1L; MCPH30; hBUB1,699,0.7,0.5,1.1,"This gene encodes a serine/threonine-protein kinase that play a central role in mitosis. The encoded protein functions in part by phosphorylating members of the mitotic checkpoint complex and activating the spindle checkpoint. This protein also plays a role in inhibiting the activation of the anaphase promoting complex/cyclosome. This protein may also function in the DNA damage response. Mutations in this gene have been associated with aneuploidy and several forms of cancer. Alternate splicing results in multiple transcript variants. [provided by RefSeq, Jul 2013]."
green,KIF4A,ENSG00000090889.12,0.9257,kinesin family member 4A,KIF4; KIF4G1; MRX100; TMDI; XLID100,24137,2.1,0.2,2.2,"This gene encodes a member of the kinesin 4 subfamily of kinesin related proteins. The encoded protein is an ATP dependent microtubule-based motor protein that is involved in the intracellular transport of membranous organelles. This protein also associates with condensed chromosome arms and may be involved in maintaining chromosome integrity during mitosis. This protein may also be involved in the organization of the central spindle prior to cytokinesis. A pseudogene of this gene is found on chromosome X.[provided by RefSeq, Mar 2010]."
green,CCNA2,ENSG00000145386.11,0.9257,cyclin A2,CCN1; CCNA,890,0.4,0.5,0.8,"The protein encoded by this gene belongs to the highly conserved cyclin family, whose members function as regulators of the cell cycle. This protein binds and activates cyclin-dependent kinase 2 and thus promotes transition through G1/S and G2/M. [provided by RefSeq, Aug 2016]."
green,CCNB2,ENSG00000157456.8,0.9238,cyclin B2,HsT17299,9133,0.2,0.6,0.7,"Cyclin B2 is a member of the cyclin family, specifically the B-type cyclins. The B-type cyclins, B1 and B2, associate with p34cdc2 and are essential components of the cell cycle regulatory machinery. B1 and B2 differ in their subcellular localization. Cyclin B1 co-localizes with microtubules, whereas cyclin B2 is primarily associated with the Golgi region. Cyclin B2 also binds to transforming growth factor beta RII and thus cyclin B2/cdc2 may play a key role in transforming growth factor beta-mediated cell cycle control. [provided by RefSeq, Jul 2008]."
green,CEP55,ENSG00000138180.16,0.9234,centrosomal protein 55,C10orf3; CT111; MARCH; URCC6,55165,0.3,0.5,0.7,"Enables identical protein binding activity. Involved in cranial skeletal system development; establishment of protein localization; and midbody abscission. Acts upstream of or within mitotic cytokinesis. Located in Flemming body; centriolar satellite; and plasma membrane. Implicated in multinucleated neurons, anhydramnios, renal dysplasia, cerebellar hypoplasia and hydranencephaly. [provided by Alliance of Genome Resources, Apr 2022]"
green,MCM10,ENSG00000065328.17,0.9227,minichromosome maintenance 10 replication initiation factor,CNA43; DNA43; IMD80; PRO2249,55388,0.8,2.2,3.0,"The protein encoded by this gene is one of the highly conserved mini-chromosome maintenance proteins (MCM) that are involved in the initiation of eukaryotic genome replication. The hexameric protein complex formed by MCM proteins is a key component of the pre-replication complex (pre-RC) and it may be involved in the formation of replication forks and in the recruitment of other DNA replication related proteins. This protein can interact with MCM2 and MCM6, as well as with the origin recognition protein ORC2. It is regulated by proteolysis and phosphorylation in a cell cycle-dependent manner. Studies of a similar protein in Xenopus suggest that the chromatin binding of this protein at the onset of DNA replication is after pre-RC assembly and before origin unwinding. Alternatively spliced transcript variants encoding distinct isoforms have been identified. [provided by RefSeq, Jul 2008]."
green,MELK,ENSG00000165304.8,0.922,maternal embryonic leucine zipper kinase,HPK38,9833,0.5,0.7,1.1,"Enables calcium ion binding activity; non-membrane spanning protein tyrosine kinase activity; and protein serine/threonine kinase activity. Involved in apoptotic process; cell population proliferation; and protein autophosphorylation. Located in cell cortex and plasma membrane. [provided by Alliance of Genome Resources, Apr 2022]"
green,HJURP,ENSG00000123485.12,0.9204,Holliday junction recognition protein,FAKTS; URLC9; hFLEG1,55355,0.7,0.5,1.1,"Enables histone binding activity and identical protein binding activity. Involved in several processes, including CENP-A containing chromatin assembly; regulation of DNA binding activity; and regulation of protein-containing complex assembly. Located in kinetochore; mitochondrion; and nuclear lumen. [provided by Alliance of Genome Resources, Apr 2022]"
green,SKA1,ENSG00000154839.10,0.9196,spindle and kinetochore associated complex subunit 1,C18orf24,220134,0.2,0.8,1.0,"Enables microtubule binding activity. Involved in several processes, including chromosome segregation; mitotic cell cycle; and regulation of microtubule polymerization or depolymerization. Located in spindle microtubule. Part of outer kinetochore. [provided by Alliance of Genome Resources, Apr 2022]"
green,CDCA8,ENSG00000134690.11,0.9177,cell division cycle associated 8,BOR; BOREALIN; DasraB; MESRGP,55143,0.1,1.0,1.1,"This gene encodes a component of the chromosomal passenger complex. This complex is an essential regulator of mitosis and cell division. This protein is cell-cycle regulated and is required for chromatin-induced microtubule stabilization and spindle formation. Alternate splicing results in multiple transcript variants. Pseudgenes of this gene are found on chromosomes 7, 8 and 16. [provided by RefSeq, Apr 2013]."
green,KIF2C,ENSG00000142945.13,0.9177,kinesin family member 2C,CT139; KNSL6; MCAK,11004,0.4,0.7,1.1,"This gene encodes a kinesin-like protein that functions as a microtubule-dependent molecular motor. The encoded protein can depolymerize microtubules at the plus end, thereby promoting mitotic chromosome segregation. Alternative splicing results in multiple transcript variants. [provided by RefSeq, Jul 2014]."
green,CKAP2L,ENSG00000169607.13,0.9156,cytoskeleton associated protein 2L,,150468,0.7,0.1,0.7,"The protein encoded by this gene is thought to be a mitotic spindle protein important to neural stem or progenitor cells. Mutations in this gene have been associated with spindle organization defects, including mitotic spindle defects, lagging chromosomes, and chromatin bridges. There is evidence that mutations in this gene are associated with Filippi syndrome, characterized by growth defects, microcephaly, intellectual disability, facial feature defects, and syndactyly. There is a pseudogene of this gene on chromosome 20. Alternative splicing results in multiple transcript variants. [provided by RefSeq, Jan 2015]."
green,CENPA,ENSG00000115163.15,0.9117,centromere protein A,CENP-A; CenH3,1058,0.0,0.5,0.5,"Centromeres are the differentiated chromosomal domains that specify the mitotic behavior of chromosomes. This gene encodes a centromere protein which contains a histone H3 related histone fold domain that is required for targeting to the centromere. Centromere protein A is proposed to be a component of a modified nucleosome or nucleosome-like structure in which it replaces 1 or both copies of conventional histone H3 in the (H3-H4)2 tetrameric core of the nucleosome particle. The protein is a replication-independent histone that is a member of the histone H3 family. Alternative splicing results in multiple transcript variants encoding distinct isoforms. [provided by RefSeq, Nov 2015]."
green,KIF23,ENSG00000137807.16,0.9097,kinesin family member 23,CDA3; CDAIII; CDAN3; CDAN3A; CHO1; KNSL5; MKLP-1; MKLP1,9493,0.7,0.6,1.2,"The protein encoded by this gene is a member of kinesin-like protein family. This family includes microtubule-dependent molecular motors that transport organelles within cells and move chromosomes during cell division. This protein has been shown to cross-bridge antiparallel microtubules and drive microtubule movement in vitro. Alternate splicing of this gene results in multiple transcript variants. [provided by RefSeq, Jul 2013]."
green,FOXM1,ENSG00000111206.13,0.9096,forkhead box M1,FKHL16; FOXM1A; FOXM1B; FOXM1C; HFH-11; HFH11; HNF-3; INS-1; MPHOSPH2; MPP-2; MPP2; PIG29; TRIDENT,2305,0.7,1.5,2.1,"The protein encoded by this gene is a transcriptional activator involved in cell proliferation. The encoded protein is phosphorylated in M phase and regulates the expression of several cell cycle genes, such as cyclin B1 and cyclin D1. Several transcript variants encoding different isoforms have been found for this gene. [provided by RefSeq, Jul 2011]."
green,DLGAP5,ENSG00000126787.13,0.9073,DLG associated protein 5,DLG7; HURP,9787,0.6,0.7,1.2,"Predicted to enable microtubule binding activity. Predicted to be involved in several processes, including centrosome localization; kinetochore assembly; and mitotic spindle organization. Located in several cellular components, including centrosome; cytosol; and mitochondrion. [provided by Alliance of Genome Resources, Apr 2022]"
red,MRPL55,ENSG00000162910.19,0.8407,mitochondrial ribosomal protein L55,AAVG5835; L55nt; MRP-L55; PRO19675; bL31m,128308,0.1,9.0,8.9,"Mammalian mitochondrial ribosomal proteins are encoded by nuclear genes and help in protein synthesis within the mitochondrion. Mitochondrial ribosomes (mitoribosomes) consist of a small 28S subunit and a large 39S subunit. They have an estimated 75% protein to rRNA composition compared to prokaryotic ribosomes, where this ratio is reversed. Another difference between mammalian mitoribosomes and prokaryotic ribosomes is that the latter contain a 5S rRNA. Among different species, the proteins comprising the mitoribosome differ greatly in sequence, and sometimes in biochemical properties, which prevents easy recognition by sequence homology. This gene encodes a 39S subunit protein. Multiple transcript variants encoding two different isoforms were identified through sequence analysis. [provided by RefSeq, Jul 2008]."
red,SAC3D1,ENSG00000168061.17,0.8368,SAC3 domain containing 1,HSU79266; SHD1,29901,0.1,1.6,1.7,"Predicted to be involved in centrosome duplication and spindle assembly. Predicted to act upstream of or within negative regulation of receptor signaling pathway via JAK-STAT and regulation of immune response. Predicted to be located in microtubule cytoskeleton. Predicted to be active in centrosome; nucleus; and spindle. [provided by Alliance of Genome Resources, Apr 2022]"
red,POP7,ENSG00000172336.5,0.8318,POP7 ribonuclease P/MRP subunit,0610037N12Rik; RPP2; RPP20,10248,0.0,0.9,0.9,"Enables ribonuclease P RNA binding activity. Contributes to ribonuclease P activity. Involved in tRNA 5'-leader removal. Located in nucleolus. Part of multimeric ribonuclease P complex and ribonuclease MRP complex. [provided by Alliance of Genome Resources, Apr 2022]"
red,LSM4,ENSG00000130520.11,0.8286,"LSM4 homolog, U6 small nuclear RNA and mRNA degradation associated",GRP; YER112W,25804,0.2,1.4,1.6,"This gene encodes a member of the LSm family of RNA-binding proteins. LSm proteins form stable heteromers that bind specifically to the 3'-terminal oligo(U) tract of U6 snRNA and may play a role in pre-mRNA splicing by mediating U4/U6 snRNP formation. Alternatively spliced transcript variants encoding multiple isoforms have been observed for this gene. [provided by RefSeq, Nov 2011]."
red,COPE,ENSG00000105669.14,0.8279,coat protein complex I subunit epsilon,epsilon-COP,11316,0.3,1.3,1.6,"The product of this gene is an epsilon subunit of coatomer protein complex. Coatomer is a cytosolic protein complex that binds to dilysine motifs and reversibly associates with Golgi non-clathrin-coated vesicles. It is required for budding from Golgi membranes, and is essential for the retrograde Golgi-to-ER transport of dilysine-tagged proteins. Coatomer complex consists of at least the alpha, beta, beta', gamma, delta, epsilon and zeta subunits. Alternatively spliced transcript variants encoding different isoforms have been identified. [provided by RefSeq, Jul 2008]."
red,HSPBP1,ENSG00000133265.11,0.8277,HSPA (Hsp70) binding protein 1,FES1,23640,0.0,2.1,2.0,"Enables ubiquitin protein ligase binding activity. Involved in positive regulation of proteasomal ubiquitin-dependent protein catabolic process and positive regulation of protein ubiquitination. Predicted to be active in endoplasmic reticulum. [provided by Alliance of Genome Resources, Apr 2022]"
red,TIMM17B,ENSG00000126768.12,0.8265,translocase of inner mitochondrial membrane 17B,DXS9822; JM3; TIM17B,10245,0.1,0.9,1.0,"This gene encodes a multipass transmembrane protein that forms an integral component of the mitochondrial translocase TIM23 complex. This complex facilitates the transport of mitochondrial proteins from the cytosol across the mitochondrial inner membrane and into the mitochondrion. There is a pseudogene for this gene on chromosome 12. Alternative splicing results in multiple transcript variants. [provided by RefSeq, Aug 2013]."
red,RPUSD1,ENSG00000007376.8,0.8254,RNA pseudouridine synthase domain containing 1,C16orf40; RLUCL,113000,0.1,4.0,4.1,"Predicted to enable pseudouridine synthase activity. Predicted to be involved in enzyme-directed rRNA pseudouridine synthesis. [provided by Alliance of Genome Resources, Apr 2022]"
red,EXOSC4,ENSG00000178896.9,0.8234,exosome component 4,RRP41; RRP41A; Rrp41p; SKI6; Ski6p; hRrp41p; p12A,54512,0.1,10.8,10.8,"Enables mRNA 3'-UTR AU-rich region binding activity. Involved in nucleic acid metabolic process and positive regulation of cell growth. Acts upstream of or within defense response to virus. Located in cytosol; nucleoplasm; and transcriptionally active chromatin. Part of exosome (RNase complex). [provided by Alliance of Genome Resources, Apr 2022]"
red,ANAPC11,ENSG00000141552.18,0.822,anaphase promoting complex subunit 11,APC11; Apc11p; HSPC214,51529,0.1,4.0,4.1,"Enables cullin family protein binding activity and ubiquitin-ubiquitin ligase activity. Contributes to ubiquitin-protein transferase activity. Involved in protein K11-linked ubiquitination. Located in nucleolus and nucleoplasm. Part of anaphase-promoting complex. [provided by Alliance of Genome Resources, Apr 2022]"
red,,ENSG00000148362.11,0.8217,,,,,,,No summary available.
red,C1orf35,ENSG00000143793.13,0.8203,chromosome 1 open reading frame 35,MMTAG2,79169,0.0,9.0,8.9,"Enables RNA binding activity. Predicted to be located in extracellular region; ficolin-1-rich granule lumen; and secretory granule lumen. [provided by Alliance of Genome Resources, Apr 2022]"
red,METTL26,ENSG00000130731.16,0.8189,methyltransferase like 26,C16orf13; JFP2,84326,0.1,3.9,4.0,No summary available.
red,MRPS34,ENSG00000074071.15,0.8173,mitochondrial ribosomal protein S34,COXPD32; MRP-S12; MRP-S34; mS34,65993,0.1,4.2,4.2,"Mammalian mitochondrial ribosomal proteins are encoded by nuclear genes and help in protein synthesis within the mitochondrion. Mitochondrial ribosomes (mitoribosomes) consist of a small 28S subunit and a large 39S subunit. They have an estimated 75% protein to rRNA composition compared to prokaryotic ribosomes, where this ratio is reversed. Another difference between mammalian mitoribosomes and prokaryotic ribosomes is that the latter contain a 5S rRNA. Among different species, the proteins comprising the mitoribosome differ greatly in sequence, and sometimes in biochemical properties, which prevents easy recognition by sequence homology. This gene encodes a 28S subunit protein. Alternative splicing results in multiple transcript variants. [provided by RefSeq, Jul 2014]."
red,SLC25A10,ENSG00000183048.12,0.8163,solute carrier family 25 member 10,DIC; MTDPS19,1468,0.3,4.0,4.2,"This gene encodes a member of a family of proteins that translocate small metabolites across the mitochondrial membrane. The encoded protein exchanges dicarboxylates, such as malate and succinate, for phosphate, sulfate, and other small molecules, thereby providing substrates for metabolic processes including the Krebs cycle and fatty acid synthesis. Alternatively spliced transcript variants encoding multiple isoforms have been observed for this gene. [provided by RefSeq, Aug 2012]."
red,YDJC,ENSG00000161179.14,0.8162,YdjC chitooligosaccharide deacetylase homolog,,150223,0.1,0.9,1.0,"Predicted to enable deacetylase activity and magnesium ion binding activity. Predicted to be involved in carbohydrate metabolic process. [provided by Alliance of Genome Resources, Apr 2022]"
red,ROMO1,ENSG00000125995.16,0.8127,reactive oxygen species modulator 1,C20orf52; MTGM; MTGMP; bA353C18.2,140823,0.0,2.1,2.1,"The protein encoded by this gene is a mitochondrial membrane protein that is responsible for increasing the level of reactive oxygen species (ROS) in cells. The protein also has antimicrobial activity against a variety of bacteria by inducing bacterial membrane breakage. [provided by RefSeq, Nov 2014]."
red,MRPS12,ENSG00000128626.12,0.811,mitochondrial ribosomal protein S12,MPR-S12; MT-RPS12; RPMS12; RPS12; RPSM12; uS12m,6183,0.3,1.9,2.1,"Mammalian mitochondrial ribosomal proteins are encoded by nuclear genes and help in protein synthesis within the mitochondrion. Mitochondrial ribosomes (mitoribosomes) consist of a small 28S subunit and a large 39S subunit. They have an estimated 75% protein to rRNA composition compared to prokaryotic ribosomes, where this ratio is reversed. Another difference between mammalian mitoribosomes and prokaryotic ribosomes is that the latter contain a 5S rRNA. Among different species, the proteins comprising the mitoribosome differ greatly in sequence, and sometimes in biochemical properties, which prevents easy recognition by sequence homology. This gene encodes a 28S subunit protein that belongs to the ribosomal protein S12P family. The encoded protein is a key component of the ribosomal small subunit and controls the decoding fidelity and susceptibility to aminoglycoside antibiotics. The gene for mitochondrial seryl-tRNA synthetase is located upstream and adjacent to this gene, and both genes are possible candidates for the autosomal dominant deafness gene (DFNA4). Splice variants that differ in the 5' UTR have been found for this gene; all three variants encode the same protein. [provided by RefSeq, Jul 2008]."
red,,ENSG00000228300.14,0.8105,family with sequence similarity 174 member C,,,,,,No summary available.
red,NUBP2,ENSG00000095906.17,0.8052,"NUBP iron-sulfur cluster assembly factor 2, cytosolic",CFD1; CIAO6; NBP 2,10101,0.0,4.2,4.2,"This gene encodes an adenosine triphosphate (ATP) and metal-binding protein that is required for the assembly of cyotosolic iron-sulfur proteins. The encoded protein functions in a heterotetramer with nucleotide-binding protein 1 (NUBP1). Alternative splicing results in multiple transcript variants. [provided by RefSeq, Oct 2013]."
magenta,APOBEC4,ENSG00000173627.8,0.8863,apolipoprotein B mRNA editing enzyme catalytic polypeptide like 4,C1orf169,403314,0.0,7.4,7.3,"This gene encodes a member of the AID/APOBEC family of polynucleotide (deoxy)cytidine deaminases, which convert cytidine to uridine. Other AID/APOBEC family members are involved in mRNA editing, somatic hypermutation and recombination of immunoglobulin genes, and innate immunity to retroviral infection. [provided by RefSeq, Jul 2008]."
magenta,CFAP107,ENSG00000157330.10,0.8564,cilia and flagella associated protein 107,C1orf158,93190,0.1,0.7,0.8,No summary available.
magenta,TEKT1,ENSG00000167858.13,0.8484,tektin 1,,83659,0.1,0.7,0.8,"This gene product belongs to the tektin family of proteins. Tektins comprise a family of filament-forming proteins that are coassembled with tubulins to form ciliary and flagellar microtubules. This gene is predominantly expressed in the testis and in mouse, tektin 1 mRNA was localized to the spermatocytes and round spermatids in the seminiferous tubules, indicating that it may play a role in spermatogenesis. [provided by RefSeq, Jul 2008]."
magenta,ZBBX,ENSG00000169064.13,0.8399,zinc finger B-box domain containing,,79740,1.2,2.0,3.0,"Predicted to enable zinc ion binding activity. Predicted to be involved in cilium movement. Predicted to be active in motile cilium. [provided by Alliance of Genome Resources, Apr 2022]"
magenta,WDR38,ENSG00000136918.8,0.8386,WD repeat domain 38,,401551,0.2,0.9,1.1,"Predicted to act upstream of or within hematopoietic progenitor cell differentiation. [provided by Alliance of Genome Resources, Apr 2022]"
magenta,CDHR4,ENSG00000187492.9,0.831,cadherin related family member 4,CDH29; PRO34300,389118,0.5,0.5,0.9,"Predicted to enable calcium ion binding activity. Predicted to be involved in cell adhesion. Predicted to be located in membrane. Predicted to be integral component of membrane. Predicted to be integral component of plasma membrane. [provided by Alliance of Genome Resources, Apr 2022]"
magenta,CDC20B,ENSG00000164287.13,0.8283,cell division cycle 20B,G6VTS76519,166979,0.2,1.1,1.3,"Predicted to enable anaphase-promoting complex binding activity and ubiquitin ligase activator activity. Predicted to be involved in anaphase-promoting complex-dependent catabolic process and positive regulation of anaphase-promoting complex-dependent catabolic process. Predicted to be part of anaphase-promoting complex. [provided by Alliance of Genome Resources, Apr 2022]"
magenta,MAP3K19,ENSG00000176601.13,0.8244,mitogen-activated protein kinase kinase kinase 19,RCK; YSK4,80122,0.8,0.1,0.8,"Predicted to enable ATP binding activity; protein serine kinase activity; and protein serine/threonine kinase activity. Predicted to be involved in protein phosphorylation. [provided by Alliance of Genome Resources, Apr 2022]"
magenta,AKAP14,ENSG00000186471.13,0.8224,A-kinase anchoring protein 14,AKAP28; PRKA14,158798,0.1,0.5,0.6,"The A-kinase anchor proteins (AKAPs) are a group of structurally diverse proteins, which have the common function of binding to the regulatory subunit of protein kinase A (PKA) and confining the holoenzyme to discrete locations within the cell. This gene encodes a member of the AKAP family. The protein anchors PKA in ciliary axonemes and, in this way, may play a role in regulating ciliary beat frequency. Alternate transcriptional splice variants, encoding different isoforms, have been characterized. [provided by RefSeq, Jul 2008]."
magenta,CIMIP1,ENSG00000124237.6,0.8184,ciliary microtubule inner protein 1,C20orf85; LLC1; bA196N14.1,128602,0.0,4.7,4.6,No summary available.
magenta,FOXN4,ENSG00000139445.18,0.8005,forkhead box N4,,121643,0.1,0.2,0.3,"Members of the winged-helix/forkhead family of transcription factors, such as FOXN4, are characterized by a 110-amino acid DNA-binding domain that can fold into a variant of the helix-turn-helix motif consisting of 3 alpha helices flanked by 2 large loops or wings. These transcription factors are involved in a variety of biologic processes as key regulators in development and metabolism (Li et al., 2004 [PubMed 15363391]).[supplied by OMIM, Mar 2008]."
magenta,KNCN,ENSG00000162456.10,0.7965,kinocilin,Kino; L5,148930,0.0,0.7,0.6,"Predicted to be located in apical part of cell; cytoplasm; and microtubule cytoskeleton. Predicted to be active in several cellular components, including apical plasma membrane; cytoskeleton; and kinocilium. [provided by Alliance of Genome Resources, Apr 2022]"
magenta,ADGB,ENSG00000118492.17,0.796,androglobin,C6orf103; CAPN16,79747,0.9,0.9,1.8,"Predicted to enable calcium-dependent cysteine-type endopeptidase activity; heme binding activity; and oxygen binding activity. Predicted to be involved in proteolysis. [provided by Alliance of Genome Resources, Apr 2022]"
magenta,DNAAF6,ENSG00000080572.13,0.7927,dynein axonemal assembly factor 6,CILD36; CXorf41; NYSAR97; PIH1D3; TWISTER,139212,0.1,0.3,0.4,"Enables dynein intermediate chain binding activity. Involved in flagellated sperm motility; inner dynein arm assembly; and outer dynein arm assembly. Located in trans-Golgi network. Implicated in primary ciliary dyskinesia 36. [provided by Alliance of Genome Resources, Apr 2022]"
magenta,ROPN1L,ENSG00000145491.12,0.7809,rhophilin associated tail protein 1 like,ASP; LINC01513; RSPH11; TCONS_00009352,83853,0.2,2.1,2.2,"This gene encodes a member of the ropporin family. The encoded protein is present in sperm and interacts with A-kinase anchoring protein, AKAP3, through the amphipathic helix region of AKAP3. Alternatively spliced transcript variants have been found for this gene. [provided by RefSeq, Oct 2014]."
magenta,TUBA4B,ENSG00000243910.8,0.7767,tubulin alpha 4b,TUBA4,80086,0.0,0.7,0.6,"Predicted to enable GTP binding activity. Predicted to be a structural constituent of cytoskeleton. Predicted to be involved in microtubule cytoskeleton organization and mitotic cell cycle. Predicted to be active in cytoplasm and microtubule. [provided by Alliance of Genome Resources, Apr 2022]"
magenta,CFAP276,ENSG00000179902.13,0.7713,cilia and flagella associated protein 276,C10orf194; C1orf194,127003,0.2,0.6,0.7,"Predicted to enable heme binding activity and heme transmembrane transporter activity. Predicted to be involved in heme export. Located in cytoplasm and cytoskeleton. [provided by Alliance of Genome Resources, Apr 2022]"
magenta,CFAP141,ENSG00000163263.7,0.7665,cilia and flagella associated protein 141,C1orf189,388701,0.1,8.6,8.6,No summary available.
magenta,C7orf57,ENSG00000164746.14,0.7531,chromosome 7 open reading frame 57,FCAP33,136288,0.2,0.3,0.5,No summary available.
magenta,FOXJ1,ENSG00000129654.8,0.7509,forkhead box J1,CILD43; FKHL13; HFH-4; HFH4,2302,0.0,4.0,4.0,"This gene encodes a member of the forkhead family of transcription factors. Similar genes in zebrafish and mouse have been shown to regulate the transcription of genes that control the production of motile cilia. The mouse ortholog also functions in the determination of left-right asymmetry. Polymorphisms in this gene are associated with systemic lupus erythematosus and allergic rhinitis.[provided by RefSeq, Sep 2009]."
brown,ESR1,ENSG00000091831.24,0.8902,estrogen receptor 1,ER; ESR; ESRA; ESTRR; Era; NR3A1,2099,0.8,2.2,3.0,"This gene encodes an estrogen receptor and ligand-activated transcription factor. The canonical protein contains an N-terminal ligand-independent transactivation domain, a central DNA binding domain, a hinge domain, and a C-terminal ligand-dependent transactivation domain. The protein localizes to the nucleus where it may form either a homodimer or a heterodimer with estrogen receptor 2. The protein encoded by this gene regulates the transcription of many estrogen-inducible genes that play a role in growth, metabolism, sexual development, gestation, and other reproductive functions and is expressed in many non-reproductive tissues. The receptor encoded by this gene plays a key role in breast cancer, endometrial cancer, and osteoporosis. This gene is reported to have dozens of transcript variants due to the use of alternate promoters and alternative splicing, however, the full-length nature of many of these variants remain uncertain. [provided by RefSeq, Jul 2020]."
brown,MLPH,ENSG00000115648.14,0.8742,melanophilin,SLAC2-A,79083,0.8,0.7,1.4,"This gene encodes a member of the exophilin subfamily of Rab effector proteins. The protein forms a ternary complex with the small Ras-related GTPase Rab27A in its GTP-bound form and the motor protein myosin Va. A similar protein complex in mouse functions to tether pigment-producing organelles called melanosomes to the actin cytoskeleton in melanocytes, and is required for visible pigmentation in the hair and skin. A mutation in this gene results in Griscelli syndrome type 3, which is characterized by a silver-gray hair color and abnormal pigment distribution in the hair shaft. Several alternatively spliced transcript variants encoding different isoforms have been found for this gene. [provided by RefSeq, Jul 2013]."
brown,TBC1D9,ENSG00000109436.8,0.8698,TBC1 domain family member 9,GRAMD9; MDR1,23158,0.6,0.7,1.2,"Predicted to enable GTPase activator activity. Predicted to be involved in activation of GTPase activity and intracellular protein transport. [provided by Alliance of Genome Resources, Apr 2022]"
brown,FOXA1,ENSG00000129514.8,0.8689,forkhead box A1,HNF3A; TCF3A,3169,2.9,1.5,4.3,"This gene encodes a member of the forkhead class of DNA-binding proteins. These hepatocyte nuclear factors are transcriptional activators for liver-specific transcripts such as albumin and transthyretin, and they also interact with chromatin. Similar family members in mice have roles in the regulation of metabolism and in the differentiation of the pancreas and liver. [provided by RefSeq, Jul 2008]."
brown,AGR3,ENSG00000173467.9,0.8687,"anterior gradient 3, protein disulphide isomerase family member",AG-3; AG3; BCMP11; HAG3; PDIA18; hAG-3,155465,0.0,0.7,0.6,"This gene encodes a member of the disulfide isomerase (PDI) family of endoplasmic reticulum (ER) proteins that catalyze protein folding and thiol-disulfide interchange reactions. The encoded protein has an N-terminal ER-signal sequence, a catalytically active thioredoxin domain, and a C-terminal ER-retention sequence. This gene is expressed in ciliated airway epithelial cells and, in mouse, plays a role in ciliary beat frequency in multiciliated cells. This gene is also over-expressed in breast, ovarian, and prostrate cancers. [provided by RefSeq, Dec 2016]."
brown,XBP1,ENSG00000100219.16,0.8564,X-box binding protein 1,TREB-5; TREB5; XBP-1; XBP2,7494,0.4,0.5,0.8,"This gene encodes a transcription factor that regulates MHC class II genes by binding to a promoter element referred to as an X box. This gene product is a bZIP protein, which was also identified as a cellular transcription factor that binds to an enhancer in the promoter of the T cell leukemia virus type 1 promoter. It may increase expression of viral proteins by acting as the DNA binding partner of a viral transactivator. It has been found that upon accumulation of unfolded proteins in the endoplasmic reticulum (ER), the mRNA of this gene is processed to an active form by an unconventional splicing mechanism that is mediated by the endonuclease inositol-requiring enzyme 1 (IRE1). The resulting loss of 26 nt from the spliced mRNA causes a frame-shift and an isoform XBP1(S), which is the functionally active transcription factor. The isoform encoded by the unspliced mRNA, XBP1(U), is constitutively expressed, and thought to function as a negative feedback regulator of XBP1(S), which shuts off transcription of target genes during the recovery phase of ER stress. A pseudogene of XBP1 has been identified and localized to chromosome 5. [provided by RefSeq, Jul 2008]."
brown,C5AR2,ENSG00000134830.6,0.8528,complement C5a receptor 2,C5L2; GPF77; GPR77,27202,0.2,0.5,0.6,"This gene encodes a G-protein coupled receptor 1 family member involved in the complement system of the innate immune response. Unlike classical G-protein coupled receptors, the encoded protein does not associate with intracellular G-proteins. It may instead modulate signal transduction through the beta-arrestin pathway, and may alternatively act as a decoy receptor. This gene may be involved in coronary artery disease and in the pathogenesis of sepsis. Alternative splicing results in multiple transcript variants. [provided by RefSeq, Nov 2012]."
brown,GATA3,ENSG00000107485.18,0.8499,GATA binding protein 3,HDR; HDRS,2625,11.9,3.0,14.6,"This gene encodes a protein which belongs to the GATA family of transcription factors. The protein contains two GATA-type zinc fingers and is an important regulator of T-cell development and plays an important role in endothelial cell biology. Defects in this gene are the cause of hypoparathyroidism with sensorineural deafness and renal dysplasia. [provided by RefSeq, Nov 2009]."
brown,CA12,ENSG00000074410.14,0.8445,carbonic anhydrase 12,CA-XII; CAXII; HsT18816; T18816,771,0.1,0.6,0.6,"Carbonic anhydrases (CAs) are a large family of zinc metalloenzymes that catalyze the reversible hydration of carbon dioxide. They participate in a variety of biological processes, including respiration, calcification, acid-base balance, bone resorption, and the formation of aqueous humor, cerebrospinal fluid, saliva, and gastric acid. This gene product is a type I membrane protein that is highly expressed in normal tissues, such as kidney, colon and pancreas, and has been found to be overexpressed in 10% of clear cell renal carcinomas. Three transcript variants encoding different isoforms have been identified for this gene. [provided by RefSeq, Jun 2014]."
brown,CFAP99,ENSG00000206113.11,0.8334,cilia and flagella associated protein 99,,402160,0.0,0.9,0.9,"Predicted to be located in motile cilium. [provided by Alliance of Genome Resources, Apr 2022]"
brown,ZNF552,ENSG00000178935.5,0.8254,zinc finger protein 552,,79818,0.4,2.2,2.6,"Predicted to enable DNA-binding transcription factor activity, RNA polymerase II-specific and RNA polymerase II cis-regulatory region sequence-specific DNA binding activity. Predicted to be involved in regulation of transcription by RNA polymerase II. Predicted to be active in nucleus. [provided by Alliance of Genome Resources, Apr 2022]"
brown,KCNJ11,ENSG00000187486.5,0.8154,potassium inwardly rectifying channel subfamily J member 11,BIR; HHF2; IKATP; KIR6.2; MODY13; PHHI; PNDM2; TNDM3,3767,0.2,0.8,1.0,"Potassium channels are present in most mammalian cells, where they participate in a wide range of physiologic responses. The protein encoded by this gene is an integral membrane protein and inward-rectifier type potassium channel. The encoded protein, which has a greater tendency to allow potassium to flow into a cell rather than out of a cell, is controlled by G-proteins and is found associated with the sulfonylurea receptor SUR. Mutations in this gene are a cause of familial persistent hyperinsulinemic hypoglycemia of infancy (PHHI), an autosomal recessive disorder characterized by unregulated insulin secretion. Defects in this gene may also contribute to autosomal dominant non-insulin-dependent diabetes mellitus type II (NIDDM), transient neonatal diabetes mellitus type 3 (TNDM3), and permanent neonatal diabetes mellitus (PNDM). Multiple alternatively spliced transcript variants that encode different protein isoforms have been described for this gene. [provided by RefSeq, Oct 2009]."
brown,ANXA9,ENSG00000143412.10,0.8095,annexin A9,ANX31,8416,0.4,9.3,9.6,"The annexins are a family of calcium-dependent phospholipid-binding proteins. Members of the annexin family contain 4 internal repeat domains, each of which includes a type II calcium-binding site. The calcium-binding sites are required for annexins to aggregate and cooperatively bind anionic phospholipids and extracellular matrix proteins. This gene encodes a divergent member of the annexin protein family in which all four homologous type II calcium-binding sites in the conserved tetrad core contain amino acid substitutions that ablate their function. However, structural analysis suggests that the conserved putative ion channel formed by the tetrad core is intact. [provided by RefSeq, Jul 2008]."
brown,PRR15,ENSG00000176532.4,0.8092,proline rich 15,,222171,0.0,0.7,0.6,No summary available.
brown,ZMYND10,ENSG00000004838.14,0.8069,zinc finger MYND-type containing 10,BLU; CILD22; DNAAF7; FLU,51364,0.3,0.4,0.6,"This gene encodes a protein containing a MYND-type zinc finger domain that likely functions in assembly of the dynein motor. Mutations in this gene can cause primary ciliary dyskinesia. This gene is also considered a tumor suppressor gene and is often mutated, deleted, or hypermethylated and silenced in cancer cells. Alternative splicing results in multiple transcript variants. [provided by RefSeq, Aug 2015]."
brown,DEGS2,ENSG00000168350.8,0.8032,"delta 4-desaturase, sphingolipid 2",C14orf66; DES2; FADS8,123099,0.1,0.7,0.8,"This gene encodes a bifunctional enzyme that is involved in the biosynthesis of phytosphingolipids in human skin and in other phytosphingolipid-containing tissues. This enzyme can act as a sphingolipid delta(4)-desaturase, and also as a sphingolipid C4-hydroxylase. [provided by RefSeq, Oct 2008]."
brown,AGR2,ENSG00000106541.12,0.803,"anterior gradient 2, protein disulphide isomerase family member",AG-2; AG2; GOB-4; HAG-2; HEL-S-116; HPC8; PDIA17; RIFTD; XAG-2,10551,0.0,0.7,0.6,"This gene encodes a member of the disulfide isomerase (PDI) family of endoplasmic reticulum (ER) proteins that catalyze protein folding and thiol-disulfide interchange reactions. The encoded protein has an N-terminal ER-signal sequence, a catalytically active thioredoxin domain, and a C-terminal ER-retention sequence. This protein plays a role in cell migration, cellular transformation and metastasis and is as a p53 inhibitor. As an ER-localized molecular chaperone, it plays a role in the folding, trafficking, and assembly of cysteine-rich transmembrane receptors and the cysteine-rich intestinal gylcoprotein mucin. This gene has been implicated in inflammatory bowel disease and cancer progression. [provided by RefSeq, Mar 2017]."
brown,SLC44A4,ENSG00000204385.13,0.7965,solute carrier family 44 member 4,C6orf29; CTL4; DFNA72; NG22; TPPT; hTPPT1,80736,0.3,1.2,1.5,"The protein encoded by this gene may be a sodium-dependent transmembrane transport protein involved in the uptake of choline by cholinergic neurons. Defects in this gene can cause sialidosis, a lysosomal storage disease. Three transcript variants encoding different isoforms have been found for this gene. [provided by RefSeq, May 2010]."
brown,ABAT,ENSG00000183044.12,0.7915,4-aminobutyrate aminotransferase,GABA-AT; GABAT; NPD009,18,0.4,3.8,4.2,"4-aminobutyrate aminotransferase (ABAT) is responsible for catabolism of gamma-aminobutyric acid (GABA), an important, mostly inhibitory neurotransmitter in the central nervous system, into succinic semialdehyde. The active enzyme is a homodimer of 50-kD subunits complexed to pyridoxal-5-phosphate. The protein sequence is over 95% similar to the pig protein. GABA is estimated to be present in nearly one-third of human synapses. ABAT in liver and brain is controlled by 2 codominant alleles with a frequency in a Caucasian population of 0.56 and 0.44. The ABAT deficiency phenotype includes psychomotor retardation, hypotonia, hyperreflexia, lethargy, refractory seizures, and EEG abnormalities. Multiple alternatively spliced transcript variants encoding the same protein isoform have been found for this gene. [provided by RefSeq, Jul 2008]."
brown,FBP1,ENSG00000165140.11,0.7866,fructose-bisphosphatase 1,FBP,2203,0.6,0.3,0.8,"Fructose-1,6-bisphosphatase 1, a gluconeogenesis regulatory enzyme, catalyzes the hydrolysis of fructose 1,6-bisphosphate to fructose 6-phosphate and inorganic phosphate. Fructose-1,6-diphosphatase deficiency is associated with hypoglycemia and metabolic acidosis. [provided by RefSeq, Jul 2008]."
pink,PIGQ,ENSG00000007541.17,0.8667,phosphatidylinositol glycan anchor biosynthesis class Q,DEE77; EIEE77; GPI1; GPIBD19; MCAHS4; c407A10.1,9091,0.6,3.9,4.4,"This gene is involved in the first step in glycosylphosphatidylinositol (GPI)-anchor biosynthesis. The GPI-anchor is a glycolipid found on many blood cells and serves to anchor proteins to the cell surface. This gene encodes a N-acetylglucosaminyl transferase component that is part of the complex that catalyzes transfer of N-acetylglucosamine (GlcNAc) from UDP-GlcNAc to phosphatidylinositol (PI). Alternatively spliced transcript variants encoding different isoforms have been found for this gene. [provided by RefSeq, Jun 2012]."
pink,ROGDI,ENSG00000067836.13,0.8549,rogdi atypical leucine zipper,KTZS; RAV2; ROGD1,79641,0.1,4.0,4.1,"This gene encodes a protein of unknown function. Loss-of-function mutation in this gene cause Kohlschutter-Tonz syndrome. Alternate splicing results in multiple transcript variants. [provided by RefSeq, Mar 2012]"
pink,NME3,ENSG00000103024.7,0.8549,NME/NM23 nucleoside diphosphate kinase 3,DR-nm23; NDK3; NDPK-C; NDPKC; NM23-H3; NM23H3; c371H6.2,4832,0.0,4.2,4.2,"Predicted to enable nucleoside diphosphate kinase activity. Predicted to be involved in apoptotic process and nucleotide metabolic process. Predicted to be located in cytosol. [provided by Alliance of Genome Resources, Apr 2022]"
pink,FLYWCH2,ENSG00000162076.13,0.8353,FLYWCH family member 2,,114984,0.0,3.8,3.8,"Enables RNA binding activity. [provided by Alliance of Genome Resources, Apr 2022]"
pink,MCRIP2,ENSG00000172366.20,0.8298,MAPK regulated corepressor interacting protein 2,C16orf14; FAM195A; c349E10.1,84331,0.1,3.9,4.0,"Located in cytoplasmic stress granule and nucleus. [provided by Alliance of Genome Resources, Apr 2022]"
pink,SIGIRR,ENSG00000185187.13,0.8223,single Ig and TIR domain containing,IL-1R8; TIR8,59307,0.0,1.1,1.1,"Predicted to enable NAD+ nucleosidase activity. Involved in negative regulation of DNA-binding transcription factor activity. Located in membrane. [provided by Alliance of Genome Resources, Apr 2022]"
pink,LOC122513141,ENSG00000284976.1,0.8175,ring finger protein-like,,122513141,0.0,0.0,0.0,No summary available.
pink,CCDC24,ENSG00000159214.13,0.8158,coiled-coil domain containing 24,,149473,0.3,1.1,1.4,"Predicted to act upstream of or within blastocyst hatching. [provided by Alliance of Genome Resources, Apr 2022]"
pink,WDR24,ENSG00000127580.17,0.8154,WD repeat domain 24,C16orf21; JFP7,84219,0.3,3.9,4.2,"Involved in cellular response to amino acid starvation; positive regulation of TOR signaling; and regulation of autophagy. Located in cytosol and lysosomal membrane. Part of GATOR2 complex. [provided by Alliance of Genome Resources, Apr 2022]"
pink,RAB40C,ENSG00000197562.10,0.8131,"RAB40C, member RAS oncogene family",RARL; RASL8C,57799,0.0,3.9,3.9,"Predicted to enable GDP binding activity; GTP binding activity; and GTPase activity. Predicted to be involved in protein localization to plasma membrane. Predicted to be located in perinuclear region of cytoplasm. Predicted to be active in endosome; plasma membrane; and synaptic vesicle. [provided by Alliance of Genome Resources, Apr 2022]"
pink,NUDT16L1,ENSG00000168101.14,0.8124,nudix hydrolase 16 like 1,SDOS; TIRR,84309,0.1,4.1,4.2,"Enables snoRNA binding activity. Involved in negative regulation of double-strand break repair via nonhomologous end joining. Located in nucleus. [provided by Alliance of Genome Resources, Apr 2022]"
pink,ANTKMT,ENSG00000103254.10,0.7986,adenine nucleotide translocase lysine methyltransferase,ANT-KMT; C16orf24; FAM173A,65990,0.0,3.9,3.9,"Enables protein-lysine N-methyltransferase activity. Involved in peptidyl-lysine trimethylation. Located in mitochondrion. [provided by Alliance of Genome Resources, Apr 2022]"
pink,CIAO3,ENSG00000103245.14,0.7942,cytosolic iron-sulfur assembly component 3,HPRN; IOP1; LET1L; NAR1; NARFL; PRN,64428,0.1,4.0,4.1,"Predicted to enable 4 iron, 4 sulfur cluster binding activity. Involved in several processes, including iron-sulfur cluster assembly; oxygen homeostasis; and response to hypoxia. Part of CIA complex. [provided by Alliance of Genome Resources, Apr 2022]"
pink,LMNTD2,ENSG00000185522.9,0.7875,lamin tail domain containing 2,C11orf35,256329,0.1,0.9,1.0,"Predicted to be a structural constituent of chromatin. Predicted to be involved in regulation of chromatin assembly. Predicted to act upstream of or within positive regulation of mRNA splicing, via spliceosome. Predicted to be active in lamin filament. [provided by Alliance of Genome Resources, Apr 2022]"
pink,PCSK4,ENSG00000115257.15,0.7854,proprotein convertase subtilisin/kexin type 4,PC4; SPC5,54760,0.3,1.1,1.4,"This gene encodes a member of the subtilisin-like proprotein convertase family, which includes proteases that process protein and peptide precursors trafficking through regulated or constitutive branches of the secretory pathway. The encoded protein undergoes an initial autocatalytic processing event in the ER to generate a heterodimer which exits the ER and sorts to subcellular compartments where a second autocatalytic even takes place and the catalytic activity is acquired. This gene encodes one of the seven basic amino acid-specific members which cleave their substrates at single or paired basic residues. The protease is expressed only in the testis, placenta, and ovary. It plays a critical role in fertilization, fetoplacental growth, and embryonic development and processes multiple prohormones including pro-pituitary adenylate cyclase-activating protein and pro-insulin-like growth factor II. [provided by RefSeq, Jan 2014]."
pink,RABEP2,ENSG00000177548.13,0.7783,"rabaptin, RAB GTPase binding effector protein 2",FRA,79874,0.8,3.6,4.2,"Predicted to enable GTPase activator activity and growth factor activity. Involved in regulation of cilium assembly. Located in cytosol; intracellular membrane-bounded organelle; and microtubule organizing center. [provided by Alliance of Genome Resources, Apr 2022]"
pink,NECAB3,ENSG00000125967.17,0.776,N-terminal EF-hand calcium binding protein 3,APBA2BP; EFCBP3; NIP1; STIP3; SYTIP2; XB51; dJ63M2.4; dJ63M2.5,63941,0.0,1.0,1.0,"The protein encoded by this gene interacts with the amino-terminal domain of the neuron-specific X11-like protein (X11L), inhibits the association of X11L with amyloid precursor protein through a non-competitive mechanism, and abolishes the suppression of beta-amyloid production by X11L. This protein, together with X11L, may play an important role in the regulatory system of amyloid precursor protein metabolism and beta-amyloid generation. The protein is phosphorylated by NIMA-related expressed kinase 2, and localizes to the Golgi apparatus. Multiple transcript variants encoding different isoforms have been found for this gene. [provided by RefSeq, Jul 2008]."
pink,RNF208,ENSG00000212864.3,0.7688,ring finger protein 208,,727800,0.1,0.7,0.8,"Enables ubiquitin-protein transferase activity. Involved in protein autoubiquitination. Located in cytosol and nucleoplasm. [provided by Alliance of Genome Resources, Apr 2022]"
pink,GAMT,ENSG00000130005.13,0.7628,guanidinoacetate N-methyltransferase,CCDS2; HEL-S-20; PIG2; TP53I2,2593,0.1,1.0,1.1,"The protein encoded by this gene is a methyltransferase that converts guanidoacetate to creatine, using S-adenosylmethionine as the methyl donor. Defects in this gene have been implicated in neurologic syndromes and muscular hypotonia, probably due to creatine deficiency and accumulation of guanidinoacetate in the brain of affected individuals. Two transcript variants encoding different isoforms have been described for this gene. Pseudogenes of this gene are found on chromosomes 2 and 13. [provided by RefSeq, Feb 2012]."
pink,TPRN,ENSG00000176058.13,0.7622,taperin,C9orf75; DFNB79,286262,0.0,0.7,0.7,"This locus encodes a sensory epithelial protein. It was defined by linkage analysis in three Pakistani families to lie between D9S1818 (centromeric) and D9SH6 (telomeric). Mutations at this locus have been associated with autosomal recessive deafness. [provided by RefSeq, Oct 2010]."
