"","ID","Description","GeneRatio","BgRatio","RichFactor","FoldEnrichment","zScore","pvalue","p.adjust","qvalue","geneID","Count"
"GO:0030198","GO:0030198","extracellular matrix organization","60/394","196/7721",0.306122448979592,5.99891225525743,16.4378102404483,1.3321712447925e-31,2.5075120434163e-28,2.5075120434163e-28,"ENSG00000140092/ENSG00000129038/ENSG00000166923/ENSG00000136378/ENSG00000060718/ENSG00000019144/ENSG00000168542/ENSG00000108821/ENSG00000106624/ENSG00000080573/ENSG00000049192/ENSG00000130508/ENSG00000101680/ENSG00000137573/ENSG00000122861/ENSG00000087116/ENSG00000154736/ENSG00000149968/ENSG00000164692/ENSG00000197859/ENSG00000095587/ENSG00000168487/ENSG00000143196/ENSG00000130635/ENSG00000225614/ENSG00000100234/ENSG00000167749/ENSG00000123342/ENSG00000206384/ENSG00000137745/ENSG00000196562/ENSG00000122707/ENSG00000077942/ENSG00000173376/ENSG00000197635/ENSG00000166147/ENSG00000123500/ENSG00000111799/ENSG00000099953/ENSG00000135862/ENSG00000162733/ENSG00000151388/ENSG00000139174/ENSG00000106823/ENSG00000123384/ENSG00000196569/ENSG00000204262/ENSG00000138080/ENSG00000091986/ENSG00000038295/ENSG00000138316/ENSG00000133110/ENSG00000157227/ENSG00000078098/ENSG00000134013/ENSG00000144810/ENSG00000178031/ENSG00000149257/ENSG00000138738/ENSG00000185070",60
"GO:0043062","GO:0043062","extracellular structure organization","60/394","197/7721",0.304568527918782,5.96846092401247,16.3803909743808,1.83215531592337e-31,2.5075120434163e-28,2.5075120434163e-28,"ENSG00000140092/ENSG00000129038/ENSG00000166923/ENSG00000136378/ENSG00000060718/ENSG00000019144/ENSG00000168542/ENSG00000108821/ENSG00000106624/ENSG00000080573/ENSG00000049192/ENSG00000130508/ENSG00000101680/ENSG00000137573/ENSG00000122861/ENSG00000087116/ENSG00000154736/ENSG00000149968/ENSG00000164692/ENSG00000197859/ENSG00000095587/ENSG00000168487/ENSG00000143196/ENSG00000130635/ENSG00000225614/ENSG00000100234/ENSG00000167749/ENSG00000123342/ENSG00000206384/ENSG00000137745/ENSG00000196562/ENSG00000122707/ENSG00000077942/ENSG00000173376/ENSG00000197635/ENSG00000166147/ENSG00000123500/ENSG00000111799/ENSG00000099953/ENSG00000135862/ENSG00000162733/ENSG00000151388/ENSG00000139174/ENSG00000106823/ENSG00000123384/ENSG00000196569/ENSG00000204262/ENSG00000138080/ENSG00000091986/ENSG00000038295/ENSG00000138316/ENSG00000133110/ENSG00000157227/ENSG00000078098/ENSG00000134013/ENSG00000144810/ENSG00000178031/ENSG00000149257/ENSG00000138738/ENSG00000185070",60
"GO:0045229","GO:0045229","external encapsulating structure organization","60/394","198/7721",0.303030303030303,5.938317181972,16.3233656917901,2.5142166210725e-31,2.5075120434163e-28,2.5075120434163e-28,"ENSG00000140092/ENSG00000129038/ENSG00000166923/ENSG00000136378/ENSG00000060718/ENSG00000019144/ENSG00000168542/ENSG00000108821/ENSG00000106624/ENSG00000080573/ENSG00000049192/ENSG00000130508/ENSG00000101680/ENSG00000137573/ENSG00000122861/ENSG00000087116/ENSG00000154736/ENSG00000149968/ENSG00000164692/ENSG00000197859/ENSG00000095587/ENSG00000168487/ENSG00000143196/ENSG00000130635/ENSG00000225614/ENSG00000100234/ENSG00000167749/ENSG00000123342/ENSG00000206384/ENSG00000137745/ENSG00000196562/ENSG00000122707/ENSG00000077942/ENSG00000173376/ENSG00000197635/ENSG00000166147/ENSG00000123500/ENSG00000111799/ENSG00000099953/ENSG00000135862/ENSG00000162733/ENSG00000151388/ENSG00000139174/ENSG00000106823/ENSG00000123384/ENSG00000196569/ENSG00000204262/ENSG00000138080/ENSG00000091986/ENSG00000038295/ENSG00000138316/ENSG00000133110/ENSG00000157227/ENSG00000078098/ENSG00000134013/ENSG00000144810/ENSG00000178031/ENSG00000149257/ENSG00000138738/ENSG00000185070",60
"GO:0030199","GO:0030199","collagen fibril organization","25/394","50/7721",0.5,9.79822335025381,14.4726366489251,9.19817979282212e-20,6.88023848503095e-17,6.88023848503095e-17,"ENSG00000129038/ENSG00000166923/ENSG00000136378/ENSG00000060718/ENSG00000168542/ENSG00000108821/ENSG00000106624/ENSG00000080573/ENSG00000130508/ENSG00000087116/ENSG00000164692/ENSG00000095587/ENSG00000168487/ENSG00000143196/ENSG00000130635/ENSG00000166147/ENSG00000111799/ENSG00000162733/ENSG00000151388/ENSG00000204262/ENSG00000138080/ENSG00000038295/ENSG00000138316/ENSG00000134013/ENSG00000149257",25
"GO:0009887","GO:0009887","animal organ morphogenesis","58/394","387/7721",0.149870801033592,2.93693516441716,9.06554209206614,3.7488319803153e-14,2.24330105702068e-11,2.24330105702068e-11,"ENSG00000099250/ENSG00000113140/ENSG00000166923/ENSG00000060718/ENSG00000113578/ENSG00000157168/ENSG00000162849/ENSG00000168542/ENSG00000164741/ENSG00000122641/ENSG00000108821/ENSG00000080573/ENSG00000074047/ENSG00000112837/ENSG00000137573/ENSG00000140285/ENSG00000107796/ENSG00000184347/ENSG00000154736/ENSG00000133816/ENSG00000164692/ENSG00000117122/ENSG00000168487/ENSG00000154096/ENSG00000134853/ENSG00000130635/ENSG00000011465/ENSG00000167749/ENSG00000197614/ENSG00000198963/ENSG00000160808/ENSG00000218336/ENSG00000137745/ENSG00000106819/ENSG00000106366/ENSG00000169946/ENSG00000166147/ENSG00000165323/ENSG00000177707/ENSG00000065534/ENSG00000159899/ENSG00000198796/ENSG00000139174/ENSG00000153976/ENSG00000164107/ENSG00000019991/ENSG00000196468/ENSG00000204262/ENSG00000173482/ENSG00000145423/ENSG00000134138/ENSG00000105989/ENSG00000145147/ENSG00000197702/ENSG00000019549/ENSG00000105664/ENSG00000106483/ENSG00000185070",58
"GO:0070848","GO:0070848","response to growth factor","55/394","360/7721",0.152777777777778,2.99390157924422,8.98421681534077,8.21823918080711e-14,4.09816193816248e-11,4.09816193816248e-11,"ENSG00000124225/ENSG00000099250/ENSG00000166923/ENSG00000136378/ENSG00000104213/ENSG00000163430/ENSG00000113578/ENSG00000153071/ENSG00000137507/ENSG00000050165/ENSG00000168542/ENSG00000142871/ENSG00000131711/ENSG00000108821/ENSG00000119681/ENSG00000137573/ENSG00000073712/ENSG00000140285/ENSG00000180447/ENSG00000107796/ENSG00000149557/ENSG00000164692/ENSG00000197859/ENSG00000169554/ENSG00000184304/ENSG00000134853/ENSG00000011465/ENSG00000196562/ENSG00000170801/ENSG00000106819/ENSG00000140682/ENSG00000180875/ENSG00000150457/ENSG00000173376/ENSG00000166147/ENSG00000124813/ENSG00000162733/ENSG00000159899/ENSG00000151388/ENSG00000019991/ENSG00000196468/ENSG00000134986/ENSG00000101825/ENSG00000138615/ENSG00000134138/ENSG00000105989/ENSG00000138080/ENSG00000145147/ENSG00000183682/ENSG00000172572/ENSG00000019549/ENSG00000150630/ENSG00000106483/ENSG00000123610/ENSG00000185070",55
"GO:0071363","GO:0071363","cellular response to growth factor stimulus","52/394","341/7721",0.152492668621701,2.98831445286333,8.70818693456232,4.58158304054211e-13,1.95829949390029e-10,1.95829949390029e-10,"ENSG00000124225/ENSG00000099250/ENSG00000166923/ENSG00000136378/ENSG00000104213/ENSG00000163430/ENSG00000113578/ENSG00000153071/ENSG00000137507/ENSG00000050165/ENSG00000168542/ENSG00000142871/ENSG00000131711/ENSG00000108821/ENSG00000119681/ENSG00000137573/ENSG00000073712/ENSG00000140285/ENSG00000180447/ENSG00000107796/ENSG00000149557/ENSG00000164692/ENSG00000197859/ENSG00000169554/ENSG00000184304/ENSG00000134853/ENSG00000011465/ENSG00000196562/ENSG00000170801/ENSG00000106819/ENSG00000140682/ENSG00000180875/ENSG00000150457/ENSG00000173376/ENSG00000166147/ENSG00000124813/ENSG00000162733/ENSG00000151388/ENSG00000019991/ENSG00000196468/ENSG00000134986/ENSG00000138615/ENSG00000105989/ENSG00000138080/ENSG00000145147/ENSG00000183682/ENSG00000172572/ENSG00000019549/ENSG00000150630/ENSG00000106483/ENSG00000123610/ENSG00000185070",52
"GO:0001501","GO:0001501","skeletal system development","39/394","221/7721",0.176470588235294,3.45819647656017,8.59757082827731,5.00406925981105e-12,1.87152190316933e-09,1.87152190316933e-09,"ENSG00000140092/ENSG00000166923/ENSG00000136378/ENSG00000083782/ENSG00000060718/ENSG00000157399/ENSG00000160801/ENSG00000168542/ENSG00000140937/ENSG00000108821/ENSG00000080573/ENSG00000128606/ENSG00000074047/ENSG00000137573/ENSG00000164692/ENSG00000168487/ENSG00000134853/ENSG00000130635/ENSG00000137745/ENSG00000196562/ENSG00000166147/ENSG00000123500/ENSG00000124813/ENSG00000104415/ENSG00000162733/ENSG00000159899/ENSG00000109705/ENSG00000038427/ENSG00000151388/ENSG00000164107/ENSG00000099139/ENSG00000038295/ENSG00000183682/ENSG00000019549/ENSG00000157227/ENSG00000134013/ENSG00000105664/ENSG00000117385/ENSG00000106483",39
"GO:0035295","GO:0035295","tube development","60/394","494/7721",0.121457489878543,2.3801352267823,7.35190274668014,1.31581266172143e-10,4.37434609318945e-08,4.37434609318945e-08,"ENSG00000142552/ENSG00000140092/ENSG00000099250/ENSG00000070031/ENSG00000113140/ENSG00000166923/ENSG00000115414/ENSG00000113578/ENSG00000162849/ENSG00000168542/ENSG00000164741/ENSG00000117020/ENSG00000130508/ENSG00000101230/ENSG00000074047/ENSG00000148848/ENSG00000112837/ENSG00000137573/ENSG00000140285/ENSG00000112902/ENSG00000133816/ENSG00000196549/ENSG00000184304/ENSG00000154096/ENSG00000134853/ENSG00000166086/ENSG00000011465/ENSG00000123342/ENSG00000106366/ENSG00000122707/ENSG00000173376/ENSG00000166147/ENSG00000020181/ENSG00000065534/ENSG00000159899/ENSG00000151388/ENSG00000106538/ENSG00000139174/ENSG00000153976/ENSG00000164107/ENSG00000123384/ENSG00000099139/ENSG00000157570/ENSG00000173482/ENSG00000142798/ENSG00000166025/ENSG00000107731/ENSG00000145423/ENSG00000138080/ENSG00000145147/ENSG00000138639/ENSG00000197702/ENSG00000132386/ENSG00000166250/ENSG00000157227/ENSG00000078098/ENSG00000150630/ENSG00000134013/ENSG00000144810/ENSG00000186340",60
"GO:0001568","GO:0001568","blood vessel development","49/394","370/7721",0.132432432432432,2.59520510358074,7.2918520172916,4.13896006271721e-10,1.23837685076499e-07,1.23837685076499e-07,"ENSG00000140092/ENSG00000129038/ENSG00000099250/ENSG00000113140/ENSG00000166923/ENSG00000115414/ENSG00000113578/ENSG00000168542/ENSG00000108821/ENSG00000117020/ENSG00000130508/ENSG00000101230/ENSG00000148848/ENSG00000137573/ENSG00000107796/ENSG00000112902/ENSG00000164692/ENSG00000184304/ENSG00000154096/ENSG00000134853/ENSG00000166086/ENSG00000011465/ENSG00000123342/ENSG00000106366/ENSG00000122707/ENSG00000173376/ENSG00000166147/ENSG00000020181/ENSG00000065534/ENSG00000159899/ENSG00000164107/ENSG00000123384/ENSG00000157570/ENSG00000173482/ENSG00000142798/ENSG00000166025/ENSG00000107731/ENSG00000145423/ENSG00000138080/ENSG00000145147/ENSG00000138639/ENSG00000197702/ENSG00000132386/ENSG00000157227/ENSG00000078098/ENSG00000150630/ENSG00000134013/ENSG00000144810/ENSG00000186340",49
"GO:0001944","GO:0001944","vasculature development","50/394","384/7721",0.130208333333333,2.5516206641286,7.23245221206802,4.92943300695127e-10,1.34080577789074e-07,1.34080577789074e-07,"ENSG00000140092/ENSG00000129038/ENSG00000099250/ENSG00000113140/ENSG00000166923/ENSG00000115414/ENSG00000113578/ENSG00000168542/ENSG00000108821/ENSG00000117020/ENSG00000130508/ENSG00000101230/ENSG00000148848/ENSG00000137573/ENSG00000107796/ENSG00000112902/ENSG00000164692/ENSG00000184304/ENSG00000154096/ENSG00000134853/ENSG00000166086/ENSG00000011465/ENSG00000123342/ENSG00000106366/ENSG00000122707/ENSG00000173376/ENSG00000166147/ENSG00000020181/ENSG00000065534/ENSG00000159899/ENSG00000107562/ENSG00000164107/ENSG00000123384/ENSG00000157570/ENSG00000173482/ENSG00000142798/ENSG00000166025/ENSG00000107731/ENSG00000145423/ENSG00000138080/ENSG00000145147/ENSG00000138639/ENSG00000197702/ENSG00000132386/ENSG00000157227/ENSG00000078098/ENSG00000150630/ENSG00000134013/ENSG00000144810/ENSG00000186340",50
"GO:0031589","GO:0031589","cell-substrate adhesion","33/394","195/7721",0.169230769230769,3.31632174931667,7.5967485047147,7.43769635512202e-10,1.85446562454376e-07,1.85446562454376e-07,"ENSG00000140092/ENSG00000099250/ENSG00000166923/ENSG00000213949/ENSG00000115414/ENSG00000153071/ENSG00000168542/ENSG00000164741/ENSG00000140937/ENSG00000109743/ENSG00000073712/ENSG00000122861/ENSG00000152377/ENSG00000154096/ENSG00000164176/ENSG00000077943/ENSG00000137809/ENSG00000106366/ENSG00000140682/ENSG00000077942/ENSG00000173376/ENSG00000044524/ENSG00000135862/ENSG00000151388/ENSG00000162804/ENSG00000106823/ENSG00000138080/ENSG00000091986/ENSG00000197702/ENSG00000157227/ENSG00000110900/ENSG00000139220/ENSG00000163520",33
"GO:0001503","GO:0001503","ossification","32/394","187/7721",0.171122994652406,3.35340264393713,7.5543638365259,1.01944647225757e-09,2.31255901840186e-07,2.31255901840186e-07,"ENSG00000166923/ENSG00000136378/ENSG00000142871/ENSG00000140937/ENSG00000108821/ENSG00000128606/ENSG00000074047/ENSG00000073712/ENSG00000118523/ENSG00000184304/ENSG00000168487/ENSG00000233608/ENSG00000198963/ENSG00000137809/ENSG00000137745/ENSG00000106819/ENSG00000124813/ENSG00000104415/ENSG00000162733/ENSG00000159899/ENSG00000038427/ENSG00000151388/ENSG00000139174/ENSG00000019991/ENSG00000142156/ENSG00000105472/ENSG00000152580/ENSG00000183682/ENSG00000019549/ENSG00000157227/ENSG00000150630/ENSG00000123610",32
"GO:0040017","GO:0040017","positive regulation of locomotion","45/394","332/7721",0.135542168674699,2.65614488410495,7.15267020819182,1.0820797545998e-09,2.31255901840186e-07,2.31255901840186e-07,"ENSG00000099250/ENSG00000113140/ENSG00000166923/ENSG00000198121/ENSG00000145431/ENSG00000115414/ENSG00000113578/ENSG00000153071/ENSG00000177469/ENSG00000142871/ENSG00000108821/ENSG00000117020/ENSG00000075213/ENSG00000073712/ENSG00000140285/ENSG00000153993/ENSG00000122861/ENSG00000107796/ENSG00000112902/ENSG00000184304/ENSG00000154096/ENSG00000134853/ENSG00000233608/ENSG00000166086/ENSG00000106366/ENSG00000077942/ENSG00000131016/ENSG00000146122/ENSG00000104415/ENSG00000124343/ENSG00000162733/ENSG00000065534/ENSG00000103888/ENSG00000002586/ENSG00000107562/ENSG00000106538/ENSG00000019991/ENSG00000196468/ENSG00000172061/ENSG00000105137/ENSG00000145147/ENSG00000019549/ENSG00000157227/ENSG00000150630/ENSG00000123610",45
"GO:0035239","GO:0035239","tube morphogenesis","52/394","419/7721",0.124105011933174,2.43201725161431,6.98920875839225,1.22732372002408e-09,2.44810171354137e-07,2.44810171354137e-07,"ENSG00000140092/ENSG00000099250/ENSG00000113140/ENSG00000166923/ENSG00000115414/ENSG00000113578/ENSG00000162849/ENSG00000168542/ENSG00000164741/ENSG00000117020/ENSG00000130508/ENSG00000101230/ENSG00000074047/ENSG00000148848/ENSG00000137573/ENSG00000112902/ENSG00000133816/ENSG00000184304/ENSG00000154096/ENSG00000134853/ENSG00000166086/ENSG00000011465/ENSG00000123342/ENSG00000106366/ENSG00000122707/ENSG00000173376/ENSG00000166147/ENSG00000020181/ENSG00000065534/ENSG00000159899/ENSG00000151388/ENSG00000139174/ENSG00000153976/ENSG00000164107/ENSG00000123384/ENSG00000157570/ENSG00000173482/ENSG00000142798/ENSG00000166025/ENSG00000107731/ENSG00000145423/ENSG00000138080/ENSG00000145147/ENSG00000138639/ENSG00000197702/ENSG00000132386/ENSG00000157227/ENSG00000078098/ENSG00000150630/ENSG00000134013/ENSG00000144810/ENSG00000186340",52
"GO:0030335","GO:0030335","positive regulation of cell migration","43/394","311/7721",0.138263665594855,2.70947655344639,7.1355574054895,1.40516722153466e-09,2.52754687151663e-07,2.52754687151663e-07,"ENSG00000099250/ENSG00000113140/ENSG00000166923/ENSG00000198121/ENSG00000145431/ENSG00000115414/ENSG00000113578/ENSG00000153071/ENSG00000142871/ENSG00000108821/ENSG00000117020/ENSG00000075213/ENSG00000073712/ENSG00000140285/ENSG00000153993/ENSG00000122861/ENSG00000107796/ENSG00000112902/ENSG00000184304/ENSG00000154096/ENSG00000134853/ENSG00000233608/ENSG00000166086/ENSG00000106366/ENSG00000077942/ENSG00000131016/ENSG00000146122/ENSG00000104415/ENSG00000124343/ENSG00000162733/ENSG00000065534/ENSG00000103888/ENSG00000002586/ENSG00000107562/ENSG00000106538/ENSG00000019991/ENSG00000196468/ENSG00000172061/ENSG00000105137/ENSG00000019549/ENSG00000157227/ENSG00000150630/ENSG00000123610",43
"GO:2000147","GO:2000147","positive regulation of cell motility","44/394","323/7721",0.136222910216718,2.66948499944995,7.10755590252885,1.43610617699809e-09,2.52754687151663e-07,2.52754687151663e-07,"ENSG00000099250/ENSG00000113140/ENSG00000166923/ENSG00000198121/ENSG00000145431/ENSG00000115414/ENSG00000113578/ENSG00000153071/ENSG00000177469/ENSG00000142871/ENSG00000108821/ENSG00000117020/ENSG00000075213/ENSG00000073712/ENSG00000140285/ENSG00000153993/ENSG00000122861/ENSG00000107796/ENSG00000112902/ENSG00000184304/ENSG00000154096/ENSG00000134853/ENSG00000233608/ENSG00000166086/ENSG00000106366/ENSG00000077942/ENSG00000131016/ENSG00000146122/ENSG00000104415/ENSG00000124343/ENSG00000162733/ENSG00000065534/ENSG00000103888/ENSG00000002586/ENSG00000107562/ENSG00000106538/ENSG00000019991/ENSG00000196468/ENSG00000172061/ENSG00000105137/ENSG00000019549/ENSG00000157227/ENSG00000150630/ENSG00000123610",44
"GO:0090287","GO:0090287","regulation of cellular response to growth factor stimulus","28/394","153/7721",0.183006535947712,3.58627782754388,7.49245245292649,2.48167898410786e-09,4.12510195580596e-07,4.12510195580596e-07,"ENSG00000124225/ENSG00000099250/ENSG00000166923/ENSG00000163430/ENSG00000113578/ENSG00000137507/ENSG00000050165/ENSG00000142871/ENSG00000137573/ENSG00000197859/ENSG00000169554/ENSG00000011465/ENSG00000196562/ENSG00000170801/ENSG00000106819/ENSG00000140682/ENSG00000180875/ENSG00000150457/ENSG00000166147/ENSG00000151388/ENSG00000196468/ENSG00000134986/ENSG00000138615/ENSG00000138080/ENSG00000145147/ENSG00000150630/ENSG00000106483/ENSG00000123610",28
"GO:0048514","GO:0048514","blood vessel morphogenesis","45/394","344/7721",0.130813953488372,2.56348866721757,6.8790383802957,3.41732331635612e-09,5.38138492765133e-07,5.38138492765133e-07,"ENSG00000140092/ENSG00000099250/ENSG00000113140/ENSG00000166923/ENSG00000115414/ENSG00000113578/ENSG00000168542/ENSG00000117020/ENSG00000130508/ENSG00000101230/ENSG00000148848/ENSG00000137573/ENSG00000112902/ENSG00000184304/ENSG00000154096/ENSG00000134853/ENSG00000166086/ENSG00000011465/ENSG00000123342/ENSG00000106366/ENSG00000122707/ENSG00000173376/ENSG00000166147/ENSG00000020181/ENSG00000065534/ENSG00000159899/ENSG00000164107/ENSG00000123384/ENSG00000157570/ENSG00000173482/ENSG00000142798/ENSG00000166025/ENSG00000107731/ENSG00000145423/ENSG00000138080/ENSG00000145147/ENSG00000138639/ENSG00000197702/ENSG00000132386/ENSG00000157227/ENSG00000078098/ENSG00000150630/ENSG00000134013/ENSG00000144810/ENSG00000186340",45
"GO:1903053","GO:1903053","regulation of extracellular matrix organization","14/394","40/7721",0.35,6.85875634517766,8.61430442227967,4.44152385181168e-09,6.64451968231028e-07,6.64451968231028e-07,"ENSG00000106624/ENSG00000101680/ENSG00000122861/ENSG00000225614/ENSG00000100234/ENSG00000122707/ENSG00000197635/ENSG00000135862/ENSG00000162733/ENSG00000123384/ENSG00000196569/ENSG00000138080/ENSG00000078098/ENSG00000138738",14
"GO:0022617","GO:0022617","extracellular matrix disassembly","15/394","47/7721",0.319148936170213,6.25418511718328,8.37793654710333,5.33149675162672e-09,7.53766620003592e-07,7.53766620003592e-07,"ENSG00000122861/ENSG00000154736/ENSG00000149968/ENSG00000100234/ENSG00000167749/ENSG00000123342/ENSG00000137745/ENSG00000122707/ENSG00000197635/ENSG00000099953/ENSG00000135862/ENSG00000162733/ENSG00000123384/ENSG00000157227/ENSG00000078098",15
"GO:0001525","GO:0001525","angiogenesis","42/394","313/7721",0.134185303514377,2.62955514831093,6.82471327097221,5.54240161767347e-09,7.53766620003592e-07,7.53766620003592e-07,"ENSG00000140092/ENSG00000099250/ENSG00000113140/ENSG00000166923/ENSG00000115414/ENSG00000113578/ENSG00000117020/ENSG00000130508/ENSG00000101230/ENSG00000148848/ENSG00000137573/ENSG00000112902/ENSG00000184304/ENSG00000154096/ENSG00000134853/ENSG00000166086/ENSG00000011465/ENSG00000123342/ENSG00000106366/ENSG00000122707/ENSG00000173376/ENSG00000166147/ENSG00000020181/ENSG00000159899/ENSG00000164107/ENSG00000157570/ENSG00000173482/ENSG00000142798/ENSG00000166025/ENSG00000107731/ENSG00000145423/ENSG00000138080/ENSG00000145147/ENSG00000138639/ENSG00000197702/ENSG00000132386/ENSG00000157227/ENSG00000078098/ENSG00000150630/ENSG00000134013/ENSG00000144810/ENSG00000186340",42
"GO:0007507","GO:0007507","heart development","35/394","233/7721",0.150214592274678,2.94367225114921,6.98572913801295,5.98279957759413e-09,7.78284188528767e-07,7.78284188528767e-07,"ENSG00000099250/ENSG00000166923/ENSG00000115414/ENSG00000157168/ENSG00000134874/ENSG00000168542/ENSG00000136383/ENSG00000164741/ENSG00000140937/ENSG00000122641/ENSG00000074047/ENSG00000112837/ENSG00000184347/ENSG00000154736/ENSG00000133816/ENSG00000134853/ENSG00000151067/ENSG00000178860/ENSG00000160808/ENSG00000169946/ENSG00000166147/ENSG00000173706/ENSG00000134775/ENSG00000198796/ENSG00000139174/ENSG00000164107/ENSG00000099139/ENSG00000006283/ENSG00000117152/ENSG00000145423/ENSG00000138080/ENSG00000145147/ENSG00000197702/ENSG00000019549/ENSG00000185070",35
"GO:0071559","GO:0071559","response to transforming growth factor beta","24/394","131/7721",0.183206106870229,3.59018870848994,6.9332974251595,3.46487339062806e-08,4.31954216031632e-06,4.31954216031632e-06,"ENSG00000124225/ENSG00000153071/ENSG00000137507/ENSG00000050165/ENSG00000168542/ENSG00000108821/ENSG00000119681/ENSG00000073712/ENSG00000107796/ENSG00000164692/ENSG00000197859/ENSG00000169554/ENSG00000170801/ENSG00000106819/ENSG00000140682/ENSG00000150457/ENSG00000166147/ENSG00000162733/ENSG00000134986/ENSG00000101825/ENSG00000138615/ENSG00000105989/ENSG00000138080/ENSG00000172572",24
"GO:0071711","GO:0071711","basement membrane organization","9/394","17/7721",0.529411764705882,10.3745894296805,8.9724747609131,3.62022077711751e-08,4.33268022605424e-06,4.33268022605424e-06,"ENSG00000019144/ENSG00000168542/ENSG00000130508/ENSG00000101680/ENSG00000135862/ENSG00000139174/ENSG00000196569/ENSG00000144810/ENSG00000185070",9
"GO:0141091","GO:0141091","transforming growth factor beta receptor superfamily signaling pathway","28/394","174/7721",0.160919540229885,3.15345119318513,6.66217670574852,4.70998831850445e-08,5.42010963421743e-06,5.42010963421743e-06,"ENSG00000124225/ENSG00000166923/ENSG00000163430/ENSG00000153071/ENSG00000137507/ENSG00000050165/ENSG00000168542/ENSG00000142871/ENSG00000122641/ENSG00000119681/ENSG00000137573/ENSG00000073712/ENSG00000164692/ENSG00000197859/ENSG00000169554/ENSG00000170801/ENSG00000106819/ENSG00000140682/ENSG00000180875/ENSG00000150457/ENSG00000166147/ENSG00000124813/ENSG00000134986/ENSG00000138615/ENSG00000138080/ENSG00000183682/ENSG00000106483/ENSG00000123610",28
"GO:0007178","GO:0007178","cell surface receptor protein serine/threonine kinase signaling pathway","29/394","187/7721",0.155080213903743,3.03902114606803,6.54520706324973,6.23863871408747e-08,6.91333593798137e-06,6.91333593798137e-06,"ENSG00000124225/ENSG00000166923/ENSG00000163430/ENSG00000153071/ENSG00000137507/ENSG00000050165/ENSG00000168542/ENSG00000142871/ENSG00000122641/ENSG00000119681/ENSG00000137573/ENSG00000073712/ENSG00000164692/ENSG00000197859/ENSG00000169554/ENSG00000170801/ENSG00000106819/ENSG00000140682/ENSG00000180875/ENSG00000150457/ENSG00000166147/ENSG00000124813/ENSG00000123384/ENSG00000134986/ENSG00000138615/ENSG00000138080/ENSG00000183682/ENSG00000106483/ENSG00000123610",29
"GO:0071560","GO:0071560","cellular response to transforming growth factor beta stimulus","23/394","127/7721",0.181102362204724,3.54896278828091,6.7162016135046,8.40708508869375e-08,8.98357092334704e-06,8.98357092334704e-06,"ENSG00000124225/ENSG00000153071/ENSG00000137507/ENSG00000050165/ENSG00000168542/ENSG00000108821/ENSG00000119681/ENSG00000073712/ENSG00000107796/ENSG00000164692/ENSG00000197859/ENSG00000169554/ENSG00000170801/ENSG00000106819/ENSG00000140682/ENSG00000150457/ENSG00000166147/ENSG00000162733/ENSG00000134986/ENSG00000138615/ENSG00000105989/ENSG00000138080/ENSG00000172572",23
"GO:0007229","GO:0007229","integrin-mediated signaling pathway","16/394","65/7721",0.246153846153846,4.8237407262788,7.17856798832177,1.01156866507564e-07,1.04365980893322e-05,1.04365980893322e-05,"ENSG00000099250/ENSG00000213949/ENSG00000115414/ENSG00000168542/ENSG00000142871/ENSG00000109743/ENSG00000101680/ENSG00000073712/ENSG00000122861/ENSG00000184304/ENSG00000154096/ENSG00000077943/ENSG00000137809/ENSG00000106366/ENSG00000135862/ENSG00000196569",16
"GO:0007160","GO:0007160","cell-matrix adhesion","23/394","130/7721",0.176923076923077,3.46706364701289,6.57803529831381,1.31454273561175e-07,1.31103728831679e-05,1.31103728831679e-05,"ENSG00000140092/ENSG00000099250/ENSG00000166923/ENSG00000213949/ENSG00000115414/ENSG00000168542/ENSG00000164741/ENSG00000140937/ENSG00000109743/ENSG00000073712/ENSG00000122861/ENSG00000154096/ENSG00000077943/ENSG00000137809/ENSG00000106366/ENSG00000044524/ENSG00000151388/ENSG00000162804/ENSG00000106823/ENSG00000138080/ENSG00000157227/ENSG00000110900/ENSG00000139220",23
"GO:0051093","GO:0051093","negative regulation of developmental process","47/394","432/7721",0.108796296296296,2.132020821583,5.6150803936487,4.89931005752436e-07,4.7286244168106e-05,4.7286244168106e-05,"ENSG00000140092/ENSG00000113140/ENSG00000166923/ENSG00000136378/ENSG00000123095/ENSG00000213626/ENSG00000172260/ENSG00000148516/ENSG00000122641/ENSG00000128606/ENSG00000101230/ENSG00000137573/ENSG00000073712/ENSG00000112902/ENSG00000154096/ENSG00000233608/ENSG00000130635/ENSG00000011465/ENSG00000198963/ENSG00000150907/ENSG00000106819/ENSG00000106366/ENSG00000169946/ENSG00000166147/ENSG00000146122/ENSG00000104415/ENSG00000044524/ENSG00000109705/ENSG00000198796/ENSG00000151388/ENSG00000139174/ENSG00000204262/ENSG00000173482/ENSG00000079102/ENSG00000117586/ENSG00000142798/ENSG00000117152/ENSG00000145423/ENSG00000134138/ENSG00000138080/ENSG00000132386/ENSG00000103742/ENSG00000019549/ENSG00000150630/ENSG00000134013/ENSG00000123610/ENSG00000186340",47
"GO:0090092","GO:0090092","regulation of transmembrane receptor protein serine/threonine kinase signaling pathway","23/394","141/7721",0.163120567375887,3.19658350433812,6.10402546397014,5.99894751728557e-07,5.609015928662e-05,5.609015928662e-05,"ENSG00000124225/ENSG00000166923/ENSG00000163430/ENSG00000153071/ENSG00000137507/ENSG00000050165/ENSG00000142871/ENSG00000122641/ENSG00000137573/ENSG00000197859/ENSG00000169554/ENSG00000170801/ENSG00000106819/ENSG00000140682/ENSG00000180875/ENSG00000150457/ENSG00000166147/ENSG00000123384/ENSG00000134986/ENSG00000138615/ENSG00000138080/ENSG00000106483/ENSG00000123610",23
"GO:0030111","GO:0030111","regulation of Wnt signaling pathway","25/394","164/7721",0.152439024390244,2.98726321654079,5.96480529989675,7.25790947347967e-07,6.58050458928823e-05,6.58050458928823e-05,"ENSG00000166923/ENSG00000153071/ENSG00000145506/ENSG00000050165/ENSG00000144642/ENSG00000108821/ENSG00000112837/ENSG00000137573/ENSG00000112902/ENSG00000169554/ENSG00000188803/ENSG00000196562/ENSG00000122707/ENSG00000150457/ENSG00000146122/ENSG00000104415/ENSG00000020181/ENSG00000198796/ENSG00000139174/ENSG00000123384/ENSG00000145423/ENSG00000122870/ENSG00000135299/ENSG00000019549/ENSG00000106483",25
"GO:0009790","GO:0009790","embryo development","40/394","350/7721",0.114285714285714,2.23959390862944,5.50356265871016,1.06791589034537e-06,9.39765983503925e-05,9.39765983503925e-05,"ENSG00000099250/ENSG00000070031/ENSG00000113140/ENSG00000166923/ENSG00000060718/ENSG00000149256/ENSG00000115414/ENSG00000168542/ENSG00000164741/ENSG00000122641/ENSG00000108821/ENSG00000074047/ENSG00000112837/ENSG00000101680/ENSG00000137573/ENSG00000133816/ENSG00000117122/ENSG00000134853/ENSG00000130635/ENSG00000077943/ENSG00000197614/ENSG00000151067/ENSG00000196562/ENSG00000180875/ENSG00000166147/ENSG00000111799/ENSG00000177707/ENSG00000135862/ENSG00000106538/ENSG00000139174/ENSG00000164107/ENSG00000099139/ENSG00000196569/ENSG00000204262/ENSG00000142156/ENSG00000145423/ENSG00000134138/ENSG00000157227/ENSG00000112769/ENSG00000144810",40
"GO:0060348","GO:0060348","bone development","16/394","77/7721",0.207792207792208,4.0719889247808,6.28200581884997,1.21288475791707e-06,0.000103684319876796,0.000103684319876796,"ENSG00000140092/ENSG00000166923/ENSG00000136378/ENSG00000083782/ENSG00000168542/ENSG00000128606/ENSG00000137573/ENSG00000137745/ENSG00000196562/ENSG00000166147/ENSG00000104415/ENSG00000162733/ENSG00000159899/ENSG00000151388/ENSG00000117385/ENSG00000106483",16
"GO:0032963","GO:0032963","collagen metabolic process","15/394","70/7721",0.214285714285714,4.1992385786802,6.23491033938184,1.7357351366134e-06,0.000144258875798536,0.000144258875798536,"ENSG00000142552/ENSG00000122641/ENSG00000108821/ENSG00000087116/ENSG00000149968/ENSG00000130635/ENSG00000123342/ENSG00000137745/ENSG00000099953/ENSG00000162733/ENSG00000138080/ENSG00000138316/ENSG00000157227/ENSG00000078098/ENSG00000117385",15
"GO:0010975","GO:0010975","regulation of neuron projection development","27/394","195/7721",0.138461538461538,2.71335415853182,5.61921962944617,1.81664600847514e-06,0.000146902833982639,0.000146902833982639,"ENSG00000175745/ENSG00000099250/ENSG00000198121/ENSG00000153071/ENSG00000109099/ENSG00000131711/ENSG00000075213/ENSG00000152377/ENSG00000112902/ENSG00000149557/ENSG00000061337/ENSG00000184304/ENSG00000154096/ENSG00000196358/ENSG00000218336/ENSG00000173376/ENSG00000044524/ENSG00000162733/ENSG00000107562/ENSG00000117598/ENSG00000178695/ENSG00000145423/ENSG00000145147/ENSG00000132386/ENSG00000139220/ENSG00000117385/ENSG00000144724",27
"GO:0007179","GO:0007179","transforming growth factor beta receptor signaling pathway","18/394","99/7721",0.181818181818182,3.5629903091832,5.9514632265889,2.06661843819979e-06,0.000162719009660362,0.000162719009660362,"ENSG00000124225/ENSG00000153071/ENSG00000137507/ENSG00000050165/ENSG00000168542/ENSG00000119681/ENSG00000073712/ENSG00000164692/ENSG00000197859/ENSG00000169554/ENSG00000170801/ENSG00000106819/ENSG00000140682/ENSG00000150457/ENSG00000166147/ENSG00000134986/ENSG00000138615/ENSG00000138080",18
"GO:2001044","GO:2001044","regulation of integrin-mediated signaling pathway","7/394","14/7721",0.5,9.79822335025381,7.64029251754029,2.14785182981509e-06,0.000164221328199626,0.000164221328199626,"ENSG00000109743/ENSG00000101680/ENSG00000122861/ENSG00000184304/ENSG00000106366/ENSG00000135862/ENSG00000196569",7
"GO:0043542","GO:0043542","endothelial cell migration","21/394","130/7721",0.161538461538462,3.16557985162046,5.77417640705163,2.19547230213404e-06,0.000164221328199626,0.000164221328199626,"ENSG00000099250/ENSG00000113140/ENSG00000166923/ENSG00000163430/ENSG00000115414/ENSG00000113578/ENSG00000117020/ENSG00000112902/ENSG00000169554/ENSG00000184304/ENSG00000011465/ENSG00000140682/ENSG00000197635/ENSG00000020181/ENSG00000196468/ENSG00000173482/ENSG00000145147/ENSG00000132386/ENSG00000078098/ENSG00000150630/ENSG00000134013",21
"GO:0001649","GO:0001649","osteoblast differentiation","19/394","110/7721",0.172727272727273,3.38484079372404,5.84155592458364,2.40702910477908e-06,0.000175398508606374,0.000175398508606374,"ENSG00000166923/ENSG00000142871/ENSG00000108821/ENSG00000074047/ENSG00000073712/ENSG00000118523/ENSG00000184304/ENSG00000233608/ENSG00000198963/ENSG00000137809/ENSG00000124813/ENSG00000104415/ENSG00000162733/ENSG00000038427/ENSG00000019991/ENSG00000142156/ENSG00000019549/ENSG00000150630/ENSG00000123610",19
"GO:0031175","GO:0031175","neuron projection development","47/394","457/7721",0.102844638949672,2.01538948561019,5.18915340235445,2.46214484006274e-06,0.000175398508606374,0.000175398508606374,"ENSG00000175745/ENSG00000099250/ENSG00000198121/ENSG00000149256/ENSG00000213949/ENSG00000153071/ENSG00000165801/ENSG00000109099/ENSG00000131711/ENSG00000074047/ENSG00000075213/ENSG00000107736/ENSG00000153993/ENSG00000152377/ENSG00000112902/ENSG00000184347/ENSG00000162614/ENSG00000149557/ENSG00000061337/ENSG00000184304/ENSG00000154096/ENSG00000166963/ENSG00000196358/ENSG00000140557/ENSG00000218336/ENSG00000018236/ENSG00000173376/ENSG00000165323/ENSG00000044524/ENSG00000070808/ENSG00000162733/ENSG00000159899/ENSG00000107562/ENSG00000139174/ENSG00000117598/ENSG00000007237/ENSG00000178695/ENSG00000134986/ENSG00000196159/ENSG00000173482/ENSG00000107731/ENSG00000145423/ENSG00000145147/ENSG00000132386/ENSG00000139220/ENSG00000117385/ENSG00000144724",47
"GO:0061061","GO:0061061","muscle structure development","34/394","284/7721",0.119718309859155,2.34605347822978,5.35940107696026,2.54300039414958e-06,0.000176945515797571,0.000176945515797571,"ENSG00000166148/ENSG00000166923/ENSG00000123095/ENSG00000149591/ENSG00000157168/ENSG00000168542/ENSG00000136383/ENSG00000148848/ENSG00000112837/ENSG00000101680/ENSG00000138435/ENSG00000101335/ENSG00000154736/ENSG00000128573/ENSG00000184304/ENSG00000134853/ENSG00000077943/ENSG00000178860/ENSG00000137809/ENSG00000160808/ENSG00000128591/ENSG00000169946/ENSG00000163431/ENSG00000135862/ENSG00000065534/ENSG00000134775/ENSG00000198796/ENSG00000139174/ENSG00000196569/ENSG00000142156/ENSG00000117152/ENSG00000024422/ENSG00000157227/ENSG00000163359",34
"GO:0016055","GO:0016055","Wnt signaling pathway","29/394","223/7721",0.130044843049327,2.54841683549202,5.44078122804715,2.75206894761017e-06,0.000184185001487723,0.000184185001487723,"ENSG00000166923/ENSG00000153071/ENSG00000145506/ENSG00000050165/ENSG00000144642/ENSG00000108821/ENSG00000112837/ENSG00000137573/ENSG00000073712/ENSG00000112902/ENSG00000169554/ENSG00000188803/ENSG00000196562/ENSG00000122707/ENSG00000140682/ENSG00000150457/ENSG00000146122/ENSG00000104415/ENSG00000020181/ENSG00000198796/ENSG00000139174/ENSG00000123384/ENSG00000166025/ENSG00000145423/ENSG00000105989/ENSG00000122870/ENSG00000135299/ENSG00000019549/ENSG00000106483",29
"GO:0010810","GO:0010810","regulation of cell-substrate adhesion","19/394","111/7721",0.171171171171171,3.35434673251932,5.79339645880323,2.77016212130599e-06,0.000184185001487723,0.000184185001487723,"ENSG00000099250/ENSG00000166923/ENSG00000115414/ENSG00000153071/ENSG00000164741/ENSG00000109743/ENSG00000073712/ENSG00000122861/ENSG00000152377/ENSG00000154096/ENSG00000164176/ENSG00000106366/ENSG00000077942/ENSG00000173376/ENSG00000044524/ENSG00000106823/ENSG00000091986/ENSG00000157227/ENSG00000163520",19
"GO:0035987","GO:0035987","endodermal cell differentiation","9/394","27/7721",0.333333333333333,6.5321489001692,6.67718358759997,4.4172542004593e-06,0.000287313577560309,0.000287313577560309,"ENSG00000060718/ENSG00000115414/ENSG00000122641/ENSG00000130635/ENSG00000111799/ENSG00000204262/ENSG00000142156/ENSG00000157227/ENSG00000144810",9
"GO:0006929","GO:0006929","substrate-dependent cell migration","6/394","11/7721",0.545454545454545,10.6889709275496,7.45659356336228,6.31379133279165e-06,0.000401933269525801,0.000401933269525801,"ENSG00000099250/ENSG00000115414/ENSG00000137809/ENSG00000077942/ENSG00000145147/ENSG00000150630",6
"GO:0010715","GO:0010715","regulation of extracellular matrix disassembly","7/394","16/7721",0.4375,8.57344543147208,7.03170812675521,6.54759489187527e-06,0.000408133414926892,0.000408133414926892,"ENSG00000122861/ENSG00000100234/ENSG00000122707/ENSG00000197635/ENSG00000162733/ENSG00000123384/ENSG00000078098",7
"GO:0007492","GO:0007492","endoderm development","10/394","36/7721",0.277777777777778,5.44345741680767,6.19646501895434,8.21846499747254e-06,0.000501829536172201,0.000501829536172201,"ENSG00000060718/ENSG00000115414/ENSG00000122641/ENSG00000130635/ENSG00000111799/ENSG00000135862/ENSG00000204262/ENSG00000142156/ENSG00000157227/ENSG00000144810",10
"GO:0002062","GO:0002062","chondrocyte differentiation","12/394","52/7721",0.230769230769231,4.52225693088637,5.90944915907558,8.4826191741869e-06,0.000507599931383344,0.000507599931383344,"ENSG00000166923/ENSG00000136378/ENSG00000168542/ENSG00000137573/ENSG00000196562/ENSG00000124813/ENSG00000104415/ENSG00000159899/ENSG00000109705/ENSG00000151388/ENSG00000019549/ENSG00000134013",12
"GO:0045667","GO:0045667","regulation of osteoblast differentiation","13/394","61/7721",0.213114754098361,4.17629191978031,5.77516780568557,9.13278957556108e-06,0.00053579032176625,0.00053579032176625,"ENSG00000166923/ENSG00000142871/ENSG00000073712/ENSG00000184304/ENSG00000233608/ENSG00000198963/ENSG00000124813/ENSG00000104415/ENSG00000162733/ENSG00000019991/ENSG00000019549/ENSG00000150630/ENSG00000123610",13
"GO:0040013","GO:0040013","negative regulation of locomotion","24/394","178/7721",0.134831460674157,2.64221753265271,5.13999027197383,1.09164464961058e-05,0.000616264300308465,0.000616264300308465,"ENSG00000166923/ENSG00000174348/ENSG00000168542/ENSG00000164741/ENSG00000140937/ENSG00000187098/ENSG00000137573/ENSG00000112902/ENSG00000169554/ENSG00000154096/ENSG00000011465/ENSG00000106366/ENSG00000122707/ENSG00000077942/ENSG00000197635/ENSG00000107562/ENSG00000123384/ENSG00000173482/ENSG00000145423/ENSG00000138080/ENSG00000145147/ENSG00000132386/ENSG00000123610/ENSG00000144724",24
"GO:1901342","GO:1901342","regulation of vasculature development","24/394","178/7721",0.134831460674157,2.64221753265271,5.13999027197383,1.09164464961058e-05,0.000616264300308465,0.000616264300308465,"ENSG00000140092/ENSG00000099250/ENSG00000113140/ENSG00000166923/ENSG00000113578/ENSG00000117020/ENSG00000101230/ENSG00000148848/ENSG00000137573/ENSG00000112902/ENSG00000184304/ENSG00000011465/ENSG00000106366/ENSG00000122707/ENSG00000020181/ENSG00000107562/ENSG00000157570/ENSG00000173482/ENSG00000142798/ENSG00000145423/ENSG00000138080/ENSG00000132386/ENSG00000150630/ENSG00000186340",24
"GO:0048846","GO:0048846","axon extension involved in axon guidance","6/394","12/7721",0.5,9.79822335025381,7.07261875275445,1.20855375129454e-05,0.000669628300717273,0.000669628300717273,"ENSG00000099250/ENSG00000075213/ENSG00000112902/ENSG00000184347/ENSG00000107562/ENSG00000145147",6
"GO:0090101","GO:0090101","negative regulation of transmembrane receptor protein serine/threonine kinase signaling pathway","14/394","72/7721",0.194444444444444,3.81042019176537,5.55557276356073,1.27658913424006e-05,0.000686466242144973,0.000686466242144973,"ENSG00000124225/ENSG00000166923/ENSG00000137507/ENSG00000050165/ENSG00000122641/ENSG00000197859/ENSG00000170801/ENSG00000106819/ENSG00000180875/ENSG00000166147/ENSG00000123384/ENSG00000138615/ENSG00000138080/ENSG00000123610",14
"GO:0150115","GO:0150115","cell-substrate junction organization","12/394","54/7721",0.222222222222222,4.35476593344614,5.73640806661168,1.28482986497722e-05,0.000686466242144973,0.000686466242144973,"ENSG00000099250/ENSG00000166923/ENSG00000115414/ENSG00000164741/ENSG00000140937/ENSG00000073712/ENSG00000154096/ENSG00000044524/ENSG00000135862/ENSG00000139174/ENSG00000157227/ENSG00000110900",12
"GO:0042692","GO:0042692","muscle cell differentiation","24/394","180/7721",0.133333333333333,2.61285956006768,5.07705654426213,1.32314356485455e-05,0.00069453430632365,0.00069453430632365,"ENSG00000166148/ENSG00000166923/ENSG00000123095/ENSG00000157168/ENSG00000136383/ENSG00000148848/ENSG00000112837/ENSG00000101680/ENSG00000101335/ENSG00000154736/ENSG00000184304/ENSG00000134853/ENSG00000077943/ENSG00000128591/ENSG00000163431/ENSG00000135862/ENSG00000134775/ENSG00000198796/ENSG00000139174/ENSG00000196569/ENSG00000142156/ENSG00000117152/ENSG00000024422/ENSG00000157227",24
"GO:0060828","GO:0060828","regulation of canonical Wnt signaling pathway","19/394","125/7721",0.152,2.97865989847716,5.17162880576482,1.65774027389809e-05,0.00085516532750053,0.00085516532750053,"ENSG00000166923/ENSG00000153071/ENSG00000145506/ENSG00000050165/ENSG00000144642/ENSG00000108821/ENSG00000112837/ENSG00000112902/ENSG00000169554/ENSG00000188803/ENSG00000122707/ENSG00000150457/ENSG00000146122/ENSG00000020181/ENSG00000139174/ENSG00000145423/ENSG00000122870/ENSG00000019549/ENSG00000106483",19
"GO:2000146","GO:2000146","negative regulation of cell motility","23/394","171/7721",0.134502923976608,2.63577938077003,5.01583191231561,1.73591465080881e-05,0.000880314683935588,0.000880314683935588,"ENSG00000166923/ENSG00000174348/ENSG00000168542/ENSG00000164741/ENSG00000140937/ENSG00000187098/ENSG00000137573/ENSG00000169554/ENSG00000154096/ENSG00000011465/ENSG00000106366/ENSG00000122707/ENSG00000077942/ENSG00000197635/ENSG00000107562/ENSG00000123384/ENSG00000173482/ENSG00000145423/ENSG00000138080/ENSG00000145147/ENSG00000132386/ENSG00000123610/ENSG00000144724",23
"GO:0050920","GO:0050920","regulation of chemotaxis","18/394","115/7721",0.156521739130435,3.06726991834032,5.17918721561011,1.83595924102083e-05,0.000906461113165265,0.000906461113165265,"ENSG00000099250/ENSG00000166923/ENSG00000198121/ENSG00000113578/ENSG00000109743/ENSG00000112902/ENSG00000184304/ENSG00000134853/ENSG00000166086/ENSG00000106366/ENSG00000197635/ENSG00000020181/ENSG00000107562/ENSG00000106538/ENSG00000196468/ENSG00000145147/ENSG00000150630/ENSG00000123610",18
"GO:0051216","GO:0051216","cartilage development","15/394","84/7721",0.178571428571429,3.4993654822335,5.3407430092872,1.8480657721618e-05,0.000906461113165265,0.000906461113165265,"ENSG00000166923/ENSG00000136378/ENSG00000083782/ENSG00000168542/ENSG00000137573/ENSG00000168487/ENSG00000196562/ENSG00000124813/ENSG00000104415/ENSG00000159899/ENSG00000109705/ENSG00000151388/ENSG00000183682/ENSG00000019549/ENSG00000134013",15
"GO:0017015","GO:0017015","regulation of transforming growth factor beta receptor signaling pathway","13/394","65/7721",0.2,3.91928934010152,5.48058001461206,1.89565954971754e-05,0.000914808608508854,0.000914808608508854,"ENSG00000124225/ENSG00000137507/ENSG00000050165/ENSG00000197859/ENSG00000169554/ENSG00000170801/ENSG00000106819/ENSG00000140682/ENSG00000150457/ENSG00000166147/ENSG00000134986/ENSG00000138615/ENSG00000138080",13
"GO:0048598","GO:0048598","embryonic morphogenesis","26/394","209/7721",0.124401913875598,2.4378354747043,4.88650348890994,2.03190245888048e-05,0.000958652513416987,0.000958652513416987,"ENSG00000113140/ENSG00000166923/ENSG00000060718/ENSG00000149256/ENSG00000115414/ENSG00000164741/ENSG00000122641/ENSG00000074047/ENSG00000112837/ENSG00000137573/ENSG00000133816/ENSG00000117122/ENSG00000134853/ENSG00000130635/ENSG00000077943/ENSG00000197614/ENSG00000151067/ENSG00000180875/ENSG00000166147/ENSG00000111799/ENSG00000177707/ENSG00000139174/ENSG00000204262/ENSG00000142156/ENSG00000157227/ENSG00000144810",26
"GO:0051146","GO:0051146","striated muscle cell differentiation","20/394","138/7721",0.144927536231884,2.840064739204,5.05761519901744,2.05059361158714e-05,0.000958652513416987,0.000958652513416987,"ENSG00000166148/ENSG00000166923/ENSG00000123095/ENSG00000157168/ENSG00000136383/ENSG00000148848/ENSG00000112837/ENSG00000101335/ENSG00000154736/ENSG00000184304/ENSG00000134853/ENSG00000128591/ENSG00000163431/ENSG00000134775/ENSG00000198796/ENSG00000139174/ENSG00000142156/ENSG00000117152/ENSG00000024422/ENSG00000157227",20
"GO:0001706","GO:0001706","endoderm formation","9/394","32/7721",0.28125,5.51150063451777,5.93000072968338,2.10459571685759e-05,0.000968761597667373,0.000968761597667373,"ENSG00000060718/ENSG00000115414/ENSG00000122641/ENSG00000130635/ENSG00000111799/ENSG00000204262/ENSG00000142156/ENSG00000157227/ENSG00000144810",9
"GO:0032331","GO:0032331","negative regulation of chondrocyte differentiation","6/394","13/7721",0.461538461538462,9.04451386177275,6.73122787013378,2.14819655361996e-05,0.000969005857949915,0.000969005857949915,"ENSG00000166923/ENSG00000136378/ENSG00000104415/ENSG00000109705/ENSG00000151388/ENSG00000019549",6
"GO:0007044","GO:0007044","cell-substrate junction assembly","11/394","48/7721",0.229166666666667,4.49085236886633,5.62552640377369,2.1698994813718e-05,0.000969005857949915,0.000969005857949915,"ENSG00000099250/ENSG00000166923/ENSG00000115414/ENSG00000164741/ENSG00000140937/ENSG00000073712/ENSG00000154096/ENSG00000044524/ENSG00000135862/ENSG00000157227/ENSG00000110900",11
"GO:0030336","GO:0030336","negative regulation of cell migration","22/394","162/7721",0.135802469135802,2.66124584821708,4.95510553329167,2.27161913581748e-05,0.00099951241975969,0.00099951241975969,"ENSG00000166923/ENSG00000174348/ENSG00000168542/ENSG00000164741/ENSG00000140937/ENSG00000187098/ENSG00000137573/ENSG00000169554/ENSG00000154096/ENSG00000011465/ENSG00000106366/ENSG00000122707/ENSG00000197635/ENSG00000107562/ENSG00000123384/ENSG00000173482/ENSG00000145423/ENSG00000138080/ENSG00000145147/ENSG00000132386/ENSG00000123610/ENSG00000144724",22
"GO:0045765","GO:0045765","regulation of angiogenesis","23/394","174/7721",0.132183908045977,2.59033490868779,4.92005215466595,2.31060105922144e-05,0.00100193019843341,0.00100193019843341,"ENSG00000140092/ENSG00000099250/ENSG00000113140/ENSG00000166923/ENSG00000113578/ENSG00000117020/ENSG00000101230/ENSG00000148848/ENSG00000137573/ENSG00000112902/ENSG00000184304/ENSG00000011465/ENSG00000106366/ENSG00000122707/ENSG00000020181/ENSG00000157570/ENSG00000173482/ENSG00000142798/ENSG00000145423/ENSG00000138080/ENSG00000132386/ENSG00000150630/ENSG00000186340",23
"GO:0006935","GO:0006935","chemotaxis","30/394","263/7721",0.114068441064639,2.23533612553319,4.72656344606735,2.61541459670147e-05,0.00109508784311715,0.00109508784311715,"ENSG00000099250/ENSG00000166923/ENSG00000198121/ENSG00000213949/ENSG00000113578/ENSG00000157168/ENSG00000142871/ENSG00000109743/ENSG00000075213/ENSG00000140285/ENSG00000153993/ENSG00000122861/ENSG00000112902/ENSG00000184347/ENSG00000184304/ENSG00000134853/ENSG00000166086/ENSG00000106366/ENSG00000197635/ENSG00000020181/ENSG00000129048/ENSG00000107562/ENSG00000106538/ENSG00000019991/ENSG00000196468/ENSG00000145147/ENSG00000197702/ENSG00000150630/ENSG00000123610/ENSG00000185070",30
"GO:0042330","GO:0042330","taxis","30/394","263/7721",0.114068441064639,2.23533612553319,4.72656344606735,2.61541459670147e-05,0.00109508784311715,0.00109508784311715,"ENSG00000099250/ENSG00000166923/ENSG00000198121/ENSG00000213949/ENSG00000113578/ENSG00000157168/ENSG00000142871/ENSG00000109743/ENSG00000075213/ENSG00000140285/ENSG00000153993/ENSG00000122861/ENSG00000112902/ENSG00000184347/ENSG00000184304/ENSG00000134853/ENSG00000166086/ENSG00000106366/ENSG00000197635/ENSG00000020181/ENSG00000129048/ENSG00000107562/ENSG00000106538/ENSG00000019991/ENSG00000196468/ENSG00000145147/ENSG00000197702/ENSG00000150630/ENSG00000123610/ENSG00000185070",30
"GO:1903844","GO:1903844","regulation of cellular response to transforming growth factor beta stimulus","13/394","67/7721",0.194029850746269,3.8022956284567,5.34196190992788,2.66853099274746e-05,0.00109508784311715,0.00109508784311715,"ENSG00000124225/ENSG00000137507/ENSG00000050165/ENSG00000197859/ENSG00000169554/ENSG00000170801/ENSG00000106819/ENSG00000140682/ENSG00000150457/ENSG00000166147/ENSG00000134986/ENSG00000138615/ENSG00000138080",13
"GO:0090288","GO:0090288","negative regulation of cellular response to growth factor stimulus","11/394","49/7721",0.224489795918367,4.39920232052212,5.53495918603927,2.67183865466416e-05,0.00109508784311715,0.00109508784311715,"ENSG00000166923/ENSG00000137573/ENSG00000011465/ENSG00000196562/ENSG00000170801/ENSG00000180875/ENSG00000166147/ENSG00000151388/ENSG00000138080/ENSG00000145147/ENSG00000123610",11
"GO:0022603","GO:0022603","regulation of anatomical structure morphogenesis","40/394","400/7721",0.1,1.95964467005076,4.57034424593862,2.82603935183776e-05,0.0011274840548831,0.0011274840548831,"ENSG00000140092/ENSG00000099250/ENSG00000113140/ENSG00000166923/ENSG00000198121/ENSG00000149256/ENSG00000115414/ENSG00000113578/ENSG00000131711/ENSG00000117020/ENSG00000153823/ENSG00000101230/ENSG00000148848/ENSG00000137573/ENSG00000073712/ENSG00000112902/ENSG00000061337/ENSG00000184304/ENSG00000154096/ENSG00000011465/ENSG00000196358/ENSG00000106366/ENSG00000122707/ENSG00000020181/ENSG00000107562/ENSG00000151388/ENSG00000157570/ENSG00000019991/ENSG00000178695/ENSG00000173482/ENSG00000142798/ENSG00000145423/ENSG00000138080/ENSG00000145147/ENSG00000136541/ENSG00000197702/ENSG00000132386/ENSG00000150630/ENSG00000139220/ENSG00000186340",40
"GO:1901888","GO:1901888","regulation of cell junction assembly","20/394","141/7721",0.141843971631206,2.77963782985924,4.9453866008971,2.82624679532864e-05,0.0011274840548831,0.0011274840548831,"ENSG00000099250/ENSG00000166923/ENSG00000172260/ENSG00000164741/ENSG00000131711/ENSG00000073712/ENSG00000061337/ENSG00000154096/ENSG00000196358/ENSG00000140557/ENSG00000185565/ENSG00000044524/ENSG00000177707/ENSG00000139174/ENSG00000172061/ENSG00000183715/ENSG00000019549/ENSG00000157227/ENSG00000101463/ENSG00000186340",20
"GO:0048880","GO:0048880","sensory system development","22/394","166/7721",0.132530120481928,2.59711944223595,4.82356207085027,3.33879825832472e-05,0.00131443215643521,0.00131443215643521,"ENSG00000099250/ENSG00000122641/ENSG00000130508/ENSG00000075213/ENSG00000117122/ENSG00000169554/ENSG00000154096/ENSG00000134853/ENSG00000130635/ENSG00000197614/ENSG00000151067/ENSG00000198963/ENSG00000218336/ENSG00000178573/ENSG00000166147/ENSG00000139174/ENSG00000204262/ENSG00000173482/ENSG00000134138/ENSG00000105989/ENSG00000132386/ENSG00000123096",22
"GO:0001654","GO:0001654","eye development","21/394","157/7721",0.133757961783439,2.62118076885771,4.75881886704328,4.38382799006708e-05,0.00170343030471178,0.00170343030471178,"ENSG00000099250/ENSG00000122641/ENSG00000130508/ENSG00000117122/ENSG00000169554/ENSG00000154096/ENSG00000134853/ENSG00000130635/ENSG00000197614/ENSG00000151067/ENSG00000198963/ENSG00000218336/ENSG00000178573/ENSG00000166147/ENSG00000139174/ENSG00000204262/ENSG00000173482/ENSG00000134138/ENSG00000105989/ENSG00000132386/ENSG00000123096",21
"GO:0045596","GO:0045596","negative regulation of cell differentiation","33/394","314/7721",0.105095541401274,2.05949917553105,4.44465381295852,5.52823676186139e-05,0.0021205749219858,0.0021205749219858,"ENSG00000166923/ENSG00000136378/ENSG00000123095/ENSG00000213626/ENSG00000172260/ENSG00000148516/ENSG00000122641/ENSG00000128606/ENSG00000073712/ENSG00000112902/ENSG00000154096/ENSG00000233608/ENSG00000130635/ENSG00000198963/ENSG00000150907/ENSG00000169946/ENSG00000166147/ENSG00000146122/ENSG00000104415/ENSG00000044524/ENSG00000109705/ENSG00000151388/ENSG00000139174/ENSG00000204262/ENSG00000079102/ENSG00000117586/ENSG00000117152/ENSG00000145423/ENSG00000134138/ENSG00000103742/ENSG00000019549/ENSG00000150630/ENSG00000123610",33
"GO:0007169","GO:0007169","cell surface receptor protein tyrosine kinase signaling pathway","34/394","328/7721",0.103658536585366,2.03133898724774,4.42610456314582,5.63114079376964e-05,0.00213270547531124,0.00213270547531124,"ENSG00000099250/ENSG00000166923/ENSG00000145431/ENSG00000104213/ENSG00000213949/ENSG00000113578/ENSG00000157168/ENSG00000117020/ENSG00000153823/ENSG00000137573/ENSG00000140285/ENSG00000122861/ENSG00000184304/ENSG00000134853/ENSG00000011465/ENSG00000150907/ENSG00000196562/ENSG00000044524/ENSG00000162733/ENSG00000159899/ENSG00000151388/ENSG00000106538/ENSG00000139174/ENSG00000123384/ENSG00000019991/ENSG00000196468/ENSG00000138615/ENSG00000138080/ENSG00000115594/ENSG00000157227/ENSG00000160013/ENSG00000150630/ENSG00000185070/ENSG00000144724",34
"GO:0061037","GO:0061037","negative regulation of cartilage development","6/394","15/7721",0.4,7.83857868020305,6.1473882190462,5.74034376184448e-05,0.00214688856692983,0.00214688856692983,"ENSG00000166923/ENSG00000136378/ENSG00000104415/ENSG00000109705/ENSG00000151388/ENSG00000019549",6
"GO:0150063","GO:0150063","visual system development","21/394","160/7721",0.13125,2.57203362944162,4.65935574050379,5.81925002707047e-05,0.00214953038036973,0.00214953038036973,"ENSG00000099250/ENSG00000122641/ENSG00000130508/ENSG00000117122/ENSG00000169554/ENSG00000154096/ENSG00000134853/ENSG00000130635/ENSG00000197614/ENSG00000151067/ENSG00000198963/ENSG00000218336/ENSG00000178573/ENSG00000166147/ENSG00000139174/ENSG00000204262/ENSG00000173482/ENSG00000134138/ENSG00000105989/ENSG00000132386/ENSG00000123096",21
"GO:0030178","GO:0030178","negative regulation of Wnt signaling pathway","15/394","93/7721",0.161290322580645,3.16071720975929,4.86102358742417,6.39629264398218e-05,0.0023338667793652,0.0023338667793652,"ENSG00000166923/ENSG00000153071/ENSG00000145506/ENSG00000050165/ENSG00000144642/ENSG00000112837/ENSG00000188803/ENSG00000150457/ENSG00000198796/ENSG00000139174/ENSG00000123384/ENSG00000145423/ENSG00000122870/ENSG00000019549/ENSG00000106483",15
"GO:0048589","GO:0048589","developmental growth","25/394","211/7721",0.118483412322275,2.32185387446773,4.51438269814015,6.66662389914054e-05,0.00240319743448536,0.00240319743448536,"ENSG00000140092/ENSG00000099250/ENSG00000113578/ENSG00000157168/ENSG00000162849/ENSG00000168542/ENSG00000131711/ENSG00000074047/ENSG00000075213/ENSG00000140285/ENSG00000138435/ENSG00000180447/ENSG00000112902/ENSG00000184347/ENSG00000140557/ENSG00000150457/ENSG00000171840/ENSG00000169946/ENSG00000162733/ENSG00000159899/ENSG00000107562/ENSG00000139174/ENSG00000117152/ENSG00000145147/ENSG00000123610",25
"GO:0032970","GO:0032970","regulation of actin filament-based process","24/394","199/7721",0.120603015075377,2.36339055684514,4.5182870720937,7.01781684113142e-05,0.00249967952246014,0.00249967952246014,"ENSG00000099250/ENSG00000198121/ENSG00000198523/ENSG00000164741/ENSG00000109743/ENSG00000073712/ENSG00000197256/ENSG00000107796/ENSG00000112902/ENSG00000118523/ENSG00000169554/ENSG00000184304/ENSG00000134853/ENSG00000151067/ENSG00000163431/ENSG00000088756/ENSG00000146122/ENSG00000044524/ENSG00000134775/ENSG00000107562/ENSG00000123384/ENSG00000132854/ENSG00000117152/ENSG00000145147",24
"GO:0014909","GO:0014909","smooth muscle cell migration","9/394","37/7721",0.243243243243243,4.76670325147483,5.32552289617983,7.43523885541659e-05,0.00261720407710664,0.00261720407710664,"ENSG00000099250/ENSG00000198121/ENSG00000122861/ENSG00000106366/ENSG00000104415/ENSG00000162733/ENSG00000123384/ENSG00000145147/ENSG00000197702",9
"GO:0048729","GO:0048729","tissue morphogenesis","27/394","239/7721",0.112970711297071,2.21382452265149,4.4201771081838,7.87262309230728e-05,0.00273894049909109,0.00273894049909109,"ENSG00000099250/ENSG00000166923/ENSG00000113578/ENSG00000157168/ENSG00000162849/ENSG00000168542/ENSG00000164741/ENSG00000074047/ENSG00000112837/ENSG00000137573/ENSG00000073712/ENSG00000107796/ENSG00000154736/ENSG00000133816/ENSG00000130635/ENSG00000077943/ENSG00000160808/ENSG00000169946/ENSG00000065534/ENSG00000151388/ENSG00000139174/ENSG00000153976/ENSG00000019991/ENSG00000145423/ENSG00000145147/ENSG00000138639/ENSG00000019549",27
"GO:0000902","GO:0000902","cell morphogenesis","40/394","419/7721",0.0954653937947494,1.87078250124178,4.25000514307555,8.07920393738224e-05,0.0027785032391549,0.0027785032391549,"ENSG00000099250/ENSG00000113140/ENSG00000166923/ENSG00000198121/ENSG00000149256/ENSG00000213949/ENSG00000115414/ENSG00000165801/ENSG00000131711/ENSG00000140937/ENSG00000074047/ENSG00000075213/ENSG00000073712/ENSG00000153993/ENSG00000112902/ENSG00000184347/ENSG00000162614/ENSG00000149557/ENSG00000061337/ENSG00000154096/ENSG00000166963/ENSG00000196358/ENSG00000140557/ENSG00000218336/ENSG00000018236/ENSG00000165323/ENSG00000044524/ENSG00000159899/ENSG00000086991/ENSG00000107562/ENSG00000139174/ENSG00000007237/ENSG00000178695/ENSG00000196159/ENSG00000173482/ENSG00000107731/ENSG00000145147/ENSG00000136541/ENSG00000197702/ENSG00000139220",40
"GO:0030177","GO:0030177","positive regulation of Wnt signaling pathway","12/394","65/7721",0.184615384615385,3.6178055447091,4.91458402337549,9.06224989193989e-05,0.00305451442081751,0.00305451442081751,"ENSG00000153071/ENSG00000108821/ENSG00000137573/ENSG00000112902/ENSG00000169554/ENSG00000196562/ENSG00000122707/ENSG00000146122/ENSG00000104415/ENSG00000020181/ENSG00000145423/ENSG00000106483",12
"GO:0090090","GO:0090090","negative regulation of canonical Wnt signaling pathway","13/394","75/7721",0.173333333333333,3.39671742808799,4.83641972892429,9.17907303065304e-05,0.00305451442081751,0.00305451442081751,"ENSG00000166923/ENSG00000153071/ENSG00000145506/ENSG00000050165/ENSG00000144642/ENSG00000112837/ENSG00000188803/ENSG00000150457/ENSG00000139174/ENSG00000145423/ENSG00000122870/ENSG00000019549/ENSG00000106483",13
"GO:0060070","GO:0060070","canonical Wnt signaling pathway","20/394","153/7721",0.130718954248366,2.5616270196742,4.52403684921423,9.22893416659404e-05,0.00305451442081751,0.00305451442081751,"ENSG00000166923/ENSG00000153071/ENSG00000145506/ENSG00000050165/ENSG00000144642/ENSG00000108821/ENSG00000112837/ENSG00000112902/ENSG00000169554/ENSG00000188803/ENSG00000122707/ENSG00000150457/ENSG00000146122/ENSG00000020181/ENSG00000139174/ENSG00000145423/ENSG00000105989/ENSG00000122870/ENSG00000019549/ENSG00000106483",20
"GO:0030574","GO:0030574","collagen catabolic process","8/394","30/7721",0.266666666666667,5.22571912013536,5.37729067679966,9.29013410074844e-05,0.00305451442081751,0.00305451442081751,"ENSG00000087116/ENSG00000149968/ENSG00000123342/ENSG00000137745/ENSG00000099953/ENSG00000138316/ENSG00000157227/ENSG00000078098",8
"GO:0009611","GO:0009611","response to wounding","29/394","271/7721",0.107011070110701,2.09703673178864,4.26305900303797,0.000114374536518991,0.00371965883983502,0.00371965883983502,"ENSG00000136859/ENSG00000099250/ENSG00000157680/ENSG00000115414/ENSG00000113578/ENSG00000157168/ENSG00000168542/ENSG00000131711/ENSG00000185989/ENSG00000073712/ENSG00000140285/ENSG00000122861/ENSG00000101335/ENSG00000118523/ENSG00000134853/ENSG00000130635/ENSG00000149131/ENSG00000106366/ENSG00000077942/ENSG00000173376/ENSG00000104415/ENSG00000162733/ENSG00000065534/ENSG00000159899/ENSG00000134986/ENSG00000138080/ENSG00000138639/ENSG00000124491/ENSG00000078098",29
"GO:0008585","GO:0008585","female gonad development","9/394","39/7721",0.230769230769231,4.52225693088637,5.11340097352994,0.000115657248860081,0.00372092998483186,0.00372092998483186,"ENSG00000122641/ENSG00000184347/ENSG00000134853/ENSG00000123342/ENSG00000169946/ENSG00000159899/ENSG00000145147/ENSG00000157227/ENSG00000123610",9
"GO:0050919","GO:0050919","negative chemotaxis","8/394","31/7721",0.258064516129032,5.05714753561487,5.24846303931717,0.000119708108664846,0.00376213136807264,0.00376213136807264,"ENSG00000157168/ENSG00000075213/ENSG00000153993/ENSG00000112902/ENSG00000184347/ENSG00000197635/ENSG00000145147/ENSG00000185070",8
"GO:0031344","GO:0031344","regulation of cell projection organization","31/394","299/7721",0.103678929765886,2.03173862112286,4.21928121709449,0.000120094076612419,0.00376213136807264,0.00376213136807264,"ENSG00000175745/ENSG00000099250/ENSG00000198121/ENSG00000153071/ENSG00000109099/ENSG00000131711/ENSG00000075213/ENSG00000152377/ENSG00000112902/ENSG00000149557/ENSG00000061337/ENSG00000184304/ENSG00000154096/ENSG00000196358/ENSG00000218336/ENSG00000173376/ENSG00000165323/ENSG00000146122/ENSG00000044524/ENSG00000162733/ENSG00000107562/ENSG00000117598/ENSG00000178695/ENSG00000145423/ENSG00000145147/ENSG00000136541/ENSG00000138639/ENSG00000132386/ENSG00000139220/ENSG00000117385/ENSG00000144724",31
"GO:0060384","GO:0060384","innervation","5/394","11/7721",0.454545454545455,8.90747577295801,6.08556196442153,0.000120710097371315,0.00376213136807264,0.00376213136807264,"ENSG00000099250/ENSG00000075213/ENSG00000137573/ENSG00000196562/ENSG00000159899",5
"GO:0048667","GO:0048667","cell morphogenesis involved in neuron differentiation","28/394","259/7721",0.108108108108108,2.11853477843326,4.24585752801848,0.000125869760400716,0.00388249817648395,0.00388249817648395,"ENSG00000099250/ENSG00000149256/ENSG00000165801/ENSG00000131711/ENSG00000074047/ENSG00000075213/ENSG00000153993/ENSG00000112902/ENSG00000184347/ENSG00000162614/ENSG00000149557/ENSG00000061337/ENSG00000154096/ENSG00000166963/ENSG00000196358/ENSG00000218336/ENSG00000018236/ENSG00000165323/ENSG00000044524/ENSG00000159899/ENSG00000107562/ENSG00000139174/ENSG00000178695/ENSG00000196159/ENSG00000173482/ENSG00000107731/ENSG00000145147/ENSG00000139220",28
"GO:0022602","GO:0022602","ovulation cycle process","7/394","24/7721",0.291666666666667,5.71563028764805,5.36510580785526,0.000138738830810543,0.00423578144678719,0.00423578144678719,"ENSG00000122641/ENSG00000184347/ENSG00000134853/ENSG00000123342/ENSG00000159899/ENSG00000145147/ENSG00000123610",7
"GO:0046545","GO:0046545","development of primary female sexual characteristics","9/394","40/7721",0.225,4.40920050761421,5.01264931991102,0.000142613339010688,0.00431009202343412,0.00431009202343412,"ENSG00000122641/ENSG00000184347/ENSG00000134853/ENSG00000123342/ENSG00000169946/ENSG00000159899/ENSG00000145147/ENSG00000157227/ENSG00000123610",9
"GO:0060485","GO:0060485","mesenchyme development","21/394","171/7721",0.12280701754386,2.40658117374655,4.31303562172248,0.00015336480405797,0.00458867493741447,0.00458867493741447,"ENSG00000099250/ENSG00000166923/ENSG00000115414/ENSG00000157168/ENSG00000153071/ENSG00000108821/ENSG00000075213/ENSG00000073712/ENSG00000153993/ENSG00000107796/ENSG00000112902/ENSG00000154736/ENSG00000140682/ENSG00000169946/ENSG00000044524/ENSG00000139174/ENSG00000164107/ENSG00000019991/ENSG00000145423/ENSG00000019549/ENSG00000134013",21
"GO:0120035","GO:0120035","regulation of plasma membrane bounded cell projection organization","30/394","291/7721",0.103092783505155,2.02025223716573,4.11389600203218,0.000171138573876934,0.00504782893217217,0.00504782893217217,"ENSG00000175745/ENSG00000099250/ENSG00000198121/ENSG00000153071/ENSG00000109099/ENSG00000131711/ENSG00000075213/ENSG00000152377/ENSG00000112902/ENSG00000149557/ENSG00000061337/ENSG00000184304/ENSG00000154096/ENSG00000196358/ENSG00000218336/ENSG00000173376/ENSG00000165323/ENSG00000146122/ENSG00000044524/ENSG00000162733/ENSG00000107562/ENSG00000117598/ENSG00000178695/ENSG00000145423/ENSG00000145147/ENSG00000138639/ENSG00000132386/ENSG00000139220/ENSG00000117385/ENSG00000144724",30
"GO:0035924","GO:0035924","cellular response to vascular endothelial growth factor stimulus","9/394","41/7721",0.219512195121951,4.30165903181874,4.91515484861922,0.000174619528591932,0.00504782893217217,0.00504782893217217,"ENSG00000099250/ENSG00000166923/ENSG00000180447/ENSG00000184304/ENSG00000134853/ENSG00000011465/ENSG00000151388/ENSG00000138080/ENSG00000150630",9
"GO:0048041","GO:0048041","focal adhesion assembly","9/394","41/7721",0.219512195121951,4.30165903181874,4.91515484861922,0.000174619528591932,0.00504782893217217,0.00504782893217217,"ENSG00000099250/ENSG00000166923/ENSG00000164741/ENSG00000140937/ENSG00000073712/ENSG00000154096/ENSG00000044524/ENSG00000157227/ENSG00000110900",9
"GO:0072001","GO:0072001","renal system development","19/394","148/7721",0.128378378378378,2.51576004938949,4.31738721235872,0.000175459294433792,0.00504782893217217,0.00504782893217217,"ENSG00000099250/ENSG00000166923/ENSG00000113578/ENSG00000162849/ENSG00000074047/ENSG00000112837/ENSG00000137573/ENSG00000197256/ENSG00000107796/ENSG00000196549/ENSG00000134853/ENSG00000077943/ENSG00000196562/ENSG00000166147/ENSG00000139174/ENSG00000153976/ENSG00000099139/ENSG00000145147/ENSG00000132386",19
"GO:1903054","GO:1903054","negative regulation of extracellular matrix organization","5/394","12/7721",0.416666666666667,8.1651861252115,5.75987079876587,0.000198299068698722,0.00565057917663405,0.00565057917663405,"ENSG00000100234/ENSG00000122707/ENSG00000197635/ENSG00000138080/ENSG00000078098",5
"GO:0003007","GO:0003007","heart morphogenesis","16/394","114/7721",0.140350877192982,2.75037848428177,4.36587552245451,0.000201519011248131,0.00568815926089063,0.00568815926089063,"ENSG00000099250/ENSG00000157168/ENSG00000164741/ENSG00000184347/ENSG00000154736/ENSG00000133816/ENSG00000160808/ENSG00000169946/ENSG00000198796/ENSG00000139174/ENSG00000164107/ENSG00000145423/ENSG00000145147/ENSG00000197702/ENSG00000019549/ENSG00000185070",16
"GO:0048812","GO:0048812","neuron projection morphogenesis","30/394","294/7721",0.102040816326531,1.99963741841914,4.05231430636852,0.00020525331769626,0.005739419874273,0.005739419874273,"ENSG00000099250/ENSG00000149256/ENSG00000213949/ENSG00000165801/ENSG00000131711/ENSG00000074047/ENSG00000075213/ENSG00000153993/ENSG00000112902/ENSG00000184347/ENSG00000162614/ENSG00000149557/ENSG00000061337/ENSG00000154096/ENSG00000166963/ENSG00000196358/ENSG00000140557/ENSG00000218336/ENSG00000018236/ENSG00000044524/ENSG00000159899/ENSG00000107562/ENSG00000139174/ENSG00000007237/ENSG00000178695/ENSG00000196159/ENSG00000173482/ENSG00000107731/ENSG00000145147/ENSG00000139220",30
"GO:0014812","GO:0014812","muscle cell migration","9/394","42/7721",0.214285714285714,4.1992385786802,4.82072774393707,0.000212391353374137,0.00588402712310573,0.00588402712310573,"ENSG00000099250/ENSG00000198121/ENSG00000122861/ENSG00000106366/ENSG00000104415/ENSG00000162733/ENSG00000123384/ENSG00000145147/ENSG00000197702",9
"GO:0042060","GO:0042060","wound healing","24/394","214/7721",0.11214953271028,2.19773234024384,4.12028370062836,0.000219345812453163,0.00600127150838252,0.00600127150838252,"ENSG00000136859/ENSG00000157680/ENSG00000115414/ENSG00000113578/ENSG00000157168/ENSG00000168542/ENSG00000185989/ENSG00000073712/ENSG00000122861/ENSG00000101335/ENSG00000134853/ENSG00000130635/ENSG00000149131/ENSG00000106366/ENSG00000077942/ENSG00000173376/ENSG00000104415/ENSG00000162733/ENSG00000065534/ENSG00000159899/ENSG00000138080/ENSG00000138639/ENSG00000124491/ENSG00000078098",24
"GO:0010811","GO:0010811","positive regulation of cell-substrate adhesion","11/394","61/7721",0.180327868852459,3.53378547058334,4.60695573511356,0.000220634981925828,0.00600127150838252,0.00600127150838252,"ENSG00000099250/ENSG00000115414/ENSG00000153071/ENSG00000073712/ENSG00000154096/ENSG00000164176/ENSG00000077942/ENSG00000173376/ENSG00000106823/ENSG00000091986/ENSG00000163520",11
"GO:0097435","GO:0097435","supramolecular fiber organization","39/394","425/7721",0.0917647058823529,1.79826216781129,3.92546640419299,0.000229565944904812,0.00618793970410087,0.00618793970410087,"ENSG00000140092/ENSG00000099250/ENSG00000198121/ENSG00000198467/ENSG00000204991/ENSG00000147526/ENSG00000168542/ENSG00000164741/ENSG00000131711/ENSG00000119681/ENSG00000073712/ENSG00000197256/ENSG00000112902/ENSG00000101335/ENSG00000133816/ENSG00000118523/ENSG00000169554/ENSG00000184304/ENSG00000134853/ENSG00000166963/ENSG00000130635/ENSG00000128591/ENSG00000122786/ENSG00000163431/ENSG00000166147/ENSG00000088756/ENSG00000146122/ENSG00000134775/ENSG00000107562/ENSG00000132854/ENSG00000130176/ENSG00000142798/ENSG00000117152/ENSG00000138080/ENSG00000145147/ENSG00000136541/ENSG00000197702/ENSG00000249115/ENSG00000123610",39
"GO:0007409","GO:0007409","axonogenesis","24/394","215/7721",0.111627906976744,2.18751032935899,4.09492555884324,0.00023550075752966,0.00629123452257806,0.00629123452257806,"ENSG00000099250/ENSG00000149256/ENSG00000165801/ENSG00000131711/ENSG00000074047/ENSG00000075213/ENSG00000153993/ENSG00000112902/ENSG00000184347/ENSG00000162614/ENSG00000149557/ENSG00000154096/ENSG00000166963/ENSG00000196358/ENSG00000218336/ENSG00000018236/ENSG00000044524/ENSG00000159899/ENSG00000107562/ENSG00000139174/ENSG00000196159/ENSG00000173482/ENSG00000107731/ENSG00000145147",24
"GO:0014910","GO:0014910","regulation of smooth muscle cell migration","8/394","34/7721",0.235294117647059,4.61092863541356,4.89298166790095,0.000240777259981488,0.00633310177555777,0.00633310177555777,"ENSG00000099250/ENSG00000198121/ENSG00000122861/ENSG00000106366/ENSG00000104415/ENSG00000162733/ENSG00000123384/ENSG00000145147",8
"GO:0048008","GO:0048008","platelet-derived growth factor receptor signaling pathway","7/394","26/7721",0.269230769230769,5.27596641936744,5.06419375214911,0.000241301337705075,0.00633310177555777,0.00633310177555777,"ENSG00000099250/ENSG00000145431/ENSG00000104213/ENSG00000134853/ENSG00000123384/ENSG00000115594/ENSG00000160013",7
"GO:0007369","GO:0007369","gastrulation","12/394","72/7721",0.166666666666667,3.2660744500846,4.47952285995457,0.000250115898988064,0.00643069017666542,0.00643069017666542,"ENSG00000060718/ENSG00000149256/ENSG00000115414/ENSG00000122641/ENSG00000130635/ENSG00000077943/ENSG00000111799/ENSG00000139174/ENSG00000204262/ENSG00000142156/ENSG00000157227/ENSG00000144810",12
"GO:0045597","GO:0045597","positive regulation of cell differentiation","39/394","427/7721",0.0913348946135831,1.78983939419156,3.89370920840894,0.000252922440676894,0.00643069017666542,0.00643069017666542,"ENSG00000099250/ENSG00000149256/ENSG00000196628/ENSG00000157168/ENSG00000153071/ENSG00000148516/ENSG00000142871/ENSG00000131711/ENSG00000122641/ENSG00000108821/ENSG00000074047/ENSG00000101680/ENSG00000073712/ENSG00000064205/ENSG00000112902/ENSG00000196549/ENSG00000118523/ENSG00000169554/ENSG00000184304/ENSG00000151917/ENSG00000106366/ENSG00000140682/ENSG00000124813/ENSG00000104415/ENSG00000135862/ENSG00000162733/ENSG00000107562/ENSG00000127472/ENSG00000106538/ENSG00000019991/ENSG00000196569/ENSG00000117586/ENSG00000145423/ENSG00000105989/ENSG00000145147/ENSG00000132386/ENSG00000157227/ENSG00000134013/ENSG00000106483",39
"GO:0007411","GO:0007411","axon guidance","17/394","128/7721",0.1328125,2.60265307741117,4.23966431791926,0.000253616791726778,0.00643069017666542,0.00643069017666542,"ENSG00000099250/ENSG00000149256/ENSG00000165801/ENSG00000074047/ENSG00000075213/ENSG00000153993/ENSG00000112902/ENSG00000184347/ENSG00000162614/ENSG00000149557/ENSG00000218336/ENSG00000018236/ENSG00000044524/ENSG00000107562/ENSG00000173482/ENSG00000107731/ENSG00000145147",17
"GO:0097485","GO:0097485","neuron projection guidance","17/394","128/7721",0.1328125,2.60265307741117,4.23966431791926,0.000253616791726778,0.00643069017666542,0.00643069017666542,"ENSG00000099250/ENSG00000149256/ENSG00000165801/ENSG00000074047/ENSG00000075213/ENSG00000153993/ENSG00000112902/ENSG00000184347/ENSG00000162614/ENSG00000149557/ENSG00000218336/ENSG00000018236/ENSG00000044524/ENSG00000107562/ENSG00000173482/ENSG00000107731/ENSG00000145147",17
"GO:0061448","GO:0061448","connective tissue development","16/394","117/7721",0.136752136752137,2.67985595904378,4.24558545127309,0.000273364731987588,0.00687317040425936,0.00687317040425936,"ENSG00000166923/ENSG00000136378/ENSG00000083782/ENSG00000168542/ENSG00000137573/ENSG00000107796/ENSG00000168487/ENSG00000196562/ENSG00000124813/ENSG00000104415/ENSG00000159899/ENSG00000109705/ENSG00000151388/ENSG00000183682/ENSG00000019549/ENSG00000134013",16
"GO:0043408","GO:0043408","regulation of MAPK cascade","33/394","342/7721",0.0964912280701754,1.89088520794372,3.90777644928815,0.000284360986020276,0.00709006725143889,0.00709006725143889,"ENSG00000099250/ENSG00000198121/ENSG00000145431/ENSG00000213626/ENSG00000213949/ENSG00000115414/ENSG00000113578/ENSG00000157168/ENSG00000153071/ENSG00000166444/ENSG00000142871/ENSG00000123572/ENSG00000122641/ENSG00000105928/ENSG00000139946/ENSG00000075213/ENSG00000073712/ENSG00000140285/ENSG00000107796/ENSG00000118523/ENSG00000134853/ENSG00000150907/ENSG00000077942/ENSG00000131016/ENSG00000162733/ENSG00000172985/ENSG00000086991/ENSG00000127472/ENSG00000164107/ENSG00000019991/ENSG00000196468/ENSG00000138080/ENSG00000115594",33
"GO:0120039","GO:0120039","plasma membrane bounded cell projection morphogenesis","30/394","300/7721",0.1,1.95964467005076,3.93127597603157,0.000292210812689099,0.00720070041856741,0.00720070041856741,"ENSG00000099250/ENSG00000149256/ENSG00000213949/ENSG00000165801/ENSG00000131711/ENSG00000074047/ENSG00000075213/ENSG00000153993/ENSG00000112902/ENSG00000184347/ENSG00000162614/ENSG00000149557/ENSG00000061337/ENSG00000154096/ENSG00000166963/ENSG00000196358/ENSG00000140557/ENSG00000218336/ENSG00000018236/ENSG00000044524/ENSG00000159899/ENSG00000107562/ENSG00000139174/ENSG00000007237/ENSG00000178695/ENSG00000196159/ENSG00000173482/ENSG00000107731/ENSG00000145147/ENSG00000139220",30
"GO:0016525","GO:0016525","negative regulation of angiogenesis","11/394","63/7721",0.174603174603175,3.42160180485054,4.47516436335597,0.00029643833017084,0.00720070041856741,0.00720070041856741,"ENSG00000140092/ENSG00000113140/ENSG00000101230/ENSG00000137573/ENSG00000011465/ENSG00000106366/ENSG00000173482/ENSG00000142798/ENSG00000138080/ENSG00000132386/ENSG00000186340",11
"GO:2000181","GO:2000181","negative regulation of blood vessel morphogenesis","11/394","63/7721",0.174603174603175,3.42160180485054,4.47516436335597,0.00029643833017084,0.00720070041856741,0.00720070041856741,"ENSG00000140092/ENSG00000113140/ENSG00000101230/ENSG00000137573/ENSG00000011465/ENSG00000106366/ENSG00000173482/ENSG00000142798/ENSG00000138080/ENSG00000132386/ENSG00000186340",11
"GO:0061035","GO:0061035","regulation of cartilage development","8/394","35/7721",0.228571428571429,4.47918781725888,4.78360566307162,0.000298424749967366,0.00720070041856741,0.00720070041856741,"ENSG00000166923/ENSG00000136378/ENSG00000168487/ENSG00000104415/ENSG00000109705/ENSG00000151388/ENSG00000019549/ENSG00000134013",8
"GO:0008015","GO:0008015","blood circulation","28/394","273/7721",0.102564102564103,2.00989196928283,3.93939993606071,0.000306770434997033,0.00734285713208899,0.00734285713208899,"ENSG00000166148/ENSG00000148680/ENSG00000213949/ENSG00000198523/ENSG00000069431/ENSG00000112837/ENSG00000145244/ENSG00000073712/ENSG00000164692/ENSG00000196549/ENSG00000169554/ENSG00000149131/ENSG00000151067/ENSG00000160808/ENSG00000144935/ENSG00000131016/ENSG00000166147/ENSG00000153956/ENSG00000159899/ENSG00000107562/ENSG00000106538/ENSG00000099139/ENSG00000006283/ENSG00000117152/ENSG00000138080/ENSG00000145147/ENSG00000172572/ENSG00000150630",28
"GO:1902622","GO:1902622","regulation of neutrophil migration","7/394","27/7721",0.259259259259259,5.08056025568716,4.92514761608345,0.000311639544869251,0.00740020252578412,0.00740020252578411,"ENSG00000109743/ENSG00000166086/ENSG00000197635/ENSG00000124343/ENSG00000002586/ENSG00000145147/ENSG00000123610",7
"GO:0007423","GO:0007423","sensory organ development","25/394","233/7721",0.107296137339056,2.10262303653515,3.96292423787688,0.000324643584409475,0.0076482960988437,0.0076482960988437,"ENSG00000099250/ENSG00000113140/ENSG00000122641/ENSG00000130508/ENSG00000112837/ENSG00000117122/ENSG00000169554/ENSG00000154096/ENSG00000134853/ENSG00000130635/ENSG00000197614/ENSG00000151067/ENSG00000198963/ENSG00000218336/ENSG00000178573/ENSG00000166147/ENSG00000177707/ENSG00000139174/ENSG00000204262/ENSG00000173482/ENSG00000134138/ENSG00000105989/ENSG00000132386/ENSG00000123096/ENSG00000165474",25
"GO:0070372","GO:0070372","regulation of ERK1 and ERK2 cascade","20/394","168/7721",0.119047619047619,2.332910321489,4.05032147638959,0.000333381522181564,0.00779279308099405,0.00779279308099405,"ENSG00000099250/ENSG00000145431/ENSG00000115414/ENSG00000113578/ENSG00000157168/ENSG00000153071/ENSG00000166444/ENSG00000142871/ENSG00000122641/ENSG00000073712/ENSG00000107796/ENSG00000118523/ENSG00000134853/ENSG00000077942/ENSG00000131016/ENSG00000162733/ENSG00000086991/ENSG00000127472/ENSG00000164107/ENSG00000138080",20
"GO:1901343","GO:1901343","negative regulation of vasculature development","11/394","64/7721",0.171875,3.36813927664975,4.41124896617626,0.000341900802912934,0.00792997831252325,0.00792997831252325,"ENSG00000140092/ENSG00000113140/ENSG00000101230/ENSG00000137573/ENSG00000011465/ENSG00000106366/ENSG00000173482/ENSG00000142798/ENSG00000138080/ENSG00000132386/ENSG00000186340",11
"GO:0048858","GO:0048858","cell projection morphogenesis","30/394","303/7721",0.099009900990099,1.94024224757501,3.87178583267271,0.000346915421872125,0.00798439186339537,0.00798439186339537,"ENSG00000099250/ENSG00000149256/ENSG00000213949/ENSG00000165801/ENSG00000131711/ENSG00000074047/ENSG00000075213/ENSG00000153993/ENSG00000112902/ENSG00000184347/ENSG00000162614/ENSG00000149557/ENSG00000061337/ENSG00000154096/ENSG00000166963/ENSG00000196358/ENSG00000140557/ENSG00000218336/ENSG00000018236/ENSG00000044524/ENSG00000159899/ENSG00000107562/ENSG00000139174/ENSG00000007237/ENSG00000178695/ENSG00000196159/ENSG00000173482/ENSG00000107731/ENSG00000145147/ENSG00000139220",30
"GO:0060537","GO:0060537","muscle tissue development","20/394","169/7721",0.118343195266272,2.31910611840327,4.02055272437723,0.00036073682778792,0.00823911899802639,0.00823911899802639,"ENSG00000166923/ENSG00000157168/ENSG00000168542/ENSG00000136383/ENSG00000112837/ENSG00000138435/ENSG00000128573/ENSG00000134853/ENSG00000077943/ENSG00000178860/ENSG00000160808/ENSG00000169946/ENSG00000065534/ENSG00000134775/ENSG00000159899/ENSG00000198796/ENSG00000139174/ENSG00000142156/ENSG00000006283/ENSG00000117152",20
"GO:0060326","GO:0060326","cell chemotaxis","21/394","182/7721",0.115384615384615,2.26112846544319,3.99237949237756,0.000366383903804245,0.00825308794558212,0.00825308794558212,"ENSG00000099250/ENSG00000166923/ENSG00000198121/ENSG00000213949/ENSG00000113578/ENSG00000109743/ENSG00000112902/ENSG00000184304/ENSG00000134853/ENSG00000166086/ENSG00000106366/ENSG00000197635/ENSG00000129048/ENSG00000107562/ENSG00000106538/ENSG00000019991/ENSG00000196468/ENSG00000145147/ENSG00000197702/ENSG00000150630/ENSG00000123610",21
"GO:0042698","GO:0042698","ovulation cycle","8/394","36/7721",0.222222222222222,4.35476593344614,4.6782691502225,0.000366865206137173,0.00825308794558212,0.00825308794558212,"ENSG00000122641/ENSG00000184347/ENSG00000134853/ENSG00000123342/ENSG00000159899/ENSG00000145147/ENSG00000132386/ENSG00000123610",8
"GO:0071772","GO:0071772","response to BMP","13/394","86/7721",0.151162790697674,2.96225357100697,4.24319996047788,0.00037884282207947,0.00839627943453165,0.00839627943453165,"ENSG00000166923/ENSG00000136378/ENSG00000163430/ENSG00000142871/ENSG00000137573/ENSG00000170801/ENSG00000180875/ENSG00000166147/ENSG00000124813/ENSG00000151388/ENSG00000183682/ENSG00000106483/ENSG00000123610",13
"GO:0071773","GO:0071773","cellular response to BMP stimulus","13/394","86/7721",0.151162790697674,2.96225357100697,4.24319996047788,0.00037884282207947,0.00839627943453165,0.00839627943453165,"ENSG00000166923/ENSG00000136378/ENSG00000163430/ENSG00000142871/ENSG00000137573/ENSG00000170801/ENSG00000180875/ENSG00000166147/ENSG00000124813/ENSG00000151388/ENSG00000183682/ENSG00000106483/ENSG00000123610",13
"GO:0001764","GO:0001764","neuron migration","11/394","65/7721",0.169230769230769,3.31632174931667,4.34858803213892,0.000393087124096803,0.00860189079422482,0.00860189079422482,"ENSG00000099250/ENSG00000168542/ENSG00000131711/ENSG00000075213/ENSG00000152377/ENSG00000196358/ENSG00000173376/ENSG00000165323/ENSG00000070808/ENSG00000107562/ENSG00000152580",11
"GO:0031032","GO:0031032","actomyosin structure organization","15/394","109/7721",0.137614678899083,2.69675872025334,4.13692468445051,0.000393869999601872,0.00860189079422482,0.00860189079422482,"ENSG00000099250/ENSG00000198121/ENSG00000164741/ENSG00000073712/ENSG00000114993/ENSG00000101335/ENSG00000118523/ENSG00000169554/ENSG00000184304/ENSG00000134853/ENSG00000128591/ENSG00000163431/ENSG00000088756/ENSG00000134775/ENSG00000130176",15
"GO:0085029","GO:0085029","extracellular matrix assembly","7/394","28/7721",0.25,4.8991116751269,4.79281304712776,0.000397525606693635,0.00861881605237214,0.00861881605237214,"ENSG00000140092/ENSG00000168542/ENSG00000130508/ENSG00000166147/ENSG00000139174/ENSG00000138080/ENSG00000144810",7
"GO:0007417","GO:0007417","central nervous system development","40/394","453/7721",0.0883002207505519,1.73037056958125,3.7151689799326,0.000423544547859115,0.00911687256974441,0.00911687256974441,"ENSG00000099250/ENSG00000070031/ENSG00000166148/ENSG00000198121/ENSG00000145431/ENSG00000149256/ENSG00000189184/ENSG00000147526/ENSG00000157168/ENSG00000148516/ENSG00000168542/ENSG00000164741/ENSG00000122641/ENSG00000170370/ENSG00000074047/ENSG00000075213/ENSG00000126603/ENSG00000153993/ENSG00000152377/ENSG00000112902/ENSG00000149557/ENSG00000128573/ENSG00000169554/ENSG00000198963/ENSG00000018236/ENSG00000122707/ENSG00000173376/ENSG00000146122/ENSG00000020181/ENSG00000038427/ENSG00000107562/ENSG00000123384/ENSG00000196159/ENSG00000142798/ENSG00000145423/ENSG00000134138/ENSG00000105989/ENSG00000145147/ENSG00000143028/ENSG00000000971",40
"GO:0043410","GO:0043410","positive regulation of MAPK cascade","26/394","251/7721",0.103585657370518,2.0299108135984,3.84653637043385,0.000430253631516722,0.00919513475355736,0.00919513475355737,"ENSG00000099250/ENSG00000198121/ENSG00000145431/ENSG00000213949/ENSG00000113578/ENSG00000157168/ENSG00000166444/ENSG00000123572/ENSG00000122641/ENSG00000105928/ENSG00000139946/ENSG00000075213/ENSG00000073712/ENSG00000140285/ENSG00000107796/ENSG00000118523/ENSG00000134853/ENSG00000131016/ENSG00000162733/ENSG00000172985/ENSG00000086991/ENSG00000127472/ENSG00000164107/ENSG00000019991/ENSG00000196468/ENSG00000115594",26
"GO:0030029","GO:0030029","actin filament-based process","39/394","439/7721",0.0888382687927107,1.74091439936172,3.70653942011618,0.000443600084988681,0.00941313088146193,0.00941313088146193,"ENSG00000099250/ENSG00000198121/ENSG00000198467/ENSG00000204991/ENSG00000198523/ENSG00000164741/ENSG00000109743/ENSG00000073712/ENSG00000140285/ENSG00000114993/ENSG00000197256/ENSG00000107796/ENSG00000112902/ENSG00000101335/ENSG00000133816/ENSG00000118523/ENSG00000169554/ENSG00000184304/ENSG00000134853/ENSG00000151067/ENSG00000128591/ENSG00000122786/ENSG00000163431/ENSG00000153956/ENSG00000088756/ENSG00000146122/ENSG00000044524/ENSG00000134775/ENSG00000107562/ENSG00000123384/ENSG00000105137/ENSG00000132854/ENSG00000130176/ENSG00000006283/ENSG00000117152/ENSG00000166025/ENSG00000145147/ENSG00000136541/ENSG00000197702",39
"GO:0014032","GO:0014032","neural crest cell development","8/394","37/7721",0.216216216216216,4.23706955686651,4.57670458506905,0.000447558397194555,0.00943024453807119,0.00943024453807119,"ENSG00000099250/ENSG00000115414/ENSG00000157168/ENSG00000075213/ENSG00000153993/ENSG00000112902/ENSG00000164107/ENSG00000019549",8
"GO:0001704","GO:0001704","formation of primary germ layer","10/394","56/7721",0.178571428571429,3.4993654822335,4.35272637369197,0.000460916264709029,0.00964378646160431,0.00964378646160431,"ENSG00000060718/ENSG00000115414/ENSG00000122641/ENSG00000130635/ENSG00000077943/ENSG00000111799/ENSG00000204262/ENSG00000142156/ENSG00000157227/ENSG00000144810",10
"GO:0055002","GO:0055002","striated muscle cell development","12/394","77/7721",0.155844155844156,3.0539916935856,4.20027157874436,0.000475039133061835,0.00987025754250701,0.00987025754250701,"ENSG00000136383/ENSG00000112837/ENSG00000101335/ENSG00000184304/ENSG00000134853/ENSG00000128591/ENSG00000163431/ENSG00000134775/ENSG00000198796/ENSG00000139174/ENSG00000142156/ENSG00000117152",12
"GO:0032330","GO:0032330","regulation of chondrocyte differentiation","7/394","29/7721",0.241379310344828,4.7301767897777,4.66662004235391,0.00050133627220591,0.010344814665104,0.010344814665104,"ENSG00000166923/ENSG00000136378/ENSG00000104415/ENSG00000109705/ENSG00000151388/ENSG00000019549/ENSG00000134013",7
"GO:0048592","GO:0048592","eye morphogenesis","10/394","57/7721",0.175438596491228,3.43797310535221,4.28383027190032,0.000534083269191587,0.010945048913844,0.010945048913844,"ENSG00000117122/ENSG00000154096/ENSG00000130635/ENSG00000197614/ENSG00000198963/ENSG00000218336/ENSG00000166147/ENSG00000204262/ENSG00000173482/ENSG00000105989",10
"GO:0046660","GO:0046660","female sex differentiation","9/394","48/7721",0.1875,3.67433375634518,4.30970249358006,0.000608881769184979,0.0123777953889758,0.0123777953889758,"ENSG00000122641/ENSG00000184347/ENSG00000134853/ENSG00000123342/ENSG00000169946/ENSG00000159899/ENSG00000145147/ENSG00000157227/ENSG00000123610",9
"GO:0061564","GO:0061564","axon development","25/394","243/7721",0.102880658436214,2.0160953395584,3.73197332710632,0.000612270627529554,0.0123777953889758,0.0123777953889758,"ENSG00000099250/ENSG00000149256/ENSG00000165801/ENSG00000131711/ENSG00000074047/ENSG00000075213/ENSG00000153993/ENSG00000112902/ENSG00000184347/ENSG00000162614/ENSG00000149557/ENSG00000154096/ENSG00000166963/ENSG00000196358/ENSG00000218336/ENSG00000018236/ENSG00000044524/ENSG00000159899/ENSG00000107562/ENSG00000139174/ENSG00000134986/ENSG00000196159/ENSG00000173482/ENSG00000107731/ENSG00000145147",25
"GO:0048762","GO:0048762","mesenchymal cell differentiation","17/394","138/7721",0.123188405797101,2.4140550283234,3.88668183848209,0.000620301824414095,0.0124559936821944,0.0124559936821944,"ENSG00000099250/ENSG00000166923/ENSG00000115414/ENSG00000157168/ENSG00000153071/ENSG00000108821/ENSG00000075213/ENSG00000073712/ENSG00000153993/ENSG00000112902/ENSG00000140682/ENSG00000044524/ENSG00000164107/ENSG00000019991/ENSG00000145423/ENSG00000019549/ENSG00000134013",17
"GO:0022411","GO:0022411","cellular component disassembly","22/394","203/7721",0.108374384236453,2.12375284438999,3.7623684819356,0.000640882167852099,0.0126181523800884,0.0126181523800884,"ENSG00000131711/ENSG00000122861/ENSG00000112902/ENSG00000154736/ENSG00000149968/ENSG00000133816/ENSG00000166963/ENSG00000100234/ENSG00000167749/ENSG00000123342/ENSG00000137745/ENSG00000122707/ENSG00000197635/ENSG00000163431/ENSG00000099953/ENSG00000135862/ENSG00000162733/ENSG00000139174/ENSG00000123384/ENSG00000019549/ENSG00000157227/ENSG00000078098",22
"GO:0048864","GO:0048864","stem cell development","8/394","39/7721",0.205128205128205,4.01978393856566,4.38394087492815,0.00065212534351542,0.0126181523800884,0.0126181523800884,"ENSG00000099250/ENSG00000115414/ENSG00000157168/ENSG00000075213/ENSG00000153993/ENSG00000112902/ENSG00000164107/ENSG00000019549",8
"GO:0034329","GO:0034329","cell junction assembly","27/394","272/7721",0.0992647058823529,1.94523551806509,3.68018086129452,0.000656078237672629,0.0126181523800884,0.0126181523800884,"ENSG00000099250/ENSG00000166923/ENSG00000172260/ENSG00000115414/ENSG00000164741/ENSG00000131711/ENSG00000140937/ENSG00000073712/ENSG00000061337/ENSG00000154096/ENSG00000166086/ENSG00000196358/ENSG00000140557/ENSG00000185565/ENSG00000044524/ENSG00000177707/ENSG00000135862/ENSG00000139174/ENSG00000121904/ENSG00000172061/ENSG00000183715/ENSG00000019549/ENSG00000157227/ENSG00000110900/ENSG00000165474/ENSG00000101463/ENSG00000186340",27
"GO:0032956","GO:0032956","regulation of actin cytoskeleton organization","20/394","177/7721",0.112994350282486,2.21428776276922,3.78966723570697,0.000659591508969779,0.0126181523800884,0.0126181523800884,"ENSG00000099250/ENSG00000198121/ENSG00000164741/ENSG00000109743/ENSG00000073712/ENSG00000197256/ENSG00000112902/ENSG00000118523/ENSG00000184304/ENSG00000134853/ENSG00000163431/ENSG00000088756/ENSG00000146122/ENSG00000044524/ENSG00000134775/ENSG00000107562/ENSG00000123384/ENSG00000132854/ENSG00000117152/ENSG00000145147",20
"GO:0048566","GO:0048566","embryonic digestive tract development","5/394","15/7721",0.333333333333333,6.5321489001692,4.97300222242962,0.000661868924586482,0.0126181523800884,0.0126181523800884,"ENSG00000070031/ENSG00000074047/ENSG00000134853/ENSG00000106538/ENSG00000099139",5
"GO:0060392","GO:0060392","negative regulation of SMAD protein signal transduction","5/394","15/7721",0.333333333333333,6.5321489001692,4.97300222242962,0.000661868924586482,0.0126181523800884,0.0126181523800884,"ENSG00000124225/ENSG00000166923/ENSG00000123384/ENSG00000138615/ENSG00000138080",5
"GO:0010594","GO:0010594","regulation of endothelial cell migration","13/394","91/7721",0.142857142857143,2.7994923857868,4.0040740986247,0.000662115616201163,0.0126181523800884,0.0126181523800884,"ENSG00000099250/ENSG00000113140/ENSG00000166923/ENSG00000113578/ENSG00000117020/ENSG00000112902/ENSG00000184304/ENSG00000011465/ENSG00000196468/ENSG00000173482/ENSG00000145147/ENSG00000132386/ENSG00000150630",13
"GO:1905475","GO:1905475","regulation of protein localization to membrane","13/394","91/7721",0.142857142857143,2.7994923857868,4.0040740986247,0.000662115616201163,0.0126181523800884,0.0126181523800884,"ENSG00000153071/ENSG00000145506/ENSG00000153823/ENSG00000101680/ENSG00000166342/ENSG00000188803/ENSG00000044524/ENSG00000070808/ENSG00000135862/ENSG00000123384/ENSG00000172061/ENSG00000157227/ENSG00000123610",13
"GO:0030900","GO:0030900","forebrain development","18/394","152/7721",0.118421052631579,2.32063184611274,3.81309804622892,0.000697818952712804,0.0132143943450425,0.0132143943450425,"ENSG00000099250/ENSG00000070031/ENSG00000166148/ENSG00000198121/ENSG00000147526/ENSG00000168542/ENSG00000164741/ENSG00000122641/ENSG00000074047/ENSG00000075213/ENSG00000153993/ENSG00000112902/ENSG00000149557/ENSG00000128573/ENSG00000173376/ENSG00000107562/ENSG00000196159/ENSG00000145147",18
"GO:0001667","GO:0001667","ameboidal-type cell migration","15/394","115/7721",0.130434782608696,2.5560582652836,3.89843484046409,0.000702965946877995,0.0132281390758425,0.0132281390758425,"ENSG00000099250/ENSG00000115414/ENSG00000075213/ENSG00000140285/ENSG00000153993/ENSG00000197256/ENSG00000107796/ENSG00000112902/ENSG00000169554/ENSG00000131016/ENSG00000146122/ENSG00000162733/ENSG00000105137/ENSG00000166025/ENSG00000144724",15
"GO:0002040","GO:0002040","sprouting angiogenesis","12/394","81/7721",0.148148148148148,2.90317728896409,3.99271895903074,0.000760372377828517,0.0141504974724677,0.0141504974724677,"ENSG00000099250/ENSG00000166923/ENSG00000113578/ENSG00000117020/ENSG00000112902/ENSG00000122707/ENSG00000020181/ENSG00000157570/ENSG00000145147/ENSG00000197702/ENSG00000150630/ENSG00000134013",12
"GO:0070371","GO:0070371","ERK1 and ERK2 cascade","20/394","179/7721",0.111731843575419,2.18954711737515,3.7338646039655,0.000761440539126773,0.0141504974724677,0.0141504974724677,"ENSG00000099250/ENSG00000145431/ENSG00000115414/ENSG00000113578/ENSG00000157168/ENSG00000153071/ENSG00000166444/ENSG00000142871/ENSG00000122641/ENSG00000073712/ENSG00000107796/ENSG00000118523/ENSG00000134853/ENSG00000077942/ENSG00000131016/ENSG00000162733/ENSG00000086991/ENSG00000127472/ENSG00000164107/ENSG00000138080",20
"GO:0010977","GO:0010977","negative regulation of neuron projection development","10/394","60/7721",0.166666666666667,3.2660744500846,4.0860223091738,0.000813423329030507,0.015023225928761,0.015023225928761,"ENSG00000175745/ENSG00000198121/ENSG00000153071/ENSG00000109099/ENSG00000075213/ENSG00000152377/ENSG00000112902/ENSG00000154096/ENSG00000145147/ENSG00000144724",10
"GO:0070374","GO:0070374","positive regulation of ERK1 and ERK2 cascade","15/394","117/7721",0.128205128205128,2.51236496160354,3.82227693001377,0.000843770620022009,0.0154881085589316,0.0154881085589316,"ENSG00000099250/ENSG00000145431/ENSG00000113578/ENSG00000157168/ENSG00000166444/ENSG00000122641/ENSG00000073712/ENSG00000107796/ENSG00000118523/ENSG00000134853/ENSG00000131016/ENSG00000162733/ENSG00000086991/ENSG00000127472/ENSG00000164107",15
"GO:0035051","GO:0035051","cardiocyte differentiation","11/394","71/7721",0.154929577464789,3.0360692071209,3.9965445449378,0.000854161551706558,0.0155832400165001,0.0155832400165001,"ENSG00000166923/ENSG00000157168/ENSG00000136383/ENSG00000122641/ENSG00000112837/ENSG00000134853/ENSG00000134775/ENSG00000198796/ENSG00000139174/ENSG00000164107/ENSG00000117152",11
"GO:0051056","GO:0051056","regulation of small GTPase mediated signal transduction","17/394","142/7721",0.119718309859155,2.34605347822978,3.75399939736165,0.000861740683505882,0.0156262310609067,0.0156262310609067,"ENSG00000099250/ENSG00000198121/ENSG00000165801/ENSG00000113319/ENSG00000168542/ENSG00000164741/ENSG00000185989/ENSG00000101680/ENSG00000073712/ENSG00000137727/ENSG00000197256/ENSG00000031081/ENSG00000088756/ENSG00000173706/ENSG00000105137/ENSG00000145147/ENSG00000138639",17
"GO:0003013","GO:0003013","circulatory system process","31/394","335/7721",0.0925373134328358,1.81340253049473,3.52953047710449,0.000883323820564421,0.0159211136814985,0.0159211136814985,"ENSG00000166148/ENSG00000148680/ENSG00000213949/ENSG00000198523/ENSG00000069431/ENSG00000112837/ENSG00000145244/ENSG00000073712/ENSG00000164692/ENSG00000196549/ENSG00000169554/ENSG00000149131/ENSG00000151067/ENSG00000160808/ENSG00000144935/ENSG00000131016/ENSG00000166147/ENSG00000153956/ENSG00000017483/ENSG00000159899/ENSG00000086991/ENSG00000107562/ENSG00000106538/ENSG00000123384/ENSG00000099139/ENSG00000006283/ENSG00000117152/ENSG00000138080/ENSG00000145147/ENSG00000172572/ENSG00000150630",31
"GO:0090596","GO:0090596","sensory organ morphogenesis","13/394","94/7721",0.138297872340426,2.71014688411276,3.86824642075332,0.00090551445093475,0.0161777928855391,0.0161777928855391,"ENSG00000113140/ENSG00000112837/ENSG00000117122/ENSG00000154096/ENSG00000130635/ENSG00000197614/ENSG00000198963/ENSG00000218336/ENSG00000166147/ENSG00000177707/ENSG00000204262/ENSG00000173482/ENSG00000105989",13
"GO:0030036","GO:0030036","actin cytoskeleton organization","34/394","380/7721",0.0894736842105263,1.75336628372963,3.49232000243848,0.00091302084844987,0.0161777928855391,0.0161777928855391,"ENSG00000099250/ENSG00000198121/ENSG00000198467/ENSG00000204991/ENSG00000164741/ENSG00000109743/ENSG00000073712/ENSG00000140285/ENSG00000114993/ENSG00000197256/ENSG00000112902/ENSG00000101335/ENSG00000133816/ENSG00000118523/ENSG00000169554/ENSG00000184304/ENSG00000134853/ENSG00000128591/ENSG00000122786/ENSG00000163431/ENSG00000088756/ENSG00000146122/ENSG00000044524/ENSG00000134775/ENSG00000107562/ENSG00000123384/ENSG00000105137/ENSG00000132854/ENSG00000130176/ENSG00000117152/ENSG00000166025/ENSG00000145147/ENSG00000136541/ENSG00000197702",34
"GO:0030155","GO:0030155","regulation of cell adhesion","36/394","410/7721",0.0878048780487805,1.7206636127275,3.47720100296249,0.000913785761248699,0.0161777928855391,0.0161777928855391,"ENSG00000099250/ENSG00000166923/ENSG00000115414/ENSG00000143195/ENSG00000157168/ENSG00000153071/ENSG00000164741/ENSG00000109743/ENSG00000074047/ENSG00000101680/ENSG00000073712/ENSG00000122861/ENSG00000152377/ENSG00000112902/ENSG00000154096/ENSG00000166086/ENSG00000164176/ENSG00000218336/ENSG00000106366/ENSG00000077942/ENSG00000173376/ENSG00000197635/ENSG00000044524/ENSG00000135862/ENSG00000074590/ENSG00000107562/ENSG00000127472/ENSG00000106823/ENSG00000196569/ENSG00000117586/ENSG00000145423/ENSG00000091986/ENSG00000019549/ENSG00000157227/ENSG00000112769/ENSG00000163520",36
"GO:0048745","GO:0048745","smooth muscle tissue development","5/394","16/7721",0.3125,6.12388959390863,4.75737184932493,0.000922756188828344,0.0162047742791951,0.0162047742791951,"ENSG00000168542/ENSG00000128573/ENSG00000077943/ENSG00000065534/ENSG00000159899",5
"GO:0035023","GO:0035023","regulation of Rho protein signal transduction","8/394","41/7721",0.195121951219512,3.82369691717222,4.20361626070905,0.000926141845502128,0.0162047742791951,0.0162047742791951,"ENSG00000099250/ENSG00000198121/ENSG00000168542/ENSG00000164741/ENSG00000073712/ENSG00000137727/ENSG00000197256/ENSG00000173706",8
"GO:0006508","GO:0006508","proteolysis","33/394","367/7721",0.0899182561307902,1.76207831366962,3.46868200945739,0.00099650257335384,0.0173345098806668,0.0173345098806668,"ENSG00000142552/ENSG00000136378/ENSG00000145506/ENSG00000106624/ENSG00000049192/ENSG00000148848/ENSG00000145244/ENSG00000180447/ENSG00000122861/ENSG00000087116/ENSG00000154736/ENSG00000149968/ENSG00000196549/ENSG00000095587/ENSG00000168487/ENSG00000100234/ENSG00000167749/ENSG00000123342/ENSG00000137745/ENSG00000170801/ENSG00000106366/ENSG00000197635/ENSG00000182326/ENSG00000099953/ENSG00000151388/ENSG00000159403/ENSG00000099139/ENSG00000088882/ENSG00000038295/ENSG00000138316/ENSG00000157227/ENSG00000078098/ENSG00000000971",33
"GO:1902903","GO:1902903","regulation of supramolecular fiber organization","20/394","183/7721",0.109289617486339,2.1416881639899,3.62442103557404,0.00100641229375485,0.017365814186137,0.017365814186137,"ENSG00000099250/ENSG00000198121/ENSG00000164741/ENSG00000131711/ENSG00000073712/ENSG00000197256/ENSG00000112902/ENSG00000118523/ENSG00000184304/ENSG00000166963/ENSG00000163431/ENSG00000088756/ENSG00000146122/ENSG00000134775/ENSG00000107562/ENSG00000132854/ENSG00000142798/ENSG00000117152/ENSG00000145147/ENSG00000249115",20
"GO:0001822","GO:0001822","kidney development","17/394","144/7721",0.118055555555556,2.31346940214326,3.68931916488912,0.00100991031697455,0.017365814186137,0.017365814186137,"ENSG00000099250/ENSG00000166923/ENSG00000113578/ENSG00000162849/ENSG00000074047/ENSG00000137573/ENSG00000197256/ENSG00000107796/ENSG00000196549/ENSG00000134853/ENSG00000077943/ENSG00000196562/ENSG00000166147/ENSG00000153976/ENSG00000099139/ENSG00000145147/ENSG00000132386",17
"GO:0040007","GO:0040007","growth","31/394","339/7721",0.0914454277286136,1.7920054504889,3.45807703974374,0.00107428486347621,0.018367201780119,0.018367201780119,"ENSG00000140092/ENSG00000099250/ENSG00000166148/ENSG00000113578/ENSG00000157168/ENSG00000162849/ENSG00000153071/ENSG00000168542/ENSG00000131711/ENSG00000122641/ENSG00000074047/ENSG00000075213/ENSG00000140285/ENSG00000138435/ENSG00000180447/ENSG00000152377/ENSG00000112902/ENSG00000184347/ENSG00000140557/ENSG00000150457/ENSG00000171840/ENSG00000169946/ENSG00000162733/ENSG00000159899/ENSG00000107562/ENSG00000139174/ENSG00000117152/ENSG00000145423/ENSG00000145147/ENSG00000157227/ENSG00000123610",31
"GO:0030512","GO:0030512","negative regulation of transforming growth factor beta receptor signaling pathway","8/394","42/7721",0.19047619047619,3.7326565143824,4.11766510985502,0.00109408313776754,0.0185994133420482,0.0185994133420482,"ENSG00000124225/ENSG00000137507/ENSG00000197859/ENSG00000170801/ENSG00000106819/ENSG00000166147/ENSG00000138615/ENSG00000138080",8
"GO:0051893","GO:0051893","regulation of focal adhesion assembly","7/394","33/7721",0.212121212121212,4.1568220273804,4.21399529348096,0.00115008558184492,0.0193317756229214,0.0193317756229214,"ENSG00000099250/ENSG00000166923/ENSG00000164741/ENSG00000073712/ENSG00000154096/ENSG00000044524/ENSG00000157227",7
"GO:0090109","GO:0090109","regulation of cell-substrate junction assembly","7/394","33/7721",0.212121212121212,4.1568220273804,4.21399529348096,0.00115008558184492,0.0193317756229214,0.0193317756229214,"ENSG00000099250/ENSG00000166923/ENSG00000164741/ENSG00000073712/ENSG00000154096/ENSG00000044524/ENSG00000157227",7
"GO:0000165","GO:0000165","MAPK cascade","34/394","387/7721",0.0878552971576227,1.72165164810661,3.37758512102184,0.00125332233722784,0.0209493878937749,0.0209493878937749,"ENSG00000099250/ENSG00000198121/ENSG00000145431/ENSG00000213626/ENSG00000213949/ENSG00000115414/ENSG00000113578/ENSG00000157168/ENSG00000153071/ENSG00000166444/ENSG00000142871/ENSG00000123572/ENSG00000122641/ENSG00000105928/ENSG00000139946/ENSG00000075213/ENSG00000073712/ENSG00000140285/ENSG00000107796/ENSG00000118523/ENSG00000134853/ENSG00000150907/ENSG00000077942/ENSG00000131016/ENSG00000162733/ENSG00000172985/ENSG00000159899/ENSG00000086991/ENSG00000127472/ENSG00000164107/ENSG00000019991/ENSG00000196468/ENSG00000138080/ENSG00000115594",34
"GO:0071774","GO:0071774","response to fibroblast growth factor","9/394","53/7721",0.169811320754717,3.32769849631261,3.94291372205063,0.00128393955006524,0.0213419285210844,0.0213419285210844,"ENSG00000113578/ENSG00000108821/ENSG00000137573/ENSG00000140285/ENSG00000196562/ENSG00000173376/ENSG00000159899/ENSG00000196468/ENSG00000185070",9
"GO:0055001","GO:0055001","muscle cell development","12/394","86/7721",0.13953488372093,2.73438791169874,3.75046060667725,0.00130616265006034,0.0215913737512737,0.0215913737512737,"ENSG00000136383/ENSG00000112837/ENSG00000101335/ENSG00000184304/ENSG00000134853/ENSG00000128591/ENSG00000163431/ENSG00000134775/ENSG00000198796/ENSG00000139174/ENSG00000142156/ENSG00000117152",12
"GO:0048146","GO:0048146","positive regulation of fibroblast proliferation","6/394","25/7721",0.24,4.70314720812183,4.30033329528509,0.00131436339981517,0.0216075565508076,0.0216075565508076,"ENSG00000145431/ENSG00000115414/ENSG00000134853/ENSG00000077942/ENSG00000162733/ENSG00000105989",6
"GO:0044087","GO:0044087","regulation of cellular component biogenesis","39/394","466/7721",0.0836909871244635,1.64004596849742,3.30505797268016,0.0014003958241001,0.0228960891022268,0.0228960891022268,"ENSG00000099250/ENSG00000166923/ENSG00000198121/ENSG00000172260/ENSG00000157168/ENSG00000164741/ENSG00000131711/ENSG00000073712/ENSG00000197256/ENSG00000149968/ENSG00000149557/ENSG00000061337/ENSG00000118523/ENSG00000184304/ENSG00000154096/ENSG00000166086/ENSG00000196358/ENSG00000140557/ENSG00000150457/ENSG00000163431/ENSG00000088756/ENSG00000185565/ENSG00000146122/ENSG00000044524/ENSG00000177707/ENSG00000134775/ENSG00000139174/ENSG00000117598/ENSG00000172061/ENSG00000132854/ENSG00000183715/ENSG00000138080/ENSG00000145147/ENSG00000138639/ENSG00000019549/ENSG00000157227/ENSG00000249115/ENSG00000101463/ENSG00000186340",39
"GO:0014033","GO:0014033","neural crest cell differentiation","8/394","44/7721",0.181818181818182,3.5629903091832,3.95340400000577,0.0015026048896366,0.0243015882691497,0.0243015882691497,"ENSG00000099250/ENSG00000115414/ENSG00000157168/ENSG00000075213/ENSG00000153993/ENSG00000112902/ENSG00000164107/ENSG00000019549",8
"GO:0055006","GO:0055006","cardiac cell development","8/394","44/7721",0.181818181818182,3.5629903091832,3.95340400000577,0.0015026048896366,0.0243015882691497,0.0243015882691497,"ENSG00000136383/ENSG00000122641/ENSG00000112837/ENSG00000134853/ENSG00000134775/ENSG00000198796/ENSG00000139174/ENSG00000117152",8
"GO:0002688","GO:0002688","regulation of leukocyte chemotaxis","10/394","65/7721",0.153846153846154,3.01483795392425,3.78259204090235,0.00153882942561516,0.0246212708098426,0.0246212708098426,"ENSG00000166923/ENSG00000109743/ENSG00000166086/ENSG00000106366/ENSG00000197635/ENSG00000107562/ENSG00000106538/ENSG00000145147/ENSG00000150630/ENSG00000123610",10
"GO:0007266","GO:0007266","Rho protein signal transduction","10/394","65/7721",0.153846153846154,3.01483795392425,3.78259204090235,0.00153882942561516,0.0246212708098426,0.0246212708098426,"ENSG00000099250/ENSG00000198121/ENSG00000168542/ENSG00000164741/ENSG00000073712/ENSG00000114993/ENSG00000137727/ENSG00000197256/ENSG00000164692/ENSG00000173706",10
"GO:0007015","GO:0007015","actin filament organization","24/394","245/7721",0.0979591836734694,1.91965192168238,3.39207576322168,0.00155292272624852,0.0247145999836999,0.0247145999836999,"ENSG00000099250/ENSG00000198121/ENSG00000198467/ENSG00000204991/ENSG00000164741/ENSG00000073712/ENSG00000197256/ENSG00000112902/ENSG00000101335/ENSG00000133816/ENSG00000118523/ENSG00000169554/ENSG00000122786/ENSG00000163431/ENSG00000088756/ENSG00000146122/ENSG00000134775/ENSG00000107562/ENSG00000132854/ENSG00000130176/ENSG00000117152/ENSG00000145147/ENSG00000136541/ENSG00000197702",24
"GO:0038084","GO:0038084","vascular endothelial growth factor signaling pathway","6/394","26/7721",0.230769230769231,4.52225693088637,4.17154621749752,0.0016362820184482,0.0258308435683451,0.0258308435683451,"ENSG00000099250/ENSG00000166923/ENSG00000134853/ENSG00000011465/ENSG00000138080/ENSG00000150630",6
"GO:0002693","GO:0002693","positive regulation of cellular extravasation","4/394","11/7721",0.363636363636364,7.1259806183664,4.71453036548077,0.00165458437669005,0.0258308435683451,0.0258308435683451,"ENSG00000154096/ENSG00000166086/ENSG00000124343/ENSG00000002586",4
"GO:0030038","GO:0030038","contractile actin filament bundle assembly","9/394","55/7721",0.163636363636364,3.20669127826488,3.80830901767134,0.0016834941496749,0.0258308435683451,0.0258308435683451,"ENSG00000099250/ENSG00000198121/ENSG00000164741/ENSG00000073712/ENSG00000101335/ENSG00000118523/ENSG00000169554/ENSG00000088756/ENSG00000134775",9
"GO:0030510","GO:0030510","regulation of BMP signaling pathway","9/394","55/7721",0.163636363636364,3.20669127826488,3.80830901767134,0.0016834941496749,0.0258308435683451,0.0258308435683451,"ENSG00000166923/ENSG00000163430/ENSG00000142871/ENSG00000137573/ENSG00000170801/ENSG00000180875/ENSG00000166147/ENSG00000106483/ENSG00000123610",9
"GO:0033627","GO:0033627","cell adhesion mediated by integrin","9/394","55/7721",0.163636363636364,3.20669127826488,3.80830901767134,0.0016834941496749,0.0258308435683451,0.0258308435683451,"ENSG00000122861/ENSG00000166086/ENSG00000137809/ENSG00000106366/ENSG00000197635/ENSG00000166147/ENSG00000145423/ENSG00000138080/ENSG00000019549",9
"GO:0043149","GO:0043149","stress fiber assembly","9/394","55/7721",0.163636363636364,3.20669127826488,3.80830901767134,0.0016834941496749,0.0258308435683451,0.0258308435683451,"ENSG00000099250/ENSG00000198121/ENSG00000164741/ENSG00000073712/ENSG00000101335/ENSG00000118523/ENSG00000169554/ENSG00000088756/ENSG00000134775",9
"GO:0055007","GO:0055007","cardiac muscle cell differentiation","9/394","55/7721",0.163636363636364,3.20669127826488,3.80830901767134,0.0016834941496749,0.0258308435683451,0.0258308435683451,"ENSG00000166923/ENSG00000157168/ENSG00000136383/ENSG00000112837/ENSG00000134853/ENSG00000134775/ENSG00000198796/ENSG00000139174/ENSG00000117152",9
"GO:0001763","GO:0001763","morphogenesis of a branching structure","10/394","66/7721",0.151515151515152,2.969158590986,3.72540703269111,0.00173316435472402,0.0263229834991588,0.0263229834991588,"ENSG00000099250/ENSG00000166923/ENSG00000113578/ENSG00000074047/ENSG00000137573/ENSG00000153976/ENSG00000019991/ENSG00000145423/ENSG00000145147/ENSG00000136541",10
"GO:0001952","GO:0001952","regulation of cell-matrix adhesion","10/394","66/7721",0.151515151515152,2.969158590986,3.72540703269111,0.00173316435472402,0.0263229834991588,0.0263229834991588,"ENSG00000099250/ENSG00000166923/ENSG00000164741/ENSG00000109743/ENSG00000073712/ENSG00000122861/ENSG00000154096/ENSG00000106366/ENSG00000044524/ENSG00000157227",10
"GO:0051493","GO:0051493","regulation of cytoskeleton organization","25/394","262/7721",0.0954198473282443,1.86988995233851,3.32176054189899,0.00180273444043629,0.0272065201392966,0.0272065201392966,"ENSG00000099250/ENSG00000198121/ENSG00000164741/ENSG00000131711/ENSG00000109743/ENSG00000073712/ENSG00000197256/ENSG00000112902/ENSG00000162614/ENSG00000118523/ENSG00000184304/ENSG00000134853/ENSG00000166963/ENSG00000163431/ENSG00000088756/ENSG00000146122/ENSG00000044524/ENSG00000134775/ENSG00000107562/ENSG00000123384/ENSG00000105137/ENSG00000132854/ENSG00000117152/ENSG00000145147/ENSG00000249115",25
"GO:0043010","GO:0043010","camera-type eye development","15/394","126/7721",0.119047619047619,2.332910321489,3.49796918861161,0.00180952456808825,0.0272065201392966,0.0272065201392966,"ENSG00000099250/ENSG00000122641/ENSG00000169554/ENSG00000154096/ENSG00000134853/ENSG00000151067/ENSG00000198963/ENSG00000218336/ENSG00000178573/ENSG00000166147/ENSG00000139174/ENSG00000173482/ENSG00000105989/ENSG00000132386/ENSG00000123096",15
"GO:0030509","GO:0030509","BMP signaling pathway","11/394","78/7721",0.141025641025641,2.76360145776389,3.63002391310486,0.00188428563864187,0.0281889131540824,0.0281889131540824,"ENSG00000166923/ENSG00000163430/ENSG00000142871/ENSG00000137573/ENSG00000170801/ENSG00000180875/ENSG00000166147/ENSG00000124813/ENSG00000183682/ENSG00000106483/ENSG00000123610",11
"GO:0034446","GO:0034446","substrate adhesion-dependent cell spreading","9/394","56/7721",0.160714285714286,3.14942893401015,3.74330048004102,0.00191760480849815,0.0285446447115744,0.0285446447115744,"ENSG00000099250/ENSG00000115414/ENSG00000153071/ENSG00000073712/ENSG00000077943/ENSG00000140682/ENSG00000077942/ENSG00000135862/ENSG00000197702",9
"GO:0051017","GO:0051017","actin filament bundle assembly","12/394","90/7721",0.133333333333333,2.61285956006768,3.56878796811544,0.0019471567010713,0.0288410537109175,0.0288410537109175,"ENSG00000099250/ENSG00000198121/ENSG00000204991/ENSG00000164741/ENSG00000073712/ENSG00000101335/ENSG00000118523/ENSG00000169554/ENSG00000122786/ENSG00000088756/ENSG00000134775/ENSG00000197702",12
"GO:0045669","GO:0045669","positive regulation of osteoblast differentiation","7/394","36/7721",0.194444444444444,3.81042019176537,3.91917121585658,0.00196926100271592,0.0288824947065001,0.0288824947065001,"ENSG00000142871/ENSG00000073712/ENSG00000184304/ENSG00000124813/ENSG00000104415/ENSG00000162733/ENSG00000019991",7
"GO:0048144","GO:0048144","fibroblast proliferation","7/394","36/7721",0.194444444444444,3.81042019176537,3.91917121585658,0.00196926100271592,0.0288824947065001,0.0288824947065001,"ENSG00000145431/ENSG00000115414/ENSG00000168542/ENSG00000134853/ENSG00000077942/ENSG00000162733/ENSG00000105989",7
"GO:0002691","GO:0002691","regulation of cellular extravasation","6/394","27/7721",0.222222222222222,4.35476593344614,4.04912963032519,0.00201475129661361,0.0294055408754533,0.0294055408754533,"ENSG00000109743/ENSG00000154096/ENSG00000166086/ENSG00000124343/ENSG00000002586/ENSG00000107562",6
"GO:0034330","GO:0034330","cell junction organization","38/394","460/7721",0.0826086956521739,1.61883690134628,3.1735881484388,0.0020347735391935,0.0295536040255677,0.0295536040255677,"ENSG00000099250/ENSG00000113140/ENSG00000166923/ENSG00000149256/ENSG00000172260/ENSG00000115414/ENSG00000082196/ENSG00000164741/ENSG00000131711/ENSG00000140937/ENSG00000183853/ENSG00000101680/ENSG00000073712/ENSG00000140285/ENSG00000138435/ENSG00000061337/ENSG00000188803/ENSG00000154096/ENSG00000166086/ENSG00000196358/ENSG00000182771/ENSG00000140557/ENSG00000218336/ENSG00000185565/ENSG00000044524/ENSG00000177707/ENSG00000135862/ENSG00000139174/ENSG00000121904/ENSG00000172061/ENSG00000183715/ENSG00000019549/ENSG00000157227/ENSG00000110900/ENSG00000165474/ENSG00000139220/ENSG00000101463/ENSG00000186340",38
"GO:0002685","GO:0002685","regulation of leukocyte migration","15/394","128/7721",0.1171875,2.29645859771574,3.42965632042703,0.00211815317652516,0.0306160111312236,0.0306160111312236,"ENSG00000166923/ENSG00000109743/ENSG00000154096/ENSG00000166086/ENSG00000106366/ENSG00000197635/ENSG00000124343/ENSG00000002586/ENSG00000107562/ENSG00000106538/ENSG00000138080/ENSG00000145147/ENSG00000157227/ENSG00000150630/ENSG00000123610",15
"GO:0051963","GO:0051963","regulation of synapse assembly","12/394","91/7721",0.131868131868132,2.58414681764936,3.52490585182172,0.0021423528152288,0.0307767867296911,0.0307767867296911,"ENSG00000172260/ENSG00000131711/ENSG00000061337/ENSG00000196358/ENSG00000140557/ENSG00000185565/ENSG00000177707/ENSG00000139174/ENSG00000172061/ENSG00000183715/ENSG00000101463/ENSG00000186340",12
"GO:0051129","GO:0051129","negative regulation of cellular component organization","30/394","339/7721",0.0884955752212389,1.73419882305377,3.20568007586548,0.00214984907302989,0.0307767867296911,0.0307767867296911,"ENSG00000175745/ENSG00000198121/ENSG00000172260/ENSG00000153071/ENSG00000109099/ENSG00000164741/ENSG00000131711/ENSG00000075213/ENSG00000197256/ENSG00000152377/ENSG00000112902/ENSG00000149557/ENSG00000184304/ENSG00000154096/ENSG00000166086/ENSG00000100234/ENSG00000122707/ENSG00000197635/ENSG00000163431/ENSG00000088756/ENSG00000044524/ENSG00000019991/ENSG00000132854/ENSG00000142798/ENSG00000138080/ENSG00000145147/ENSG00000138639/ENSG00000157227/ENSG00000078098/ENSG00000144724",30
"GO:0002689","GO:0002689","negative regulation of leukocyte chemotaxis","4/394","12/7721",0.333333333333333,6.5321489001692,4.44712284477728,0.00238272703068571,0.0339481870276745,0.0339481870276745,"ENSG00000166923/ENSG00000197635/ENSG00000145147/ENSG00000123610",4
"GO:0010927","GO:0010927","cellular component assembly involved in morphogenesis","10/394","69/7721",0.144927536231884,2.840064739204,3.56011341124888,0.00243812726023681,0.0342051959382881,0.0342051959382881,"ENSG00000149256/ENSG00000109099/ENSG00000198523/ENSG00000101335/ENSG00000184304/ENSG00000134853/ENSG00000128591/ENSG00000018236/ENSG00000163431/ENSG00000134775",10
"GO:0032989","GO:0032989","cellular anatomical entity morphogenesis","10/394","69/7721",0.144927536231884,2.840064739204,3.56011341124888,0.00243812726023681,0.0342051959382881,0.0342051959382881,"ENSG00000149256/ENSG00000109099/ENSG00000198523/ENSG00000101335/ENSG00000184304/ENSG00000134853/ENSG00000128591/ENSG00000018236/ENSG00000163431/ENSG00000134775",10
"GO:0009953","GO:0009953","dorsal/ventral pattern formation","6/394","28/7721",0.214285714285714,4.1992385786802,3.93252455388416,0.00245581284840997,0.0342051959382881,0.0342051959382881,"ENSG00000166923/ENSG00000074047/ENSG00000095587/ENSG00000168487/ENSG00000180875/ENSG00000038295",6
"GO:0003206","GO:0003206","cardiac chamber morphogenesis","9/394","58/7721",0.155172413793103,3.04082793628566,3.61755081170455,0.0024636190631275,0.0342051959382881,0.0342051959382881,"ENSG00000099250/ENSG00000157168/ENSG00000184347/ENSG00000160808/ENSG00000169946/ENSG00000164107/ENSG00000145423/ENSG00000145147/ENSG00000197702",9
"GO:0061138","GO:0061138","morphogenesis of a branching epithelium","9/394","58/7721",0.155172413793103,3.04082793628566,3.61755081170455,0.0024636190631275,0.0342051959382881,0.0342051959382881,"ENSG00000099250/ENSG00000166923/ENSG00000113578/ENSG00000074047/ENSG00000137573/ENSG00000153976/ENSG00000019991/ENSG00000145423/ENSG00000145147",9
"GO:0110053","GO:0110053","regulation of actin filament organization","15/394","130/7721",0.115384615384615,2.26112846544319,3.36259973326512,0.00246935906506358,0.0342051959382881,0.0342051959382881,"ENSG00000099250/ENSG00000198121/ENSG00000164741/ENSG00000073712/ENSG00000197256/ENSG00000112902/ENSG00000118523/ENSG00000163431/ENSG00000088756/ENSG00000146122/ENSG00000134775/ENSG00000107562/ENSG00000132854/ENSG00000117152/ENSG00000145147",15
"GO:0050921","GO:0050921","positive regulation of chemotaxis","11/394","81/7721",0.135802469135802,2.66124584821708,3.48516548208589,0.00256130598743093,0.0352596853758826,0.0352596853758826,"ENSG00000099250/ENSG00000198121/ENSG00000112902/ENSG00000184304/ENSG00000134853/ENSG00000106366/ENSG00000107562/ENSG00000106538/ENSG00000196468/ENSG00000145147/ENSG00000150630",11
"GO:0060560","GO:0060560","developmental growth involved in morphogenesis","12/394","93/7721",0.129032258064516,2.52857376780743,3.43887349388842,0.00258083927049408,0.0352596853758826,0.0352596853758826,"ENSG00000099250/ENSG00000113578/ENSG00000162849/ENSG00000131711/ENSG00000075213/ENSG00000112902/ENSG00000184347/ENSG00000140557/ENSG00000159899/ENSG00000107562/ENSG00000139174/ENSG00000145147",12
"GO:0061572","GO:0061572","actin filament bundle organization","12/394","93/7721",0.129032258064516,2.52857376780743,3.43887349388842,0.00258083927049408,0.0352596853758826,0.0352596853758826,"ENSG00000099250/ENSG00000198121/ENSG00000204991/ENSG00000164741/ENSG00000073712/ENSG00000101335/ENSG00000118523/ENSG00000169554/ENSG00000122786/ENSG00000088756/ENSG00000134775/ENSG00000197702",12
"GO:0060395","GO:0060395","SMAD protein signal transduction","8/394","48/7721",0.166666666666667,3.2660744500846,3.65179053848324,0.00267726618042809,0.0364108200538221,0.0364108200538221,"ENSG00000124225/ENSG00000166923/ENSG00000153071/ENSG00000122641/ENSG00000124813/ENSG00000123384/ENSG00000138615/ENSG00000138080",8
"GO:0150116","GO:0150116","regulation of cell-substrate junction organization","7/394","38/7721",0.184210526315789,3.60987176061982,3.73972110493586,0.00272676721384224,0.0369162330489412,0.0369162330489412,"ENSG00000099250/ENSG00000166923/ENSG00000164741/ENSG00000073712/ENSG00000154096/ENSG00000044524/ENSG00000157227",7
"GO:0048738","GO:0048738","cardiac muscle tissue development","13/394","106/7721",0.122641509433962,2.40333780289244,3.37344682179495,0.00275041861504701,0.0370687049379309,0.0370687049379309,"ENSG00000166923/ENSG00000157168/ENSG00000136383/ENSG00000112837/ENSG00000134853/ENSG00000178860/ENSG00000160808/ENSG00000169946/ENSG00000134775/ENSG00000198796/ENSG00000139174/ENSG00000006283/ENSG00000117152",13
"GO:0090022","GO:0090022","regulation of neutrophil chemotaxis","5/394","20/7721",0.25,4.8991116751269,4.04856182318863,0.00276593204147268,0.0371106218299832,0.0371106218299832,"ENSG00000109743/ENSG00000166086/ENSG00000197635/ENSG00000145147/ENSG00000123610",5
"GO:0060322","GO:0060322","head development","28/394","315/7721",0.0888888888888889,1.74190637337845,3.11749804836899,0.00281040461861338,0.037538975977193,0.037538975977193,"ENSG00000099250/ENSG00000070031/ENSG00000166148/ENSG00000198121/ENSG00000189184/ENSG00000147526/ENSG00000157168/ENSG00000168542/ENSG00000164741/ENSG00000122641/ENSG00000170370/ENSG00000074047/ENSG00000075213/ENSG00000153993/ENSG00000112902/ENSG00000149557/ENSG00000128573/ENSG00000018236/ENSG00000173376/ENSG00000107562/ENSG00000139174/ENSG00000196159/ENSG00000142798/ENSG00000145423/ENSG00000134138/ENSG00000105989/ENSG00000145147/ENSG00000143028",28
"GO:0090263","GO:0090263","positive regulation of canonical Wnt signaling pathway","8/394","49/7721",0.163265306122449,3.19941986947063,3.58133999173485,0.0030605504163705,0.0404750668843531,0.0404750668843531,"ENSG00000108821/ENSG00000112902/ENSG00000169554/ENSG00000122707/ENSG00000146122/ENSG00000020181/ENSG00000145423/ENSG00000106483",8
"GO:0007420","GO:0007420","brain development","27/394","302/7721",0.0894039735099338,1.75200020170101,3.09130892907489,0.00306722921340027,0.0404750668843531,0.0404750668843531,"ENSG00000099250/ENSG00000070031/ENSG00000166148/ENSG00000198121/ENSG00000189184/ENSG00000147526/ENSG00000157168/ENSG00000168542/ENSG00000164741/ENSG00000122641/ENSG00000170370/ENSG00000074047/ENSG00000075213/ENSG00000153993/ENSG00000112902/ENSG00000149557/ENSG00000128573/ENSG00000018236/ENSG00000173376/ENSG00000107562/ENSG00000196159/ENSG00000142798/ENSG00000145423/ENSG00000134138/ENSG00000105989/ENSG00000145147/ENSG00000143028",27
"GO:0016485","GO:0016485","protein processing","14/394","120/7721",0.116666666666667,2.28625211505922,3.29287332506621,0.00307080220011636,0.0404750668843531,0.0404750668843531,"ENSG00000145506/ENSG00000145244/ENSG00000180447/ENSG00000122861/ENSG00000196549/ENSG00000095587/ENSG00000168487/ENSG00000106366/ENSG00000197635/ENSG00000182326/ENSG00000159403/ENSG00000099139/ENSG00000038295/ENSG00000157227",14
"GO:0010595","GO:0010595","positive regulation of endothelial cell migration","9/394","60/7721",0.15,2.93946700507614,3.49710727745584,0.00312630926087107,0.0410259531075712,0.0410259531075712,"ENSG00000099250/ENSG00000113140/ENSG00000166923/ENSG00000113578/ENSG00000117020/ENSG00000112902/ENSG00000184304/ENSG00000196468/ENSG00000150630",9
"GO:0055013","GO:0055013","cardiac muscle cell development","7/394","39/7721",0.17948717948718,3.51731094624496,3.65448077632636,0.00318059512297624,0.0415560725237769,0.0415560725237769,"ENSG00000136383/ENSG00000112837/ENSG00000134853/ENSG00000134775/ENSG00000198796/ENSG00000139174/ENSG00000117152",7
"GO:0043116","GO:0043116","negative regulation of vascular permeability","4/394","13/7721",0.307692307692308,6.0296759078485,4.20856937167232,0.00330446804069034,0.042986819033676,0.042986819033676,"ENSG00000073712/ENSG00000131016/ENSG00000145147/ENSG00000172572",4
"GO:0048863","GO:0048863","stem cell differentiation","12/394","96/7721",0.125,2.44955583756345,3.31393745101307,0.0033731161540235,0.0436898854235425,0.0436898854235425,"ENSG00000099250/ENSG00000166923/ENSG00000213626/ENSG00000115414/ENSG00000157168/ENSG00000075213/ENSG00000153993/ENSG00000112902/ENSG00000134853/ENSG00000139174/ENSG00000164107/ENSG00000019549",12
"GO:0035767","GO:0035767","endothelial cell chemotaxis","5/394","21/7721",0.238095238095238,4.665820642978,3.90057975725203,0.00348057529032804,0.0445631194082712,0.0445631194082712,"ENSG00000099250/ENSG00000113578/ENSG00000112902/ENSG00000184304/ENSG00000196468",5
"GO:0045668","GO:0045668","negative regulation of osteoblast differentiation","5/394","21/7721",0.238095238095238,4.665820642978,3.90057975725203,0.00348057529032804,0.0445631194082712,0.0445631194082712,"ENSG00000166923/ENSG00000233608/ENSG00000198963/ENSG00000150630/ENSG00000123610",5
"GO:0044344","GO:0044344","cellular response to fibroblast growth factor stimulus","8/394","50/7721",0.16,3.13543147208122,3.51267779343418,0.00348521722644901,0.0445631194082712,0.0445631194082712,"ENSG00000113578/ENSG00000108821/ENSG00000137573/ENSG00000140285/ENSG00000196562/ENSG00000173376/ENSG00000196468/ENSG00000185070",8
"GO:0003180","GO:0003180","aortic valve morphogenesis","6/394","30/7721",0.2,3.91928934010152,3.71483927471869,0.00355068473993635,0.0448255221176774,0.0448255221176774,"ENSG00000140937/ENSG00000184347/ENSG00000154736/ENSG00000138080/ENSG00000145147/ENSG00000019549",6
"GO:0008543","GO:0008543","fibroblast growth factor receptor signaling pathway","6/394","30/7721",0.2,3.91928934010152,3.71483927471869,0.00355068473993635,0.0448255221176774,0.0448255221176774,"ENSG00000113578/ENSG00000137573/ENSG00000140285/ENSG00000196562/ENSG00000196468/ENSG00000185070",6
"GO:0071622","GO:0071622","regulation of granulocyte chemotaxis","6/394","30/7721",0.2,3.91928934010152,3.71483927471869,0.00355068473993635,0.0448255221176774,0.0448255221176774,"ENSG00000109743/ENSG00000166086/ENSG00000197635/ENSG00000106538/ENSG00000145147/ENSG00000123610",6
"GO:0060390","GO:0060390","regulation of SMAD protein signal transduction","7/394","40/7721",0.175,3.42937817258883,3.57198727896356,0.00368991762141085,0.0463875358120221,0.0463875358120221,"ENSG00000124225/ENSG00000166923/ENSG00000153071/ENSG00000122641/ENSG00000123384/ENSG00000138615/ENSG00000138080",7
"GO:0048705","GO:0048705","skeletal system morphogenesis","10/394","73/7721",0.136986301369863,2.68444475349419,3.35303376874832,0.00371746180019174,0.046538266553028,0.046538266553028,"ENSG00000166923/ENSG00000060718/ENSG00000168542/ENSG00000080573/ENSG00000168487/ENSG00000134853/ENSG00000130635/ENSG00000137745/ENSG00000159899/ENSG00000106483",10
"GO:0050804","GO:0050804","modulation of chemical synaptic transmission","25/394","277/7721",0.0902527075812274,1.76863237369202,3.02098827699097,0.00381596226569782,0.0475723295790329,0.0475723295790329,"ENSG00000070031/ENSG00000082196/ENSG00000113319/ENSG00000131711/ENSG00000140937/ENSG00000138435/ENSG00000166342/ENSG00000184985/ENSG00000061337/ENSG00000196549/ENSG00000188803/ENSG00000166963/ENSG00000196358/ENSG00000182771/ENSG00000155886/ENSG00000131016/ENSG00000147434/ENSG00000119865/ENSG00000070808/ENSG00000102452/ENSG00000125869/ENSG00000142798/ENSG00000117152/ENSG00000166250/ENSG00000139220",25
"GO:0097529","GO:0097529","myeloid leukocyte migration","14/394","123/7721",0.113821138211382,2.23048986835046,3.18988200453772,0.00385397813392002,0.0478468986584593,0.0478468986584593,"ENSG00000166923/ENSG00000109743/ENSG00000166086/ENSG00000106366/ENSG00000197635/ENSG00000124343/ENSG00000002586/ENSG00000107562/ENSG00000106538/ENSG00000138080/ENSG00000145147/ENSG00000157227/ENSG00000150630/ENSG00000123610",14
