"","ID","Description","GeneRatio","BgRatio","RichFactor","FoldEnrichment","zScore","pvalue","p.adjust","qvalue","geneID","Count"
"GO:0003012","GO:0003012","muscle system process","48/644","489/21468",0.098159509202454,3.27218686887932,8.93825247958993,5.88708519196672e-13,2.66920442603771e-09,2.07287368075039e-09,"ENSG00000007314/ENSG00000017427/ENSG00000018625/ENSG00000034971/ENSG00000036448/ENSG00000076555/ENSG00000077157/ENSG00000089250/ENSG00000100678/ENSG00000102468/ENSG00000105974/ENSG00000108823/ENSG00000109063/ENSG00000115353/ENSG00000118729/ENSG00000119508/ENSG00000120049/ENSG00000120907/ENSG00000123358/ENSG00000124205/ENSG00000130037/ENSG00000130595/ENSG00000131730/ENSG00000132170/ENSG00000133392/ENSG00000134548/ENSG00000136160/ENSG00000136546/ENSG00000141052/ENSG00000148180/ENSG00000149575/ENSG00000153253/ENSG00000163884/ENSG00000164530/ENSG00000166257/ENSG00000168356/ENSG00000169252/ENSG00000169432/ENSG00000174697/ENSG00000175084/ENSG00000177098/ENSG00000180509/ENSG00000180914/ENSG00000182132/ENSG00000186439/ENSG00000187955/ENSG00000234438/ENSG00000266964",48
"GO:0007188","GO:0007188","adenylate cyclase-modulating G protein-coupled receptor signaling pathway","35/644","291/21468",0.120274914089347,4.00941281936351,9.08955406293833,2.99100253144358e-12,6.78060273878259e-09,5.26573866719935e-09,"ENSG00000004948/ENSG00000043591/ENSG00000064989/ENSG00000065325/ENSG00000069122/ENSG00000078549/ENSG00000080293/ENSG00000089250/ENSG00000106113/ENSG00000111452/ENSG00000118432/ENSG00000120907/ENSG00000122420/ENSG00000126895/ENSG00000129467/ENSG00000135298/ENSG00000138039/ENSG00000141404/ENSG00000146469/ENSG00000150471/ENSG00000156920/ENSG00000162618/ENSG00000164849/ENSG00000166573/ENSG00000169252/ENSG00000169313/ENSG00000170262/ENSG00000170989/ENSG00000173175/ENSG00000180264/ENSG00000181656/ENSG00000183134/ENSG00000185149/ENSG00000186642/ENSG00000188778",35
"GO:0003018","GO:0003018","vascular process in circulatory system","35/644","303/21468",0.115511551155116,3.85062419285407,8.78817464068184,9.58344621708422e-12,1.44837817160866e-08,1.12479395074199e-08,"ENSG00000018625/ENSG00000043591/ENSG00000085563/ENSG00000089250/ENSG00000102468/ENSG00000105974/ENSG00000109610/ENSG00000115353/ENSG00000116678/ENSG00000118777/ENSG00000120156/ENSG00000120907/ENSG00000124205/ENSG00000126895/ENSG00000127528/ENSG00000129244/ENSG00000130037/ENSG00000135218/ENSG00000136160/ENSG00000139155/ENSG00000144668/ENSG00000146477/ENSG00000152779/ENSG00000153162/ENSG00000165349/ENSG00000169252/ENSG00000169418/ENSG00000174697/ENSG00000179776/ENSG00000180914/ENSG00000181856/ENSG00000184113/ENSG00000186642/ENSG00000188778/ENSG00000244734",35
"GO:0006936","GO:0006936","muscle contraction","39/644","378/21468",0.103174603174603,3.43936705116829,8.41455779636357,2.06887531395482e-11,2.34507016836779e-08,1.82115471715234e-08,"ENSG00000007314/ENSG00000018625/ENSG00000036448/ENSG00000077157/ENSG00000089250/ENSG00000100678/ENSG00000102468/ENSG00000105974/ENSG00000108823/ENSG00000109063/ENSG00000115353/ENSG00000118729/ENSG00000120049/ENSG00000120907/ENSG00000123358/ENSG00000124205/ENSG00000130037/ENSG00000130595/ENSG00000131730/ENSG00000133392/ENSG00000134548/ENSG00000136160/ENSG00000136546/ENSG00000141052/ENSG00000148180/ENSG00000149575/ENSG00000153253/ENSG00000166257/ENSG00000168356/ENSG00000169252/ENSG00000169432/ENSG00000175084/ENSG00000177098/ENSG00000180509/ENSG00000180914/ENSG00000182132/ENSG00000186439/ENSG00000234438/ENSG00000266964",39
"GO:0007189","GO:0007189","adenylate cyclase-activating G protein-coupled receptor signaling pathway","26/644","194/21468",0.134020618556701,4.46763142729077,8.53209636909713,1.78103415996221e-10,1.61504177625373e-07,1.25422300317339e-07,"ENSG00000004948/ENSG00000043591/ENSG00000064989/ENSG00000069122/ENSG00000080293/ENSG00000089250/ENSG00000111452/ENSG00000118432/ENSG00000120907/ENSG00000122420/ENSG00000129467/ENSG00000135298/ENSG00000138039/ENSG00000141404/ENSG00000146469/ENSG00000150471/ENSG00000156920/ENSG00000162618/ENSG00000166573/ENSG00000169252/ENSG00000170262/ENSG00000170989/ENSG00000173175/ENSG00000180264/ENSG00000186642/ENSG00000188778",26
"GO:0060047","GO:0060047","heart contraction","30/644","269/21468",0.111524163568773,3.71770301784848,7.88800148118648,6.94892487532614e-10,5.25107089745478e-07,4.07792170315192e-07,"ENSG00000007314/ENSG00000018625/ENSG00000043591/ENSG00000089250/ENSG00000100678/ENSG00000102683/ENSG00000105974/ENSG00000116016/ENSG00000118729/ENSG00000120049/ENSG00000120907/ENSG00000124205/ENSG00000129244/ENSG00000130037/ENSG00000134548/ENSG00000136160/ENSG00000136546/ENSG00000148180/ENSG00000149575/ENSG00000153253/ENSG00000166257/ENSG00000168356/ENSG00000169432/ENSG00000173641/ENSG00000175084/ENSG00000177098/ENSG00000180509/ENSG00000182132/ENSG00000186439/ENSG00000266964",30
"GO:0003015","GO:0003015","heart process","30/644","278/21468",0.107913669064748,3.59734572590375,7.66537163243009,1.53160634889436e-09,9.92043312269578e-07,7.70409509331075e-07,"ENSG00000007314/ENSG00000018625/ENSG00000043591/ENSG00000089250/ENSG00000100678/ENSG00000102683/ENSG00000105974/ENSG00000116016/ENSG00000118729/ENSG00000120049/ENSG00000120907/ENSG00000124205/ENSG00000129244/ENSG00000130037/ENSG00000134548/ENSG00000136160/ENSG00000136546/ENSG00000148180/ENSG00000149575/ENSG00000153253/ENSG00000166257/ENSG00000168356/ENSG00000169432/ENSG00000173641/ENSG00000175084/ENSG00000177098/ENSG00000180509/ENSG00000182132/ENSG00000186439/ENSG00000266964",30
"GO:0019216","GO:0019216","regulation of lipid metabolic process","35/644","375/21468",0.0933333333333333,3.11130434782609,7.25343684201125,3.29297834149055e-09,1.86629547503977e-06,1.44934375687972e-06,"ENSG00000004799/ENSG00000009950/ENSG00000067113/ENSG00000069122/ENSG00000076555/ENSG00000084674/ENSG00000094963/ENSG00000095637/ENSG00000102468/ENSG00000105974/ENSG00000111405/ENSG00000113580/ENSG00000114771/ENSG00000115361/ENSG00000118432/ENSG00000120738/ENSG00000124253/ENSG00000130173/ENSG00000132170/ENSG00000138039/ENSG00000138135/ENSG00000141431/ENSG00000145335/ENSG00000151468/ENSG00000153162/ENSG00000164849/ENSG00000167910/ENSG00000170509/ENSG00000174697/ENSG00000176194/ENSG00000181092/ENSG00000182782/ENSG00000187288/ENSG00000189058/ENSG00000196139",35
"GO:0008217","GO:0008217","regulation of blood pressure","25/644","208/21468",0.120192307692308,4.0066591017678,7.66268127654177,3.98528310546592e-09,2.00769706668694e-06,1.55915461845421e-06,"ENSG00000006128/ENSG00000018625/ENSG00000043591/ENSG00000089250/ENSG00000092009/ENSG00000100448/ENSG00000103647/ENSG00000115353/ENSG00000118432/ENSG00000118515/ENSG00000120907/ENSG00000124205/ENSG00000126895/ENSG00000132170/ENSG00000133116/ENSG00000134548/ENSG00000136160/ENSG00000139567/ENSG00000169252/ENSG00000169418/ENSG00000174697/ENSG00000180914/ENSG00000181092/ENSG00000188778/ENSG00000244734",25
"GO:1903522","GO:1903522","regulation of blood circulation","29/644","290/21468",0.1,3.33354037267081,7.03587929534004,1.61965902629693e-08,7.34353402523027e-06,5.7029046768034e-06,"ENSG00000018625/ENSG00000043591/ENSG00000089250/ENSG00000100678/ENSG00000102468/ENSG00000105974/ENSG00000115353/ENSG00000116016/ENSG00000118729/ENSG00000120049/ENSG00000120907/ENSG00000124205/ENSG00000126895/ENSG00000129244/ENSG00000130037/ENSG00000134548/ENSG00000136160/ENSG00000144668/ENSG00000149575/ENSG00000166257/ENSG00000173641/ENSG00000174697/ENSG00000175084/ENSG00000177098/ENSG00000180509/ENSG00000180914/ENSG00000182132/ENSG00000186439/ENSG00000266964",29
"GO:0034308","GO:0034308","primary alcohol metabolic process","18/644","123/21468",0.146341463414634,4.87835176488411,7.58574443713441,2.85198119197935e-08,1.1755347931304e-05,9.12906898293869e-06,"ENSG00000017427/ENSG00000079435/ENSG00000128918/ENSG00000135437/ENSG00000136160/ENSG00000138207/ENSG00000140459/ENSG00000140505/ENSG00000151632/ENSG00000153162/ENSG00000165092/ENSG00000187134/ENSG00000187758/ENSG00000196139/ENSG00000196616/ENSG00000198075/ENSG00000198099/ENSG00000248144",18
"GO:0003014","GO:0003014","renal system process","19/644","139/21468",0.136690647482014,4.55663791947808,7.39789804493259,3.66797136942256e-08,1.38588184908016e-05,1.07626002023846e-05,"ENSG00000069122/ENSG00000103647/ENSG00000115353/ENSG00000118515/ENSG00000118777/ENSG00000126895/ENSG00000134548/ENSG00000136160/ENSG00000146021/ENSG00000148180/ENSG00000164007/ENSG00000168356/ENSG00000169418/ENSG00000174059/ENSG00000181092/ENSG00000196139/ENSG00000197891/ENSG00000240583/ENSG00000244734",19
"GO:0050886","GO:0050886","endocrine process","16/644","101/21468",0.158415841584158,5.28085603591415,7.58343675287039,5.36608961690196e-08,1.87152694792565e-05,1.45340645899086e-05,"ENSG00000092009/ENSG00000100448/ENSG00000115353/ENSG00000119147/ENSG00000124205/ENSG00000126895/ENSG00000132170/ENSG00000136160/ENSG00000145708/ENSG00000153162/ENSG00000166573/ENSG00000174697/ENSG00000174804/ENSG00000180914/ENSG00000182782/ENSG00000240583",16
"GO:0007204","GO:0007204","positive regulation of cytosolic calcium ion concentration","21/644","173/21468",0.121387283236994,4.04649409399347,7.0750759149256,5.86621810594555e-08,1.89981663516837e-05,1.47537590709683e-05,"ENSG00000004948/ENSG00000006128/ENSG00000078549/ENSG00000089250/ENSG00000092051/ENSG00000102468/ENSG00000105974/ENSG00000115353/ENSG00000120907/ENSG00000122420/ENSG00000135218/ENSG00000136160/ENSG00000137672/ENSG00000138039/ENSG00000139151/ENSG00000166405/ENSG00000166573/ENSG00000168329/ENSG00000173175/ENSG00000173432/ENSG00000180914",21
"GO:1901342","GO:1901342","regulation of vasculature development","34/644","402/21468",0.0845771144278607,2.81941225549272,6.47589258690402,6.35482403213954e-08,1.92085147744804e-05,1.49171132543907e-05,"ENSG00000000005/ENSG00000004776/ENSG00000066056/ENSG00000092009/ENSG00000101280/ENSG00000106004/ENSG00000114378/ENSG00000117525/ENSG00000120156/ENSG00000126785/ENSG00000127528/ENSG00000128052/ENSG00000132170/ENSG00000135218/ENSG00000135298/ENSG00000136158/ENSG00000136244/ENSG00000136826/ENSG00000138685/ENSG00000139567/ENSG00000142515/ENSG00000143125/ENSG00000154734/ENSG00000163638/ENSG00000164619/ENSG00000168329/ENSG00000169418/ENSG00000171819/ENSG00000174059/ENSG00000174697/ENSG00000179776/ENSG00000184113/ENSG00000240583/ENSG00000249751",34
"GO:0097305","GO:0097305","response to alcohol","29/644","312/21468",0.092948717948718,3.09848303870043,6.56617593997311,8.07705695162417e-08,2.10223563827161e-05,1.63257219372195e-05,"ENSG00000069702/ENSG00000078549/ENSG00000108342/ENSG00000115353/ENSG00000118432/ENSG00000118515/ENSG00000119138/ENSG00000122420/ENSG00000124253/ENSG00000125740/ENSG00000126545/ENSG00000127528/ENSG00000129596/ENSG00000136826/ENSG00000137077/ENSG00000138685/ENSG00000145708/ENSG00000151632/ENSG00000167910/ENSG00000168356/ENSG00000170345/ENSG00000173175/ENSG00000174697/ENSG00000175899/ENSG00000181092/ENSG00000181195/ENSG00000181856/ENSG00000184113/ENSG00000196139",29
"GO:0001508","GO:0001508","action potential","22/644","192/21468",0.114583333333333,3.81968167701863,6.9016390130142,8.08872233547696e-08,2.10223563827161e-05,1.63257219372195e-05,"ENSG00000007314/ENSG00000018625/ENSG00000089250/ENSG00000105974/ENSG00000115353/ENSG00000118432/ENSG00000120049/ENSG00000120907/ENSG00000130037/ENSG00000135218/ENSG00000136546/ENSG00000148053/ENSG00000149575/ENSG00000153253/ENSG00000158445/ENSG00000164007/ENSG00000166257/ENSG00000168356/ENSG00000169432/ENSG00000177098/ENSG00000180509/ENSG00000181656",22
"GO:0003044","GO:0003044","regulation of systemic arterial blood pressure mediated by a chemical signal","11/644","46/21468",0.239130434782609,7.9715095868215,8.32381216847562,8.34588475714359e-08,2.10223563827161e-05,1.63257219372195e-05,"ENSG00000043591/ENSG00000092009/ENSG00000100448/ENSG00000115353/ENSG00000120907/ENSG00000124205/ENSG00000126895/ENSG00000136160/ENSG00000169252/ENSG00000180914/ENSG00000188778",11
"GO:0045765","GO:0045765","regulation of angiogenesis","33/644","393/21468",0.083969465648855,2.79915603812053,6.33035183702656,1.17635477403907e-07,2.67512459052897e-05,2.07747121289889e-05,"ENSG00000000005/ENSG00000004776/ENSG00000066056/ENSG00000092009/ENSG00000101280/ENSG00000106004/ENSG00000114378/ENSG00000117525/ENSG00000120156/ENSG00000126785/ENSG00000127528/ENSG00000128052/ENSG00000132170/ENSG00000135218/ENSG00000135298/ENSG00000136158/ENSG00000136244/ENSG00000136826/ENSG00000138685/ENSG00000139567/ENSG00000142515/ENSG00000143125/ENSG00000154734/ENSG00000163638/ENSG00000164619/ENSG00000168329/ENSG00000169418/ENSG00000174059/ENSG00000174697/ENSG00000179776/ENSG00000184113/ENSG00000240583/ENSG00000249751",33
"GO:0035296","GO:0035296","regulation of tube diameter","20/644","165/21468",0.121212121212121,4.04065499717674,6.89501585458532,1.23902991621324e-07,2.67512459052897e-05,2.07747121289889e-05,"ENSG00000018625/ENSG00000043591/ENSG00000089250/ENSG00000102468/ENSG00000105974/ENSG00000109610/ENSG00000115353/ENSG00000120907/ENSG00000124205/ENSG00000126895/ENSG00000127528/ENSG00000130037/ENSG00000136160/ENSG00000144668/ENSG00000169252/ENSG00000169418/ENSG00000174697/ENSG00000180914/ENSG00000188778/ENSG00000244734",20
"GO:0097746","GO:0097746","blood vessel diameter maintenance","20/644","165/21468",0.121212121212121,4.04065499717674,6.89501585458532,1.23902991621324e-07,2.67512459052897e-05,2.07747121289889e-05,"ENSG00000018625/ENSG00000043591/ENSG00000089250/ENSG00000102468/ENSG00000105974/ENSG00000109610/ENSG00000115353/ENSG00000120907/ENSG00000124205/ENSG00000126895/ENSG00000127528/ENSG00000130037/ENSG00000136160/ENSG00000144668/ENSG00000169252/ENSG00000169418/ENSG00000174697/ENSG00000180914/ENSG00000188778/ENSG00000244734",20
"GO:0006066","GO:0006066","alcohol metabolic process","33/644","395/21468",0.0835443037974684,2.78498309615536,6.29674355317915,1.32419883628665e-07,2.7290534198744e-05,2.11935172601859e-05,"ENSG00000017427/ENSG00000067113/ENSG00000074660/ENSG00000078549/ENSG00000079435/ENSG00000084674/ENSG00000107611/ENSG00000115361/ENSG00000116678/ENSG00000124253/ENSG00000128918/ENSG00000135437/ENSG00000136160/ENSG00000138039/ENSG00000138135/ENSG00000138207/ENSG00000140459/ENSG00000140505/ENSG00000145335/ENSG00000151632/ENSG00000153162/ENSG00000162407/ENSG00000164849/ENSG00000165092/ENSG00000167910/ENSG00000174697/ENSG00000187134/ENSG00000187758/ENSG00000196139/ENSG00000196616/ENSG00000198075/ENSG00000198099/ENSG00000248144",33
"GO:0035249","GO:0035249","synaptic transmission, glutamatergic","17/644","122/21468",0.139344262295082,4.64509724060686,7.10031008390876,1.43676605750006e-07,2.74470196164715e-05,2.13150420488699e-05,"ENSG00000018625/ENSG00000081189/ENSG00000102468/ENSG00000104888/ENSG00000113580/ENSG00000116147/ENSG00000118432/ENSG00000137766/ENSG00000150394/ENSG00000151136/ENSG00000152578/ENSG00000169760/ENSG00000171189/ENSG00000180914/ENSG00000185345/ENSG00000189056/ENSG00000251322",17
"GO:0001935","GO:0001935","endothelial cell proliferation","23/644","215/21468",0.106976744186047,3.56611295681063,6.65014956094143,1.46438291233433e-07,2.74470196164715e-05,2.13150420488699e-05,"ENSG00000000005/ENSG00000037280/ENSG00000064300/ENSG00000066056/ENSG00000081189/ENSG00000105974/ENSG00000117525/ENSG00000120156/ENSG00000123358/ENSG00000128052/ENSG00000128918/ENSG00000132170/ENSG00000138685/ENSG00000139567/ENSG00000143125/ENSG00000153162/ENSG00000164619/ENSG00000168874/ENSG00000171951/ENSG00000173269/ENSG00000174059/ENSG00000174697/ENSG00000179388",23
"GO:0035150","GO:0035150","regulation of tube size","20/644","167/21468",0.119760479041916,3.99226391936624,6.82660335056557,1.51339984651916e-07,2.74470196164715e-05,2.13150420488699e-05,"ENSG00000018625/ENSG00000043591/ENSG00000089250/ENSG00000102468/ENSG00000105974/ENSG00000109610/ENSG00000115353/ENSG00000120907/ENSG00000124205/ENSG00000126895/ENSG00000127528/ENSG00000130037/ENSG00000136160/ENSG00000144668/ENSG00000169252/ENSG00000169418/ENSG00000174697/ENSG00000180914/ENSG00000188778/ENSG00000244734",20
"GO:1901890","GO:1901890","positive regulation of cell junction assembly","17/644","125/21468",0.136,4.5336149068323,6.96775749210041,2.05716087970692e-07,3.58737208791968e-05,2.78591220348973e-05,"ENSG00000034971/ENSG00000105974/ENSG00000120156/ENSG00000121871/ENSG00000128052/ENSG00000131409/ENSG00000135298/ENSG00000139567/ENSG00000146006/ENSG00000148053/ENSG00000158301/ENSG00000164007/ENSG00000169760/ENSG00000173114/ENSG00000180914/ENSG00000184113/ENSG00000185985",17
"GO:0071695","GO:0071695","anatomical structure maturation","27/644","294/21468",0.0918367346938776,3.06141462796299,6.25869947721658,2.87573877305936e-07,4.8291109618708e-05,3.75023243504233e-05,"ENSG00000017427/ENSG00000034971/ENSG00000074660/ENSG00000106004/ENSG00000106852/ENSG00000109906/ENSG00000116016/ENSG00000120049/ENSG00000127528/ENSG00000128052/ENSG00000128918/ENSG00000130173/ENSG00000132170/ENSG00000135298/ENSG00000136160/ENSG00000137077/ENSG00000139567/ENSG00000153902/ENSG00000158445/ENSG00000162367/ENSG00000166947/ENSG00000168329/ENSG00000170989/ENSG00000174697/ENSG00000179776/ENSG00000180509/ENSG00000186417",27
"GO:0001936","GO:0001936","regulation of endothelial cell proliferation","21/644","191/21468",0.109947643979058,3.66514910084225,6.50623179412827,3.206705398825e-07,4.88647646394776e-05,3.794781828966e-05,"ENSG00000000005/ENSG00000037280/ENSG00000064300/ENSG00000066056/ENSG00000081189/ENSG00000105974/ENSG00000117525/ENSG00000120156/ENSG00000123358/ENSG00000128052/ENSG00000128918/ENSG00000132170/ENSG00000138685/ENSG00000139567/ENSG00000143125/ENSG00000153162/ENSG00000168874/ENSG00000171951/ENSG00000173269/ENSG00000174697/ENSG00000179388",21
"GO:0045446","GO:0045446","endothelial cell differentiation","18/644","144/21468",0.125,4.16692546583851,6.70550183491404,3.30838191358855e-07,4.88647646394776e-05,3.794781828966e-05,"ENSG00000000005/ENSG00000066056/ENSG00000128052/ENSG00000136160/ENSG00000139567/ENSG00000153162/ENSG00000154133/ENSG00000164736/ENSG00000166292/ENSG00000168874/ENSG00000170989/ENSG00000174804/ENSG00000178878/ENSG00000179776/ENSG00000184113/ENSG00000186642/ENSG00000204301/ENSG00000261371",18
"GO:0050678","GO:0050678","regulation of epithelial cell proliferation","34/644","431/21468",0.0788863109048724,2.62970702252453,6.01039207009343,3.31137550702115e-07,4.88647646394776e-05,3.794781828966e-05,"ENSG00000000005/ENSG00000017427/ENSG00000037280/ENSG00000064300/ENSG00000066056/ENSG00000069702/ENSG00000072163/ENSG00000073282/ENSG00000081189/ENSG00000105894/ENSG00000105974/ENSG00000106004/ENSG00000115353/ENSG00000117525/ENSG00000119138/ENSG00000119508/ENSG00000120156/ENSG00000123358/ENSG00000128016/ENSG00000128052/ENSG00000128918/ENSG00000129757/ENSG00000132170/ENSG00000136160/ENSG00000138685/ENSG00000139567/ENSG00000143125/ENSG00000143867/ENSG00000153162/ENSG00000168874/ENSG00000171951/ENSG00000173269/ENSG00000174697/ENSG00000179388",34
"GO:0086001","GO:0086001","cardiac muscle cell action potential","14/644","88/21468",0.159090909090909,5.30335968379447,7.11363645688835,3.4487703318555e-07,4.88647646394776e-05,3.794781828966e-05,"ENSG00000007314/ENSG00000018625/ENSG00000089250/ENSG00000105974/ENSG00000120049/ENSG00000130037/ENSG00000136546/ENSG00000149575/ENSG00000153253/ENSG00000166257/ENSG00000168356/ENSG00000169432/ENSG00000177098/ENSG00000180509",14
"GO:0086003","GO:0086003","cardiac muscle cell contraction","14/644","88/21468",0.159090909090909,5.30335968379447,7.11363645688835,3.4487703318555e-07,4.88647646394776e-05,3.794781828966e-05,"ENSG00000007314/ENSG00000018625/ENSG00000089250/ENSG00000105974/ENSG00000130037/ENSG00000136546/ENSG00000148180/ENSG00000149575/ENSG00000153253/ENSG00000166257/ENSG00000168356/ENSG00000169432/ENSG00000177098/ENSG00000180509",14
"GO:0001659","GO:0001659","temperature homeostasis","22/644","209/21468",0.105263157894737,3.50898986596927,6.40983969845409,3.60946217537307e-07,4.95918227367924e-05,3.85124433066122e-05,"ENSG00000043591/ENSG00000102468/ENSG00000104967/ENSG00000105974/ENSG00000115361/ENSG00000116016/ENSG00000116678/ENSG00000118432/ENSG00000120738/ENSG00000123689/ENSG00000135218/ENSG00000136160/ENSG00000142611/ENSG00000165092/ENSG00000169252/ENSG00000170323/ENSG00000174697/ENSG00000176194/ENSG00000180914/ENSG00000181092/ENSG00000188778/ENSG00000221818",22
"GO:0086002","GO:0086002","cardiac muscle cell action potential involved in contraction","12/644","64/21468",0.1875,6.25038819875776,7.39742320328544,3.78214528012158e-07,5.04360197060919e-05,3.91680370340764e-05,"ENSG00000007314/ENSG00000089250/ENSG00000105974/ENSG00000130037/ENSG00000136546/ENSG00000149575/ENSG00000153253/ENSG00000166257/ENSG00000168356/ENSG00000169432/ENSG00000177098/ENSG00000180509",12
"GO:0097009","GO:0097009","energy homeostasis","14/644","89/21468",0.157303370786517,5.2437713727406,7.0550455620549,3.98119582286764e-07,5.15735481739482e-05,4.0051428654112e-05,"ENSG00000009950/ENSG00000043591/ENSG00000076555/ENSG00000080293/ENSG00000094963/ENSG00000116678/ENSG00000119508/ENSG00000123612/ENSG00000135218/ENSG00000162877/ENSG00000169252/ENSG00000174697/ENSG00000187871/ENSG00000188778",14
"GO:0008016","GO:0008016","regulation of heart contraction","23/644","228/21468",0.100877192982456,3.36278195488722,6.30754484558138,4.217520387077e-07,5.31173262083531e-05,4.12503090490426e-05,"ENSG00000018625/ENSG00000043591/ENSG00000089250/ENSG00000100678/ENSG00000105974/ENSG00000116016/ENSG00000118729/ENSG00000120049/ENSG00000120907/ENSG00000124205/ENSG00000129244/ENSG00000130037/ENSG00000134548/ENSG00000136160/ENSG00000149575/ENSG00000166257/ENSG00000173641/ENSG00000175084/ENSG00000177098/ENSG00000180509/ENSG00000182132/ENSG00000186439/ENSG00000266964",23
"GO:0048545","GO:0048545","response to steroid hormone","31/644","379/21468",0.0817941952506596,2.72664252118193,5.96404041434138,5.03929162276755e-07,6.17517519395354e-05,4.7955705485512e-05,"ENSG00000003436/ENSG00000004948/ENSG00000018625/ENSG00000067113/ENSG00000073282/ENSG00000101883/ENSG00000105974/ENSG00000113580/ENSG00000115353/ENSG00000118515/ENSG00000119138/ENSG00000119508/ENSG00000124253/ENSG00000125740/ENSG00000126545/ENSG00000128016/ENSG00000129596/ENSG00000136244/ENSG00000137463/ENSG00000151623/ENSG00000153162/ENSG00000168309/ENSG00000170345/ENSG00000175899/ENSG00000178175/ENSG00000179094/ENSG00000180914/ENSG00000181092/ENSG00000196139/ENSG00000240583/ENSG00000265972",31
"GO:0051591","GO:0051591","response to cAMP","14/644","94/21468",0.148936170212766,4.96484736355227,6.77476181932716,7.91962259554775e-07,9.44936022321407e-05,7.33826525820144e-05,"ENSG00000120156/ENSG00000124253/ENSG00000125740/ENSG00000129596/ENSG00000145708/ENSG00000167588/ENSG00000170345/ENSG00000178726/ENSG00000179094/ENSG00000180509/ENSG00000181092/ENSG00000181195/ENSG00000186642/ENSG00000240583",14
"GO:0034764","GO:0034764","positive regulation of transmembrane transport","22/644","220/21468",0.1,3.33354037267081,6.11806610073943,8.69962820525662e-07,9.86949069735069e-05,7.66453378743948e-05,"ENSG00000017427/ENSG00000078549/ENSG00000088992/ENSG00000089250/ENSG00000092529/ENSG00000095637/ENSG00000105974/ENSG00000119508/ENSG00000120049/ENSG00000123560/ENSG00000124205/ENSG00000129244/ENSG00000137672/ENSG00000138039/ENSG00000145335/ENSG00000145675/ENSG00000163884/ENSG00000180509/ENSG00000181092/ENSG00000186439/ENSG00000189056/ENSG00000266964",22
"GO:1990845","GO:1990845","adaptive thermogenesis","20/644","186/21468",0.10752688172043,3.58445201362452,6.22537130955582,8.70709368976682e-07,9.86949069735069e-05,7.66453378743948e-05,"ENSG00000043591/ENSG00000080293/ENSG00000104967/ENSG00000105974/ENSG00000115361/ENSG00000116016/ENSG00000116678/ENSG00000123689/ENSG00000135218/ENSG00000142611/ENSG00000162877/ENSG00000165092/ENSG00000169252/ENSG00000170323/ENSG00000174697/ENSG00000176194/ENSG00000180914/ENSG00000181092/ENSG00000188778/ENSG00000221818",20
"GO:0007611","GO:0007611","learning or memory","28/644","331/21468",0.0845921450151057,2.81991330618679,5.86799260396728,9.22139074886973e-07,0.00010197508696433,7.91926882027452e-05,"ENSG00000018625/ENSG00000078725/ENSG00000081189/ENSG00000092051/ENSG00000100433/ENSG00000100678/ENSG00000101349/ENSG00000102468/ENSG00000105894/ENSG00000115353/ENSG00000116147/ENSG00000118432/ENSG00000118515/ENSG00000122877/ENSG00000123360/ENSG00000135298/ENSG00000145708/ENSG00000148053/ENSG00000158301/ENSG00000168329/ENSG00000170345/ENSG00000180914/ENSG00000181656/ENSG00000181856/ENSG00000184113/ENSG00000185345/ENSG00000189056/ENSG00000251322",28
"GO:0050900","GO:0050900","leukocyte migration","35/644","472/21468",0.0741525423728814,2.47190493736183,5.68629011476623,9.50089502759257e-07,0.000102564423940726,7.96503605696671e-05,"ENSG00000015413/ENSG00000081041/ENSG00000100448/ENSG00000105894/ENSG00000115353/ENSG00000120129/ENSG00000122592/ENSG00000124205/ENSG00000133800/ENSG00000135424/ENSG00000136160/ENSG00000136244/ENSG00000136999/ENSG00000137033/ENSG00000137077/ENSG00000138135/ENSG00000144668/ENSG00000145675/ENSG00000154721/ENSG00000165197/ENSG00000168329/ENSG00000169313/ENSG00000170962/ENSG00000170989/ENSG00000171951/ENSG00000173432/ENSG00000174059/ENSG00000174175/ENSG00000174697/ENSG00000180383/ENSG00000189058/ENSG00000261371/ENSG00000271447/ENSG00000275152/ENSG00000276409",35
"GO:0015850","GO:0015850","organic hydroxy compound transport","28/644","332/21468",0.0843373493975904,2.81141959140911,5.84956049251448,9.79156273959288e-07,0.000103244059212358,8.01781575616602e-05,"ENSG00000076555/ENSG00000084674/ENSG00000089250/ENSG00000102468/ENSG00000105974/ENSG00000118432/ENSG00000119147/ENSG00000132170/ENSG00000135218/ENSG00000135917/ENSG00000138207/ENSG00000139155/ENSG00000141338/ENSG00000145283/ENSG00000145335/ENSG00000146469/ENSG00000146477/ENSG00000153162/ENSG00000158445/ENSG00000165269/ENSG00000166573/ENSG00000167910/ENSG00000180914/ENSG00000181092/ENSG00000185345/ENSG00000187134/ENSG00000240583/ENSG00000259916",28
"GO:2000146","GO:2000146","negative regulation of cell motility","33/644","434/21468",0.076036866359447,2.53471963820591,5.68014620710706,1.12075597315029e-06,0.000115488808687805,8.96872901958787e-05,"ENSG00000015413/ENSG00000064300/ENSG00000066056/ENSG00000069702/ENSG00000081189/ENSG00000101280/ENSG00000105509/ENSG00000106511/ENSG00000120129/ENSG00000122592/ENSG00000123612/ENSG00000129244/ENSG00000132170/ENSG00000136826/ENSG00000136999/ENSG00000137033/ENSG00000137077/ENSG00000137872/ENSG00000138685/ENSG00000139567/ENSG00000141052/ENSG00000144339/ENSG00000161544/ENSG00000163638/ENSG00000164007/ENSG00000168329/ENSG00000173269/ENSG00000175471/ENSG00000181092/ENSG00000184113/ENSG00000189058/ENSG00000196104/ENSG00000271447",33
"GO:0003073","GO:0003073","regulation of systemic arterial blood pressure","15/644","111/21468",0.135135135135135,4.50478428739298,6.51027288689489,1.15592753007691e-06,0.00011646612047486,9.04462593709303e-05,"ENSG00000006128/ENSG00000043591/ENSG00000092009/ENSG00000100448/ENSG00000103647/ENSG00000115353/ENSG00000120907/ENSG00000124205/ENSG00000126895/ENSG00000133116/ENSG00000134548/ENSG00000136160/ENSG00000169252/ENSG00000180914/ENSG00000188778",15
"GO:0050890","GO:0050890","cognition","31/644","396/21468",0.0782828282828283,2.60958968567664,5.68533982917765,1.28665987028824e-06,0.000124356400895219,9.65737610555353e-05,"ENSG00000018625/ENSG00000078725/ENSG00000081189/ENSG00000092051/ENSG00000100433/ENSG00000100678/ENSG00000101349/ENSG00000102468/ENSG00000105894/ENSG00000115353/ENSG00000116147/ENSG00000118432/ENSG00000118515/ENSG00000122877/ENSG00000123360/ENSG00000135298/ENSG00000138039/ENSG00000145708/ENSG00000148053/ENSG00000158301/ENSG00000158352/ENSG00000168309/ENSG00000168329/ENSG00000170345/ENSG00000180914/ENSG00000181656/ENSG00000181856/ENSG00000184113/ENSG00000185345/ENSG00000189056/ENSG00000251322",31
"GO:0003158","GO:0003158","endothelium development","19/644","174/21468",0.109195402298851,3.64007282073249,6.14905587885649,1.28909370138405e-06,0.000124356400895219,9.65737610555353e-05,"ENSG00000000005/ENSG00000066056/ENSG00000128052/ENSG00000136160/ENSG00000139567/ENSG00000153162/ENSG00000154133/ENSG00000164736/ENSG00000166292/ENSG00000168874/ENSG00000170989/ENSG00000174059/ENSG00000174804/ENSG00000178878/ENSG00000179776/ENSG00000184113/ENSG00000186642/ENSG00000204301/ENSG00000261371",19
"GO:0032409","GO:0032409","regulation of transporter activity","23/644","244/21468",0.0942622950819672,3.14227166276347,5.91837353684779,1.3854055153194e-06,0.000125285527534703,9.72953101951526e-05,"ENSG00000018625/ENSG00000022267/ENSG00000088992/ENSG00000092051/ENSG00000101049/ENSG00000105974/ENSG00000118515/ENSG00000118729/ENSG00000129244/ENSG00000137672/ENSG00000143867/ENSG00000145335/ENSG00000145708/ENSG00000164949/ENSG00000166257/ENSG00000169282/ENSG00000169760/ENSG00000177098/ENSG00000180509/ENSG00000181092/ENSG00000186439/ENSG00000189056/ENSG00000266964",23
"GO:0030336","GO:0030336","negative regulation of cell migration","32/644","418/21468",0.076555023923445,2.55199262979583,5.63505656139495,1.40762684944659e-06,0.000125285527534703,9.72953101951526e-05,"ENSG00000015413/ENSG00000064300/ENSG00000066056/ENSG00000069702/ENSG00000081189/ENSG00000101280/ENSG00000105509/ENSG00000106511/ENSG00000120129/ENSG00000122592/ENSG00000123612/ENSG00000129244/ENSG00000132170/ENSG00000136826/ENSG00000136999/ENSG00000137033/ENSG00000137077/ENSG00000137872/ENSG00000138685/ENSG00000139567/ENSG00000141052/ENSG00000144339/ENSG00000161544/ENSG00000163638/ENSG00000164007/ENSG00000168329/ENSG00000173269/ENSG00000175471/ENSG00000181092/ENSG00000184113/ENSG00000189058/ENSG00000271447",32
"GO:0006941","GO:0006941","striated muscle contraction","21/644","209/21468",0.100478468899522,3.34949032660703,6.00235838768592,1.4223158082056e-06,0.000125285527534703,9.72953101951526e-05,"ENSG00000007314/ENSG00000018625/ENSG00000089250/ENSG00000100678/ENSG00000105974/ENSG00000109063/ENSG00000118729/ENSG00000120907/ENSG00000123358/ENSG00000130037/ENSG00000130595/ENSG00000136546/ENSG00000148180/ENSG00000149575/ENSG00000153253/ENSG00000166257/ENSG00000168356/ENSG00000169432/ENSG00000177098/ENSG00000180509/ENSG00000234438",21
"GO:0021700","GO:0021700","developmental maturation","30/644","378/21468",0.0793650793650794,2.64566696243715,5.67670197986868,1.43799647372294e-06,0.000125285527534703,9.72953101951526e-05,"ENSG00000017427/ENSG00000034971/ENSG00000074660/ENSG00000101938/ENSG00000106004/ENSG00000106852/ENSG00000109906/ENSG00000116016/ENSG00000120049/ENSG00000127528/ENSG00000128052/ENSG00000128918/ENSG00000130173/ENSG00000132170/ENSG00000135298/ENSG00000136160/ENSG00000137077/ENSG00000139567/ENSG00000153902/ENSG00000158445/ENSG00000162367/ENSG00000166947/ENSG00000168329/ENSG00000170989/ENSG00000174697/ENSG00000179776/ENSG00000180509/ENSG00000186417/ENSG00000189056/ENSG00000198844",30
"GO:0120162","GO:0120162","positive regulation of cold-induced thermogenesis","15/644","113/21468",0.132743362831858,4.4250535920409,6.41953157704857,1.45620827993012e-06,0.000125285527534703,9.72953101951526e-05,"ENSG00000043591/ENSG00000105974/ENSG00000115361/ENSG00000116016/ENSG00000116678/ENSG00000123689/ENSG00000135218/ENSG00000142611/ENSG00000169252/ENSG00000170323/ENSG00000174697/ENSG00000180914/ENSG00000181092/ENSG00000188778/ENSG00000221818",15
"GO:0086009","GO:0086009","membrane repolarization","11/644","60/21468",0.183333333333333,6.11149068322981,6.97239021867884,1.46451984105409e-06,0.000125285527534703,9.72953101951526e-05,"ENSG00000018625/ENSG00000089250/ENSG00000105974/ENSG00000118729/ENSG00000120049/ENSG00000129244/ENSG00000130037/ENSG00000149575/ENSG00000177098/ENSG00000180509/ENSG00000182132",11
"GO:0043270","GO:0043270","positive regulation of monoatomic ion transport","22/644","231/21468",0.0952380952380952,3.17480035492458,5.84420357917859,1.97322387217478e-06,0.000165677722897045,0.000128663427922508,"ENSG00000022267/ENSG00000078549/ENSG00000088992/ENSG00000089250/ENSG00000092529/ENSG00000105974/ENSG00000120049/ENSG00000123560/ENSG00000124205/ENSG00000129244/ENSG00000137672/ENSG00000138039/ENSG00000145335/ENSG00000149575/ENSG00000166257/ENSG00000169313/ENSG00000174697/ENSG00000177098/ENSG00000180509/ENSG00000186439/ENSG00000189056/ENSG00000266964",22
"GO:0098742","GO:0098742","cell-cell adhesion via plasma-membrane adhesion molecules","27/644","326/21468",0.0828220858895705,2.76090767061693,5.63402649935331,2.15645913978085e-06,0.000177770649813934,0.000138054656891233,"ENSG00000013297/ENSG00000074660/ENSG00000101542/ENSG00000113248/ENSG00000121871/ENSG00000131409/ENSG00000136826/ENSG00000148204/ENSG00000148357/ENSG00000149564/ENSG00000149654/ENSG00000150394/ENSG00000150471/ENSG00000152583/ENSG00000154133/ENSG00000154134/ENSG00000162706/ENSG00000164007/ENSG00000165379/ENSG00000169760/ENSG00000174175/ENSG00000179776/ENSG00000181092/ENSG00000184113/ENSG00000184226/ENSG00000185985/ENSG00000261371",27
"GO:0070293","GO:0070293","renal absorption","9/644","40/21468",0.225,7.50046583850932,7.23652707613626,2.21308204127685e-06,0.000179180606699094,0.000139149613309607,"ENSG00000118515/ENSG00000136160/ENSG00000146021/ENSG00000148180/ENSG00000164007/ENSG00000181092/ENSG00000196139/ENSG00000240583/ENSG00000244734",9
"GO:0120161","GO:0120161","regulation of cold-induced thermogenesis","18/644","165/21468",0.109090909090909,3.63658949745906,5.97875339487478,2.47480399780206e-06,0.000196855461860255,0.000152875704019352,"ENSG00000043591/ENSG00000104967/ENSG00000105974/ENSG00000115361/ENSG00000116016/ENSG00000116678/ENSG00000123689/ENSG00000135218/ENSG00000142611/ENSG00000165092/ENSG00000169252/ENSG00000170323/ENSG00000174697/ENSG00000176194/ENSG00000180914/ENSG00000181092/ENSG00000188778/ENSG00000221818",18
"GO:0070252","GO:0070252","actin-mediated cell contraction","15/644","118/21468",0.127118644067797,4.2375513211917,6.20162154425796,2.5349362717639e-06,0.000198162087175475,0.000153890414320331,"ENSG00000007314/ENSG00000018625/ENSG00000089250/ENSG00000105974/ENSG00000109063/ENSG00000130037/ENSG00000136546/ENSG00000148180/ENSG00000149575/ENSG00000153253/ENSG00000166257/ENSG00000168356/ENSG00000169432/ENSG00000177098/ENSG00000180509",15
"GO:1901654","GO:1901654","response to ketone","22/644","235/21468",0.0936170212765957,3.12076119994714,5.7486590915303,2.62113344674108e-06,0.000201427441483458,0.000156426251192665,"ENSG00000069702/ENSG00000105974/ENSG00000113580/ENSG00000115353/ENSG00000118515/ENSG00000119138/ENSG00000122420/ENSG00000124253/ENSG00000125740/ENSG00000126545/ENSG00000127528/ENSG00000136826/ENSG00000137077/ENSG00000151632/ENSG00000168356/ENSG00000170345/ENSG00000173175/ENSG00000175899/ENSG00000180914/ENSG00000196139/ENSG00000240583/ENSG00000265972",22
"GO:1901343","GO:1901343","negative regulation of vasculature development","19/644","183/21468",0.103825136612022,3.46105284594237,5.8797138582962,2.75460572293499e-06,0.000208156372463121,0.000161651862161711,"ENSG00000000005/ENSG00000066056/ENSG00000101280/ENSG00000106004/ENSG00000120156/ENSG00000127528/ENSG00000132170/ENSG00000135218/ENSG00000135298/ENSG00000136158/ENSG00000136826/ENSG00000142515/ENSG00000154734/ENSG00000163638/ENSG00000168329/ENSG00000169418/ENSG00000171819/ENSG00000184113/ENSG00000249751",19
"GO:0051897","GO:0051897","positive regulation of phosphatidylinositol 3-kinase/protein kinase B signal transduction","21/644","218/21468",0.0963302752293578,3.21120861587555,5.77065395170012,2.80247501150751e-06,0.000208301995117624,0.000161764951052504,"ENSG00000004948/ENSG00000017427/ENSG00000034971/ENSG00000108342/ENSG00000120156/ENSG00000128052/ENSG00000136158/ENSG00000137077/ENSG00000138685/ENSG00000140538/ENSG00000148053/ENSG00000151632/ENSG00000166292/ENSG00000168329/ENSG00000169313/ENSG00000170962/ENSG00000174175/ENSG00000174697/ENSG00000187871/ENSG00000189056/ENSG00000196139",21
"GO:0010038","GO:0010038","response to metal ion","29/644","371/21468",0.078167115902965,2.60573236677772,5.48651156754141,2.90488219403991e-06,0.000212431223673822,0.000164971662802437,"ENSG00000015413/ENSG00000018625/ENSG00000036473/ENSG00000081189/ENSG00000091513/ENSG00000091704/ENSG00000092529/ENSG00000105974/ENSG00000109610/ENSG00000118729/ENSG00000120049/ENSG00000125740/ENSG00000134200/ENSG00000140505/ENSG00000145335/ENSG00000145708/ENSG00000150672/ENSG00000153162/ENSG00000155970/ENSG00000158445/ENSG00000169760/ENSG00000170323/ENSG00000170345/ENSG00000181195/ENSG00000185345/ENSG00000196139/ENSG00000205364/ENSG00000240583/ENSG00000265972",29
"GO:0040013","GO:0040013","negative regulation of locomotion","33/644","455/21468",0.0725274725274725,2.41773257798103,5.37529769587182,3.13039175247193e-06,0.000225288828662027,0.000174956732030386,"ENSG00000015413/ENSG00000064300/ENSG00000066056/ENSG00000069702/ENSG00000081189/ENSG00000101280/ENSG00000105509/ENSG00000106511/ENSG00000120129/ENSG00000122592/ENSG00000123612/ENSG00000129244/ENSG00000132170/ENSG00000136826/ENSG00000136999/ENSG00000137033/ENSG00000137077/ENSG00000137872/ENSG00000138685/ENSG00000139567/ENSG00000141052/ENSG00000144339/ENSG00000161544/ENSG00000163638/ENSG00000164007/ENSG00000168329/ENSG00000173269/ENSG00000175471/ENSG00000181092/ENSG00000184113/ENSG00000189058/ENSG00000196104/ENSG00000271447",33
"GO:0106106","GO:0106106","cold-induced thermogenesis","18/644","168/21468",0.107142857142857,3.57165039929015,5.8846861024328,3.20554877764661e-06,0.000227093096216402,0.000176357905612301,"ENSG00000043591/ENSG00000104967/ENSG00000105974/ENSG00000115361/ENSG00000116016/ENSG00000116678/ENSG00000123689/ENSG00000135218/ENSG00000142611/ENSG00000165092/ENSG00000169252/ENSG00000170323/ENSG00000174697/ENSG00000176194/ENSG00000180914/ENSG00000181092/ENSG00000188778/ENSG00000221818",18
"GO:0043434","GO:0043434","response to peptide hormone","34/644","479/21468",0.0709812108559499,2.36618732089368,5.3177592008947,3.56220660303097e-06,0.000248477611356037,0.000192964875905078,"ENSG00000004799/ENSG00000036473/ENSG00000065325/ENSG00000069702/ENSG00000095637/ENSG00000105974/ENSG00000106113/ENSG00000119508/ENSG00000120156/ENSG00000120738/ENSG00000120833/ENSG00000122877/ENSG00000123358/ENSG00000123612/ENSG00000124253/ENSG00000129596/ENSG00000132170/ENSG00000133116/ENSG00000136160/ENSG00000137463/ENSG00000138039/ENSG00000140459/ENSG00000145675/ENSG00000145708/ENSG00000163884/ENSG00000170345/ENSG00000174697/ENSG00000180914/ENSG00000181092/ENSG00000181856/ENSG00000184557/ENSG00000184811/ENSG00000197891/ENSG00000204687",34
"GO:0046683","GO:0046683","response to organophosphorus","16/644","138/21468",0.115942028985507,3.86497434512557,5.93760615378757,4.02702159130615e-06,0.000276644180227002,0.0002148387116893,"ENSG00000120156/ENSG00000124253/ENSG00000125740/ENSG00000129596/ENSG00000145708/ENSG00000167588/ENSG00000169313/ENSG00000170345/ENSG00000178726/ENSG00000179094/ENSG00000180509/ENSG00000181092/ENSG00000181195/ENSG00000186642/ENSG00000187134/ENSG00000240583",16
"GO:0006814","GO:0006814","sodium ion transport","23/644","261/21468",0.0881226053639847,2.9376026272578,5.53849648504082,4.35316571494546e-06,0.000294585870918847,0.000228772023825492,"ENSG00000007314/ENSG00000018625/ENSG00000088992/ENSG00000089250/ENSG00000100191/ENSG00000100678/ENSG00000104888/ENSG00000118515/ENSG00000129244/ENSG00000136160/ENSG00000136546/ENSG00000143867/ENSG00000145283/ENSG00000146021/ENSG00000149575/ENSG00000153253/ENSG00000166257/ENSG00000168356/ENSG00000169252/ENSG00000169432/ENSG00000177098/ENSG00000179094/ENSG00000266964",23
"GO:0045444","GO:0045444","fat cell differentiation","24/644","281/21468",0.0854092526690391,2.84715191971884,5.48109811854016,4.65188549615781e-06,0.000310171306464405,0.000240875495118388,"ENSG00000043591/ENSG00000069122/ENSG00000102468/ENSG00000109906/ENSG00000119508/ENSG00000122877/ENSG00000123358/ENSG00000128016/ENSG00000130173/ENSG00000130876/ENSG00000132170/ENSG00000136244/ENSG00000136826/ENSG00000142611/ENSG00000151468/ENSG00000169252/ENSG00000170323/ENSG00000174697/ENSG00000175445/ENSG00000181092/ENSG00000181856/ENSG00000188778/ENSG00000221818/ENSG00000266524",24
"GO:0048167","GO:0048167","regulation of synaptic plasticity","22/644","244/21468",0.0901639344262295,3.00565115568679,5.54093718844823,4.84195552735067e-06,0.000318165599434897,0.00024708377176183,"ENSG00000080293/ENSG00000081189/ENSG00000092051/ENSG00000100678/ENSG00000101938/ENSG00000105894/ENSG00000106113/ENSG00000116147/ENSG00000122877/ENSG00000131095/ENSG00000137766/ENSG00000145335/ENSG00000146006/ENSG00000148053/ENSG00000158445/ENSG00000168309/ENSG00000168329/ENSG00000168824/ENSG00000175471/ENSG00000181195/ENSG00000189056/ENSG00000251322",22
"GO:0090257","GO:0090257","regulation of muscle system process","23/644","263/21468",0.0874524714828897,2.91526344378055,5.49583631661521,4.94471588634245e-06,0.000320276311838238,0.000248722926914519,"ENSG00000007314/ENSG00000017427/ENSG00000018625/ENSG00000076555/ENSG00000077157/ENSG00000089250/ENSG00000100678/ENSG00000105974/ENSG00000108823/ENSG00000115353/ENSG00000118729/ENSG00000119508/ENSG00000120907/ENSG00000123358/ENSG00000124205/ENSG00000130595/ENSG00000132170/ENSG00000134548/ENSG00000141052/ENSG00000164530/ENSG00000169252/ENSG00000180914/ENSG00000234438",23
"GO:0033555","GO:0033555","multicellular organismal response to stress","14/644","110/21468",0.127272727272727,4.24268774703557,5.99608411009654,5.37346459296418e-06,0.000343144907950699,0.000266482417545815,"ENSG00000006128/ENSG00000018625/ENSG00000043591/ENSG00000078549/ENSG00000078725/ENSG00000081189/ENSG00000089250/ENSG00000115353/ENSG00000136160/ENSG00000153253/ENSG00000168356/ENSG00000169432/ENSG00000181195/ENSG00000189056",14
"GO:0042572","GO:0042572","retinol metabolic process","11/644","69/21468",0.159420289855072,5.31433972454766,6.31231524686383,6.10377338670046e-06,0.000384368174101387,0.000298495935358378,"ENSG00000079435/ENSG00000128918/ENSG00000135437/ENSG00000138207/ENSG00000140505/ENSG00000165092/ENSG00000187758/ENSG00000196139/ENSG00000196616/ENSG00000198099/ENSG00000248144",11
"GO:0051592","GO:0051592","response to calcium ion","16/644","144/21468",0.111111111111111,3.70393374741201,5.72518453633912,7.00820767477302e-06,0.000426069819097961,0.000330880956720609,"ENSG00000015413/ENSG00000081189/ENSG00000092529/ENSG00000105974/ENSG00000118729/ENSG00000120049/ENSG00000125740/ENSG00000134200/ENSG00000145708/ENSG00000155970/ENSG00000158445/ENSG00000169760/ENSG00000170345/ENSG00000181195/ENSG00000196139/ENSG00000265972",16
"GO:0071248","GO:0071248","cellular response to metal ion","19/644","195/21468",0.0974358974358974,3.24806497849976,5.54572499778518,7.01061010346107e-06,0.000426069819097961,0.000330880956720609,"ENSG00000015413/ENSG00000081189/ENSG00000091513/ENSG00000092529/ENSG00000125740/ENSG00000140505/ENSG00000145335/ENSG00000145708/ENSG00000150672/ENSG00000153162/ENSG00000155970/ENSG00000158445/ENSG00000169760/ENSG00000170323/ENSG00000170345/ENSG00000185345/ENSG00000196139/ENSG00000205364/ENSG00000240583",19
"GO:0019229","GO:0019229","regulation of vasoconstriction","11/644","70/21468",0.157142857142857,5.23842058562555,6.24615867923202,7.04791275525961e-06,0.000426069819097961,0.000330880956720609,"ENSG00000018625/ENSG00000102468/ENSG00000105974/ENSG00000115353/ENSG00000120907/ENSG00000124205/ENSG00000126895/ENSG00000130037/ENSG00000144668/ENSG00000174697/ENSG00000180914",11
"GO:0007517","GO:0007517","muscle organ development","29/644","389/21468",0.0745501285347044,2.48515863258235,5.19839381107891,7.29886971313985e-06,0.000435435201044422,0.000338154005407933,"ENSG00000017427/ENSG00000022267/ENSG00000036448/ENSG00000052850/ENSG00000069702/ENSG00000081189/ENSG00000092529/ENSG00000101605/ENSG00000102683/ENSG00000105974/ENSG00000106511/ENSG00000108823/ENSG00000108924/ENSG00000109063/ENSG00000115593/ENSG00000120738/ENSG00000122877/ENSG00000123358/ENSG00000135424/ENSG00000141052/ENSG00000162772/ENSG00000168356/ENSG00000170345/ENSG00000170989/ENSG00000174611/ENSG00000175084/ENSG00000179388/ENSG00000184271/ENSG00000262179",29
"GO:0030048","GO:0030048","actin filament-based movement","16/644","145/21468",0.110344827586207,3.6783893767402,5.69088874945007,7.66253012588119e-06,0.000450652158805076,0.000349971321060288,"ENSG00000007314/ENSG00000018625/ENSG00000089250/ENSG00000105974/ENSG00000109063/ENSG00000130037/ENSG00000136546/ENSG00000148180/ENSG00000149575/ENSG00000153253/ENSG00000166257/ENSG00000168356/ENSG00000169432/ENSG00000169994/ENSG00000177098/ENSG00000180509",16
"GO:0050873","GO:0050873","brown fat cell differentiation","10/644","58/21468",0.172413793103448,5.74748340115656,6.36671856032744,7.8344178423534e-06,0.000450652158805076,0.000349971321060288,"ENSG00000043591/ENSG00000130876/ENSG00000142611/ENSG00000169252/ENSG00000170323/ENSG00000174697/ENSG00000181092/ENSG00000181856/ENSG00000188778/ENSG00000221818",10
"GO:0016525","GO:0016525","negative regulation of angiogenesis","18/644","179/21468",0.100558659217877,3.35216350324439,5.55728827731054,7.85212186713741e-06,0.000450652158805076,0.000349971321060288,"ENSG00000000005/ENSG00000066056/ENSG00000101280/ENSG00000106004/ENSG00000120156/ENSG00000127528/ENSG00000132170/ENSG00000135218/ENSG00000135298/ENSG00000136158/ENSG00000136826/ENSG00000142515/ENSG00000154734/ENSG00000163638/ENSG00000168329/ENSG00000169418/ENSG00000184113/ENSG00000249751",18
"GO:0022898","GO:0022898","regulation of transmembrane transporter activity","20/644","215/21468",0.0930232558139535,3.10096778853098,5.44471356156379,8.1477883728383e-06,0.000461775906030611,0.000358609896146633,"ENSG00000018625/ENSG00000022267/ENSG00000088992/ENSG00000092051/ENSG00000105974/ENSG00000118729/ENSG00000129244/ENSG00000137672/ENSG00000143867/ENSG00000145335/ENSG00000145708/ENSG00000164949/ENSG00000166257/ENSG00000169282/ENSG00000169760/ENSG00000177098/ENSG00000180509/ENSG00000186439/ENSG00000189056/ENSG00000266964",20
"GO:0043542","GO:0043542","endothelial cell migration","25/644","311/21468",0.0803858520900322,2.67969483333666,5.24722965219232,8.59429461752757e-06,0.000481068293776173,0.000373592144192719,"ENSG00000037280/ENSG00000069702/ENSG00000081189/ENSG00000101280/ENSG00000105894/ENSG00000106511/ENSG00000120156/ENSG00000123358/ENSG00000126785/ENSG00000128052/ENSG00000132170/ENSG00000136826/ENSG00000136999/ENSG00000138685/ENSG00000139567/ENSG00000162407/ENSG00000163638/ENSG00000164619/ENSG00000168874/ENSG00000171951/ENSG00000173269/ENSG00000176435/ENSG00000179388/ENSG00000179776/ENSG00000241186",25
"GO:2000181","GO:2000181","negative regulation of blood vessel morphogenesis","18/644","181/21468",0.0994475138121547,3.31512302254555,5.50050628721722,9.16445928081946e-06,0.000506727541210188,0.000393518822777164,"ENSG00000000005/ENSG00000066056/ENSG00000101280/ENSG00000106004/ENSG00000120156/ENSG00000127528/ENSG00000132170/ENSG00000135218/ENSG00000135298/ENSG00000136158/ENSG00000136826/ENSG00000142515/ENSG00000154734/ENSG00000163638/ENSG00000168329/ENSG00000169418/ENSG00000184113/ENSG00000249751",18
"GO:0048659","GO:0048659","smooth muscle cell proliferation","19/644","199/21468",0.0954773869346734,3.18277724023846,5.44012593740027,9.40006941016347e-06,0.000513492948261219,0.000398772760646757,"ENSG00000017427/ENSG00000064989/ENSG00000081189/ENSG00000115252/ENSG00000115353/ENSG00000119508/ENSG00000132170/ENSG00000136244/ENSG00000136826/ENSG00000136999/ENSG00000138685/ENSG00000141052/ENSG00000145675/ENSG00000154734/ENSG00000169418/ENSG00000170962/ENSG00000170989/ENSG00000181092/ENSG00000189058",19
"GO:0062012","GO:0062012","regulation of small molecule metabolic process","28/644","374/21468",0.0748663101604278,2.49569867472681,5.13153119527685,9.6711214867417e-06,0.000522010295486748,0.000405387235252519,"ENSG00000004799/ENSG00000009950/ENSG00000017427/ENSG00000076555/ENSG00000078549/ENSG00000084674/ENSG00000094963/ENSG00000095637/ENSG00000102468/ENSG00000105974/ENSG00000113580/ENSG00000115361/ENSG00000116678/ENSG00000118432/ENSG00000120738/ENSG00000132170/ENSG00000138039/ENSG00000138135/ENSG00000145335/ENSG00000153162/ENSG00000164849/ENSG00000167588/ENSG00000167910/ENSG00000174697/ENSG00000181092/ENSG00000185345/ENSG00000196139/ENSG00000198570",28
"GO:0032835","GO:0032835","glomerulus development","11/644","73/21468",0.150684931506849,5.02314302731218,6.05504383365462,1.06847483558223e-05,0.000567022153264322,0.000440342930065042,"ENSG00000081189/ENSG00000120156/ENSG00000120738/ENSG00000136160/ENSG00000143867/ENSG00000163884/ENSG00000170962/ENSG00000174059/ENSG00000181092/ENSG00000240583/ENSG00000261371",11
"GO:0045229","GO:0045229","external encapsulating structure organization","29/644","397/21468",0.0730478589420655,2.43507986920538,5.07545856292655,1.07551621483749e-05,0.000567022153264322,0.000440342930065042,"ENSG00000065618/ENSG00000066056/ENSG00000069702/ENSG00000090006/ENSG00000092009/ENSG00000100448/ENSG00000105509/ENSG00000105974/ENSG00000116147/ENSG00000131095/ENSG00000132170/ENSG00000132561/ENSG00000133392/ENSG00000134917/ENSG00000136244/ENSG00000140873/ENSG00000154175/ENSG00000154734/ENSG00000163638/ENSG00000164318/ENSG00000166482/ENSG00000168477/ENSG00000171819/ENSG00000172987/ENSG00000187955/ENSG00000197565/ENSG00000197915/ENSG00000205221/ENSG00000271447",29
"GO:0009914","GO:0009914","hormone transport","28/644","378/21468",0.0740740740740741,2.46928916494134,5.06828957620315,1.17745675381832e-05,0.000613630910553136,0.000476538758804876,"ENSG00000053438/ENSG00000090006/ENSG00000115353/ENSG00000118432/ENSG00000119147/ENSG00000123612/ENSG00000124205/ENSG00000130037/ENSG00000132170/ENSG00000136244/ENSG00000136999/ENSG00000138207/ENSG00000139155/ENSG00000145242/ENSG00000145708/ENSG00000146469/ENSG00000153162/ENSG00000158445/ENSG00000164220/ENSG00000166573/ENSG00000173175/ENSG00000174697/ENSG00000174804/ENSG00000181092/ENSG00000182782/ENSG00000185345/ENSG00000240583/ENSG00000272636",28
"GO:0042445","GO:0042445","hormone metabolic process","23/644","279/21468",0.0824372759856631,2.74807987711214,5.16838287621969,1.30322797687116e-05,0.00067145859626521,0.000521447079262444,"ENSG00000079435/ENSG00000092009/ENSG00000100448/ENSG00000113580/ENSG00000120738/ENSG00000128918/ENSG00000135437/ENSG00000136160/ENSG00000138039/ENSG00000138207/ENSG00000139155/ENSG00000140459/ENSG00000140505/ENSG00000151632/ENSG00000153162/ENSG00000165092/ENSG00000174697/ENSG00000187134/ENSG00000187758/ENSG00000196139/ENSG00000196616/ENSG00000198099/ENSG00000248144",23
"GO:0031960","GO:0031960","response to corticosteroid","17/644","169/21468",0.100591715976331,3.35326546363336,5.40108734934461,1.38907201448901e-05,0.000707646349853168,0.000549550075513395,"ENSG00000004948/ENSG00000113580/ENSG00000118515/ENSG00000119138/ENSG00000124253/ENSG00000125740/ENSG00000126545/ENSG00000128016/ENSG00000129596/ENSG00000136244/ENSG00000153162/ENSG00000168309/ENSG00000170345/ENSG00000175899/ENSG00000181092/ENSG00000196139/ENSG00000240583",17
"GO:0002040","GO:0002040","sprouting angiogenesis","19/644","205/21468",0.0926829268292683,3.0896227844266,5.28663211913277,1.43678893238571e-05,0.000723822335492981,0.000562112161266692,"ENSG00000037280/ENSG00000064300/ENSG00000069702/ENSG00000106511/ENSG00000120156/ENSG00000123358/ENSG00000126785/ENSG00000127528/ENSG00000128052/ENSG00000136826/ENSG00000138685/ENSG00000139567/ENSG00000163638/ENSG00000164619/ENSG00000165197/ENSG00000173269/ENSG00000176435/ENSG00000179388/ENSG00000241186",19
"GO:0014074","GO:0014074","response to purine-containing compound","16/644","153/21468",0.104575163398693,3.48605529168189,5.42700678604503,1.51948780500887e-05,0.000757072275594527,0.000587933685107537,"ENSG00000118729/ENSG00000120156/ENSG00000124253/ENSG00000125740/ENSG00000129596/ENSG00000145708/ENSG00000167588/ENSG00000169313/ENSG00000170345/ENSG00000178726/ENSG00000179094/ENSG00000180509/ENSG00000181092/ENSG00000181195/ENSG00000186642/ENSG00000240583",16
"GO:0032412","GO:0032412","regulation of monoatomic ion transmembrane transporter activity","19/644","206/21468",0.0922330097087379,3.07462461557016,5.26159739795729,1.53935886837557e-05,0.00075863620752335,0.000589148216786758,"ENSG00000018625/ENSG00000022267/ENSG00000088992/ENSG00000092051/ENSG00000105974/ENSG00000118729/ENSG00000129244/ENSG00000137672/ENSG00000143867/ENSG00000145708/ENSG00000164949/ENSG00000166257/ENSG00000169282/ENSG00000169760/ENSG00000177098/ENSG00000180509/ENSG00000186439/ENSG00000189056/ENSG00000266964",19
"GO:0007612","GO:0007612","learning","17/644","171/21468",0.0994152046783626,3.31404598452653,5.34265780863078,1.62141931153938e-05,0.000787218673127031,0.000611345033224971,"ENSG00000018625/ENSG00000092051/ENSG00000100678/ENSG00000101349/ENSG00000102468/ENSG00000105894/ENSG00000115353/ENSG00000116147/ENSG00000123360/ENSG00000135298/ENSG00000148053/ENSG00000170345/ENSG00000181656/ENSG00000184113/ENSG00000185345/ENSG00000189056/ENSG00000251322",17
"GO:0010959","GO:0010959","regulation of metal ion transport","31/644","449/21468",0.0690423162583519,2.30155348669922,4.90146267285549,1.64566434206535e-05,0.000787218673127031,0.000611345033224971,"ENSG00000018625/ENSG00000022267/ENSG00000078549/ENSG00000088992/ENSG00000089250/ENSG00000091513/ENSG00000092051/ENSG00000092529/ENSG00000102468/ENSG00000105974/ENSG00000118729/ENSG00000120049/ENSG00000123560/ENSG00000124205/ENSG00000129244/ENSG00000130037/ENSG00000137672/ENSG00000138039/ENSG00000143867/ENSG00000145335/ENSG00000149575/ENSG00000164949/ENSG00000166257/ENSG00000169252/ENSG00000169282/ENSG00000177098/ENSG00000179094/ENSG00000180509/ENSG00000182132/ENSG00000186439/ENSG00000266964",31
"GO:0060048","GO:0060048","cardiac muscle contraction","16/644","154/21468",0.103896103896104,3.46341856900863,5.39526306070191,1.64944362476991e-05,0.000787218673127031,0.000611345033224971,"ENSG00000007314/ENSG00000018625/ENSG00000089250/ENSG00000105974/ENSG00000118729/ENSG00000120907/ENSG00000130037/ENSG00000136546/ENSG00000148180/ENSG00000149575/ENSG00000153253/ENSG00000166257/ENSG00000168356/ENSG00000169432/ENSG00000177098/ENSG00000180509",16
"GO:1902895","GO:1902895","positive regulation of miRNA transcription","10/644","63/21468",0.158730158730159,5.2913339248743,5.99862209521074,1.67713572814144e-05,0.000792097228270133,0.000615133663446613,"ENSG00000064300/ENSG00000113580/ENSG00000120738/ENSG00000132170/ENSG00000136244/ENSG00000136826/ENSG00000138685/ENSG00000141052/ENSG00000168874/ENSG00000170345",10
"GO:0032232","GO:0032232","negative regulation of actin filament bundle assembly","8/644","39/21468",0.205128205128205,6.83803153368371,6.41718148557715,1.69702343307864e-05,0.000793227241812222,0.000616011219061101,"ENSG00000034971/ENSG00000047648/ENSG00000103647/ENSG00000144339/ENSG00000145675/ENSG00000170989/ENSG00000185345/ENSG00000251322",8
"GO:0042310","GO:0042310","vasoconstriction","12/644","91/21468",0.131868131868132,4.39587741451095,5.70881351315781,1.73841356944509e-05,0.000799649609758916,0.000620998756679027,"ENSG00000018625/ENSG00000102468/ENSG00000105974/ENSG00000115353/ENSG00000120907/ENSG00000124205/ENSG00000126895/ENSG00000130037/ENSG00000136160/ENSG00000144668/ENSG00000174697/ENSG00000180914",12
"GO:1901888","GO:1901888","regulation of cell junction assembly","24/644","304/21468",0.0789473684210526,2.63174239947695,5.03890357945714,1.74603686294955e-05,0.000799649609758916,0.000620998756679027,"ENSG00000034971/ENSG00000047648/ENSG00000081189/ENSG00000105974/ENSG00000120156/ENSG00000121871/ENSG00000128052/ENSG00000131409/ENSG00000135298/ENSG00000139567/ENSG00000145335/ENSG00000146006/ENSG00000148053/ENSG00000158301/ENSG00000164007/ENSG00000165379/ENSG00000168309/ENSG00000169760/ENSG00000173114/ENSG00000180914/ENSG00000184113/ENSG00000185985/ENSG00000189058/ENSG00000198844",24
"GO:0042180","GO:0042180","cellular ketone metabolic process","21/644","246/21468",0.0853658536585366,2.8457051961824,5.12015687745256,1.82293849634933e-05,0.000826520314244786,0.000641866238977737,"ENSG00000004799/ENSG00000009950/ENSG00000076555/ENSG00000094963/ENSG00000105974/ENSG00000115361/ENSG00000118432/ENSG00000120738/ENSG00000132170/ENSG00000136160/ENSG00000140459/ENSG00000145335/ENSG00000151632/ENSG00000153162/ENSG00000167588/ENSG00000167910/ENSG00000181092/ENSG00000187134/ENSG00000196139/ENSG00000198075/ENSG00000198099",21
"GO:0046879","GO:0046879","hormone secretion","27/644","367/21468",0.0735694822888283,2.45246839406299,4.93554071047387,1.89706378691826e-05,0.000851612595038355,0.000661352617742739,"ENSG00000053438/ENSG00000090006/ENSG00000115353/ENSG00000118432/ENSG00000119147/ENSG00000123612/ENSG00000124205/ENSG00000130037/ENSG00000132170/ENSG00000136244/ENSG00000136999/ENSG00000138207/ENSG00000145242/ENSG00000145708/ENSG00000146469/ENSG00000153162/ENSG00000158445/ENSG00000164220/ENSG00000166573/ENSG00000173175/ENSG00000174697/ENSG00000174804/ENSG00000181092/ENSG00000182782/ENSG00000185345/ENSG00000240583/ENSG00000272636",27
"GO:0045778","GO:0045778","positive regulation of ossification","10/644","64/21468",0.15625,5.20865683229814,5.92969786753561,1.93493058955247e-05,0.000860095616963814,0.000667940435712385,"ENSG00000081189/ENSG00000105894/ENSG00000109906/ENSG00000115353/ENSG00000133116/ENSG00000136999/ENSG00000143867/ENSG00000153162/ENSG00000162878/ENSG00000169252",10
"GO:0031589","GO:0031589","cell-substrate adhesion","29/644","410/21468",0.0707317073170732,2.35787001969399,4.88189125981936,1.96611004090196e-05,0.000863381843241279,0.000670492481517906,"ENSG00000034971/ENSG00000047648/ENSG00000065618/ENSG00000072163/ENSG00000095637/ENSG00000103647/ENSG00000110799/ENSG00000120156/ENSG00000122592/ENSG00000128052/ENSG00000129244/ENSG00000133800/ENSG00000135218/ENSG00000135424/ENSG00000136114/ENSG00000137077/ENSG00000139567/ENSG00000144668/ENSG00000145675/ENSG00000154175/ENSG00000163638/ENSG00000164318/ENSG00000164946/ENSG00000168309/ENSG00000168477/ENSG00000174059/ENSG00000174804/ENSG00000189058/ENSG00000205221",29
"GO:0034765","GO:0034765","regulation of monoatomic ion transmembrane transport","27/644","368/21468",0.0733695652173913,2.44580407777478,4.91970046081405,1.99063782186852e-05,0.000863381843241279,0.000670492481517906,"ENSG00000018625/ENSG00000022267/ENSG00000078549/ENSG00000088992/ENSG00000089250/ENSG00000092051/ENSG00000092529/ENSG00000105974/ENSG00000118729/ENSG00000120049/ENSG00000123560/ENSG00000124205/ENSG00000129244/ENSG00000137672/ENSG00000138039/ENSG00000143867/ENSG00000145335/ENSG00000153822/ENSG00000164949/ENSG00000166257/ENSG00000169282/ENSG00000177098/ENSG00000180509/ENSG00000182132/ENSG00000186439/ENSG00000189056/ENSG00000266964",27
"GO:0046890","GO:0046890","regulation of lipid biosynthetic process","19/644","210/21468",0.0904761904761905,3.01606033717835,5.16295697521538,2.01849306095226e-05,0.000863381843241279,0.000670492481517906,"ENSG00000004799/ENSG00000009950/ENSG00000069122/ENSG00000084674/ENSG00000095637/ENSG00000102468/ENSG00000113580/ENSG00000115361/ENSG00000120738/ENSG00000124253/ENSG00000138039/ENSG00000141431/ENSG00000151468/ENSG00000153162/ENSG00000164849/ENSG00000167910/ENSG00000170509/ENSG00000174697/ENSG00000196139",19
"GO:0050806","GO:0050806","positive regulation of synaptic transmission","19/644","210/21468",0.0904761904761905,3.01606033717835,5.16295697521538,2.01849306095226e-05,0.000863381843241279,0.000670492481517906,"ENSG00000100678/ENSG00000105894/ENSG00000106113/ENSG00000115353/ENSG00000116147/ENSG00000120907/ENSG00000130876/ENSG00000131095/ENSG00000145335/ENSG00000146006/ENSG00000148053/ENSG00000155970/ENSG00000168309/ENSG00000168329/ENSG00000168824/ENSG00000169760/ENSG00000180914/ENSG00000189056/ENSG00000251322",19
"GO:0050920","GO:0050920","regulation of chemotaxis","21/644","249/21468",0.0843373493975904,2.81141959140911,5.05595048377689,2.18632939866494e-05,0.000926431541452976,0.000719456157258655,"ENSG00000104967/ENSG00000105894/ENSG00000117525/ENSG00000120129/ENSG00000124205/ENSG00000128052/ENSG00000136244/ENSG00000136999/ENSG00000137077/ENSG00000138685/ENSG00000140538/ENSG00000154134/ENSG00000165197/ENSG00000168329/ENSG00000169313/ENSG00000170962/ENSG00000170989/ENSG00000171951/ENSG00000180383/ENSG00000221866/ENSG00000271447",21
"GO:0072012","GO:0072012","glomerulus vasculature development","7/644","30/21468",0.233333333333333,7.77826086956522,6.53331063078153,2.36004174574075e-05,0.000990780488443386,0.000769428814766356,"ENSG00000120156/ENSG00000120738/ENSG00000143867/ENSG00000170962/ENSG00000174059/ENSG00000240583/ENSG00000261371",7
"GO:0034767","GO:0034767","positive regulation of monoatomic ion transmembrane transport","16/644","159/21468",0.10062893081761,3.35450603539201,5.24038711053607,2.45909033565875e-05,0.00102289133778686,0.00079436573373042,"ENSG00000078549/ENSG00000088992/ENSG00000089250/ENSG00000092529/ENSG00000105974/ENSG00000120049/ENSG00000123560/ENSG00000124205/ENSG00000129244/ENSG00000137672/ENSG00000138039/ENSG00000145335/ENSG00000180509/ENSG00000186439/ENSG00000189056/ENSG00000266964",16
"GO:0030198","GO:0030198","extracellular matrix organization","28/644","394/21468",0.0710659898477157,2.36901346281174,4.8231289838426,2.50334745630165e-05,0.00103183430607924,0.000801310740797036,"ENSG00000065618/ENSG00000066056/ENSG00000069702/ENSG00000090006/ENSG00000092009/ENSG00000100448/ENSG00000105509/ENSG00000105974/ENSG00000116147/ENSG00000131095/ENSG00000132170/ENSG00000132561/ENSG00000133392/ENSG00000134917/ENSG00000136244/ENSG00000140873/ENSG00000154175/ENSG00000154734/ENSG00000163638/ENSG00000164318/ENSG00000166482/ENSG00000168477/ENSG00000171819/ENSG00000172987/ENSG00000187955/ENSG00000197565/ENSG00000205221/ENSG00000271447",28
"GO:0048660","GO:0048660","regulation of smooth muscle cell proliferation","18/644","195/21468",0.0923076923076923,3.07711419015767,5.12400851300078,2.53425580722911e-05,0.0010351635882862,0.000803896223345793,"ENSG00000017427/ENSG00000064989/ENSG00000081189/ENSG00000115252/ENSG00000115353/ENSG00000119508/ENSG00000132170/ENSG00000136244/ENSG00000136826/ENSG00000138685/ENSG00000141052/ENSG00000145675/ENSG00000154734/ENSG00000169418/ENSG00000170962/ENSG00000170989/ENSG00000181092/ENSG00000189058",18
"GO:0043062","GO:0043062","extracellular structure organization","28/644","395/21468",0.0708860759493671,2.36301596037424,4.80820349495333,2.61977237882097e-05,0.00106053999692627,0.000823603252552268,"ENSG00000065618/ENSG00000066056/ENSG00000069702/ENSG00000090006/ENSG00000092009/ENSG00000100448/ENSG00000105509/ENSG00000105974/ENSG00000116147/ENSG00000131095/ENSG00000132170/ENSG00000132561/ENSG00000133392/ENSG00000134917/ENSG00000136244/ENSG00000140873/ENSG00000154175/ENSG00000154734/ENSG00000163638/ENSG00000164318/ENSG00000166482/ENSG00000168477/ENSG00000171819/ENSG00000172987/ENSG00000187955/ENSG00000197565/ENSG00000205221/ENSG00000271447",28
"GO:0006939","GO:0006939","smooth muscle contraction","13/644","111/21468",0.117117117117117,3.90414638240725,5.39456465864937,2.86296255943163e-05,0.00114873205703213,0.000892092199468916,"ENSG00000018625/ENSG00000102468/ENSG00000105974/ENSG00000115353/ENSG00000120907/ENSG00000124205/ENSG00000133392/ENSG00000134548/ENSG00000136160/ENSG00000141052/ENSG00000168356/ENSG00000169252/ENSG00000180914",13
"GO:0033002","GO:0033002","muscle cell proliferation","22/644","274/21468",0.0802919708029197,2.67656526272839,4.91174502937565,2.99683275050881e-05,0.00119189821849184,0.000925614547594827,"ENSG00000017427/ENSG00000064989/ENSG00000069702/ENSG00000081189/ENSG00000115252/ENSG00000115353/ENSG00000119508/ENSG00000132170/ENSG00000136244/ENSG00000136826/ENSG00000136999/ENSG00000138207/ENSG00000138685/ENSG00000141052/ENSG00000145675/ENSG00000154734/ENSG00000169418/ENSG00000170345/ENSG00000170962/ENSG00000170989/ENSG00000181092/ENSG00000189058",22
"GO:0045833","GO:0045833","negative regulation of lipid metabolic process","14/644","128/21468",0.109375,3.6460597826087,5.28024365740906,3.10204344146643e-05,0.00122301434466163,0.000949778975899789,"ENSG00000076555/ENSG00000094963/ENSG00000111405/ENSG00000115361/ENSG00000118432/ENSG00000138135/ENSG00000141431/ENSG00000151468/ENSG00000167910/ENSG00000176194/ENSG00000182782/ENSG00000187288/ENSG00000189058/ENSG00000196139",14
"GO:0150115","GO:0150115","cell-substrate junction organization","13/644","112/21468",0.116071428571429,3.86928793256433,5.3538934187087,3.15156673105847e-05,0.00122746198496027,0.000953232962573328,"ENSG00000034971/ENSG00000047648/ENSG00000065618/ENSG00000095637/ENSG00000103647/ENSG00000120156/ENSG00000128052/ENSG00000136114/ENSG00000139567/ENSG00000145675/ENSG00000151914/ENSG00000168309/ENSG00000189058",13
"GO:0007613","GO:0007613","memory","15/644","145/21468",0.103448275862069,3.44849004069394,5.2024117728112,3.16746917160016e-05,0.00122746198496027,0.000953232962573328,"ENSG00000078725/ENSG00000100433/ENSG00000100678/ENSG00000101349/ENSG00000102468/ENSG00000105894/ENSG00000115353/ENSG00000118432/ENSG00000118515/ENSG00000168329/ENSG00000170345/ENSG00000180914/ENSG00000181856/ENSG00000189056/ENSG00000251322",15
"GO:0006937","GO:0006937","regulation of muscle contraction","17/644","181/21468",0.0939226519337017,3.13094952129302,5.06292802821634,3.38552006357935e-05,0.00130084304815837,0.0010102198584008,"ENSG00000007314/ENSG00000018625/ENSG00000077157/ENSG00000089250/ENSG00000100678/ENSG00000105974/ENSG00000115353/ENSG00000118729/ENSG00000120907/ENSG00000123358/ENSG00000124205/ENSG00000130595/ENSG00000134548/ENSG00000141052/ENSG00000169252/ENSG00000180914/ENSG00000234438",17
"GO:0007588","GO:0007588","excretion","7/644","32/21468",0.21875,7.29211956521739,6.2639259630763,3.70377064561097e-05,0.00138784265348761,0.00107778275855317,"ENSG00000115353/ENSG00000118777/ENSG00000134548/ENSG00000136160/ENSG00000168356/ENSG00000169418/ENSG00000197891",7
"GO:0061437","GO:0061437","renal system vasculature development","7/644","32/21468",0.21875,7.29211956521739,6.2639259630763,3.70377064561097e-05,0.00138784265348761,0.00107778275855317,"ENSG00000120156/ENSG00000120738/ENSG00000143867/ENSG00000170962/ENSG00000174059/ENSG00000240583/ENSG00000261371",7
"GO:0061440","GO:0061440","kidney vasculature development","7/644","32/21468",0.21875,7.29211956521739,6.2639259630763,3.70377064561097e-05,0.00138784265348761,0.00107778275855317,"ENSG00000120156/ENSG00000120738/ENSG00000143867/ENSG00000170962/ENSG00000174059/ENSG00000240583/ENSG00000261371",7
"GO:0002028","GO:0002028","regulation of sodium ion transport","11/644","84/21468",0.130952380952381,4.3653504880213,5.43465532252088,4.1402758417105e-05,0.00153868939887831,0.00119492861868176,"ENSG00000018625/ENSG00000088992/ENSG00000089250/ENSG00000129244/ENSG00000143867/ENSG00000149575/ENSG00000166257/ENSG00000169252/ENSG00000177098/ENSG00000179094/ENSG00000266964",11
"GO:0036293","GO:0036293","response to decreased oxygen levels","26/644","364/21468",0.0714285714285714,2.38110026619343,4.67347631421629,4.43998395254769e-05,0.00163500184682126,0.00126972376607553,"ENSG00000069702/ENSG00000089250/ENSG00000100678/ENSG00000101280/ENSG00000105974/ENSG00000109610/ENSG00000116016/ENSG00000120156/ENSG00000120738/ENSG00000124253/ENSG00000124440/ENSG00000130037/ENSG00000132170/ENSG00000137463/ENSG00000139567/ENSG00000141052/ENSG00000161544/ENSG00000165197/ENSG00000170345/ENSG00000174697/ENSG00000174804/ENSG00000180914/ENSG00000181092/ENSG00000181195/ENSG00000181856/ENSG00000240583",26
"GO:0120254","GO:0120254","olefinic compound metabolic process","17/644","185/21468",0.0918918918918919,3.06325331542723,4.95642487139898,4.4715533525769e-05,0.00163500184682126,0.00126972376607553,"ENSG00000079435/ENSG00000120738/ENSG00000128918/ENSG00000135437/ENSG00000136160/ENSG00000138207/ENSG00000140459/ENSG00000140505/ENSG00000151632/ENSG00000153162/ENSG00000165092/ENSG00000187134/ENSG00000187758/ENSG00000196139/ENSG00000196616/ENSG00000198099/ENSG00000248144",17
"GO:0007160","GO:0007160","cell-matrix adhesion","22/644","282/21468",0.0780141843971631,2.60063433328928,4.75815661374046,4.63056066327282e-05,0.00167959696378232,0.00130435582472822,"ENSG00000034971/ENSG00000047648/ENSG00000065618/ENSG00000095637/ENSG00000103647/ENSG00000120156/ENSG00000122592/ENSG00000128052/ENSG00000133800/ENSG00000135218/ENSG00000135424/ENSG00000136114/ENSG00000137077/ENSG00000139567/ENSG00000144668/ENSG00000145675/ENSG00000163638/ENSG00000164946/ENSG00000168309/ENSG00000168477/ENSG00000174059/ENSG00000189058",22
"GO:0048469","GO:0048469","cell maturation","19/644","224/21468",0.0848214285714286,2.8275565661047,4.83529777980408,4.92125051255499e-05,0.00177086903364479,0.00137523667205484,"ENSG00000034971/ENSG00000074660/ENSG00000106004/ENSG00000106852/ENSG00000116016/ENSG00000120049/ENSG00000127528/ENSG00000128052/ENSG00000130173/ENSG00000132170/ENSG00000135298/ENSG00000136160/ENSG00000137077/ENSG00000153902/ENSG00000158445/ENSG00000162367/ENSG00000166947/ENSG00000180509/ENSG00000186417",19
"GO:0002027","GO:0002027","regulation of heart rate","13/644","117/21468",0.111111111111111,3.70393374741201,5.15734757222522,5.00874680349439e-05,0.00178816204779871,0.00138866622939815,"ENSG00000043591/ENSG00000105974/ENSG00000116016/ENSG00000118729/ENSG00000120907/ENSG00000124205/ENSG00000130037/ENSG00000134548/ENSG00000136160/ENSG00000149575/ENSG00000166257/ENSG00000177098/ENSG00000180509",13
"GO:0097529","GO:0097529","myeloid leukocyte migration","22/644","284/21468",0.0774647887323944,2.58232000699851,4.7205873667735,5.14714051236655e-05,0.00182321367836484,0.00141588692548241,"ENSG00000015413/ENSG00000081041/ENSG00000100448/ENSG00000120129/ENSG00000124205/ENSG00000136160/ENSG00000136244/ENSG00000136999/ENSG00000137077/ENSG00000144668/ENSG00000145675/ENSG00000165197/ENSG00000168329/ENSG00000169313/ENSG00000170962/ENSG00000171951/ENSG00000173432/ENSG00000180383/ENSG00000261371/ENSG00000271447/ENSG00000275152/ENSG00000276409",22
"GO:0046883","GO:0046883","regulation of hormone secretion","23/644","305/21468",0.0754098360655738,2.51381733021077,4.68253800265768,5.30706435880341e-05,0.00186528913200114,0.00144856224236617,"ENSG00000053438/ENSG00000115353/ENSG00000118432/ENSG00000119147/ENSG00000123612/ENSG00000124205/ENSG00000130037/ENSG00000132170/ENSG00000136244/ENSG00000136999/ENSG00000138207/ENSG00000145242/ENSG00000145708/ENSG00000153162/ENSG00000158445/ENSG00000164220/ENSG00000166573/ENSG00000173175/ENSG00000174697/ENSG00000181092/ENSG00000182782/ENSG00000185345/ENSG00000272636",23
"GO:0051965","GO:0051965","positive regulation of synapse assembly","10/644","72/21468",0.138888888888889,4.62991718426501,5.42554293600783,5.52407844175188e-05,0.00192388761262306,0.00149406915334992,"ENSG00000121871/ENSG00000131409/ENSG00000135298/ENSG00000146006/ENSG00000148053/ENSG00000158301/ENSG00000169760/ENSG00000173114/ENSG00000180914/ENSG00000185985",10
"GO:0030212","GO:0030212","hyaluronan metabolic process","7/644","34/21468",0.205882352941176,6.86317135549872,6.01681926960799,5.61932138086296e-05,0.00192388761262306,0.00149406915334992,"ENSG00000105509/ENSG00000114378/ENSG00000123243/ENSG00000133800/ENSG00000136011/ENSG00000138685/ENSG00000162267",7
"GO:0045777","GO:0045777","positive regulation of blood pressure","7/644","34/21468",0.205882352941176,6.86317135549872,6.01681926960799,5.61932138086296e-05,0.00192388761262306,0.00149406915334992,"ENSG00000043591/ENSG00000115353/ENSG00000118432/ENSG00000120907/ENSG00000126895/ENSG00000134548/ENSG00000180914",7
"GO:0001666","GO:0001666","response to hypoxia","25/644","348/21468",0.0718390804597701,2.3947847504819,4.61313739739755,5.64351681691369e-05,0.00192388761262306,0.00149406915334992,"ENSG00000069702/ENSG00000089250/ENSG00000100678/ENSG00000101280/ENSG00000105974/ENSG00000109610/ENSG00000116016/ENSG00000120156/ENSG00000120738/ENSG00000124253/ENSG00000124440/ENSG00000130037/ENSG00000132170/ENSG00000137463/ENSG00000139567/ENSG00000141052/ENSG00000161544/ENSG00000165197/ENSG00000170345/ENSG00000174697/ENSG00000174804/ENSG00000181092/ENSG00000181195/ENSG00000181856/ENSG00000240583",25
"GO:0016042","GO:0016042","lipid catabolic process","27/644","392/21468",0.0688775510204082,2.29606097097224,4.55429235003381,5.9452519982104e-05,0.00200952084009893,0.00156057094006243,"ENSG00000015413/ENSG00000067113/ENSG00000074660/ENSG00000076555/ENSG00000079435/ENSG00000084674/ENSG00000111405/ENSG00000114771/ENSG00000115361/ENSG00000118432/ENSG00000124253/ENSG00000136960/ENSG00000139151/ENSG00000140505/ENSG00000162407/ENSG00000166819/ENSG00000167910/ENSG00000174697/ENSG00000175445/ENSG00000176194/ENSG00000181092/ENSG00000182782/ENSG00000182836/ENSG00000187288/ENSG00000188257/ENSG00000196139/ENSG00000277494",27
"GO:1905954","GO:1905954","positive regulation of lipid localization","13/644","119/21468",0.109243697478992,3.64168276006055,5.0817337642303,5.98335494956672e-05,0.00200952084009893,0.00156057094006243,"ENSG00000076555/ENSG00000084674/ENSG00000105974/ENSG00000119147/ENSG00000132170/ENSG00000135218/ENSG00000141338/ENSG00000153162/ENSG00000153246/ENSG00000166573/ENSG00000175445/ENSG00000176194/ENSG00000181092",13
"GO:2000630","GO:2000630","positive regulation of miRNA metabolic process","10/644","73/21468",0.136986301369863,4.56649366119289,5.36776229539169,6.23131710939788e-05,0.00207010768540054,0.00160762199235363,"ENSG00000064300/ENSG00000113580/ENSG00000120738/ENSG00000132170/ENSG00000136244/ENSG00000136826/ENSG00000138685/ENSG00000141052/ENSG00000168874/ENSG00000170345",10
"GO:0030856","GO:0030856","regulation of epithelial cell differentiation","17/644","190/21468",0.0894736842105263,2.98264138607388,4.82727566215762,6.25506733347758e-05,0.00207010768540054,0.00160762199235363,"ENSG00000073282/ENSG00000105974/ENSG00000117425/ENSG00000122592/ENSG00000128016/ENSG00000136158/ENSG00000138685/ENSG00000139567/ENSG00000143867/ENSG00000153162/ENSG00000164056/ENSG00000166292/ENSG00000168874/ENSG00000178878/ENSG00000179776/ENSG00000184113/ENSG00000204301",17
"GO:0051962","GO:0051962","positive regulation of nervous system development","24/644","330/21468",0.0727272727272727,2.42439299830604,4.58565510551464,6.52070933140446e-05,0.00212697094306387,0.00165178134900022,"ENSG00000080166/ENSG00000105894/ENSG00000108381/ENSG00000121871/ENSG00000122877/ENSG00000131095/ENSG00000131409/ENSG00000135298/ENSG00000136244/ENSG00000137033/ENSG00000138685/ENSG00000146006/ENSG00000148053/ENSG00000158301/ENSG00000167178/ENSG00000168329/ENSG00000169760/ENSG00000173114/ENSG00000174804/ENSG00000180914/ENSG00000185985/ENSG00000189056/ENSG00000221866/ENSG00000251322",24
"GO:1904062","GO:1904062","regulation of monoatomic cation transmembrane transport","24/644","330/21468",0.0727272727272727,2.42439299830604,4.58565510551464,6.52070933140446e-05,0.00212697094306387,0.00165178134900022,"ENSG00000018625/ENSG00000022267/ENSG00000078549/ENSG00000088992/ENSG00000089250/ENSG00000092051/ENSG00000092529/ENSG00000105974/ENSG00000118729/ENSG00000120049/ENSG00000123560/ENSG00000124205/ENSG00000129244/ENSG00000138039/ENSG00000143867/ENSG00000145335/ENSG00000164949/ENSG00000166257/ENSG00000169282/ENSG00000177098/ENSG00000180509/ENSG00000182132/ENSG00000186439/ENSG00000266964",24
"GO:0048008","GO:0048008","platelet-derived growth factor receptor signaling pathway","9/644","60/21468",0.15,5.00031055900621,5.45667163295475,7.01359984258002e-05,0.00227140440616127,0.00176394672732558,"ENSG00000117525/ENSG00000119508/ENSG00000141052/ENSG00000144655/ENSG00000145335/ENSG00000170962/ENSG00000181092/ENSG00000189058/ENSG00000265972",9
"GO:0001523","GO:0001523","retinoid metabolic process","12/644","105/21468",0.114285714285714,3.80976042590949,5.07550611030105,7.34778394141272e-05,0.00234611636551868,0.00182196718191442,"ENSG00000079435/ENSG00000128918/ENSG00000135437/ENSG00000138207/ENSG00000140505/ENSG00000165092/ENSG00000187134/ENSG00000187758/ENSG00000196139/ENSG00000196616/ENSG00000198099/ENSG00000248144",12
"GO:0007044","GO:0007044","cell-substrate junction assembly","12/644","105/21468",0.114285714285714,3.80976042590949,5.07550611030105,7.34778394141272e-05,0.00234611636551868,0.00182196718191442,"ENSG00000034971/ENSG00000047648/ENSG00000065618/ENSG00000095637/ENSG00000103647/ENSG00000120156/ENSG00000128052/ENSG00000136114/ENSG00000139567/ENSG00000151914/ENSG00000168309/ENSG00000189058",12
"GO:0030278","GO:0030278","regulation of ossification","14/644","139/21468",0.100719424460432,3.35752267751017,4.90370760299267,7.72959587063565e-05,0.00243833875179393,0.00189358603411666,"ENSG00000004948/ENSG00000081189/ENSG00000105894/ENSG00000109906/ENSG00000115353/ENSG00000122877/ENSG00000133116/ENSG00000136999/ENSG00000143867/ENSG00000153162/ENSG00000162878/ENSG00000169252/ENSG00000170989/ENSG00000266524",14
"GO:0031649","GO:0031649","heat generation","6/644","25/21468",0.24,8.00049689440994,6.15889263194071,7.7441724803336e-05,0.00243833875179393,0.00189358603411666,"ENSG00000043591/ENSG00000102468/ENSG00000118432/ENSG00000136160/ENSG00000169252/ENSG00000188778",6
"GO:0045471","GO:0045471","response to ethanol","15/644","157/21468",0.0955414012738854,3.18491118408039,4.83201455365932,7.96218334899419e-05,0.00248969236581653,0.00193346666442,"ENSG00000078549/ENSG00000108342/ENSG00000115353/ENSG00000118432/ENSG00000125740/ENSG00000129596/ENSG00000138685/ENSG00000145708/ENSG00000167910/ENSG00000170345/ENSG00000174697/ENSG00000181092/ENSG00000181195/ENSG00000181856/ENSG00000184113",15
"GO:0035725","GO:0035725","sodium ion transmembrane transport","17/644","194/21468",0.0876288659793814,2.92114362553627,4.72696793060229,8.10657424245085e-05,0.00251747997364878,0.00195504620338847,"ENSG00000007314/ENSG00000018625/ENSG00000088992/ENSG00000089250/ENSG00000100191/ENSG00000100678/ENSG00000104888/ENSG00000129244/ENSG00000136546/ENSG00000143867/ENSG00000149575/ENSG00000153253/ENSG00000166257/ENSG00000168356/ENSG00000169432/ENSG00000177098/ENSG00000266964",17
"GO:0015718","GO:0015718","monocarboxylic acid transport","17/644","195/21468",0.0871794871794872,2.90616340181558,4.70229202821639,8.63876195817425e-05,0.00266449977675932,0.00206922010383766,"ENSG00000076555/ENSG00000118777/ENSG00000132170/ENSG00000134548/ENSG00000135218/ENSG00000138039/ENSG00000139155/ENSG00000145283/ENSG00000146477/ENSG00000152779/ENSG00000153246/ENSG00000167910/ENSG00000168065/ENSG00000170323/ENSG00000174697/ENSG00000187134/ENSG00000188257",17
"GO:0001570","GO:0001570","vasculogenesis","11/644","92/21468",0.119565217391304,3.98575479341075,5.04697746688459,9.65204356617377e-05,0.00295014628537787,0.00229104992096882,"ENSG00000066056/ENSG00000069702/ENSG00000105538/ENSG00000105974/ENSG00000128052/ENSG00000141052/ENSG00000148053/ENSG00000164736/ENSG00000166292/ENSG00000174059/ENSG00000174804",11
"GO:0019755","GO:0019755","one-carbon compound transport","6/644","26/21468",0.230769230769231,7.69278547539417,6.00492333544951,9.81348423392628e-05,0.00295014628537787,0.00229104992096882,"ENSG00000132874/ENSG00000141469/ENSG00000165269/ENSG00000240583/ENSG00000244734/ENSG00000259916",6
"GO:0060326","GO:0060326","cell chemotaxis","26/644","382/21468",0.0680628272251309,2.26890182433092,4.40057205389786,9.83206349385979e-05,0.00295014628537787,0.00229104992096882,"ENSG00000015413/ENSG00000081041/ENSG00000100448/ENSG00000105894/ENSG00000120129/ENSG00000123358/ENSG00000124205/ENSG00000128052/ENSG00000136160/ENSG00000136244/ENSG00000136999/ENSG00000137077/ENSG00000138135/ENSG00000138685/ENSG00000144668/ENSG00000165197/ENSG00000168329/ENSG00000170962/ENSG00000170989/ENSG00000171951/ENSG00000173432/ENSG00000179388/ENSG00000180383/ENSG00000271447/ENSG00000275152/ENSG00000276409",26
"GO:0002021","GO:0002021","response to dietary excess","7/644","37/21468",0.189189189189189,6.30669800235018,5.68133700304076,9.94702007499746e-05,0.00295014628537787,0.00229104992096882,"ENSG00000043591/ENSG00000080293/ENSG00000123612/ENSG00000169252/ENSG00000174697/ENSG00000187871/ENSG00000188778",7
"GO:0010765","GO:0010765","positive regulation of sodium ion transport","7/644","37/21468",0.189189189189189,6.30669800235018,5.68133700304076,9.94702007499746e-05,0.00295014628537787,0.00229104992096882,"ENSG00000088992/ENSG00000089250/ENSG00000129244/ENSG00000149575/ENSG00000166257/ENSG00000177098/ENSG00000266964",7
"GO:0007416","GO:0007416","synapse assembly","22/644","297/21468",0.0740740740740741,2.46928916494134,4.4839560672019,9.95527970142952e-05,0.00295014628537787,0.00229104992096882,"ENSG00000054803/ENSG00000081189/ENSG00000109158/ENSG00000121871/ENSG00000131409/ENSG00000135298/ENSG00000145335/ENSG00000146006/ENSG00000148053/ENSG00000150471/ENSG00000151834/ENSG00000158301/ENSG00000163285/ENSG00000165379/ENSG00000169760/ENSG00000173114/ENSG00000180914/ENSG00000185985/ENSG00000189056/ENSG00000198844/ENSG00000221866/ENSG00000251322",22
"GO:0006940","GO:0006940","regulation of smooth muscle contraction","9/644","63/21468",0.142857142857143,4.76220053238687,5.25897532918055,0.000103670554265716,0.00305222268208284,0.00237032128515941,"ENSG00000018625/ENSG00000105974/ENSG00000115353/ENSG00000120907/ENSG00000124205/ENSG00000134548/ENSG00000141052/ENSG00000169252/ENSG00000180914",9
"GO:0032526","GO:0032526","response to retinoic acid","13/644","126/21468",0.103174603174603,3.43936705116829,4.82938025879934,0.000108064594659573,0.00316106369152584,0.00245484597036518,"ENSG00000066056/ENSG00000078725/ENSG00000088992/ENSG00000105996/ENSG00000124253/ENSG00000128918/ENSG00000136826/ENSG00000138207/ENSG00000143867/ENSG00000153162/ENSG00000174697/ENSG00000174804/ENSG00000240583",13
"GO:0016101","GO:0016101","diterpenoid metabolic process","12/644","110/21468",0.109090909090909,3.63658949745906,4.87534219260375,0.000115613348089752,0.00336019820665986,0.0026094915611351,"ENSG00000079435/ENSG00000128918/ENSG00000135437/ENSG00000138207/ENSG00000140505/ENSG00000165092/ENSG00000187134/ENSG00000187758/ENSG00000196139/ENSG00000196616/ENSG00000198099/ENSG00000248144",12
"GO:0034694","GO:0034694","response to prostaglandin","7/644","38/21468",0.184210526315789,6.14073226544622,5.57766251432797,0.000118803673581086,0.0034309290192143,0.0026644203025728,"ENSG00000069702/ENSG00000122420/ENSG00000137077/ENSG00000151632/ENSG00000168356/ENSG00000175899/ENSG00000196139",7
"GO:0150063","GO:0150063","visual system development","29/644","454/21468",0.0638766519823789,2.12935398254303,4.27710768283825,0.000121553761765204,0.00345685477784144,0.00268455395070685,"ENSG00000004846/ENSG00000036448/ENSG00000101605/ENSG00000101938/ENSG00000104888/ENSG00000126785/ENSG00000128052/ENSG00000128918/ENSG00000136158/ENSG00000136826/ENSG00000138207/ENSG00000138685/ENSG00000139567/ENSG00000140873/ENSG00000148053/ENSG00000148204/ENSG00000153162/ENSG00000163638/ENSG00000164007/ENSG00000164056/ENSG00000169313/ENSG00000170345/ENSG00000171819/ENSG00000174804/ENSG00000179094/ENSG00000180660/ENSG00000198570/ENSG00000198844/ENSG00000240583",29
"GO:0051384","GO:0051384","response to glucocorticoid","14/644","145/21468",0.096551724137931,3.21859070464768,4.71393479617233,0.000121988699703271,0.00345685477784144,0.00268455395070685,"ENSG00000004948/ENSG00000113580/ENSG00000119138/ENSG00000124253/ENSG00000125740/ENSG00000128016/ENSG00000129596/ENSG00000136244/ENSG00000153162/ENSG00000168309/ENSG00000170345/ENSG00000175899/ENSG00000181092/ENSG00000240583",14
"GO:1904064","GO:1904064","positive regulation of cation transmembrane transport","14/644","145/21468",0.096551724137931,3.21859070464768,4.71393479617233,0.000121988699703271,0.00345685477784144,0.00268455395070685,"ENSG00000078549/ENSG00000088992/ENSG00000089250/ENSG00000092529/ENSG00000105974/ENSG00000120049/ENSG00000123560/ENSG00000124205/ENSG00000129244/ENSG00000138039/ENSG00000145335/ENSG00000180509/ENSG00000186439/ENSG00000266964",14
"GO:0043266","GO:0043266","regulation of potassium ion transport","12/644","111/21468",0.108108108108108,3.60382742991439,4.83671054452661,0.000126156829604351,0.00355123936702516,0.00275785194500015,"ENSG00000022267/ENSG00000089250/ENSG00000102468/ENSG00000105974/ENSG00000118729/ENSG00000120049/ENSG00000124205/ENSG00000129244/ENSG00000130037/ENSG00000169282/ENSG00000180509/ENSG00000182132",12
"GO:0060291","GO:0060291","long-term synaptic potentiation","13/644","128/21468",0.1015625,3.38562694099379,4.76054683530537,0.000126885923568168,0.00355123936702516,0.00275785194500015,"ENSG00000100678/ENSG00000105894/ENSG00000106113/ENSG00000116147/ENSG00000131095/ENSG00000145335/ENSG00000146006/ENSG00000148053/ENSG00000168309/ENSG00000168329/ENSG00000168824/ENSG00000189056/ENSG00000251322",13
"GO:0042551","GO:0042551","neuron maturation","8/644","51/21468",0.156862745098039,5.22908293752284,5.31738989932667,0.000127987017482967,0.00356008059673479,0.00276471794304503,"ENSG00000034971/ENSG00000074660/ENSG00000120049/ENSG00000135298/ENSG00000136160/ENSG00000153902/ENSG00000158445/ENSG00000186417",8
"GO:0019233","GO:0019233","sensory perception of pain","11/644","95/21468",0.115789473684211,3.8598888525662,4.91275095752523,0.000129304941237013,0.00357480855834523,0.00277615550987041,"ENSG00000006128/ENSG00000102468/ENSG00000134548/ENSG00000136999/ENSG00000166292/ENSG00000168356/ENSG00000169432/ENSG00000171199/ENSG00000181195/ENSG00000183695/ENSG00000240583",11
"GO:0045776","GO:0045776","negative regulation of blood pressure","9/644","65/21468",0.138461538461538,4.6156712852365,5.13398773774763,0.000132769915780874,0.00362637830211135,0.00281620398406483,"ENSG00000006128/ENSG00000043591/ENSG00000089250/ENSG00000118432/ENSG00000120907/ENSG00000133116/ENSG00000169252/ENSG00000181092/ENSG00000188778",9
"GO:0060986","GO:0060986","endocrine hormone secretion","9/644","65/21468",0.138461538461538,4.6156712852365,5.13398773774763,0.000132769915780874,0.00362637830211135,0.00281620398406483,"ENSG00000119147/ENSG00000132170/ENSG00000145708/ENSG00000153162/ENSG00000166573/ENSG00000174697/ENSG00000174804/ENSG00000182782/ENSG00000240583",9
"GO:0050878","GO:0050878","regulation of body fluid levels","28/644","434/21468",0.0645161290322581,2.15067120817471,4.25874572529837,0.000134067834876661,0.00363990157683104,0.00282670600480575,"ENSG00000003436/ENSG00000100448/ENSG00000102468/ENSG00000103647/ENSG00000105974/ENSG00000110799/ENSG00000117525/ENSG00000120833/ENSG00000126218/ENSG00000126895/ENSG00000129596/ENSG00000135218/ENSG00000136160/ENSG00000136244/ENSG00000136267/ENSG00000138722/ENSG00000140873/ENSG00000146469/ENSG00000164220/ENSG00000169313/ENSG00000169418/ENSG00000173432/ENSG00000174175/ENSG00000178726/ENSG00000180914/ENSG00000187800/ENSG00000240583/ENSG00000244734",28
"GO:0046942","GO:0046942","carboxylic acid transport","26/644","390/21468",0.0666666666666667,2.22236024844721,4.28413705251493,0.000137207567371529,0.00368385608831977,0.00286084057656296,"ENSG00000013293/ENSG00000018625/ENSG00000076555/ENSG00000085563/ENSG00000104888/ENSG00000118777/ENSG00000130876/ENSG00000131095/ENSG00000132170/ENSG00000134548/ENSG00000135218/ENSG00000138039/ENSG00000139155/ENSG00000145283/ENSG00000145335/ENSG00000146477/ENSG00000148053/ENSG00000152779/ENSG00000153246/ENSG00000165349/ENSG00000167910/ENSG00000168065/ENSG00000170323/ENSG00000174697/ENSG00000187134/ENSG00000188257",26
"GO:0050731","GO:0050731","positive regulation of peptidyl-tyrosine phosphorylation","13/644","129/21468",0.10077519379845,3.35938177090857,4.72664055959273,0.000137311795087349,0.00368385608831977,0.00286084057656296,"ENSG00000017427/ENSG00000101280/ENSG00000102468/ENSG00000108342/ENSG00000135218/ENSG00000136244/ENSG00000136960/ENSG00000153162/ENSG00000162407/ENSG00000181092/ENSG00000189056/ENSG00000241186/ENSG00000261371",13
"GO:0030595","GO:0030595","leukocyte chemotaxis","21/644","283/21468",0.0742049469964664,2.47365186664618,4.38854358995047,0.00013873536029374,0.00370015366806951,0.00287349709091369,"ENSG00000015413/ENSG00000081041/ENSG00000100448/ENSG00000105894/ENSG00000120129/ENSG00000124205/ENSG00000136160/ENSG00000136244/ENSG00000136999/ENSG00000137077/ENSG00000138135/ENSG00000144668/ENSG00000165197/ENSG00000168329/ENSG00000170989/ENSG00000171951/ENSG00000173432/ENSG00000180383/ENSG00000271447/ENSG00000275152/ENSG00000276409",21
"GO:0001990","GO:0001990","regulation of systemic arterial blood pressure by hormone","7/644","39/21468",0.179487179487179,5.98327759197324,5.47763343109663,0.000141079738417089,0.00371892752315746,0.00288807665241838,"ENSG00000092009/ENSG00000100448/ENSG00000115353/ENSG00000124205/ENSG00000126895/ENSG00000136160/ENSG00000180914",7
"GO:0008207","GO:0008207","C21-steroid hormone metabolic process","7/644","39/21468",0.179487179487179,5.98327759197324,5.47763343109663,0.000141079738417089,0.00371892752315746,0.00288807665241838,"ENSG00000120738/ENSG00000136160/ENSG00000140459/ENSG00000151632/ENSG00000153162/ENSG00000187134/ENSG00000196139",7
"GO:0015849","GO:0015849","organic acid transport","26/644","391/21468",0.0664961636828645,2.21667646264555,4.26978120956299,0.000142925893907699,0.00372428737343396,0.00289223905094527,"ENSG00000013293/ENSG00000018625/ENSG00000076555/ENSG00000085563/ENSG00000104888/ENSG00000118777/ENSG00000130876/ENSG00000131095/ENSG00000132170/ENSG00000134548/ENSG00000135218/ENSG00000138039/ENSG00000139155/ENSG00000145283/ENSG00000145335/ENSG00000146477/ENSG00000148053/ENSG00000152779/ENSG00000153246/ENSG00000165349/ENSG00000167910/ENSG00000168065/ENSG00000170323/ENSG00000174697/ENSG00000187134/ENSG00000188257",26
"GO:0070482","GO:0070482","response to oxygen levels","26/644","391/21468",0.0664961636828645,2.21667646264555,4.26978120956299,0.000142925893907699,0.00372428737343396,0.00289223905094527,"ENSG00000069702/ENSG00000089250/ENSG00000100678/ENSG00000101280/ENSG00000105974/ENSG00000109610/ENSG00000116016/ENSG00000120156/ENSG00000120738/ENSG00000124253/ENSG00000124440/ENSG00000130037/ENSG00000132170/ENSG00000137463/ENSG00000139567/ENSG00000141052/ENSG00000161544/ENSG00000165197/ENSG00000170345/ENSG00000174697/ENSG00000174804/ENSG00000180914/ENSG00000181092/ENSG00000181195/ENSG00000181856/ENSG00000240583",26
"GO:0030638","GO:0030638","polyketide metabolic process","4/644","10/21468",0.4,13.3341614906832,6.8605912348056,0.000145851295857999,0.00373610042610265,0.00290141293276841,"ENSG00000151632/ENSG00000187134/ENSG00000196139/ENSG00000198075",4
"GO:0044598","GO:0044598","doxorubicin metabolic process","4/644","10/21468",0.4,13.3341614906832,6.8605912348056,0.000145851295857999,0.00373610042610265,0.00290141293276841,"ENSG00000151632/ENSG00000187134/ENSG00000196139/ENSG00000198075",4
"GO:0071918","GO:0071918","urea transmembrane transport","4/644","10/21468",0.4,13.3341614906832,6.8605912348056,0.000145851295857999,0.00373610042610265,0.00290141293276841,"ENSG00000132874/ENSG00000141469/ENSG00000165269/ENSG00000259916",4
"GO:0072224","GO:0072224","metanephric glomerulus development","5/644","18/21468",0.277777777777778,9.25983436853002,6.16510499449051,0.000148100797994171,0.00377241021407623,0.00292961069952987,"ENSG00000120738/ENSG00000143867/ENSG00000174059/ENSG00000181092/ENSG00000240583",5
"GO:0060078","GO:0060078","regulation of postsynaptic membrane potential","15/644","166/21468",0.0903614457831325,3.01223527650977,4.5768760010613,0.000149126951176417,0.0037773273554965,0.00293342929541379,"ENSG00000043591/ENSG00000081189/ENSG00000100678/ENSG00000109158/ENSG00000145335/ENSG00000151834/ENSG00000152578/ENSG00000163285/ENSG00000169252/ENSG00000169760/ENSG00000171189/ENSG00000186479/ENSG00000189056/ENSG00000204767/ENSG00000251322",15
"GO:0071277","GO:0071277","cellular response to calcium ion","10/644","81/21468",0.123456790123457,4.1154819415689,4.94014103037854,0.000152005700323276,0.00380770080257311,0.00295701696761476,"ENSG00000015413/ENSG00000081189/ENSG00000092529/ENSG00000125740/ENSG00000145708/ENSG00000155970/ENSG00000158445/ENSG00000169760/ENSG00000170345/ENSG00000196139",10
"GO:0071300","GO:0071300","cellular response to retinoic acid","10/644","81/21468",0.123456790123457,4.1154819415689,4.94014103037854,0.000152005700323276,0.00380770080257311,0.00295701696761476,"ENSG00000078725/ENSG00000088992/ENSG00000105996/ENSG00000124253/ENSG00000128918/ENSG00000136826/ENSG00000143867/ENSG00000174697/ENSG00000174804/ENSG00000240583",10
"GO:0010232","GO:0010232","vascular transport","11/644","97/21468",0.11340206185567,3.78030351539988,4.82627637575392,0.000156066415703007,0.00386669469288214,0.0030028309492468,"ENSG00000018625/ENSG00000085563/ENSG00000116678/ENSG00000118777/ENSG00000129244/ENSG00000135218/ENSG00000139155/ENSG00000146477/ENSG00000152779/ENSG00000165349/ENSG00000181856",11
"GO:0150104","GO:0150104","transport across blood-brain barrier","11/644","97/21468",0.11340206185567,3.78030351539988,4.82627637575392,0.000156066415703007,0.00386669469288214,0.0030028309492468,"ENSG00000018625/ENSG00000085563/ENSG00000116678/ENSG00000118777/ENSG00000129244/ENSG00000135218/ENSG00000139155/ENSG00000146477/ENSG00000152779/ENSG00000165349/ENSG00000181856",11
"GO:0007178","GO:0007178","cell surface receptor protein serine/threonine kinase signaling pathway","29/644","462/21468",0.0627705627705628,2.09248205210938,4.17455466425447,0.000163815067351246,0.00403661693136168,0.00313479061950753,"ENSG00000069702/ENSG00000090006/ENSG00000101938/ENSG00000105974/ENSG00000120693/ENSG00000120738/ENSG00000123612/ENSG00000128052/ENSG00000129757/ENSG00000132170/ENSG00000136158/ENSG00000136999/ENSG00000139567/ENSG00000141052/ENSG00000142611/ENSG00000148204/ENSG00000150938/ENSG00000153162/ENSG00000164056/ENSG00000164488/ENSG00000164619/ENSG00000166292/ENSG00000168874/ENSG00000170345/ENSG00000176194/ENSG00000179776/ENSG00000184113/ENSG00000241186/ENSG00000266524",29
"GO:0043491","GO:0043491","phosphatidylinositol 3-kinase/protein kinase B signal transduction","24/644","351/21468",0.0683760683760684,2.27934384456124,4.24982714777104,0.000168017238050389,0.00410842575889707,0.00319055653507086,"ENSG00000004948/ENSG00000017427/ENSG00000034971/ENSG00000046889/ENSG00000108342/ENSG00000120156/ENSG00000128052/ENSG00000136158/ENSG00000137077/ENSG00000138685/ENSG00000140538/ENSG00000145675/ENSG00000148053/ENSG00000151632/ENSG00000166292/ENSG00000168329/ENSG00000169313/ENSG00000170962/ENSG00000174175/ENSG00000174697/ENSG00000187800/ENSG00000187871/ENSG00000189056/ENSG00000196139",24
"GO:0019226","GO:0019226","transmission of nerve impulse","10/644","82/21468",0.121951219512195,4.06529313740342,4.89058365586992,0.000168541506650828,0.00410842575889707,0.00319055653507086,"ENSG00000018625/ENSG00000116147/ENSG00000148053/ENSG00000164007/ENSG00000168356/ENSG00000169432/ENSG00000170989/ENSG00000177098/ENSG00000181195/ENSG00000181656",10
"GO:0007620","GO:0007620","copulation","5/644","19/21468",0.263157894736842,8.77247466492318,5.96045104366116,0.000196053310165404,0.00475350646144353,0.00369151884324951,"ENSG00000006128/ENSG00000115353/ENSG00000118432/ENSG00000136160/ENSG00000180914",5
"GO:0048880","GO:0048880","sensory system development","29/644","468/21468",0.061965811965812,2.06565535913362,4.09898743256456,0.000203664780900521,0.00491178785427108,0.00381443836569005,"ENSG00000004846/ENSG00000036448/ENSG00000101605/ENSG00000101938/ENSG00000104888/ENSG00000126785/ENSG00000128052/ENSG00000128918/ENSG00000136158/ENSG00000136826/ENSG00000138207/ENSG00000138685/ENSG00000139567/ENSG00000140873/ENSG00000148053/ENSG00000148204/ENSG00000153162/ENSG00000163638/ENSG00000164007/ENSG00000164056/ENSG00000169313/ENSG00000170345/ENSG00000171819/ENSG00000174804/ENSG00000179094/ENSG00000180660/ENSG00000198570/ENSG00000198844/ENSG00000240583",29
"GO:0050921","GO:0050921","positive regulation of chemotaxis","15/644","171/21468",0.087719298245614,2.92415822164106,4.44248688947082,0.000206926208368539,0.00496403930551829,0.00385501624613068,"ENSG00000105894/ENSG00000117525/ENSG00000124205/ENSG00000128052/ENSG00000136244/ENSG00000137077/ENSG00000138685/ENSG00000140538/ENSG00000165197/ENSG00000168329/ENSG00000169313/ENSG00000170962/ENSG00000170989/ENSG00000171951/ENSG00000180383",15
"GO:1901655","GO:1901655","cellular response to ketone","12/644","117/21468",0.102564102564103,3.41901576684185,4.61390931055064,0.000208359369529909,0.00497211253394005,0.0038612858231443,"ENSG00000113580/ENSG00000118515/ENSG00000119138/ENSG00000122420/ENSG00000124253/ENSG00000127528/ENSG00000136826/ENSG00000151632/ENSG00000170345/ENSG00000173175/ENSG00000196139/ENSG00000240583",12
"GO:0048511","GO:0048511","rhythmic process","22/644","313/21468",0.0702875399361022,2.34306352072708,4.2092889716869,0.000210841209251307,0.00500499498819595,0.00388682196167331,"ENSG00000043591/ENSG00000064300/ENSG00000105894/ENSG00000108924/ENSG00000119138/ENSG00000120738/ENSG00000132170/ENSG00000138039/ENSG00000148053/ENSG00000154734/ENSG00000168356/ENSG00000169432/ENSG00000169760/ENSG00000174697/ENSG00000174804/ENSG00000175899/ENSG00000179094/ENSG00000179388/ENSG00000180914/ENSG00000181092/ENSG00000197181/ENSG00000266524",22
"GO:0000302","GO:0000302","response to reactive oxygen species","17/644","210/21468",0.080952380952381,2.69858030168589,4.34991793391787,0.000212146626672921,0.00500975419445324,0.00389051790691294,"ENSG00000078549/ENSG00000109610/ENSG00000114378/ENSG00000115353/ENSG00000127528/ENSG00000130037/ENSG00000135218/ENSG00000136244/ENSG00000136826/ENSG00000161544/ENSG00000170345/ENSG00000170962/ENSG00000189058/ENSG00000240583/ENSG00000244734/ENSG00000257017/ENSG00000265972",17
"GO:1902305","GO:1902305","regulation of sodium ion transmembrane transport","8/644","55/21468",0.145454545454545,4.84878599661208,5.02588890276736,0.000220291593862961,0.00517514034494646,0.00401895490303575,"ENSG00000018625/ENSG00000088992/ENSG00000089250/ENSG00000129244/ENSG00000143867/ENSG00000166257/ENSG00000177098/ENSG00000266964",8
"GO:0015840","GO:0015840","urea transport","4/644","11/21468",0.363636363636364,12.1219649915302,6.4884341284749,0.000223760288608488,0.00517909382258137,0.00402202512862691,"ENSG00000132874/ENSG00000141469/ENSG00000165269/ENSG00000259916",4
"GO:0098870","GO:0098870","action potential propagation","4/644","11/21468",0.363636363636364,12.1219649915302,6.4884341284749,0.000223760288608488,0.00517909382258137,0.00402202512862691,"ENSG00000018625/ENSG00000148053/ENSG00000164007/ENSG00000169432",4
"GO:0002042","GO:0002042","cell migration involved in sprouting angiogenesis","11/644","101/21468",0.108910891089109,3.63058852469098,4.66002629671724,0.000223886720164523,0.00517909382258137,0.00402202512862691,"ENSG00000069702/ENSG00000106511/ENSG00000123358/ENSG00000126785/ENSG00000128052/ENSG00000136826/ENSG00000138685/ENSG00000173269/ENSG00000176435/ENSG00000179388/ENSG00000241186",11
"GO:0042063","GO:0042063","gliogenesis","26/644","403/21468",0.0645161290322581,2.15067120817471,4.10080928371248,0.000230098845253929,0.00529577748416912,0.00411264032794226,"ENSG00000034971/ENSG00000100678/ENSG00000105894/ENSG00000108381/ENSG00000113580/ENSG00000116678/ENSG00000122877/ENSG00000123560/ENSG00000127329/ENSG00000129244/ENSG00000131095/ENSG00000132561/ENSG00000135144/ENSG00000136244/ENSG00000137033/ENSG00000138685/ENSG00000144230/ENSG00000148053/ENSG00000153902/ENSG00000162367/ENSG00000162407/ENSG00000163884/ENSG00000168329/ENSG00000169313/ENSG00000181195/ENSG00000189056",26
"GO:0001654","GO:0001654","eye development","28/644","450/21468",0.0622222222222222,2.07420289855072,4.04989177010834,0.000243739426056103,0.00556564129424138,0.00432221348158647,"ENSG00000004846/ENSG00000036448/ENSG00000101605/ENSG00000101938/ENSG00000104888/ENSG00000126785/ENSG00000128052/ENSG00000128918/ENSG00000136158/ENSG00000136826/ENSG00000138207/ENSG00000138685/ENSG00000139567/ENSG00000140873/ENSG00000148053/ENSG00000148204/ENSG00000153162/ENSG00000163638/ENSG00000164007/ENSG00000164056/ENSG00000170345/ENSG00000171819/ENSG00000174804/ENSG00000179094/ENSG00000180660/ENSG00000198570/ENSG00000198844/ENSG00000240583",28
"GO:0061337","GO:0061337","cardiac conduction","11/644","102/21468",0.107843137254902,3.59499451954695,4.61978168856084,0.000244279359848706,0.00556564129424138,0.00432221348158647,"ENSG00000018625/ENSG00000100678/ENSG00000105974/ENSG00000118729/ENSG00000129244/ENSG00000130037/ENSG00000149575/ENSG00000166257/ENSG00000177098/ENSG00000180509/ENSG00000186439",11
"GO:0071320","GO:0071320","cellular response to cAMP","8/644","56/21468",0.142857142857143,4.76220053238687,4.95739895591321,0.000250342722676258,0.00567526952307077,0.00440734951237939,"ENSG00000124253/ENSG00000145708/ENSG00000167588/ENSG00000180509/ENSG00000181092/ENSG00000181195/ENSG00000186642/ENSG00000240583",8
"GO:0072578","GO:0072578","neurotransmitter-gated ion channel clustering","5/644","20/21468",0.25,8.33385093167702,5.77032414135199,0.00025498362171803,0.0057517201038286,0.00446672016049652,"ENSG00000101938/ENSG00000121871/ENSG00000169760/ENSG00000189056/ENSG00000251322",5
"GO:0048265","GO:0048265","response to pain","7/644","43/21468",0.162790697674419,5.42669362992922,5.10975188333237,0.000266437722146526,0.00598033976342748,0.00464426357780162,"ENSG00000006128/ENSG00000115353/ENSG00000136160/ENSG00000153253/ENSG00000168356/ENSG00000169432/ENSG00000189056",7
"GO:0010594","GO:0010594","regulation of endothelial cell migration","19/644","255/21468",0.0745098039215686,2.48381439532335,4.19174793068304,0.000269649718687716,0.00602261982527144,0.00467709779108327,"ENSG00000037280/ENSG00000069702/ENSG00000081189/ENSG00000101280/ENSG00000105894/ENSG00000106511/ENSG00000120156/ENSG00000126785/ENSG00000128052/ENSG00000132170/ENSG00000136826/ENSG00000138685/ENSG00000139567/ENSG00000162407/ENSG00000163638/ENSG00000164619/ENSG00000168874/ENSG00000173269/ENSG00000241186",19
"GO:0042886","GO:0042886","amide transport","25/644","385/21468",0.0649350649350649,2.16463660563039,4.05509591412839,0.000273556869735643,0.00605112538546457,0.00469923488365774,"ENSG00000053438/ENSG00000085563/ENSG00000118432/ENSG00000118777/ENSG00000119147/ENSG00000123612/ENSG00000124205/ENSG00000130037/ENSG00000132874/ENSG00000136244/ENSG00000136999/ENSG00000138207/ENSG00000141469/ENSG00000145242/ENSG00000145708/ENSG00000146469/ENSG00000158445/ENSG00000164220/ENSG00000165269/ENSG00000173175/ENSG00000174697/ENSG00000185345/ENSG00000240583/ENSG00000259916/ENSG00000272636",25
"GO:0051966","GO:0051966","regulation of synaptic transmission, glutamatergic","10/644","87/21468",0.114942528735632,3.83165560077104,4.6540665072679,0.000275712804621628,0.00605112538546457,0.00469923488365774,"ENSG00000018625/ENSG00000081189/ENSG00000102468/ENSG00000116147/ENSG00000118432/ENSG00000169760/ENSG00000171189/ENSG00000180914/ENSG00000189056/ENSG00000251322",10
"GO:0001945","GO:0001945","lymph vessel development","6/644","31/21468",0.193548387096774,6.45201362452414,5.34198063909417,0.00027626443643387,0.00605112538546457,0.00469923488365774,"ENSG00000037280/ENSG00000066056/ENSG00000128052/ENSG00000138685/ENSG00000139567/ENSG00000176435",6
"GO:0086010","GO:0086010","membrane depolarization during action potential","6/644","31/21468",0.193548387096774,6.45201362452414,5.34198063909417,0.00027626443643387,0.00605112538546457,0.00469923488365774,"ENSG00000018625/ENSG00000149575/ENSG00000153253/ENSG00000166257/ENSG00000168356/ENSG00000177098",6
"GO:0002685","GO:0002685","regulation of leukocyte migration","20/644","277/21468",0.0722021660649819,2.40688835571899,4.14448267225781,0.000284363607099246,0.00619857978167299,0.00481374628414463,"ENSG00000105894/ENSG00000115353/ENSG00000120129/ENSG00000122592/ENSG00000124205/ENSG00000133800/ENSG00000136244/ENSG00000136999/ENSG00000137033/ENSG00000137077/ENSG00000145675/ENSG00000154721/ENSG00000165197/ENSG00000168329/ENSG00000169313/ENSG00000170962/ENSG00000174175/ENSG00000180383/ENSG00000189058/ENSG00000271447",20
"GO:0060419","GO:0060419","heart growth","11/644","104/21468",0.105769230769231,3.52586000955566,4.54078768890964,0.000289797319015874,0.00628679925558839,0.00488225652031276,"ENSG00000017427/ENSG00000069702/ENSG00000076555/ENSG00000081189/ENSG00000120907/ENSG00000138207/ENSG00000138685/ENSG00000139318/ENSG00000164530/ENSG00000170989/ENSG00000187955",11
"GO:0141091","GO:0141091","transforming growth factor beta receptor superfamily signaling pathway","27/644","432/21468",0.0625,2.08346273291925,4.0005601484237,0.00029153004397185,0.0062942724731827,0.00488806013576861,"ENSG00000069702/ENSG00000090006/ENSG00000101938/ENSG00000105974/ENSG00000120693/ENSG00000120738/ENSG00000123612/ENSG00000128052/ENSG00000129757/ENSG00000132170/ENSG00000136158/ENSG00000139567/ENSG00000141052/ENSG00000142611/ENSG00000148204/ENSG00000150938/ENSG00000153162/ENSG00000164056/ENSG00000164488/ENSG00000164619/ENSG00000166292/ENSG00000170345/ENSG00000176194/ENSG00000179776/ENSG00000184113/ENSG00000241186/ENSG00000266524",27
"GO:0007599","GO:0007599","hemostasis","20/644","278/21468",0.0719424460431655,2.39823048393583,4.12650352252641,0.000298025344216593,0.00640401379468261,0.00497328399303818,"ENSG00000003436/ENSG00000100448/ENSG00000102468/ENSG00000105974/ENSG00000110799/ENSG00000117525/ENSG00000126218/ENSG00000126895/ENSG00000135218/ENSG00000136244/ENSG00000136267/ENSG00000138722/ENSG00000140873/ENSG00000164220/ENSG00000169313/ENSG00000173432/ENSG00000174175/ENSG00000178726/ENSG00000187800/ENSG00000244734",20
"GO:0010565","GO:0010565","regulation of cellular ketone metabolic process","14/644","158/21468",0.0886075949367089,2.9537699504678,4.33467737161132,0.000300514103966458,0.00642703277067886,0.00499116026697021,"ENSG00000004799/ENSG00000009950/ENSG00000076555/ENSG00000094963/ENSG00000105974/ENSG00000115361/ENSG00000118432/ENSG00000120738/ENSG00000132170/ENSG00000145335/ENSG00000153162/ENSG00000167910/ENSG00000181092/ENSG00000196139",14
"GO:0060306","GO:0060306","regulation of membrane repolarization","7/644","44/21468",0.159090909090909,5.30335968379447,5.02493258419661,0.00030874013568752,0.00657196138594938,0.00510371017481965,"ENSG00000089250/ENSG00000105974/ENSG00000118729/ENSG00000120049/ENSG00000130037/ENSG00000177098/ENSG00000180509",7
"GO:0031644","GO:0031644","regulation of nervous system process","13/644","140/21468",0.0928571428571429,3.09543034605146,4.37430151562846,0.000310204213152405,0.00657227057211683,0.00510395028526706,"ENSG00000006128/ENSG00000100678/ENSG00000116147/ENSG00000122877/ENSG00000134548/ENSG00000136999/ENSG00000154721/ENSG00000166292/ENSG00000169252/ENSG00000169760/ENSG00000171199/ENSG00000189056/ENSG00000251322",13
"GO:0071560","GO:0071560","cellular response to transforming growth factor beta stimulus","22/644","322/21468",0.0683229813664596,2.27757416766328,4.06206134722269,0.000312909264960926,0.00659874701085041,0.0051245115852842,"ENSG00000069702/ENSG00000081189/ENSG00000090006/ENSG00000105974/ENSG00000113580/ENSG00000120693/ENSG00000129757/ENSG00000132170/ENSG00000136158/ENSG00000139567/ENSG00000141052/ENSG00000142611/ENSG00000164056/ENSG00000168329/ENSG00000170345/ENSG00000170962/ENSG00000176194/ENSG00000179776/ENSG00000181195/ENSG00000184113/ENSG00000186642/ENSG00000266524",22
"GO:0007215","GO:0007215","glutamate receptor signaling pathway","8/644","58/21468",0.137931034482759,4.59798672092525,4.8251603850465,0.000320527683754547,0.00672811350992184,0.00522497613137895,"ENSG00000081189/ENSG00000123560/ENSG00000139874/ENSG00000152578/ENSG00000158445/ENSG00000169252/ENSG00000171189/ENSG00000251322",8
"GO:0051932","GO:0051932","synaptic transmission, GABAergic","9/644","73/21468",0.123287671232877,4.1098442950736,4.68048075712876,0.000326057680067125,0.00681265217246241,0.00529062789146026,"ENSG00000109158/ENSG00000115353/ENSG00000118432/ENSG00000120907/ENSG00000121871/ENSG00000151834/ENSG00000163285/ENSG00000169760/ENSG00000180914",9
"GO:0006721","GO:0006721","terpenoid metabolic process","12/644","123/21468",0.0975609756097561,3.25223450992274,4.40518974051315,0.000332389488494972,0.00688152484400093,0.00534411362180092,"ENSG00000079435/ENSG00000128918/ENSG00000135437/ENSG00000138207/ENSG00000140505/ENSG00000165092/ENSG00000187134/ENSG00000187758/ENSG00000196139/ENSG00000196616/ENSG00000198099/ENSG00000248144",12
"GO:0032355","GO:0032355","response to estradiol","12/644","123/21468",0.0975609756097561,3.25223450992274,4.40518974051315,0.000332389488494972,0.00688152484400093,0.00534411362180092,"ENSG00000078549/ENSG00000115353/ENSG00000120833/ENSG00000122420/ENSG00000126545/ENSG00000128918/ENSG00000139874/ENSG00000145708/ENSG00000174697/ENSG00000180914/ENSG00000181195/ENSG00000265972",12
"GO:0006112","GO:0006112","energy reserve metabolic process","11/644","106/21468",0.10377358490566,3.45933434899801,4.46371118847285,0.000342260886980484,0.00705368573440689,0.00547781180358717,"ENSG00000017427/ENSG00000056998/ENSG00000068976/ENSG00000069122/ENSG00000095637/ENSG00000116678/ENSG00000133116/ENSG00000135447/ENSG00000164776/ENSG00000174697/ENSG00000188778",11
"GO:0045766","GO:0045766","positive regulation of angiogenesis","16/644","199/21468",0.0804020100502513,2.68023346546397,4.18763833883474,0.000347918452883553,0.00713783830485986,0.00554316372896159,"ENSG00000004776/ENSG00000066056/ENSG00000092009/ENSG00000101280/ENSG00000114378/ENSG00000117525/ENSG00000120156/ENSG00000128052/ENSG00000136826/ENSG00000138685/ENSG00000139567/ENSG00000164619/ENSG00000168329/ENSG00000174059/ENSG00000179776/ENSG00000240583",16
"GO:0001953","GO:0001953","negative regulation of cell-matrix adhesion","7/644","45/21468",0.155555555555556,5.18550724637681,4.94266009746967,0.000356265503072073,0.00722029090737767,0.00560719547864749,"ENSG00000034971/ENSG00000047648/ENSG00000122592/ENSG00000139567/ENSG00000145675/ENSG00000168309/ENSG00000189058",7
"GO:0009409","GO:0009409","response to cold","7/644","45/21468",0.155555555555556,5.18550724637681,4.94266009746967,0.000356265503072073,0.00722029090737767,0.00560719547864749,"ENSG00000043591/ENSG00000150394/ENSG00000166819/ENSG00000168356/ENSG00000169252/ENSG00000176194/ENSG00000188778",7
"GO:0071383","GO:0071383","cellular response to steroid hormone stimulus","18/644","240/21468",0.075,2.50015527950311,4.10992437238069,0.000357788322881367,0.00722029090737767,0.00560719547864749,"ENSG00000003436/ENSG00000018625/ENSG00000067113/ENSG00000073282/ENSG00000101883/ENSG00000113580/ENSG00000118515/ENSG00000119138/ENSG00000119508/ENSG00000124253/ENSG00000128016/ENSG00000137463/ENSG00000151623/ENSG00000168309/ENSG00000178175/ENSG00000179094/ENSG00000196139/ENSG00000240583",18
"GO:0045601","GO:0045601","regulation of endothelial cell differentiation","8/644","59/21468",0.135593220338983,4.52005474260448,4.76128048722026,0.000361202691915735,0.00722029090737767,0.00560719547864749,"ENSG00000139567/ENSG00000153162/ENSG00000166292/ENSG00000168874/ENSG00000178878/ENSG00000179776/ENSG00000184113/ENSG00000204301",8
"GO:0086065","GO:0086065","cell communication involved in cardiac conduction","8/644","59/21468",0.135593220338983,4.52005474260448,4.76128048722026,0.000361202691915735,0.00722029090737767,0.00560719547864749,"ENSG00000018625/ENSG00000105974/ENSG00000118729/ENSG00000129244/ENSG00000130037/ENSG00000166257/ENSG00000177098/ENSG00000186439",8
"GO:0010812","GO:0010812","negative regulation of cell-substrate adhesion","9/644","74/21468",0.121621621621622,4.05430585865368,4.6283790979802,0.000361492288481414,0.00722029090737767,0.00560719547864749,"ENSG00000034971/ENSG00000047648/ENSG00000103647/ENSG00000122592/ENSG00000139567/ENSG00000145675/ENSG00000168309/ENSG00000174804/ENSG00000189058",9
"GO:0071375","GO:0071375","cellular response to peptide hormone stimulus","23/644","348/21468",0.0660919540229885,2.20320197044335,3.97949289634613,0.000369944560578037,0.00735670455114394,0.00571313275684918,"ENSG00000004799/ENSG00000065325/ENSG00000095637/ENSG00000105974/ENSG00000106113/ENSG00000119508/ENSG00000120833/ENSG00000123358/ENSG00000124253/ENSG00000132170/ENSG00000137463/ENSG00000138039/ENSG00000140459/ENSG00000145675/ENSG00000145708/ENSG00000170345/ENSG00000174697/ENSG00000181092/ENSG00000181856/ENSG00000184557/ENSG00000184811/ENSG00000197891/ENSG00000204687",23
"GO:0006813","GO:0006813","potassium ion transport","19/644","262/21468",0.0725190839694656,2.41745294201318,4.05953650462415,0.000378691010057372,0.00749775126462937,0.0058226680240952,"ENSG00000018625/ENSG00000022267/ENSG00000089250/ENSG00000100433/ENSG00000102468/ENSG00000104888/ENSG00000105974/ENSG00000118729/ENSG00000120049/ENSG00000124205/ENSG00000129244/ENSG00000130037/ENSG00000153822/ENSG00000158445/ENSG00000169282/ENSG00000180509/ENSG00000182132/ENSG00000240583/ENSG00000266964",19
"GO:0045907","GO:0045907","positive regulation of vasoconstriction","6/644","33/21468",0.181818181818182,6.0609824957651,5.11654261340347,0.000394952757672032,0.00771860260036636,0.00599417864978652,"ENSG00000102468/ENSG00000105974/ENSG00000115353/ENSG00000120907/ENSG00000126895/ENSG00000180914",6
"GO:0045987","GO:0045987","positive regulation of smooth muscle contraction","6/644","33/21468",0.181818181818182,6.0609824957651,5.11654261340347,0.000394952757672032,0.00771860260036636,0.00599417864978652,"ENSG00000115353/ENSG00000120907/ENSG00000124205/ENSG00000134548/ENSG00000141052/ENSG00000180914",6
"GO:0050927","GO:0050927","positive regulation of positive chemotaxis","6/644","33/21468",0.181818181818182,6.0609824957651,5.11654261340347,0.000394952757672032,0.00771860260036636,0.00599417864978652,"ENSG00000117525/ENSG00000128052/ENSG00000140538/ENSG00000165197/ENSG00000170989/ENSG00000171951",6
"GO:0051588","GO:0051588","regulation of neurotransmitter transport","11/644","108/21468",0.101851851851852,3.39527260179434,4.38846596692502,0.000402487641392799,0.00777336150057481,0.00603670378646083,"ENSG00000018625/ENSG00000064692/ENSG00000081189/ENSG00000089250/ENSG00000131095/ENSG00000145335/ENSG00000155970/ENSG00000169760/ENSG00000175471/ENSG00000185345/ENSG00000185518",11
"GO:0006584","GO:0006584","catecholamine metabolic process","8/644","60/21468",0.133333333333333,4.44472049689441,4.6988123400927,0.000405982183221878,0.00777336150057481,0.00603670378646083,"ENSG00000064692/ENSG00000116016/ENSG00000123360/ENSG00000133116/ENSG00000145335/ENSG00000164197/ENSG00000169418/ENSG00000185345",8
"GO:0009712","GO:0009712","catechol-containing compound metabolic process","8/644","60/21468",0.133333333333333,4.44472049689441,4.6988123400927,0.000405982183221878,0.00777336150057481,0.00603670378646083,"ENSG00000064692/ENSG00000116016/ENSG00000123360/ENSG00000133116/ENSG00000145335/ENSG00000164197/ENSG00000169418/ENSG00000185345",8
"GO:0019098","GO:0019098","reproductive behavior","7/644","46/21468",0.152173913043478,5.07277882797732,4.86279844352676,0.000409471921396124,0.00777336150057481,0.00603670378646083,"ENSG00000006128/ENSG00000078725/ENSG00000113580/ENSG00000115353/ENSG00000118432/ENSG00000136160/ENSG00000180914",7
"GO:0032570","GO:0032570","response to progesterone","7/644","46/21468",0.152173913043478,5.07277882797732,4.86279844352676,0.000409471921396124,0.00777336150057481,0.00603670378646083,"ENSG00000105974/ENSG00000115353/ENSG00000125740/ENSG00000126545/ENSG00000170345/ENSG00000180914/ENSG00000265972",7
"GO:0043534","GO:0043534","blood vessel endothelial cell migration","16/644","202/21468",0.0792079207920792,2.64042801795708,4.11942397742099,0.000410919948905234,0.00777336150057481,0.00603670378646083,"ENSG00000069702/ENSG00000081189/ENSG00000101280/ENSG00000106511/ENSG00000123358/ENSG00000126785/ENSG00000128052/ENSG00000132170/ENSG00000136826/ENSG00000138685/ENSG00000139567/ENSG00000173269/ENSG00000176435/ENSG00000179388/ENSG00000179776/ENSG00000241186",16
"GO:1904018","GO:1904018","positive regulation of vasculature development","16/644","202/21468",0.0792079207920792,2.64042801795708,4.11942397742099,0.000410919948905234,0.00777336150057481,0.00603670378646083,"ENSG00000004776/ENSG00000066056/ENSG00000092009/ENSG00000101280/ENSG00000114378/ENSG00000117525/ENSG00000120156/ENSG00000128052/ENSG00000136826/ENSG00000138685/ENSG00000139567/ENSG00000164619/ENSG00000168329/ENSG00000174059/ENSG00000179776/ENSG00000240583",16
"GO:0097254","GO:0097254","renal tubular secretion","5/644","22/21468",0.227272727272727,7.57622811970638,5.4270221445846,0.00041210580871416,0.00777336150057481,0.00603670378646083,"ENSG00000118777/ENSG00000134548/ENSG00000136160/ENSG00000169418/ENSG00000197891",5
"GO:0030168","GO:0030168","platelet activation","14/644","163/21468",0.0858895705521472,2.86316351026941,4.19904508083822,0.000413184852589001,0.00777336150057481,0.00603670378646083,"ENSG00000100448/ENSG00000102468/ENSG00000110799/ENSG00000136244/ENSG00000136267/ENSG00000138722/ENSG00000140873/ENSG00000164220/ENSG00000169313/ENSG00000173432/ENSG00000174175/ENSG00000178726/ENSG00000187800/ENSG00000244734",14
"GO:0071559","GO:0071559","response to transforming growth factor beta","22/644","329/21468",0.0668693009118541,2.22911514281938,3.95088904325682,0.000420033589458945,0.00786955493639197,0.00611140651039657,"ENSG00000069702/ENSG00000081189/ENSG00000090006/ENSG00000105974/ENSG00000113580/ENSG00000120693/ENSG00000129757/ENSG00000132170/ENSG00000136158/ENSG00000139567/ENSG00000141052/ENSG00000142611/ENSG00000164056/ENSG00000168329/ENSG00000170345/ENSG00000170962/ENSG00000176194/ENSG00000179776/ENSG00000181195/ENSG00000184113/ENSG00000186642/ENSG00000266524",22
"GO:0048771","GO:0048771","tissue remodeling","16/644","203/21468",0.0788177339901478,2.62742098338586,4.0969604455458,0.000433993519141607,0.00806469801804449,0.00626295239949825,"ENSG00000004799/ENSG00000037280/ENSG00000066056/ENSG00000081189/ENSG00000091513/ENSG00000105894/ENSG00000105974/ENSG00000105997/ENSG00000116016/ENSG00000116678/ENSG00000132170/ENSG00000136244/ENSG00000139567/ENSG00000169252/ENSG00000170989/ENSG00000174697",16
"GO:0072001","GO:0072001","renal system development","23/644","352/21468",0.0653409090909091,2.17816558441558,3.91938902051283,0.00043418348429722,0.00806469801804449,0.00626295239949825,"ENSG00000081189/ENSG00000109906/ENSG00000120156/ENSG00000120738/ENSG00000128918/ENSG00000136160/ENSG00000138207/ENSG00000138685/ENSG00000141052/ENSG00000143867/ENSG00000146021/ENSG00000153162/ENSG00000154734/ENSG00000163884/ENSG00000164056/ENSG00000164488/ENSG00000164619/ENSG00000164736/ENSG00000170962/ENSG00000174059/ENSG00000181092/ENSG00000240583/ENSG00000261371",23
"GO:1990830","GO:1990830","cellular response to leukemia inhibitory factor","11/644","109/21468",0.100917431192661,3.36412331186962,4.35150463880851,0.000435785402386612,0.00806469801804449,0.00626295239949825,"ENSG00000100285/ENSG00000101695/ENSG00000116833/ENSG00000135144/ENSG00000136158/ENSG00000136826/ENSG00000139874/ENSG00000163710/ENSG00000164736/ENSG00000174804/ENSG00000184557",11
"GO:0042698","GO:0042698","ovulation cycle","9/644","76/21468",0.118421052631579,3.94761359921543,4.52687171079172,0.000441915394711918,0.00811192064625035,0.00629962495338319,"ENSG00000105894/ENSG00000120738/ENSG00000138039/ENSG00000154734/ENSG00000174697/ENSG00000174804/ENSG00000175899/ENSG00000180914/ENSG00000266524",9
"GO:0060420","GO:0060420","regulation of heart growth","9/644","76/21468",0.118421052631579,3.94761359921543,4.52687171079172,0.000441915394711918,0.00811192064625035,0.00629962495338319,"ENSG00000017427/ENSG00000069702/ENSG00000076555/ENSG00000081189/ENSG00000138207/ENSG00000138685/ENSG00000139318/ENSG00000164530/ENSG00000187955",9
"GO:0010642","GO:0010642","negative regulation of platelet-derived growth factor receptor signaling pathway","4/644","13/21468",0.307692307692308,10.2570473005256,5.87119404007045,0.000462129366692796,0.00838117819434056,0.00650872729089433,"ENSG00000141052/ENSG00000145335/ENSG00000181092/ENSG00000189058",4
"GO:0040015","GO:0040015","negative regulation of multicellular organism growth","4/644","13/21468",0.307692307692308,10.2570473005256,5.87119404007045,0.000462129366692796,0.00838117819434056,0.00650872729089433,"ENSG00000043591/ENSG00000120833/ENSG00000169252/ENSG00000188778",4
"GO:0045161","GO:0045161","neuronal ion channel clustering","4/644","13/21468",0.307692307692308,10.2570473005256,5.87119404007045,0.000462129366692796,0.00838117819434056,0.00650872729089433,"ENSG00000034971/ENSG00000120049/ENSG00000158445/ENSG00000186417",4
"GO:0050926","GO:0050926","regulation of positive chemotaxis","6/644","34/21468",0.176470588235294,5.88271830471319,5.01067285988728,0.000467544088499905,0.00841208292562924,0.00653272755234829,"ENSG00000117525/ENSG00000128052/ENSG00000140538/ENSG00000165197/ENSG00000170989/ENSG00000171951",6
"GO:0086011","GO:0086011","membrane repolarization during action potential","6/644","34/21468",0.176470588235294,5.88271830471319,5.01067285988728,0.000467544088499905,0.00841208292562924,0.00653272755234829,"ENSG00000089250/ENSG00000105974/ENSG00000120049/ENSG00000130037/ENSG00000149575/ENSG00000180509",6
"GO:0001938","GO:0001938","positive regulation of endothelial cell proliferation","11/644","110/21468",0.1,3.33354037267081,4.31497123385735,0.000471360075086263,0.00843696339547572,0.00655204944115021,"ENSG00000037280/ENSG00000117525/ENSG00000120156/ENSG00000123358/ENSG00000128052/ENSG00000138685/ENSG00000139567/ENSG00000143125/ENSG00000153162/ENSG00000171951/ENSG00000179388",11
"GO:0006836","GO:0006836","neurotransmitter transport","17/644","225/21468",0.0755555555555556,2.51867494824017,4.0271211762829,0.000474509410199892,0.00843696339547572,0.00655204944115021,"ENSG00000018625/ENSG00000064692/ENSG00000081189/ENSG00000089250/ENSG00000104888/ENSG00000123358/ENSG00000131095/ENSG00000137766/ENSG00000145335/ENSG00000146477/ENSG00000155970/ENSG00000157152/ENSG00000169760/ENSG00000175471/ENSG00000185345/ENSG00000185518/ENSG00000272636",17
"GO:0007626","GO:0007626","locomotory behavior","17/644","225/21468",0.0755555555555556,2.51867494824017,4.0271211762829,0.000474509410199892,0.00843696339547572,0.00655204944115021,"ENSG00000018625/ENSG00000046889/ENSG00000101349/ENSG00000116147/ENSG00000120738/ENSG00000123360/ENSG00000145335/ENSG00000152092/ENSG00000153902/ENSG00000162367/ENSG00000173175/ENSG00000174804/ENSG00000181195/ENSG00000181656/ENSG00000185149/ENSG00000185345/ENSG00000189056",17
"GO:0048863","GO:0048863","stem cell differentiation","19/644","267/21468",0.0711610486891386,2.37218228766836,3.96767235057264,0.000478381181193294,0.00847257920129061,0.00657970826929099,"ENSG00000005102/ENSG00000010319/ENSG00000073282/ENSG00000081189/ENSG00000105894/ENSG00000122592/ENSG00000124205/ENSG00000128016/ENSG00000128918/ENSG00000136160/ENSG00000137872/ENSG00000138685/ENSG00000141052/ENSG00000143867/ENSG00000162367/ENSG00000164736/ENSG00000170166/ENSG00000175899/ENSG00000186847",19
"GO:0070542","GO:0070542","response to fatty acid","8/644","62/21468",0.129032258064516,4.30134241634943,4.57788828511511,0.000509083025371724,0.00877563311905487,0.00681505648160995,"ENSG00000004799/ENSG00000100433/ENSG00000135218/ENSG00000151632/ENSG00000175445/ENSG00000181092/ENSG00000187134/ENSG00000196139",8
"GO:0019217","GO:0019217","regulation of fatty acid metabolic process","11/644","111/21468",0.0990990990990991,3.30350847742152,4.27885643040385,0.000509332432089271,0.00877563311905487,0.00681505648160995,"ENSG00000004799/ENSG00000009950/ENSG00000076555/ENSG00000094963/ENSG00000105974/ENSG00000115361/ENSG00000118432/ENSG00000132170/ENSG00000145335/ENSG00000167910/ENSG00000181092",11
"GO:1990823","GO:1990823","response to leukemia inhibitory factor","11/644","111/21468",0.0990990990990991,3.30350847742152,4.27885643040385,0.000509332432089271,0.00877563311905487,0.00681505648160995,"ENSG00000100285/ENSG00000101695/ENSG00000116833/ENSG00000135144/ENSG00000136158/ENSG00000136826/ENSG00000139874/ENSG00000163710/ENSG00000164736/ENSG00000174804/ENSG00000184557",11
"GO:0060538","GO:0060538","skeletal muscle organ development","16/644","206/21468",0.0776699029126214,2.58915757100645,4.03037121886925,0.000510018622707357,0.00877563311905487,0.00681505648160995,"ENSG00000036448/ENSG00000081189/ENSG00000101605/ENSG00000105974/ENSG00000106511/ENSG00000108924/ENSG00000115593/ENSG00000120738/ENSG00000122877/ENSG00000123358/ENSG00000141052/ENSG00000162772/ENSG00000168356/ENSG00000170345/ENSG00000175084/ENSG00000262179",16
"GO:0036303","GO:0036303","lymph vessel morphogenesis","5/644","23/21468",0.217391304347826,7.24682689711045,5.271168491908,0.000513674688210105,0.00877563311905487,0.00681505648160995,"ENSG00000037280/ENSG00000066056/ENSG00000138685/ENSG00000139567/ENSG00000176435",5
"GO:0051930","GO:0051930","regulation of sensory perception of pain","5/644","23/21468",0.217391304347826,7.24682689711045,5.271168491908,0.000513674688210105,0.00877563311905487,0.00681505648160995,"ENSG00000006128/ENSG00000134548/ENSG00000136999/ENSG00000166292/ENSG00000171199",5
"GO:0051931","GO:0051931","regulation of sensory perception","5/644","23/21468",0.217391304347826,7.24682689711045,5.271168491908,0.000513674688210105,0.00877563311905487,0.00681505648160995,"ENSG00000006128/ENSG00000134548/ENSG00000136999/ENSG00000166292/ENSG00000171199",5
"GO:0097623","GO:0097623","potassium ion export across plasma membrane","5/644","23/21468",0.217391304347826,7.24682689711045,5.271168491908,0.000513674688210105,0.00877563311905487,0.00681505648160995,"ENSG00000120049/ENSG00000130037/ENSG00000158445/ENSG00000180509/ENSG00000182132",5
"GO:1902644","GO:1902644","tertiary alcohol metabolic process","5/644","23/21468",0.217391304347826,7.24682689711045,5.271168491908,0.000513674688210105,0.00877563311905487,0.00681505648160995,"ENSG00000140459/ENSG00000151632/ENSG00000187134/ENSG00000196139/ENSG00000198075",5
"GO:0048041","GO:0048041","focal adhesion assembly","10/644","94/21468",0.106382978723404,3.54631954539448,4.35091363025118,0.000516782982529257,0.00877563311905487,0.00681505648160995,"ENSG00000034971/ENSG00000047648/ENSG00000095637/ENSG00000103647/ENSG00000120156/ENSG00000128052/ENSG00000136114/ENSG00000139567/ENSG00000168309/ENSG00000189058",10
"GO:1902893","GO:1902893","regulation of miRNA transcription","10/644","94/21468",0.106382978723404,3.54631954539448,4.35091363025118,0.000516782982529257,0.00877563311905487,0.00681505648160995,"ENSG00000064300/ENSG00000113580/ENSG00000120738/ENSG00000132170/ENSG00000136244/ENSG00000136826/ENSG00000138685/ENSG00000141052/ENSG00000168874/ENSG00000170345",10
"GO:0006979","GO:0006979","response to oxidative stress","27/644","449/21468",0.0601336302895323,2.00457884325416,3.78309900627886,0.000530558219808353,0.00897593645004131,0.00697060976142553,"ENSG00000078549/ENSG00000101049/ENSG00000109610/ENSG00000114378/ENSG00000115353/ENSG00000116016/ENSG00000127528/ENSG00000130037/ENSG00000135218/ENSG00000136244/ENSG00000136826/ENSG00000145335/ENSG00000153246/ENSG00000161544/ENSG00000170345/ENSG00000170962/ENSG00000171819/ENSG00000175471/ENSG00000181092/ENSG00000181195/ENSG00000185345/ENSG00000189058/ENSG00000211445/ENSG00000240583/ENSG00000244734/ENSG00000257017/ENSG00000265972",27
"GO:0009266","GO:0009266","response to temperature stimulus","16/644","207/21468",0.0772946859903382,2.57664956341705,4.00843677757282,0.000537775873128656,0.00906422233741757,0.00703917157352907,"ENSG00000004776/ENSG00000006128/ENSG00000017427/ENSG00000043591/ENSG00000064300/ENSG00000089250/ENSG00000102468/ENSG00000149575/ENSG00000150394/ENSG00000166819/ENSG00000168079/ENSG00000168356/ENSG00000169252/ENSG00000169432/ENSG00000176194/ENSG00000188778",16
"GO:0007596","GO:0007596","blood coagulation","19/644","270/21468",0.0703703703703704,2.34582470669427,3.91353722640016,0.000548510843063952,0.00910304560923336,0.00706932128314387,"ENSG00000003436/ENSG00000100448/ENSG00000102468/ENSG00000105974/ENSG00000110799/ENSG00000117525/ENSG00000126218/ENSG00000135218/ENSG00000136244/ENSG00000136267/ENSG00000138722/ENSG00000140873/ENSG00000164220/ENSG00000169313/ENSG00000173432/ENSG00000174175/ENSG00000178726/ENSG00000187800/ENSG00000244734",19
"GO:0019915","GO:0019915","lipid storage","11/644","112/21468",0.0982142857142857,3.27401286601597,4.24315119415045,0.000549827534001216,0.00910304560923336,0.00706932128314387,"ENSG00000076555/ENSG00000084674/ENSG00000105974/ENSG00000123612/ENSG00000132170/ENSG00000135218/ENSG00000136244/ENSG00000174697/ENSG00000175445/ENSG00000176194/ENSG00000187288",11
"GO:0010743","GO:0010743","regulation of macrophage derived foam cell differentiation","6/644","35/21468",0.171428571428571,5.71464063886424,4.90893938871209,0.000550117886398311,0.00910304560923336,0.00706932128314387,"ENSG00000084674/ENSG00000132170/ENSG00000135218/ENSG00000175445/ENSG00000181092/ENSG00000188257",6
"GO:0050995","GO:0050995","negative regulation of lipid catabolic process","6/644","35/21468",0.171428571428571,5.71464063886424,4.90893938871209,0.000550117886398311,0.00910304560923336,0.00706932128314387,"ENSG00000076555/ENSG00000111405/ENSG00000118432/ENSG00000176194/ENSG00000182782/ENSG00000187288",6
"GO:0051497","GO:0051497","negative regulation of stress fiber assembly","6/644","35/21468",0.171428571428571,5.71464063886424,4.90893938871209,0.000550117886398311,0.00910304560923336,0.00706932128314387,"ENSG00000034971/ENSG00000047648/ENSG00000103647/ENSG00000144339/ENSG00000145675/ENSG00000170989",6
"GO:0051896","GO:0051896","regulation of phosphatidylinositol 3-kinase/protein kinase B signal transduction","21/644","314/21468",0.0668789808917197,2.22943782885627,3.85941677517696,0.000561707938372523,0.00923833111803665,0.00717438246461417,"ENSG00000004948/ENSG00000017427/ENSG00000034971/ENSG00000108342/ENSG00000120156/ENSG00000128052/ENSG00000136158/ENSG00000137077/ENSG00000138685/ENSG00000140538/ENSG00000148053/ENSG00000151632/ENSG00000166292/ENSG00000168329/ENSG00000169313/ENSG00000170962/ENSG00000174175/ENSG00000174697/ENSG00000187871/ENSG00000189056/ENSG00000196139",21
"GO:0061614","GO:0061614","miRNA transcription","10/644","95/21468",0.105263157894737,3.50898986596927,4.30997252057589,0.000562368634445989,0.00923833111803665,0.00717438246461417,"ENSG00000064300/ENSG00000113580/ENSG00000120738/ENSG00000132170/ENSG00000136244/ENSG00000136826/ENSG00000138685/ENSG00000141052/ENSG00000168874/ENSG00000170345",10
"GO:1905952","GO:1905952","regulation of lipid localization","16/644","208/21468",0.0769230769230769,2.56426182513139,3.9866308062646,0.000566817721324917,0.00926456214446725,0.00719475318023888,"ENSG00000076555/ENSG00000084674/ENSG00000105974/ENSG00000119147/ENSG00000132170/ENSG00000135218/ENSG00000136244/ENSG00000141338/ENSG00000153162/ENSG00000153246/ENSG00000166573/ENSG00000174697/ENSG00000175445/ENSG00000176194/ENSG00000181092/ENSG00000185345",16
"GO:0010543","GO:0010543","regulation of platelet activation","8/644","63/21468",0.126984126984127,4.23306713989944,4.51932856315036,0.000568052112078054,0.00926456214446725,0.00719475318023888,"ENSG00000100448/ENSG00000102468/ENSG00000136244/ENSG00000138722/ENSG00000140873/ENSG00000174175/ENSG00000178726/ENSG00000187800",8
"GO:0018108","GO:0018108","peptidyl-tyrosine phosphorylation","17/644","229/21468",0.074235807860262,2.47468062600016,3.94543795003289,0.000579895315643293,0.00942381849866197,0.00731842984654524,"ENSG00000017427/ENSG00000037280/ENSG00000101280/ENSG00000102468/ENSG00000105974/ENSG00000108342/ENSG00000128052/ENSG00000135218/ENSG00000136244/ENSG00000136960/ENSG00000153162/ENSG00000162407/ENSG00000162878/ENSG00000181092/ENSG00000189056/ENSG00000241186/ENSG00000261371",17
"GO:0042593","GO:0042593","glucose homeostasis","20/644","294/21468",0.0680272108843537,2.26771453923184,3.84893180455914,0.000609048228401255,0.00986223095561175,0.00765889595489548,"ENSG00000004799/ENSG00000009950/ENSG00000064300/ENSG00000069122/ENSG00000092009/ENSG00000116678/ENSG00000118432/ENSG00000124253/ENSG00000132170/ENSG00000136244/ENSG00000138207/ENSG00000145242/ENSG00000145675/ENSG00000158445/ENSG00000163884/ENSG00000167910/ENSG00000173175/ENSG00000174697/ENSG00000181092/ENSG00000181856",20
"GO:0002024","GO:0002024","diet induced thermogenesis","4/644","14/21468",0.285714285714286,9.52440106477374,5.61074186723745,0.000631687229062808,0.010071319613757,0.00782127181947324,"ENSG00000043591/ENSG00000080293/ENSG00000169252/ENSG00000188778",4
"GO:0046322","GO:0046322","negative regulation of fatty acid oxidation","4/644","14/21468",0.285714285714286,9.52440106477374,5.61074186723745,0.000631687229062808,0.010071319613757,0.00782127181947324,"ENSG00000076555/ENSG00000094963/ENSG00000115361/ENSG00000118432",4
"GO:0030857","GO:0030857","negative regulation of epithelial cell differentiation","8/644","64/21468",0.125,4.16692546583851,4.46197253178578,0.000632421188556876,0.010071319613757,0.00782127181947324,"ENSG00000073282/ENSG00000105974/ENSG00000122592/ENSG00000136158/ENSG00000139567/ENSG00000143867/ENSG00000164056/ENSG00000204301",8
"GO:0032098","GO:0032098","regulation of appetite","5/644","24/21468",0.208333333333333,6.94487577639752,5.1243884060118,0.000632962875755307,0.010071319613757,0.00782127181947324,"ENSG00000080293/ENSG00000134548/ENSG00000146477/ENSG00000174697/ENSG00000187871",5
"GO:0033500","GO:0033500","carbohydrate homeostasis","20/644","295/21468",0.0677966101694915,2.26002737130224,3.8321837310184,0.000635498676113698,0.010071319613757,0.00782127181947324,"ENSG00000004799/ENSG00000009950/ENSG00000064300/ENSG00000069122/ENSG00000092009/ENSG00000116678/ENSG00000118432/ENSG00000124253/ENSG00000132170/ENSG00000136244/ENSG00000138207/ENSG00000145242/ENSG00000145675/ENSG00000158445/ENSG00000163884/ENSG00000167910/ENSG00000173175/ENSG00000174697/ENSG00000181092/ENSG00000181856",20
"GO:0018212","GO:0018212","peptidyl-tyrosine modification","17/644","231/21468",0.0735930735930736,2.45325481971445,3.90523985321321,0.00063973093267799,0.010071319613757,0.00782127181947324,"ENSG00000017427/ENSG00000037280/ENSG00000101280/ENSG00000102468/ENSG00000105974/ENSG00000108342/ENSG00000128052/ENSG00000135218/ENSG00000136244/ENSG00000136960/ENSG00000153162/ENSG00000162407/ENSG00000162878/ENSG00000181092/ENSG00000189056/ENSG00000241186/ENSG00000261371",17
"GO:0031032","GO:0031032","actomyosin structure organization","17/644","231/21468",0.0735930735930736,2.45325481971445,3.90523985321321,0.00063973093267799,0.010071319613757,0.00782127181947324,"ENSG00000034971/ENSG00000036448/ENSG00000047648/ENSG00000092529/ENSG00000095637/ENSG00000101605/ENSG00000103647/ENSG00000109063/ENSG00000115353/ENSG00000130595/ENSG00000133392/ENSG00000142661/ENSG00000144339/ENSG00000145675/ENSG00000154330/ENSG00000170989/ENSG00000198844",17
"GO:0050679","GO:0050679","positive regulation of epithelial cell proliferation","17/644","231/21468",0.0735930735930736,2.45325481971445,3.90523985321321,0.00063973093267799,0.010071319613757,0.00782127181947324,"ENSG00000017427/ENSG00000037280/ENSG00000073282/ENSG00000105894/ENSG00000115353/ENSG00000117525/ENSG00000119508/ENSG00000120156/ENSG00000123358/ENSG00000128052/ENSG00000138685/ENSG00000139567/ENSG00000143125/ENSG00000143867/ENSG00000153162/ENSG00000171951/ENSG00000179388",17
"GO:0001894","GO:0001894","tissue homeostasis","20/644","297/21468",0.0673400673400673,2.24480833176485,3.79888860879427,0.000691392791258257,0.0108095686743619,0.00839458761074,"ENSG00000004799/ENSG00000078725/ENSG00000091513/ENSG00000107611/ENSG00000129244/ENSG00000136244/ENSG00000138207/ENSG00000148204/ENSG00000149564/ENSG00000154721/ENSG00000165092/ENSG00000169252/ENSG00000169744/ENSG00000170891/ENSG00000170989/ENSG00000174059/ENSG00000179776/ENSG00000184113/ENSG00000187955/ENSG00000261371",20
"GO:0060249","GO:0060249","anatomical structure homeostasis","20/644","297/21468",0.0673400673400673,2.24480833176485,3.79888860879427,0.000691392791258257,0.0108095686743619,0.00839458761074,"ENSG00000004799/ENSG00000078725/ENSG00000091513/ENSG00000107611/ENSG00000129244/ENSG00000136244/ENSG00000138207/ENSG00000148204/ENSG00000149564/ENSG00000154721/ENSG00000165092/ENSG00000169252/ENSG00000169744/ENSG00000170891/ENSG00000170989/ENSG00000174059/ENSG00000179776/ENSG00000184113/ENSG00000187955/ENSG00000261371",20
"GO:0009952","GO:0009952","anterior/posterior pattern specification","17/644","233/21468",0.0729613733905579,2.43219683842934,3.86545901458607,0.000704784954921831,0.0109810824247958,0.00852778323101294,"ENSG00000005102/ENSG00000052850/ENSG00000105996/ENSG00000105997/ENSG00000106004/ENSG00000106006/ENSG00000106511/ENSG00000109906/ENSG00000122592/ENSG00000128918/ENSG00000143867/ENSG00000148204/ENSG00000164736/ENSG00000170166/ENSG00000173253/ENSG00000197576/ENSG00000241186",17
"GO:0140115","GO:0140115","export across plasma membrane","10/644","98/21468",0.102040816326531,3.40157180884776,4.19037497957255,0.000719506565655762,0.0111720642763124,0.00867609755630326,"ENSG00000018625/ENSG00000085563/ENSG00000118777/ENSG00000120049/ENSG00000129244/ENSG00000130037/ENSG00000158445/ENSG00000180509/ENSG00000182132/ENSG00000266964",10
"GO:0034219","GO:0034219","carbohydrate transmembrane transport","13/644","153/21468",0.0849673202614379,2.83241992449154,4.00013442917913,0.000726803189254317,0.0112468452562426,0.00873417161148083,"ENSG00000017427/ENSG00000076555/ENSG00000095637/ENSG00000119508/ENSG00000145675/ENSG00000163884/ENSG00000165269/ENSG00000174697/ENSG00000181092/ENSG00000181856/ENSG00000184811/ENSG00000240583/ENSG00000259916",13
"GO:0048638","GO:0048638","regulation of developmental growth","22/644","343/21468",0.0641399416909621,2.13813085127574,3.73669311128747,0.000733652537496209,0.0113142197449245,0.00878649387012109,"ENSG00000010319/ENSG00000017427/ENSG00000043591/ENSG00000069702/ENSG00000076555/ENSG00000081189/ENSG00000092529/ENSG00000116147/ENSG00000119927/ENSG00000120833/ENSG00000137872/ENSG00000138207/ENSG00000138685/ENSG00000139318/ENSG00000164530/ENSG00000167178/ENSG00000169252/ENSG00000174697/ENSG00000185345/ENSG00000187955/ENSG00000188778/ENSG00000221866",22
"GO:0032231","GO:0032231","regulation of actin filament bundle assembly","11/644","116/21468",0.0948275862068965,3.16111587063611,4.10425467161286,0.00073968930464948,0.0113302409029755,0.00879893571853666,"ENSG00000034971/ENSG00000047648/ENSG00000103647/ENSG00000115353/ENSG00000144339/ENSG00000145675/ENSG00000170989/ENSG00000172403/ENSG00000185345/ENSG00000198844/ENSG00000251322",11
"GO:0097306","GO:0097306","cellular response to alcohol","11/644","116/21468",0.0948275862068965,3.16111587063611,4.10425467161286,0.00073968930464948,0.0113302409029755,0.00879893571853666,"ENSG00000118515/ENSG00000119138/ENSG00000122420/ENSG00000124253/ENSG00000127528/ENSG00000136826/ENSG00000151632/ENSG00000167910/ENSG00000170345/ENSG00000173175/ENSG00000196139",11
"GO:0050817","GO:0050817","coagulation","19/644","277/21468",0.0685920577617329,2.28654393793305,3.78996601698141,0.000747573001105088,0.0113562162241752,0.00881910785639865,"ENSG00000003436/ENSG00000100448/ENSG00000102468/ENSG00000105974/ENSG00000110799/ENSG00000117525/ENSG00000126218/ENSG00000135218/ENSG00000136244/ENSG00000136267/ENSG00000138722/ENSG00000140873/ENSG00000164220/ENSG00000169313/ENSG00000173432/ENSG00000174175/ENSG00000178726/ENSG00000187800/ENSG00000244734",19
"GO:0003085","GO:0003085","negative regulation of systemic arterial blood pressure","6/644","37/21468",0.162162162162162,5.40574114487158,4.71677494764029,0.000748899129031401,0.0113562162241752,0.00881910785639865,"ENSG00000006128/ENSG00000043591/ENSG00000120907/ENSG00000133116/ENSG00000169252/ENSG00000188778",6
"GO:2000649","GO:2000649","regulation of sodium ion transmembrane transporter activity","6/644","37/21468",0.162162162162162,5.40574114487158,4.71677494764029,0.000748899129031401,0.0113562162241752,0.00881910785639865,"ENSG00000018625/ENSG00000088992/ENSG00000143867/ENSG00000166257/ENSG00000177098/ENSG00000266964",6
"GO:0010640","GO:0010640","regulation of platelet-derived growth factor receptor signaling pathway","5/644","25/21468",0.2,6.66708074534162,4.9857806343673,0.0007718431634933,0.0116651230109287,0.00905900133994768,"ENSG00000117525/ENSG00000141052/ENSG00000145335/ENSG00000181092/ENSG00000189058",5
"GO:0085029","GO:0085029","extracellular matrix assembly","8/644","66/21468",0.121212121212121,4.04065499717674,4.35069329633676,0.000778802380704953,0.0117311959937417,0.00911031286399045,"ENSG00000066056/ENSG00000069702/ENSG00000090006/ENSG00000105509/ENSG00000132170/ENSG00000133392/ENSG00000166482/ENSG00000168477",8
"GO:0032352","GO:0032352","positive regulation of hormone metabolic process","4/644","15/21468",0.266666666666667,8.88944099378882,5.37519692697475,0.000841050530092374,0.0125852247638245,0.00977354185568522,"ENSG00000120738/ENSG00000138039/ENSG00000139155/ENSG00000153162",4
"GO:0060347","GO:0060347","heart trabecula formation","4/644","15/21468",0.266666666666667,8.88944099378882,5.37519692697475,0.000841050530092374,0.0125852247638245,0.00977354185568522,"ENSG00000069702/ENSG00000120156/ENSG00000138207/ENSG00000154734",4
"GO:0035914","GO:0035914","skeletal muscle cell differentiation","9/644","83/21468",0.108433734939759,3.61468233181172,4.19710549487389,0.000847195554242245,0.0126354757991261,0.0098125662359429,"ENSG00000081189/ENSG00000108924/ENSG00000115593/ENSG00000120738/ENSG00000122877/ENSG00000123358/ENSG00000141052/ENSG00000162772/ENSG00000170345",9
"GO:0010883","GO:0010883","regulation of lipid storage","8/644","67/21468",0.119402985074627,3.98034671363678,4.29668674468016,0.00086156934331494,0.01272428469899,0.00988153421357269,"ENSG00000076555/ENSG00000084674/ENSG00000132170/ENSG00000135218/ENSG00000136244/ENSG00000174697/ENSG00000175445/ENSG00000176194",8
"GO:0043113","GO:0043113","receptor clustering","8/644","67/21468",0.119402985074627,3.98034671363678,4.29668674468016,0.00086156934331494,0.01272428469899,0.00988153421357269,"ENSG00000101938/ENSG00000105894/ENSG00000121871/ENSG00000148180/ENSG00000150672/ENSG00000169760/ENSG00000189056/ENSG00000251322",8
"GO:0071384","GO:0071384","cellular response to corticosteroid stimulus","8/644","67/21468",0.119402985074627,3.98034671363678,4.29668674468016,0.00086156934331494,0.01272428469899,0.00988153421357269,"ENSG00000113580/ENSG00000118515/ENSG00000119138/ENSG00000124253/ENSG00000128016/ENSG00000168309/ENSG00000196139/ENSG00000240583",8
"GO:0051494","GO:0051494","negative regulation of cytoskeleton organization","14/644","176/21468",0.0795454545454545,2.65167984189723,3.86919401977398,0.000886607644520592,0.0130515553904427,0.0101356888958352,"ENSG00000034971/ENSG00000047648/ENSG00000103647/ENSG00000144339/ENSG00000145335/ENSG00000145675/ENSG00000148180/ENSG00000152527/ENSG00000170989/ENSG00000177938/ENSG00000179776/ENSG00000185345/ENSG00000186994/ENSG00000251322",14
"GO:0070588","GO:0070588","calcium ion transmembrane transport","23/644","372/21468",0.0618279569892473,2.0610599078341,3.63042819021464,0.000923748830099314,0.0135542951316191,0.0105261108386381,"ENSG00000018625/ENSG00000078549/ENSG00000083067/ENSG00000089250/ENSG00000092051/ENSG00000092529/ENSG00000100678/ENSG00000102468/ENSG00000105974/ENSG00000118729/ENSG00000123560/ENSG00000136160/ENSG00000137077/ENSG00000137672/ENSG00000138039/ENSG00000138685/ENSG00000145335/ENSG00000155970/ENSG00000158966/ENSG00000164949/ENSG00000168356/ENSG00000171227/ENSG00000186439",23
"GO:0050730","GO:0050730","regulation of peptidyl-tyrosine phosphorylation","14/644","177/21468",0.0790960451977401,2.63669859985262,3.84506643884554,0.000936903067612448,0.0137029629308221,0.0106415645540361,"ENSG00000017427/ENSG00000101280/ENSG00000102468/ENSG00000105974/ENSG00000108342/ENSG00000135218/ENSG00000136244/ENSG00000136960/ENSG00000153162/ENSG00000162407/ENSG00000181092/ENSG00000189056/ENSG00000241186/ENSG00000261371",14
"GO:0043010","GO:0043010","camera-type eye development","24/644","396/21468",0.0606060606060606,2.02032749858837,3.60396728318438,0.000951474842826873,0.0138713406346529,0.0107723247563239,"ENSG00000036448/ENSG00000101605/ENSG00000104888/ENSG00000126785/ENSG00000128052/ENSG00000128918/ENSG00000136158/ENSG00000136826/ENSG00000138207/ENSG00000138685/ENSG00000139567/ENSG00000148053/ENSG00000148204/ENSG00000163638/ENSG00000164007/ENSG00000164056/ENSG00000170345/ENSG00000171819/ENSG00000174804/ENSG00000179094/ENSG00000180660/ENSG00000198570/ENSG00000198844/ENSG00000240583",24
"GO:0009636","GO:0009636","response to toxic substance","20/644","305/21468",0.0655737704918033,2.18592811322676,3.66831145857686,0.000959540510050643,0.013899542084887,0.0107942256805764,"ENSG00000085563/ENSG00000109610/ENSG00000118777/ENSG00000135218/ENSG00000146477/ENSG00000149124/ENSG00000149575/ENSG00000161544/ENSG00000165092/ENSG00000168356/ENSG00000169432/ENSG00000170345/ENSG00000181195/ENSG00000185345/ENSG00000198099/ENSG00000205364/ENSG00000211445/ENSG00000241644/ENSG00000244734/ENSG00000257017",20
"GO:0050708","GO:0050708","regulation of protein secretion","20/644","305/21468",0.0655737704918033,2.18592811322676,3.66831145857686,0.000959540510050643,0.013899542084887,0.0107942256805764,"ENSG00000017427/ENSG00000053438/ENSG00000101605/ENSG00000118432/ENSG00000123612/ENSG00000130037/ENSG00000132170/ENSG00000136244/ENSG00000136999/ENSG00000138207/ENSG00000145242/ENSG00000153162/ENSG00000158445/ENSG00000164220/ENSG00000173175/ENSG00000173432/ENSG00000174697/ENSG00000182782/ENSG00000185345/ENSG00000272636",20
"GO:0008643","GO:0008643","carbohydrate transport","13/644","158/21468",0.0822784810126582,2.74278638257725,3.86658454558641,0.000980607460016079,0.0141594720500411,0.0109960843236801,"ENSG00000017427/ENSG00000076555/ENSG00000095637/ENSG00000119508/ENSG00000145675/ENSG00000163884/ENSG00000165269/ENSG00000174697/ENSG00000181092/ENSG00000181856/ENSG00000184811/ENSG00000240583/ENSG00000259916",13
"GO:0030501","GO:0030501","positive regulation of bone mineralization","7/644","53/21468",0.132075471698113,4.40278917145201,4.36174700776907,0.000984116640818181,0.0141650312681576,0.0110004015489952,"ENSG00000081189/ENSG00000105894/ENSG00000133116/ENSG00000143867/ENSG00000153162/ENSG00000162878/ENSG00000169252",7
"GO:0016051","GO:0016051","carbohydrate biosynthetic process","16/644","220/21468",0.0727272727272727,2.42439299830604,3.73446742945902,0.0010343162647194,0.0148404745070815,0.0115249430562504,"ENSG00000017427/ENSG00000056998/ENSG00000078549/ENSG00000095637/ENSG00000105509/ENSG00000113580/ENSG00000116678/ENSG00000124253/ENSG00000138039/ENSG00000138207/ENSG00000145335/ENSG00000162772/ENSG00000167588/ENSG00000172318/ENSG00000174697/ENSG00000181092",16
"GO:0051963","GO:0051963","regulation of synapse assembly","14/644","179/21468",0.0782122905027933,2.60723828030119,3.79730679506022,0.00104472382520554,0.0149418792069868,0.0116036927883757,"ENSG00000081189/ENSG00000121871/ENSG00000131409/ENSG00000135298/ENSG00000145335/ENSG00000146006/ENSG00000148053/ENSG00000158301/ENSG00000165379/ENSG00000169760/ENSG00000173114/ENSG00000180914/ENSG00000185985/ENSG00000198844",14
"GO:0014706","GO:0014706","striated muscle tissue development","26/644","446/21468",0.0582959641255605,1.94331949976325,3.54026490397747,0.00104797476573043,0.0149418792069868,0.0116036927883757,"ENSG00000017427/ENSG00000036448/ENSG00000069702/ENSG00000081189/ENSG00000101605/ENSG00000102683/ENSG00000105974/ENSG00000106511/ENSG00000108924/ENSG00000115593/ENSG00000120738/ENSG00000120907/ENSG00000122877/ENSG00000123358/ENSG00000128918/ENSG00000133392/ENSG00000138207/ENSG00000138685/ENSG00000141052/ENSG00000154330/ENSG00000162772/ENSG00000163638/ENSG00000164530/ENSG00000170345/ENSG00000170989/ENSG00000187955",26
"GO:0051899","GO:0051899","membrane depolarization","10/644","103/21468",0.0970873786407767,3.23644696375807,4.00103454960638,0.00106078650526207,0.0150771348428157,0.0117087307708352,"ENSG00000018625/ENSG00000022267/ENSG00000034971/ENSG00000105974/ENSG00000128052/ENSG00000149575/ENSG00000153253/ENSG00000166257/ENSG00000168356/ENSG00000177098",10
"GO:0060537","GO:0060537","muscle tissue development","27/644","471/21468",0.0573248407643312,1.91094671044823,3.51537237530642,0.00108453004305962,0.0153664350476009,0.0119333980066921,"ENSG00000017427/ENSG00000036448/ENSG00000069702/ENSG00000081189/ENSG00000101605/ENSG00000102683/ENSG00000105974/ENSG00000106511/ENSG00000108924/ENSG00000115593/ENSG00000120738/ENSG00000120907/ENSG00000122877/ENSG00000123358/ENSG00000128918/ENSG00000133392/ENSG00000138207/ENSG00000138685/ENSG00000141052/ENSG00000143867/ENSG00000154330/ENSG00000162772/ENSG00000163638/ENSG00000164530/ENSG00000170345/ENSG00000170989/ENSG00000187955",27
"GO:0030214","GO:0030214","hyaluronan catabolic process","4/644","16/21468",0.25,8.33385093167702,5.1606536106499,0.00109494732682991,0.0153702842979612,0.0119363872905719,"ENSG00000114378/ENSG00000133800/ENSG00000136011/ENSG00000138685",4
"GO:0042415","GO:0042415","norepinephrine metabolic process","4/644","16/21468",0.25,8.33385093167702,5.1606536106499,0.00109494732682991,0.0153702842979612,0.0119363872905719,"ENSG00000116016/ENSG00000133116/ENSG00000164197/ENSG00000185345",4
"GO:0048678","GO:0048678","response to axon injury","9/644","86/21468",0.104651162790698,3.48858876209736,4.06653704457536,0.00109497173097518,0.0153702842979612,0.0119363872905719,"ENSG00000074660/ENSG00000105894/ENSG00000116147/ENSG00000132561/ENSG00000136826/ENSG00000138685/ENSG00000158445/ENSG00000169313/ENSG00000189058",9
"GO:0072010","GO:0072010","glomerular epithelium development","5/644","27/21468",0.185185185185185,6.17322291235335,4.73006479904988,0.00111617202721205,0.0156195184301834,0.0121299396719438,"ENSG00000136160/ENSG00000163884/ENSG00000174059/ENSG00000181092/ENSG00000261371",5
"GO:0019218","GO:0019218","regulation of steroid metabolic process","11/644","122/21468",0.0901639344262295,3.00565115568679,3.90682173492724,0.00112419464793465,0.0156833801038022,0.0121795339185147,"ENSG00000084674/ENSG00000113580/ENSG00000115361/ENSG00000120738/ENSG00000138039/ENSG00000138135/ENSG00000153162/ENSG00000164849/ENSG00000167910/ENSG00000174697/ENSG00000196139",11
"GO:0008202","GO:0008202","steroid metabolic process","23/644","378/21468",0.0608465608465608,2.02834467120181,3.54725856703931,0.0011424725815956,0.015716231057042,0.0122050455937143,"ENSG00000074660/ENSG00000079435/ENSG00000084674/ENSG00000107611/ENSG00000113580/ENSG00000115361/ENSG00000116678/ENSG00000116833/ENSG00000120738/ENSG00000135437/ENSG00000136160/ENSG00000138039/ENSG00000138135/ENSG00000140459/ENSG00000140505/ENSG00000151632/ENSG00000153162/ENSG00000164849/ENSG00000167910/ENSG00000170271/ENSG00000174697/ENSG00000187134/ENSG00000196139",23
"GO:0010742","GO:0010742","macrophage derived foam cell differentiation","6/644","40/21468",0.15,5.00031055900621,4.45327402564132,0.00114593136141616,0.015716231057042,0.0122050455937143,"ENSG00000084674/ENSG00000132170/ENSG00000135218/ENSG00000175445/ENSG00000181092/ENSG00000188257",6
"GO:0032350","GO:0032350","regulation of hormone metabolic process","6/644","40/21468",0.15,5.00031055900621,4.45327402564132,0.00114593136141616,0.015716231057042,0.0122050455937143,"ENSG00000113580/ENSG00000120738/ENSG00000138039/ENSG00000139155/ENSG00000153162/ENSG00000196139",6
"GO:0043267","GO:0043267","negative regulation of potassium ion transport","6/644","40/21468",0.15,5.00031055900621,4.45327402564132,0.00114593136141616,0.015716231057042,0.0122050455937143,"ENSG00000089250/ENSG00000102468/ENSG00000105974/ENSG00000118729/ENSG00000169282/ENSG00000180509",6
"GO:0071398","GO:0071398","cellular response to fatty acid","6/644","40/21468",0.15,5.00031055900621,4.45327402564132,0.00114593136141616,0.015716231057042,0.0122050455937143,"ENSG00000004799/ENSG00000100433/ENSG00000151632/ENSG00000175445/ENSG00000187134/ENSG00000196139",6
"GO:0051047","GO:0051047","positive regulation of secretion","22/644","355/21468",0.0619718309859155,2.06585600559881,3.56110085423299,0.00114734726067069,0.015716231057042,0.0122050455937143,"ENSG00000017427/ENSG00000053438/ENSG00000101605/ENSG00000115353/ENSG00000119147/ENSG00000124205/ENSG00000132170/ENSG00000138207/ENSG00000145335/ENSG00000153162/ENSG00000153246/ENSG00000155970/ENSG00000158445/ENSG00000164220/ENSG00000166573/ENSG00000169418/ENSG00000169760/ENSG00000174697/ENSG00000180914/ENSG00000182782/ENSG00000240583/ENSG00000272636",22
"GO:0001709","GO:0001709","cell fate determination","8/644","70/21468",0.114285714285714,3.80976042590949,4.14074278762663,0.00115298109756655,0.0157458322179721,0.0122280335173117,"ENSG00000081189/ENSG00000105996/ENSG00000117425/ENSG00000136826/ENSG00000164736/ENSG00000168477/ENSG00000204301/ENSG00000221818",8
"GO:0010810","GO:0010810","regulation of cell-substrate adhesion","17/644","244/21468",0.069672131147541,2.32254862030343,3.65375544645041,0.00117306922188888,0.0159720596157483,0.0124037191313997,"ENSG00000034971/ENSG00000047648/ENSG00000072163/ENSG00000103647/ENSG00000120156/ENSG00000122592/ENSG00000128052/ENSG00000135218/ENSG00000137077/ENSG00000139567/ENSG00000145675/ENSG00000154175/ENSG00000164318/ENSG00000168309/ENSG00000174804/ENSG00000189058/ENSG00000205221",17
"GO:0048706","GO:0048706","embryonic skeletal system development","12/644","142/21468",0.0845070422535211,2.8170763712711,3.82040306673363,0.00120367122009649,0.0163396566225074,0.0126891907696904,"ENSG00000052850/ENSG00000105996/ENSG00000105997/ENSG00000106004/ENSG00000106006/ENSG00000114378/ENSG00000122592/ENSG00000138207/ENSG00000143867/ENSG00000170166/ENSG00000173253/ENSG00000197576",12
"GO:0009612","GO:0009612","response to mechanical stimulus","17/644","245/21468",0.0693877551020408,2.31306883001648,3.63507755865889,0.00122639087458186,0.0165983767921019,0.0128901098993757,"ENSG00000018625/ENSG00000102468/ENSG00000105894/ENSG00000115353/ENSG00000125740/ENSG00000130037/ENSG00000137033/ENSG00000138685/ENSG00000148180/ENSG00000153162/ENSG00000168356/ENSG00000169432/ENSG00000170345/ENSG00000186642/ENSG00000240583/ENSG00000251322/ENSG00000265972",17
"GO:0055074","GO:0055074","calcium ion homeostasis","22/644","357/21468",0.061624649859944,2.05428258259826,3.53250895297492,0.00123289649053823,0.0166367639526796,0.0129199209299824,"ENSG00000018625/ENSG00000092051/ENSG00000092529/ENSG00000100678/ENSG00000102468/ENSG00000105974/ENSG00000118432/ENSG00000118729/ENSG00000124205/ENSG00000128052/ENSG00000133116/ENSG00000137077/ENSG00000137672/ENSG00000138039/ENSG00000138685/ENSG00000145335/ENSG00000152154/ENSG00000155970/ENSG00000179776/ENSG00000185518/ENSG00000186439/ENSG00000276409",22
"GO:0006720","GO:0006720","isoprenoid metabolic process","12/644","143/21468",0.0839160839160839,2.79737653650697,3.79235601697612,0.00127899853628626,0.0172076538976912,0.0133632675429566,"ENSG00000079435/ENSG00000128918/ENSG00000135437/ENSG00000138207/ENSG00000140505/ENSG00000165092/ENSG00000187134/ENSG00000187758/ENSG00000196139/ENSG00000196616/ENSG00000198099/ENSG00000248144",12
"GO:0001937","GO:0001937","negative regulation of endothelial cell proliferation","9/644","88/21468",0.102272727272727,3.40930265386787,3.98267968600761,0.0012905123604381,0.0172777017425927,0.0134176658995131,"ENSG00000000005/ENSG00000064300/ENSG00000081189/ENSG00000105974/ENSG00000132170/ENSG00000139567/ENSG00000168874/ENSG00000171951/ENSG00000173269",9
"GO:0030509","GO:0030509","BMP signaling pathway","14/644","183/21468",0.0765027322404372,2.55024946543122,3.70370887433015,0.00129182639848675,0.0172777017425927,0.0134176658995131,"ENSG00000069702/ENSG00000101938/ENSG00000105974/ENSG00000120693/ENSG00000120738/ENSG00000128052/ENSG00000132170/ENSG00000139567/ENSG00000148204/ENSG00000150938/ENSG00000153162/ENSG00000164619/ENSG00000166292/ENSG00000179776",14
"GO:0002026","GO:0002026","regulation of the force of heart contraction","5/644","28/21468",0.178571428571429,5.95275066548358,4.611684885116,0.00132564594191037,0.0175744991246246,0.0136481553576183,"ENSG00000018625/ENSG00000043591/ENSG00000089250/ENSG00000105974/ENSG00000120907",5
"GO:0016048","GO:0016048","detection of temperature stimulus","5/644","28/21468",0.178571428571429,5.95275066548358,4.611684885116,0.00132564594191037,0.0175744991246246,0.0136481553576183,"ENSG00000006128/ENSG00000064300/ENSG00000102468/ENSG00000168356/ENSG00000169432",5
"GO:0035235","GO:0035235","ionotropic glutamate receptor signaling pathway","5/644","28/21468",0.178571428571429,5.95275066548358,4.611684885116,0.00132564594191037,0.0175744991246246,0.0136481553576183,"ENSG00000081189/ENSG00000123560/ENSG00000152578/ENSG00000169252/ENSG00000171189",5
"GO:0030072","GO:0030072","peptide hormone secretion","19/644","291/21468",0.0652920962199313,2.17653838765448,3.55358667076107,0.00133707699323861,0.0176743646861337,0.0137257098124387,"ENSG00000053438/ENSG00000118432/ENSG00000119147/ENSG00000123612/ENSG00000124205/ENSG00000130037/ENSG00000136244/ENSG00000136999/ENSG00000138207/ENSG00000145242/ENSG00000145708/ENSG00000146469/ENSG00000158445/ENSG00000164220/ENSG00000173175/ENSG00000174697/ENSG00000185345/ENSG00000240583/ENSG00000272636",19
"GO:0002687","GO:0002687","positive regulation of leukocyte migration","14/644","184/21468",0.0760869565217391,2.53638941398866,3.68069750496838,0.0013607114430978,0.0179344932645507,0.0139277226963346,"ENSG00000105894/ENSG00000115353/ENSG00000124205/ENSG00000133800/ENSG00000136244/ENSG00000137077/ENSG00000145675/ENSG00000154721/ENSG00000165197/ENSG00000168329/ENSG00000169313/ENSG00000170962/ENSG00000174175/ENSG00000180383",14
"GO:0050432","GO:0050432","catecholamine secretion","7/644","56/21468",0.125,4.16692546583851,4.17301333691597,0.00137049029338726,0.0179629376220166,0.0139498122595699,"ENSG00000102468/ENSG00000118432/ENSG00000145335/ENSG00000146469/ENSG00000158445/ENSG00000180914/ENSG00000185345",7
"GO:0018958","GO:0018958","phenol-containing compound metabolic process","11/644","125/21468",0.088,2.93351552795031,3.81260201272058,0.00137079321067882,0.0179629376220166,0.0139498122595699,"ENSG00000064692/ENSG00000080166/ENSG00000116016/ENSG00000123360/ENSG00000133116/ENSG00000139155/ENSG00000145335/ENSG00000164197/ENSG00000167588/ENSG00000169418/ENSG00000185345",11
"GO:0010001","GO:0010001","glial cell differentiation","19/644","292/21468",0.0650684931506849,2.16908448906662,3.53721855383756,0.00139122937167724,0.018163449526162,0.0141055275149193,"ENSG00000034971/ENSG00000100678/ENSG00000105894/ENSG00000108381/ENSG00000113580/ENSG00000122877/ENSG00000123560/ENSG00000131095/ENSG00000135144/ENSG00000136244/ENSG00000137033/ENSG00000138685/ENSG00000144230/ENSG00000148053/ENSG00000153902/ENSG00000162367/ENSG00000162407/ENSG00000163884/ENSG00000189056",19
"GO:0032230","GO:0032230","positive regulation of synaptic transmission, GABAergic","4/644","17/21468",0.235294117647059,7.84362440628425,4.96401848410857,0.00139811289912451,0.018163449526162,0.0141055275149193,"ENSG00000115353/ENSG00000120907/ENSG00000169760/ENSG00000180914",4
"GO:0042448","GO:0042448","progesterone metabolic process","4/644","17/21468",0.235294117647059,7.84362440628425,4.96401848410857,0.00139811289912451,0.018163449526162,0.0141055275149193,"ENSG00000120738/ENSG00000151632/ENSG00000187134/ENSG00000196139",4
"GO:0006942","GO:0006942","regulation of striated muscle contraction","10/644","107/21468",0.0934579439252336,3.11545829221571,3.85773241651918,0.00142044442859231,0.0184008429692501,0.0142898845523046,"ENSG00000007314/ENSG00000018625/ENSG00000089250/ENSG00000100678/ENSG00000105974/ENSG00000118729/ENSG00000120907/ENSG00000123358/ENSG00000130595/ENSG00000234438",10
"GO:0051146","GO:0051146","striated muscle cell differentiation","21/644","338/21468",0.0621301775147929,2.07113455106766,3.49059260480009,0.00142528251380156,0.0184109142950891,0.0142977058289586,"ENSG00000017427/ENSG00000036448/ENSG00000081189/ENSG00000089250/ENSG00000092529/ENSG00000101605/ENSG00000109063/ENSG00000115593/ENSG00000120907/ENSG00000130595/ENSG00000133392/ENSG00000135298/ENSG00000136999/ENSG00000141052/ENSG00000142661/ENSG00000154330/ENSG00000154721/ENSG00000164530/ENSG00000187955/ENSG00000244476/ENSG00000262179",21
"GO:1902904","GO:1902904","negative regulation of supramolecular fiber organization","14/644","185/21468",0.0756756756756757,2.52267920094007,3.65783736115725,0.0014326393759208,0.0184533719614344,0.0143306779678681,"ENSG00000034971/ENSG00000047648/ENSG00000103647/ENSG00000144339/ENSG00000145335/ENSG00000145675/ENSG00000148180/ENSG00000152527/ENSG00000170989/ENSG00000177938/ENSG00000179776/ENSG00000185345/ENSG00000186994/ENSG00000251322",14
"GO:0006109","GO:0006109","regulation of carbohydrate metabolic process","15/644","206/21468",0.0728155339805825,2.42733522281855,3.61996249250658,0.0014482931194604,0.0186021558176585,0.0144462218118236,"ENSG00000004799/ENSG00000009950/ENSG00000017427/ENSG00000076555/ENSG00000078549/ENSG00000095637/ENSG00000102468/ENSG00000113580/ENSG00000116678/ENSG00000138039/ENSG00000145335/ENSG00000167588/ENSG00000174697/ENSG00000181092/ENSG00000185345",15
"GO:0044344","GO:0044344","cellular response to fibroblast growth factor stimulus","11/644","126/21468",0.0873015873015873,2.91023365868086,3.78181902412313,0.00146223072962642,0.0187281190060062,0.0145440433856687,"ENSG00000064300/ENSG00000114378/ENSG00000123358/ENSG00000128016/ENSG00000133116/ENSG00000134962/ENSG00000136158/ENSG00000138685/ENSG00000164056/ENSG00000179388/ENSG00000241186",11
"GO:0035633","GO:0035633","maintenance of blood-brain barrier","6/644","42/21468",0.142857142857143,4.76220053238687,4.29183057874799,0.00148879613777258,0.0189612406984856,0.0147250830303054,"ENSG00000136244/ENSG00000149564/ENSG00000154721/ENSG00000179776/ENSG00000184113/ENSG00000261371",6
"GO:0090077","GO:0090077","foam cell differentiation","6/644","42/21468",0.142857142857143,4.76220053238687,4.29183057874799,0.00148879613777258,0.0189612406984856,0.0147250830303054,"ENSG00000084674/ENSG00000132170/ENSG00000135218/ENSG00000175445/ENSG00000181092/ENSG00000188257",6
"GO:0043114","GO:0043114","regulation of vascular permeability","7/644","57/21468",0.12280701754386,4.09382151029748,4.11301923941991,0.00152264558992252,0.0193380255033857,0.0150176898077276,"ENSG00000115353/ENSG00000120156/ENSG00000153162/ENSG00000169418/ENSG00000179776/ENSG00000184113/ENSG00000186642",7
"GO:0045834","GO:0045834","positive regulation of lipid metabolic process","12/644","146/21468",0.0821917808219178,2.73989619671573,3.70964483165059,0.00152873442362766,0.0193611225606922,0.0150356267187137,"ENSG00000009950/ENSG00000069122/ENSG00000095637/ENSG00000102468/ENSG00000114771/ENSG00000124253/ENSG00000132170/ENSG00000151468/ENSG00000153162/ENSG00000167910/ENSG00000170509/ENSG00000181092",12
"GO:0006638","GO:0006638","neutral lipid metabolic process","13/644","166/21468",0.0783132530120482,2.61060390630846,3.66335609560765,0.00153876438628481,0.0194338655359758,0.0150921180827523,"ENSG00000079435/ENSG00000084674/ENSG00000105974/ENSG00000114771/ENSG00000119927/ENSG00000124253/ENSG00000136267/ENSG00000145335/ENSG00000168477/ENSG00000175445/ENSG00000187288/ENSG00000187546/ENSG00000277494",13
"GO:0002526","GO:0002526","acute inflammatory response","11/644","127/21468",0.0866141732283465,2.88731843302196,3.75133797471075,0.0015586049775339,0.0196274280628699,0.0152424365310751,"ENSG00000117525/ENSG00000118432/ENSG00000134339/ENSG00000136160/ENSG00000136244/ENSG00000163687/ENSG00000168356/ENSG00000173432/ENSG00000175899/ENSG00000179639/ENSG00000257017",11
"GO:0051580","GO:0051580","regulation of neurotransmitter uptake","5/644","29/21468",0.172413793103448,5.74748340115656,4.49890399995819,0.00156274846287958,0.0196274280628699,0.0152424365310751,"ENSG00000018625/ENSG00000089250/ENSG00000131095/ENSG00000145335/ENSG00000185345",5
"GO:0014897","GO:0014897","striated muscle hypertrophy","10/644","109/21468",0.0917431192660551,3.05829391988147,3.78858221795223,0.00163427031436113,0.0203181987881982,0.0157788811892654,"ENSG00000017427/ENSG00000034971/ENSG00000076555/ENSG00000119508/ENSG00000120907/ENSG00000132170/ENSG00000163884/ENSG00000164530/ENSG00000174697/ENSG00000187955",10
"GO:2000628","GO:2000628","regulation of miRNA metabolic process","10/644","109/21468",0.0917431192660551,3.05829391988147,3.78858221795223,0.00163427031436113,0.0203181987881982,0.0157788811892654,"ENSG00000064300/ENSG00000113580/ENSG00000120738/ENSG00000132170/ENSG00000136244/ENSG00000136826/ENSG00000138685/ENSG00000141052/ENSG00000168874/ENSG00000170345",10
"GO:0015844","GO:0015844","monoamine transport","9/644","91/21468",0.0989010989010989,3.29690806088322,3.86133484101032,0.00163567325930576,0.0203181987881982,0.0157788811892654,"ENSG00000089250/ENSG00000102468/ENSG00000118432/ENSG00000145335/ENSG00000146469/ENSG00000146477/ENSG00000158445/ENSG00000180914/ENSG00000185345",9
"GO:0046323","GO:0046323","D-glucose import","9/644","91/21468",0.0989010989010989,3.29690806088322,3.86133484101032,0.00163567325930576,0.0203181987881982,0.0157788811892654,"ENSG00000017427/ENSG00000076555/ENSG00000095637/ENSG00000145675/ENSG00000163884/ENSG00000174697/ENSG00000181092/ENSG00000181856/ENSG00000184811",9
"GO:0001822","GO:0001822","kidney development","21/644","342/21468",0.0614035087719298,2.04691075514874,3.43210535604125,0.00164591739401642,0.0203895887007389,0.015834321780227,"ENSG00000081189/ENSG00000109906/ENSG00000120156/ENSG00000120738/ENSG00000128918/ENSG00000136160/ENSG00000138685/ENSG00000143867/ENSG00000146021/ENSG00000153162/ENSG00000154734/ENSG00000163884/ENSG00000164056/ENSG00000164488/ENSG00000164619/ENSG00000164736/ENSG00000170962/ENSG00000174059/ENSG00000181092/ENSG00000240583/ENSG00000261371",21
"GO:0051223","GO:0051223","regulation of protein transport","27/644","485/21468",0.0556701030927835,1.8557853621054,3.35234314898968,0.00165479818926451,0.0204437465670989,0.0158763801608771,"ENSG00000009694/ENSG00000017427/ENSG00000053438/ENSG00000101605/ENSG00000118432/ENSG00000123612/ENSG00000130037/ENSG00000132170/ENSG00000135218/ENSG00000136244/ENSG00000136999/ENSG00000138207/ENSG00000145242/ENSG00000145675/ENSG00000153162/ENSG00000157782/ENSG00000158445/ENSG00000162878/ENSG00000164220/ENSG00000173175/ENSG00000173432/ENSG00000174697/ENSG00000181092/ENSG00000182782/ENSG00000185345/ENSG00000189058/ENSG00000272636",27
"GO:0009308","GO:0009308","amine metabolic process","11/644","128/21468",0.0859375,2.86476125776398,3.72115319109798,0.00166011344046203,0.0204536802691708,0.0158840945604848,"ENSG00000064692/ENSG00000116016/ENSG00000123360/ENSG00000131471/ENSG00000133116/ENSG00000145335/ENSG00000146477/ENSG00000164197/ENSG00000169418/ENSG00000185345/ENSG00000241644",11
"GO:0052652","GO:0052652","cyclic purine nucleotide metabolic process","6/644","43/21468",0.13953488372093,4.65145168279648,4.21488670164977,0.00168701642138762,0.0206247158419799,0.0160169188334741,"ENSG00000115252/ENSG00000129467/ENSG00000169418/ENSG00000171408/ENSG00000173175/ENSG00000186642",6
"GO:1990806","GO:1990806","ligand-gated ion channel signaling pathway","6/644","43/21468",0.13953488372093,4.65145168279648,4.21488670164977,0.00168701642138762,0.0206247158419799,0.0160169188334741,"ENSG00000081189/ENSG00000123560/ENSG00000152578/ENSG00000164220/ENSG00000169252/ENSG00000171189",6
"GO:0006953","GO:0006953","acute-phase response","7/644","58/21468",0.120689655172414,4.0232383808096,4.05438129740603,0.00168764216527891,0.0206247158419799,0.0160169188334741,"ENSG00000118432/ENSG00000134339/ENSG00000136160/ENSG00000136244/ENSG00000173432/ENSG00000175899/ENSG00000257017",7
"GO:0071805","GO:0071805","potassium ion transmembrane transport","16/644","231/21468",0.0692640692640693,2.30894571267242,3.51744710802014,0.00171687805172614,0.0209256050713073,0.016250585973469,"ENSG00000018625/ENSG00000022267/ENSG00000100433/ENSG00000104888/ENSG00000105974/ENSG00000118729/ENSG00000120049/ENSG00000124205/ENSG00000129244/ENSG00000130037/ENSG00000153822/ENSG00000158445/ENSG00000169282/ENSG00000180509/ENSG00000182132/ENSG00000240583",16
"GO:0009306","GO:0009306","protein secretion","24/644","414/21468",0.0579710144927536,1.93248717256279,3.36916485560781,0.00172978460471471,0.0209861099159665,0.0162975733449975,"ENSG00000017427/ENSG00000053438/ENSG00000054803/ENSG00000101605/ENSG00000118432/ENSG00000123612/ENSG00000130037/ENSG00000132170/ENSG00000136160/ENSG00000136244/ENSG00000136999/ENSG00000138207/ENSG00000145242/ENSG00000146469/ENSG00000153162/ENSG00000158445/ENSG00000164220/ENSG00000171951/ENSG00000173175/ENSG00000173432/ENSG00000174697/ENSG00000182782/ENSG00000185345/ENSG00000272636",24
"GO:0006631","GO:0006631","fatty acid metabolic process","25/644","438/21468",0.0570776255707763,1.9027056921637,3.35668149353516,0.00173109949461215,0.0209861099159665,0.0162975733449975,"ENSG00000004799/ENSG00000009950/ENSG00000076555/ENSG00000094963/ENSG00000105974/ENSG00000115361/ENSG00000118432/ENSG00000123560/ENSG00000124253/ENSG00000132170/ENSG00000135218/ENSG00000140505/ENSG00000145335/ENSG00000151632/ENSG00000161544/ENSG00000162877/ENSG00000167910/ENSG00000168477/ENSG00000174697/ENSG00000175445/ENSG00000181092/ENSG00000183549/ENSG00000187134/ENSG00000196139/ENSG00000198099",25
"GO:0007631","GO:0007631","feeding behavior","10/644","110/21468",0.0909090909090909,3.03049124788255,3.75460027511095,0.00175056133828862,0.0211654536208016,0.0164368496184573,"ENSG00000115353/ENSG00000116678/ENSG00000118432/ENSG00000119508/ENSG00000148053/ENSG00000170345/ENSG00000174697/ENSG00000180914/ENSG00000187871/ENSG00000188778",10
"GO:0002790","GO:0002790","peptide secretion","19/644","298/21468",0.063758389261745,2.12541164700488,3.44037388750463,0.00175687884356744,0.0211853422253584,0.0164522948816715,"ENSG00000053438/ENSG00000118432/ENSG00000119147/ENSG00000123612/ENSG00000124205/ENSG00000130037/ENSG00000136244/ENSG00000136999/ENSG00000138207/ENSG00000145242/ENSG00000145708/ENSG00000146469/ENSG00000158445/ENSG00000164220/ENSG00000173175/ENSG00000174697/ENSG00000185345/ENSG00000240583/ENSG00000272636",19
"GO:0072006","GO:0072006","nephron development","13/644","169/21468",0.0769230769230769,2.56426182513139,3.59020896084344,0.00180662374387729,0.0216024994073091,0.0167762543861466,"ENSG00000081189/ENSG00000120156/ENSG00000120738/ENSG00000136160/ENSG00000138685/ENSG00000143867/ENSG00000146021/ENSG00000163884/ENSG00000170962/ENSG00000174059/ENSG00000181092/ENSG00000240583/ENSG00000261371",13
"GO:0051937","GO:0051937","catecholamine transport","8/644","75/21468",0.106666666666667,3.55577639751553,3.89909822110161,0.00180850340518999,0.0216024994073091,0.0167762543861466,"ENSG00000102468/ENSG00000118432/ENSG00000145335/ENSG00000146469/ENSG00000146477/ENSG00000158445/ENSG00000180914/ENSG00000185345",8
"GO:0150116","GO:0150116","regulation of cell-substrate junction organization","8/644","75/21468",0.106666666666667,3.55577639751553,3.89909822110161,0.00180850340518999,0.0216024994073091,0.0167762543861466,"ENSG00000034971/ENSG00000047648/ENSG00000120156/ENSG00000128052/ENSG00000139567/ENSG00000145675/ENSG00000168309/ENSG00000189058",8
"GO:0110053","GO:0110053","regulation of actin filament organization","19/644","299/21468",0.0635451505016722,2.11830324684767,3.42445562434462,0.00182510214886478,0.0216024994073091,0.0167762543861466,"ENSG00000009694/ENSG00000034971/ENSG00000047648/ENSG00000103647/ENSG00000108342/ENSG00000115353/ENSG00000137077/ENSG00000144339/ENSG00000145675/ENSG00000148180/ENSG00000149564/ENSG00000152527/ENSG00000170989/ENSG00000172403/ENSG00000177938/ENSG00000185345/ENSG00000186994/ENSG00000198844/ENSG00000251322",19
"GO:0010884","GO:0010884","positive regulation of lipid storage","5/644","30/21468",0.166666666666667,5.55590062111801,4.39126120010836,0.00182958971601383,0.0216024994073091,0.0167762543861466,"ENSG00000076555/ENSG00000084674/ENSG00000135218/ENSG00000175445/ENSG00000176194",5
"GO:0019433","GO:0019433","triglyceride catabolic process","5/644","30/21468",0.166666666666667,5.55590062111801,4.39126120010836,0.00182958971601383,0.0216024994073091,0.0167762543861466,"ENSG00000079435/ENSG00000084674/ENSG00000114771/ENSG00000175445/ENSG00000277494",5
"GO:0060402","GO:0060402","calcium ion transport into cytosol","5/644","30/21468",0.166666666666667,5.55590062111801,4.39126120010836,0.00182958971601383,0.0216024994073091,0.0167762543861466,"ENSG00000078549/ENSG00000089250/ENSG00000092051/ENSG00000105974/ENSG00000138039",5
"GO:0086013","GO:0086013","membrane repolarization during cardiac muscle cell action potential","5/644","30/21468",0.166666666666667,5.55590062111801,4.39126120010836,0.00182958971601383,0.0216024994073091,0.0167762543861466,"ENSG00000089250/ENSG00000120049/ENSG00000130037/ENSG00000149575/ENSG00000180509",5
"GO:0007584","GO:0007584","response to nutrient","14/644","190/21468",0.0736842105263158,2.45629290617849,3.54573820174772,0.00184162159387618,0.0216880839133367,0.0168427183363386,"ENSG00000009950/ENSG00000036473/ENSG00000076555/ENSG00000118432/ENSG00000128918/ENSG00000132170/ENSG00000133116/ENSG00000134200/ENSG00000174697/ENSG00000175445/ENSG00000175899/ENSG00000181092/ENSG00000181195/ENSG00000196139",14
"GO:0051235","GO:0051235","maintenance of location","22/644","369/21468",0.0596205962059621,1.98747664495278,3.36477178876242,0.0018700140562571,0.0219489568013646,0.0170453092425799,"ENSG00000018625/ENSG00000076555/ENSG00000084674/ENSG00000092051/ENSG00000092529/ENSG00000102468/ENSG00000105974/ENSG00000118729/ENSG00000123612/ENSG00000132170/ENSG00000135218/ENSG00000136244/ENSG00000137077/ENSG00000138039/ENSG00000138685/ENSG00000145335/ENSG00000148180/ENSG00000174697/ENSG00000175445/ENSG00000176194/ENSG00000186439/ENSG00000187288",22
"GO:0014896","GO:0014896","muscle hypertrophy","10/644","111/21468",0.0900900900900901,3.00318952492866,3.72100231628109,0.00187345528939746,0.0219489568013646,0.0170453092425799,"ENSG00000017427/ENSG00000034971/ENSG00000076555/ENSG00000119508/ENSG00000120907/ENSG00000132170/ENSG00000163884/ENSG00000164530/ENSG00000174697/ENSG00000187955",10
"GO:0035592","GO:0035592","establishment of protein localization to extracellular region","24/644","417/21468",0.0575539568345324,1.91858438714867,3.33117352123999,0.00190198702725133,0.0220296765138225,0.0171079952496312,"ENSG00000017427/ENSG00000053438/ENSG00000054803/ENSG00000101605/ENSG00000118432/ENSG00000123612/ENSG00000130037/ENSG00000132170/ENSG00000136160/ENSG00000136244/ENSG00000136999/ENSG00000138207/ENSG00000145242/ENSG00000146469/ENSG00000153162/ENSG00000158445/ENSG00000164220/ENSG00000171951/ENSG00000173175/ENSG00000173432/ENSG00000174697/ENSG00000182782/ENSG00000185345/ENSG00000272636",24
"GO:1903510","GO:1903510","mucopolysaccharide metabolic process","9/644","93/21468",0.0967741935483871,3.22600681226207,3.783218597624,0.00190427764739446,0.0220296765138225,0.0171079952496312,"ENSG00000105509/ENSG00000114378/ENSG00000123243/ENSG00000133800/ENSG00000136011/ENSG00000136160/ENSG00000138685/ENSG00000147119/ENSG00000162267",9
"GO:0009187","GO:0009187","cyclic nucleotide metabolic process","6/644","44/21468",0.136363636363636,4.54573687182383,4.14027412333444,0.00190463899281395,0.0220296765138225,0.0171079952496312,"ENSG00000115252/ENSG00000129467/ENSG00000169418/ENSG00000171408/ENSG00000173175/ENSG00000186642",6
"GO:0086091","GO:0086091","regulation of heart rate by cardiac conduction","6/644","44/21468",0.136363636363636,4.54573687182383,4.14027412333444,0.00190463899281395,0.0220296765138225,0.0171079952496312,"ENSG00000105974/ENSG00000130037/ENSG00000149575/ENSG00000166257/ENSG00000177098/ENSG00000180509",6
"GO:0099622","GO:0099622","cardiac muscle cell membrane repolarization","6/644","44/21468",0.136363636363636,4.54573687182383,4.14027412333444,0.00190463899281395,0.0220296765138225,0.0171079952496312,"ENSG00000089250/ENSG00000120049/ENSG00000130037/ENSG00000149575/ENSG00000177098/ENSG00000180509",6
"GO:0032413","GO:0032413","negative regulation of ion transmembrane transporter activity","8/644","76/21468",0.105263157894737,3.50898986596927,3.85324428206687,0.00196927846524624,0.022719360207192,0.0176435957312138,"ENSG00000018625/ENSG00000105974/ENSG00000118729/ENSG00000143867/ENSG00000164949/ENSG00000169282/ENSG00000180509/ENSG00000186439",8
"GO:0006641","GO:0006641","triglyceride metabolic process","11/644","131/21468",0.083969465648855,2.79915603812053,3.63232194199782,0.0019974868409715,0.0229863079618395,0.0178509043095102,"ENSG00000079435/ENSG00000084674/ENSG00000105974/ENSG00000114771/ENSG00000119927/ENSG00000124253/ENSG00000168477/ENSG00000175445/ENSG00000187288/ENSG00000187546/ENSG00000277494",11
"GO:1901379","GO:1901379","regulation of potassium ion transmembrane transport","9/644","94/21468",0.0957446808510638,3.19168759085503,3.74495158298218,0.00205118884720372,0.0235445322360042,0.0182844149071191,"ENSG00000022267/ENSG00000105974/ENSG00000118729/ENSG00000120049/ENSG00000124205/ENSG00000129244/ENSG00000169282/ENSG00000180509/ENSG00000182132",9
"GO:1902930","GO:1902930","regulation of alcohol biosynthetic process","7/644","60/21468",0.116666666666667,3.88913043478261,3.94095304723065,0.00205906045710811,0.0235752023043641,0.0183082329320219,"ENSG00000078549/ENSG00000084674/ENSG00000138039/ENSG00000145335/ENSG00000153162/ENSG00000164849/ENSG00000167910",7
"GO:0009410","GO:0009410","response to xenobiotic stimulus","27/644","493/21468",0.0547667342799189,1.82567119801444,3.26156579938329,0.00208447395235742,0.0238060576825908,0.0184875125828863,"ENSG00000015413/ENSG00000036473/ENSG00000076555/ENSG00000078549/ENSG00000081189/ENSG00000085563/ENSG00000089250/ENSG00000094963/ENSG00000102468/ENSG00000114771/ENSG00000120907/ENSG00000125740/ENSG00000138039/ENSG00000139318/ENSG00000140505/ENSG00000145335/ENSG00000145708/ENSG00000149124/ENSG00000168356/ENSG00000170345/ENSG00000180914/ENSG00000181092/ENSG00000186642/ENSG00000187134/ENSG00000197891/ENSG00000198075/ENSG00000265972",27
"GO:1902932","GO:1902932","positive regulation of alcohol biosynthetic process","5/644","31/21468",0.161290322580645,5.37667802043679,4.28834754622664,0.00212830611593305,0.0242096438101086,0.0188009329614406,"ENSG00000078549/ENSG00000138039/ENSG00000145335/ENSG00000153162/ENSG00000167910",5
"GO:0035265","GO:0035265","organ growth","14/644","193/21468",0.0725388601036269,2.4181121874296,3.4801742860065,0.00213049137190854,0.0242096438101086,0.0188009329614406,"ENSG00000017427/ENSG00000069702/ENSG00000076555/ENSG00000081189/ENSG00000116678/ENSG00000120907/ENSG00000136158/ENSG00000138207/ENSG00000138685/ENSG00000139318/ENSG00000164530/ENSG00000170989/ENSG00000174697/ENSG00000187955",14
"GO:0014909","GO:0014909","smooth muscle cell migration","10/644","113/21468",0.0884955752212389,2.95003572802726,3.65492556424047,0.0021401399919569,0.0242406330806729,0.0188249988751308,"ENSG00000017427/ENSG00000081189/ENSG00000115353/ENSG00000119508/ENSG00000136999/ENSG00000137872/ENSG00000141052/ENSG00000154734/ENSG00000170962/ENSG00000181092",10
"GO:0007269","GO:0007269","neurotransmitter secretion","12/644","152/21468",0.0789473684210526,2.63174239947695,3.55031650085052,0.00214925771910686,0.0242406330806729,0.0188249988751308,"ENSG00000064692/ENSG00000081189/ENSG00000123358/ENSG00000137766/ENSG00000145335/ENSG00000155970/ENSG00000157152/ENSG00000169760/ENSG00000175471/ENSG00000185345/ENSG00000185518/ENSG00000272636",12
"GO:0099643","GO:0099643","signal release from synapse","12/644","152/21468",0.0789473684210526,2.63174239947695,3.55031650085052,0.00214925771910686,0.0242406330806729,0.0188249988751308,"ENSG00000064692/ENSG00000081189/ENSG00000123358/ENSG00000137766/ENSG00000145335/ENSG00000155970/ENSG00000157152/ENSG00000169760/ENSG00000175471/ENSG00000185345/ENSG00000185518/ENSG00000272636",12
"GO:0001946","GO:0001946","lymphangiogenesis","4/644","19/21468",0.210526315789474,7.01797973193854,4.61498751946325,0.00217104745468458,0.0242451457131524,0.0188285033339899,"ENSG00000037280/ENSG00000066056/ENSG00000139567/ENSG00000176435",4
"GO:0007379","GO:0007379","segment specification","4/644","19/21468",0.210526315789474,7.01797973193854,4.61498751946325,0.00217104745468458,0.0242451457131524,0.0188285033339899,"ENSG00000005102/ENSG00000105996/ENSG00000106511/ENSG00000143867",4
"GO:0014819","GO:0014819","regulation of skeletal muscle contraction","4/644","19/21468",0.210526315789474,7.01797973193854,4.61498751946325,0.00217104745468458,0.0242451457131524,0.0188285033339899,"ENSG00000007314/ENSG00000100678/ENSG00000123358/ENSG00000234438",4
"GO:0045603","GO:0045603","positive regulation of endothelial cell differentiation","4/644","19/21468",0.210526315789474,7.01797973193854,4.61498751946325,0.00217104745468458,0.0242451457131524,0.0188285033339899,"ENSG00000139567/ENSG00000153162/ENSG00000166292/ENSG00000168874",4
"GO:0090092","GO:0090092","regulation of transmembrane receptor protein serine/threonine kinase signaling pathway","21/644","351/21468",0.0598290598290598,1.99442586399108,3.30336371351703,0.0022507319879888,0.0250732649472757,0.0194716112758892,"ENSG00000069702/ENSG00000090006/ENSG00000101938/ENSG00000105974/ENSG00000128052/ENSG00000129757/ENSG00000132170/ENSG00000136158/ENSG00000136999/ENSG00000139567/ENSG00000141052/ENSG00000142611/ENSG00000148204/ENSG00000150938/ENSG00000153162/ENSG00000164056/ENSG00000164488/ENSG00000164619/ENSG00000168874/ENSG00000176194/ENSG00000179776",21
"GO:0019933","GO:0019933","cAMP-mediated signaling","7/644","61/21468",0.114754098360656,3.82537419814683,3.88606018161602,0.0022669721946623,0.0251306893168676,0.0195162063856528,"ENSG00000078549/ENSG00000115252/ENSG00000123360/ENSG00000145242/ENSG00000154678/ENSG00000171408/ENSG00000186642",7
"GO:0033138","GO:0033138","positive regulation of peptidyl-serine phosphorylation","7/644","61/21468",0.114754098360656,3.82537419814683,3.88606018161602,0.0022669721946623,0.0251306893168676,0.0195162063856528,"ENSG00000009694/ENSG00000089250/ENSG00000105974/ENSG00000136158/ENSG00000136244/ENSG00000140538/ENSG00000145335",7
"GO:0006874","GO:0006874","intracellular calcium ion homeostasis","20/644","328/21468",0.0609756097560976,2.03264656870171,3.31423020425124,0.00227701400984734,0.0251804427332874,0.0195548443207685,"ENSG00000018625/ENSG00000092051/ENSG00000092529/ENSG00000100678/ENSG00000102468/ENSG00000105974/ENSG00000118432/ENSG00000118729/ENSG00000124205/ENSG00000137077/ENSG00000137672/ENSG00000138039/ENSG00000138685/ENSG00000145335/ENSG00000152154/ENSG00000155970/ENSG00000179776/ENSG00000185518/ENSG00000186439/ENSG00000276409",20
"GO:0061448","GO:0061448","connective tissue development","19/644","305/21468",0.0622950819672131,2.07663170756542,3.33023594388326,0.0022832375835408,0.0251878326125887,0.0195605832166576,"ENSG00000081189/ENSG00000105997/ENSG00000106004/ENSG00000109906/ENSG00000114378/ENSG00000120738/ENSG00000132170/ENSG00000136999/ENSG00000138685/ENSG00000139567/ENSG00000143867/ENSG00000153162/ENSG00000162878/ENSG00000170891/ENSG00000170962/ENSG00000174059/ENSG00000174697/ENSG00000175445/ENSG00000221818",19
"GO:0031099","GO:0031099","regeneration","15/644","216/21468",0.0694444444444444,2.31495859213251,3.41574611774119,0.00230162782874508,0.0253290790668209,0.0196702736002869,"ENSG00000017427/ENSG00000069702/ENSG00000074660/ENSG00000092529/ENSG00000105894/ENSG00000108823/ENSG00000116147/ENSG00000119508/ENSG00000131095/ENSG00000132561/ENSG00000136244/ENSG00000136826/ENSG00000136999/ENSG00000189058/ENSG00000262179",15
"GO:0071692","GO:0071692","protein localization to extracellular region","24/644","424/21468",0.0566037735849057,1.886909644908,3.24372997248669,0.00236159919648152,0.0259261277405502,0.0201339347833075,"ENSG00000017427/ENSG00000053438/ENSG00000054803/ENSG00000101605/ENSG00000118432/ENSG00000123612/ENSG00000130037/ENSG00000132170/ENSG00000136160/ENSG00000136244/ENSG00000136999/ENSG00000138207/ENSG00000145242/ENSG00000146469/ENSG00000153162/ENSG00000158445/ENSG00000164220/ENSG00000171951/ENSG00000173175/ENSG00000173432/ENSG00000174697/ENSG00000182782/ENSG00000185345/ENSG00000272636",24
"GO:0055017","GO:0055017","cardiac muscle tissue growth","9/644","96/21468",0.09375,3.12519409937888,3.66993328573108,0.00237207469810182,0.0259782286985354,0.0201743957923992,"ENSG00000017427/ENSG00000069702/ENSG00000081189/ENSG00000120907/ENSG00000138207/ENSG00000138685/ENSG00000164530/ENSG00000170989/ENSG00000187955",9
"GO:0071774","GO:0071774","response to fibroblast growth factor","11/644","134/21468",0.082089552238806,2.73648836562529,3.54596680730193,0.00238860948922143,0.0260962781304336,0.0202660716333435,"ENSG00000064300/ENSG00000114378/ENSG00000123358/ENSG00000128016/ENSG00000133116/ENSG00000134962/ENSG00000136158/ENSG00000138685/ENSG00000164056/ENSG00000179388/ENSG00000241186",11
"GO:0010828","GO:0010828","positive regulation of D-glucose transmembrane transport","6/644","46/21468",0.130434782608696,4.34809613826627,3.99754501228954,0.00240285705555787,0.0261260285129482,0.0202891754407196,"ENSG00000017427/ENSG00000095637/ENSG00000119508/ENSG00000145675/ENSG00000163884/ENSG00000181092",6
"GO:1904861","GO:1904861","excitatory synapse assembly","6/644","46/21468",0.130434782608696,4.34809613826627,3.99754501228954,0.00240285705555787,0.0261260285129482,0.0202891754407196,"ENSG00000121871/ENSG00000131409/ENSG00000146006/ENSG00000169760/ENSG00000189056/ENSG00000251322",6
"GO:0090276","GO:0090276","regulation of peptide hormone secretion","16/644","239/21468",0.0669456066945607,2.23165882689259,3.36721726756505,0.00242244663329908,0.026276012046359,0.0204056509402806,"ENSG00000053438/ENSG00000118432/ENSG00000119147/ENSG00000123612/ENSG00000130037/ENSG00000136244/ENSG00000136999/ENSG00000138207/ENSG00000145242/ENSG00000145708/ENSG00000158445/ENSG00000164220/ENSG00000173175/ENSG00000174697/ENSG00000185345/ENSG00000272636",16
"GO:0071772","GO:0071772","response to BMP","14/644","196/21468",0.0714285714285714,2.38110026619343,3.41582503153451,0.0024558655034073,0.0265045516966335,0.020583132223258,"ENSG00000069702/ENSG00000101938/ENSG00000105974/ENSG00000120693/ENSG00000120738/ENSG00000128052/ENSG00000132170/ENSG00000139567/ENSG00000148204/ENSG00000150938/ENSG00000153162/ENSG00000164619/ENSG00000166292/ENSG00000179776",14
"GO:0071773","GO:0071773","cellular response to BMP stimulus","14/644","196/21468",0.0714285714285714,2.38110026619343,3.41582503153451,0.0024558655034073,0.0265045516966335,0.020583132223258,"ENSG00000069702/ENSG00000101938/ENSG00000105974/ENSG00000120693/ENSG00000120738/ENSG00000128052/ENSG00000132170/ENSG00000139567/ENSG00000148204/ENSG00000150938/ENSG00000153162/ENSG00000164619/ENSG00000166292/ENSG00000179776",14
"GO:0035767","GO:0035767","endothelial cell chemotaxis","5/644","32/21468",0.15625,5.20865683229814,4.18979876784969,0.00246105343279283,0.0265045516966335,0.020583132223258,"ENSG00000123358/ENSG00000128052/ENSG00000136999/ENSG00000138685/ENSG00000179388",5
"GO:0031102","GO:0031102","neuron projection regeneration","7/644","62/21468",0.112903225806452,3.76367461430575,3.83231790136161,0.0024907035434811,0.026760307739676,0.0207817494461069,"ENSG00000074660/ENSG00000105894/ENSG00000116147/ENSG00000131095/ENSG00000132561/ENSG00000136826/ENSG00000189058",7
"GO:0050810","GO:0050810","regulation of steroid biosynthetic process","9/644","97/21468",0.0927835051546392,3.092975603509,3.63315683136556,0.00254681028965773,0.0272984346413905,0.0211996526537392,"ENSG00000084674/ENSG00000113580/ENSG00000120738/ENSG00000138039/ENSG00000153162/ENSG00000164849/ENSG00000167910/ENSG00000174697/ENSG00000196139",9
"GO:1903034","GO:1903034","regulation of response to wounding","14/644","197/21468",0.0710659898477157,2.36901346281174,3.39463756295002,0.00257301746396005,0.0275142952396106,0.0213672875296583,"ENSG00000003436/ENSG00000074660/ENSG00000105894/ENSG00000105974/ENSG00000116147/ENSG00000117525/ENSG00000135218/ENSG00000136826/ENSG00000137033/ENSG00000138685/ENSG00000138722/ENSG00000140873/ENSG00000164007/ENSG00000178726",14
"GO:0032970","GO:0032970","regulation of actin filament-based process","24/644","427/21468",0.0562060889929742,1.87365266848008,3.20675729485508,0.00258571751945542,0.0275850429016727,0.0214222293562313,"ENSG00000009694/ENSG00000018625/ENSG00000034971/ENSG00000047648/ENSG00000103647/ENSG00000105974/ENSG00000108342/ENSG00000115353/ENSG00000120318/ENSG00000137077/ENSG00000144339/ENSG00000145242/ENSG00000145675/ENSG00000148180/ENSG00000149564/ENSG00000152527/ENSG00000168309/ENSG00000170989/ENSG00000172403/ENSG00000177938/ENSG00000185345/ENSG00000186994/ENSG00000198844/ENSG00000251322",24
"GO:0010522","GO:0010522","regulation of calcium ion transport into cytosol","4/644","20/21468",0.2,6.66708074534162,4.45889794331531,0.00265006341292622,0.0278133970236284,0.0215995665600346,"ENSG00000078549/ENSG00000089250/ENSG00000105974/ENSG00000138039",4
"GO:0032332","GO:0032332","positive regulation of chondrocyte differentiation","4/644","20/21468",0.2,6.66708074534162,4.45889794331531,0.00265006341292622,0.0278133970236284,0.0215995665600346,"ENSG00000109906/ENSG00000139567/ENSG00000153162/ENSG00000162878",4
"GO:0048251","GO:0048251","elastic fiber assembly","4/644","20/21468",0.2,6.66708074534162,4.45889794331531,0.00265006341292622,0.0278133970236284,0.0215995665600346,"ENSG00000090006/ENSG00000133392/ENSG00000166482/ENSG00000168477",4
"GO:0048266","GO:0048266","behavioral response to pain","4/644","20/21468",0.2,6.66708074534162,4.45889794331531,0.00265006341292622,0.0278133970236284,0.0215995665600346,"ENSG00000115353/ENSG00000153253/ENSG00000168356/ENSG00000169432",4
"GO:0051895","GO:0051895","negative regulation of focal adhesion assembly","4/644","20/21468",0.2,6.66708074534162,4.45889794331531,0.00265006341292622,0.0278133970236284,0.0215995665600346,"ENSG00000047648/ENSG00000139567/ENSG00000168309/ENSG00000189058",4
"GO:0061298","GO:0061298","retina vasculature development in camera-type eye","4/644","20/21468",0.2,6.66708074534162,4.45889794331531,0.00265006341292622,0.0278133970236284,0.0215995665600346,"ENSG00000126785/ENSG00000139567/ENSG00000174804/ENSG00000198844",4
"GO:0150118","GO:0150118","negative regulation of cell-substrate junction organization","4/644","20/21468",0.2,6.66708074534162,4.45889794331531,0.00265006341292622,0.0278133970236284,0.0215995665600346,"ENSG00000047648/ENSG00000139567/ENSG00000168309/ENSG00000189058",4
"GO:0070169","GO:0070169","positive regulation of biomineral tissue development","7/644","63/21468",0.111111111111111,3.70393374741201,3.77968179712017,0.00273103497240647,0.0284425218806151,0.0220881377407326,"ENSG00000081189/ENSG00000105894/ENSG00000133116/ENSG00000143867/ENSG00000153162/ENSG00000162878/ENSG00000169252",7
"GO:0002791","GO:0002791","regulation of peptide secretion","16/644","242/21468",0.0661157024793388,2.20399363482367,3.31241183941133,0.00274271431733949,0.0284425218806151,0.0220881377407326,"ENSG00000053438/ENSG00000118432/ENSG00000119147/ENSG00000123612/ENSG00000130037/ENSG00000136244/ENSG00000136999/ENSG00000138207/ENSG00000145242/ENSG00000145708/ENSG00000158445/ENSG00000164220/ENSG00000173175/ENSG00000174697/ENSG00000185345/ENSG00000272636",16
"GO:0090087","GO:0090087","regulation of peptide transport","16/644","242/21468",0.0661157024793388,2.20399363482367,3.31241183941133,0.00274271431733949,0.0284425218806151,0.0220881377407326,"ENSG00000053438/ENSG00000118432/ENSG00000119147/ENSG00000123612/ENSG00000130037/ENSG00000136244/ENSG00000136999/ENSG00000138207/ENSG00000145242/ENSG00000145708/ENSG00000158445/ENSG00000164220/ENSG00000173175/ENSG00000174697/ENSG00000185345/ENSG00000272636",16
"GO:0019227","GO:0019227","neuronal action potential propagation","3/644","10/21468",0.3,10.0006211180124,5.00638672492537,0.00275391863819807,0.0284425218806151,0.0220881377407326,"ENSG00000018625/ENSG00000148053/ENSG00000164007",3
"GO:0030647","GO:0030647","aminoglycoside antibiotic metabolic process","3/644","10/21468",0.3,10.0006211180124,5.00638672492537,0.00275391863819807,0.0284425218806151,0.0220881377407326,"ENSG00000151632/ENSG00000187134/ENSG00000196139",3
"GO:0061299","GO:0061299","retina vasculature morphogenesis in camera-type eye","3/644","10/21468",0.3,10.0006211180124,5.00638672492537,0.00275391863819807,0.0284425218806151,0.0220881377407326,"ENSG00000126785/ENSG00000174804/ENSG00000198844",3
"GO:0097017","GO:0097017","renal protein absorption","3/644","10/21468",0.3,10.0006211180124,5.00638672492537,0.00275391863819807,0.0284425218806151,0.0220881377407326,"ENSG00000136160/ENSG00000148180/ENSG00000181092",3
"GO:0097553","GO:0097553","calcium ion transmembrane import into cytosol","14/644","199/21468",0.0703517587939698,2.34520428228097,3.35264660645772,0.00282114008708213,0.028964379047477,0.0224934060580434,"ENSG00000018625/ENSG00000078549/ENSG00000089250/ENSG00000092051/ENSG00000092529/ENSG00000100678/ENSG00000102468/ENSG00000105974/ENSG00000118729/ENSG00000137077/ENSG00000138039/ENSG00000138685/ENSG00000145335/ENSG00000186439",14
"GO:0042573","GO:0042573","retinoic acid metabolic process","5/644","33/21468",0.151515151515152,5.05081874647092,4.09528915637136,0.00282999998192155,0.028964379047477,0.0224934060580434,"ENSG00000128918/ENSG00000187758/ENSG00000196139/ENSG00000196616/ENSG00000248144",5
"GO:0061384","GO:0061384","heart trabecula morphogenesis","5/644","33/21468",0.151515151515152,5.05081874647092,4.09528915637136,0.00282999998192155,0.028964379047477,0.0224934060580434,"ENSG00000069702/ENSG00000120156/ENSG00000138207/ENSG00000154734/ENSG00000170989",5
"GO:0097107","GO:0097107","postsynaptic density assembly","5/644","33/21468",0.151515151515152,5.05081874647092,4.09528915637136,0.00282999998192155,0.028964379047477,0.0224934060580434,"ENSG00000121871/ENSG00000131409/ENSG00000146006/ENSG00000189056/ENSG00000251322",5
"GO:0032956","GO:0032956","regulation of actin cytoskeleton organization","22/644","382/21468",0.0575916230366492,1.91984000520308,3.19002001836379,0.00285727422203674,0.0291776606367445,0.0226590381050566,"ENSG00000009694/ENSG00000034971/ENSG00000047648/ENSG00000103647/ENSG00000108342/ENSG00000115353/ENSG00000120318/ENSG00000137077/ENSG00000144339/ENSG00000145242/ENSG00000145675/ENSG00000148180/ENSG00000149564/ENSG00000152527/ENSG00000168309/ENSG00000170989/ENSG00000172403/ENSG00000177938/ENSG00000185345/ENSG00000186994/ENSG00000198844/ENSG00000251322",22
"GO:0001558","GO:0001558","regulation of cell growth","25/644","455/21468",0.0549450549450549,1.83161558937956,3.15304975766938,0.00287061905863555,0.0292480602513564,0.0227137096419537,"ENSG00000010319/ENSG00000017427/ENSG00000022267/ENSG00000066735/ENSG00000090006/ENSG00000101049/ENSG00000101349/ENSG00000114378/ENSG00000116147/ENSG00000116183/ENSG00000117425/ENSG00000118515/ENSG00000120833/ENSG00000136999/ENSG00000137872/ENSG00000139567/ENSG00000141052/ENSG00000164530/ENSG00000164736/ENSG00000167178/ENSG00000168309/ENSG00000169418/ENSG00000185345/ENSG00000187955/ENSG00000221866",25
"GO:0032410","GO:0032410","negative regulation of transporter activity","9/644","99/21468",0.0909090909090909,3.03049124788255,3.56100967738362,0.00292682370963937,0.0296872901554919,0.0230548105704549,"ENSG00000018625/ENSG00000105974/ENSG00000118729/ENSG00000143867/ENSG00000145335/ENSG00000164949/ENSG00000169282/ENSG00000180509/ENSG00000186439",9
"GO:0048704","GO:0048704","embryonic skeletal system morphogenesis","9/644","99/21468",0.0909090909090909,3.03049124788255,3.56100967738362,0.00292682370963937,0.0296872901554919,0.0230548105704549,"ENSG00000052850/ENSG00000105996/ENSG00000105997/ENSG00000106004/ENSG00000114378/ENSG00000122592/ENSG00000143867/ENSG00000170166/ENSG00000197576",9
"GO:0046928","GO:0046928","regulation of neurotransmitter secretion","8/644","81/21468",0.0987654320987654,3.29238555325512,3.63497787548713,0.00294932886757782,0.0297468450650017,0.0231010602331927,"ENSG00000064692/ENSG00000081189/ENSG00000145335/ENSG00000155970/ENSG00000169760/ENSG00000175471/ENSG00000185345/ENSG00000185518",8
"GO:0050795","GO:0050795","regulation of behavior","8/644","81/21468",0.0987654320987654,3.29238555325512,3.63497787548713,0.00294932886757782,0.0297468450650017,0.0231010602331927,"ENSG00000043591/ENSG00000081189/ENSG00000116678/ENSG00000118432/ENSG00000119508/ENSG00000169760/ENSG00000181195/ENSG00000189056",8
"GO:0050796","GO:0050796","regulation of insulin secretion","14/644","200/21468",0.07,2.33347826086957,3.33184006516073,0.00295237765312104,0.0297468450650017,0.0231010602331927,"ENSG00000053438/ENSG00000118432/ENSG00000123612/ENSG00000130037/ENSG00000136244/ENSG00000136999/ENSG00000138207/ENSG00000145242/ENSG00000158445/ENSG00000164220/ENSG00000173175/ENSG00000174697/ENSG00000185345/ENSG00000272636",14
"GO:0002686","GO:0002686","negative regulation of leukocyte migration","7/644","64/21468",0.109375,3.6460597826087,3.72810986391086,0.00298875947217747,0.030024422762444,0.0233166239036926,"ENSG00000120129/ENSG00000122592/ENSG00000136999/ENSG00000137033/ENSG00000137077/ENSG00000189058/ENSG00000271447",7
"GO:0055078","GO:0055078","sodium ion homeostasis","6/644","48/21468",0.125,4.16692546583851,3.86273808884233,0.00299317139140377,0.030024422762444,0.0233166239036926,"ENSG00000018625/ENSG00000129244/ENSG00000134548/ENSG00000136160/ENSG00000136546/ENSG00000169418",6
"GO:0090100","GO:0090100","positive regulation of transmembrane receptor protein serine/threonine kinase signaling pathway","10/644","119/21468",0.0840336134453782,2.8012944308158,3.46510143715625,0.0031279779878676,0.0312071946089525,0.0242351510150085,"ENSG00000069702/ENSG00000128052/ENSG00000129757/ENSG00000139567/ENSG00000141052/ENSG00000148204/ENSG00000153162/ENSG00000164619/ENSG00000168874/ENSG00000179776",10
"GO:0014910","GO:0014910","regulation of smooth muscle cell migration","9/644","100/21468",0.09,3.00018633540373,3.52561635994132,0.00313290521747847,0.0312071946089525,0.0242351510150085,"ENSG00000017427/ENSG00000081189/ENSG00000115353/ENSG00000119508/ENSG00000137872/ENSG00000141052/ENSG00000154734/ENSG00000170962/ENSG00000181092",9
"GO:0016125","GO:0016125","sterol metabolic process","13/644","180/21468",0.0722222222222222,2.40755693581781,3.33488856963968,0.00313861507315447,0.0312071946089525,0.0242351510150085,"ENSG00000074660/ENSG00000079435/ENSG00000084674/ENSG00000107611/ENSG00000115361/ENSG00000116678/ENSG00000138135/ENSG00000140459/ENSG00000140505/ENSG00000164849/ENSG00000167910/ENSG00000170271/ENSG00000174697",13
"GO:0051017","GO:0051017","actin filament bundle assembly","13/644","180/21468",0.0722222222222222,2.40755693581781,3.33488856963968,0.00313861507315447,0.0312071946089525,0.0242351510150085,"ENSG00000034971/ENSG00000047648/ENSG00000095637/ENSG00000103647/ENSG00000115353/ENSG00000144339/ENSG00000145675/ENSG00000168309/ENSG00000170989/ENSG00000172403/ENSG00000185345/ENSG00000198844/ENSG00000251322",13
"GO:0030239","GO:0030239","myofibril assembly","8/644","82/21468",0.0975609756097561,3.25223450992274,3.59337289768796,0.00318433080451503,0.0314409348754294,0.0244166710371488,"ENSG00000036448/ENSG00000092529/ENSG00000101605/ENSG00000109063/ENSG00000130595/ENSG00000133392/ENSG00000142661/ENSG00000154330",8
"GO:0010744","GO:0010744","positive regulation of macrophage derived foam cell differentiation","4/644","21/21468",0.19047619047619,6.34960070984916,4.31314713520042,0.00319679553982641,0.0314409348754294,0.0244166710371488,"ENSG00000084674/ENSG00000135218/ENSG00000175445/ENSG00000188257",4
"GO:0010885","GO:0010885","regulation of cholesterol storage","4/644","21/21468",0.19047619047619,6.34960070984916,4.31314713520042,0.00319679553982641,0.0314409348754294,0.0244166710371488,"ENSG00000084674/ENSG00000132170/ENSG00000135218/ENSG00000175445",4
"GO:0016137","GO:0016137","glycoside metabolic process","4/644","21/21468",0.19047619047619,6.34960070984916,4.31314713520042,0.00319679553982641,0.0314409348754294,0.0244166710371488,"ENSG00000151632/ENSG00000187134/ENSG00000196139/ENSG00000198075",4
"GO:0050965","GO:0050965","detection of temperature stimulus involved in sensory perception of pain","4/644","21/21468",0.19047619047619,6.34960070984916,4.31314713520042,0.00319679553982641,0.0314409348754294,0.0244166710371488,"ENSG00000006128/ENSG00000102468/ENSG00000168356/ENSG00000169432",4
"GO:0010644","GO:0010644","cell communication by electrical coupling","5/644","34/21468",0.147058823529412,4.90226525392766,4.00452645016658,0.00323731996354596,0.0317019626667762,0.024619382239539,"ENSG00000018625/ENSG00000105974/ENSG00000118729/ENSG00000129244/ENSG00000186439",5
"GO:0099560","GO:0099560","synaptic membrane adhesion","5/644","34/21468",0.147058823529412,4.90226525392766,4.00452645016658,0.00323731996354596,0.0317019626667762,0.024619382239539,"ENSG00000121871/ENSG00000131409/ENSG00000152583/ENSG00000165379/ENSG00000185985",5
"GO:0050433","GO:0050433","regulation of catecholamine secretion","6/644","49/21468",0.122448979591837,4.08188617061731,3.79805782813731,0.00332597302337817,0.0324300251354766,0.0251847872398415,"ENSG00000102468/ENSG00000118432/ENSG00000145335/ENSG00000158445/ENSG00000180914/ENSG00000185345",6
"GO:0090278","GO:0090278","negative regulation of peptide hormone secretion","6/644","49/21468",0.122448979591837,4.08188617061731,3.79805782813731,0.00332597302337817,0.0324300251354766,0.0251847872398415,"ENSG00000123612/ENSG00000136999/ENSG00000145708/ENSG00000158445/ENSG00000174697/ENSG00000185345",6
"GO:0072073","GO:0072073","kidney epithelium development","12/644","161/21468",0.0745341614906832,2.48462636472358,3.32518251417096,0.0034530497799066,0.0335968405624389,0.0260909227779254,"ENSG00000081189/ENSG00000136160/ENSG00000138685/ENSG00000143867/ENSG00000146021/ENSG00000163884/ENSG00000164056/ENSG00000164619/ENSG00000174059/ENSG00000181092/ENSG00000240583/ENSG00000261371",12
"GO:0001952","GO:0001952","regulation of cell-matrix adhesion","11/644","141/21468",0.0780141843971631,2.60063433328928,3.35338435875088,0.00354488537139105,0.0344165102224561,0.0267274688770496,"ENSG00000034971/ENSG00000047648/ENSG00000120156/ENSG00000122592/ENSG00000128052/ENSG00000135218/ENSG00000137077/ENSG00000139567/ENSG00000145675/ENSG00000168309/ENSG00000189058",11
"GO:0046320","GO:0046320","regulation of fatty acid oxidation","5/644","35/21468",0.142857142857143,4.76220053238687,3.917247526657,0.00368518697640391,0.0355681543209316,0.0276218225346543,"ENSG00000004799/ENSG00000076555/ENSG00000094963/ENSG00000115361/ENSG00000118432",5
"GO:0002792","GO:0002792","negative regulation of peptide secretion","6/644","50/21468",0.12,4.00024844720497,3.73507476037735,0.00368555349885761,0.0355681543209316,0.0276218225346543,"ENSG00000123612/ENSG00000136999/ENSG00000145708/ENSG00000158445/ENSG00000174697/ENSG00000185345",6
"GO:0097113","GO:0097113","AMPA glutamate receptor clustering","3/644","11/21468",0.272727272727273,9.09147374364766,4.72047829928646,0.00370272801929416,0.0355681543209316,0.0276218225346543,"ENSG00000101938/ENSG00000169760/ENSG00000251322",3
"GO:0097688","GO:0097688","glutamate receptor clustering","3/644","11/21468",0.272727272727273,9.09147374364766,4.72047829928646,0.00370272801929416,0.0355681543209316,0.0276218225346543,"ENSG00000101938/ENSG00000169760/ENSG00000251322",3
"GO:0141163","GO:0141163","positive regulation of cAMP/PKA signal transduction","3/644","11/21468",0.272727272727273,9.09147374364766,4.72047829928646,0.00370272801929416,0.0355681543209316,0.0276218225346543,"ENSG00000004948/ENSG00000169252/ENSG00000181092",3
"GO:0034440","GO:0034440","lipid oxidation","10/644","122/21468",0.0819672131147541,2.73241014153345,3.37457367676365,0.00374249965958676,0.0357985094020387,0.0278007136604879,"ENSG00000004799/ENSG00000076555/ENSG00000094963/ENSG00000115361/ENSG00000118432/ENSG00000161544/ENSG00000174697/ENSG00000181092/ENSG00000189058/ENSG00000198099",10
"GO:0060840","GO:0060840","artery development","10/644","122/21468",0.0819672131147541,2.73241014153345,3.37457367676365,0.00374249965958676,0.0357985094020387,0.0278007136604879,"ENSG00000064300/ENSG00000069122/ENSG00000084674/ENSG00000122877/ENSG00000139567/ENSG00000141052/ENSG00000163638/ENSG00000168356/ENSG00000174697/ENSG00000186642",10
"GO:0061572","GO:0061572","actin filament bundle organization","13/644","184/21468",0.0706521739130435,2.3552187415609,3.2466705350434,0.00378688279365968,0.0361467928135852,0.0280711865812557,"ENSG00000034971/ENSG00000047648/ENSG00000095637/ENSG00000103647/ENSG00000115353/ENSG00000144339/ENSG00000145675/ENSG00000168309/ENSG00000170989/ENSG00000172403/ENSG00000185345/ENSG00000198844/ENSG00000251322",13
"GO:0098801","GO:0098801","regulation of renal system process","4/644","22/21468",0.181818181818182,6.0609824957651,4.17656802317535,0.00381561548007358,0.0361622804798153,0.0280832141260145,"ENSG00000103647/ENSG00000134548/ENSG00000169418/ENSG00000181092",4
"GO:1901731","GO:1901731","positive regulation of platelet aggregation","4/644","22/21468",0.181818181818182,6.0609824957651,4.17656802317535,0.00381561548007358,0.0361622804798153,0.0280832141260145,"ENSG00000100448/ENSG00000102468/ENSG00000136244/ENSG00000138722",4
"GO:1902307","GO:1902307","positive regulation of sodium ion transmembrane transport","4/644","22/21468",0.181818181818182,6.0609824957651,4.17656802317535,0.00381561548007358,0.0361622804798153,0.0280832141260145,"ENSG00000088992/ENSG00000089250/ENSG00000129244/ENSG00000266964",4
"GO:0046889","GO:0046889","positive regulation of lipid biosynthetic process","9/644","103/21468",0.087378640776699,2.91280226738226,3.42202971158396,0.00382040854650011,0.0361622804798153,0.0280832141260145,"ENSG00000009950/ENSG00000069122/ENSG00000095637/ENSG00000102468/ENSG00000124253/ENSG00000151468/ENSG00000153162/ENSG00000167910/ENSG00000170509",9
"GO:0061756","GO:0061756","leukocyte adhesion to vascular endothelial cell","7/644","67/21468",0.104477611940299,3.48280337443219,3.57939171968099,0.00387438856272773,0.036596828632099,0.028420679259483,"ENSG00000136244/ENSG00000136826/ENSG00000137077/ENSG00000154721/ENSG00000168329/ENSG00000174175/ENSG00000174697",7
"GO:0009755","GO:0009755","hormone-mediated signaling pathway","16/644","251/21468",0.0637450199203187,2.12496597461087,3.15268654967255,0.00392057074437841,0.0369560660187353,0.028699658912235,"ENSG00000067113/ENSG00000073282/ENSG00000101883/ENSG00000113580/ENSG00000116833/ENSG00000119508/ENSG00000127528/ENSG00000128918/ENSG00000132170/ENSG00000138039/ENSG00000139874/ENSG00000145708/ENSG00000151623/ENSG00000178175/ENSG00000179094/ENSG00000196139",16
"GO:0033135","GO:0033135","regulation of peptidyl-serine phosphorylation","8/644","85/21468",0.0941176470588235,3.1374497625137,3.47230283767604,0.00397738633660678,0.0374138374484961,0.0290551589778329,"ENSG00000009694/ENSG00000009950/ENSG00000089250/ENSG00000105974/ENSG00000136158/ENSG00000136244/ENSG00000140538/ENSG00000145335",8
"GO:0008203","GO:0008203","cholesterol metabolic process","12/644","164/21468",0.0731707317073171,2.43917588244205,3.25350706483389,0.00400778289851818,0.0376217135856758,0.0292165932124732,"ENSG00000074660/ENSG00000079435/ENSG00000084674/ENSG00000107611/ENSG00000115361/ENSG00000116678/ENSG00000138135/ENSG00000140459/ENSG00000140505/ENSG00000164849/ENSG00000167910/ENSG00000174697",12
"GO:0042542","GO:0042542","response to hydrogen peroxide","9/644","104/21468",0.0865384615384615,2.88479455327281,3.3883318439056,0.00407407609634617,0.0380863113831619,0.0295773945573042,"ENSG00000127528/ENSG00000130037/ENSG00000136244/ENSG00000136826/ENSG00000170962/ENSG00000240583/ENSG00000244734/ENSG00000257017/ENSG00000265972",9
"GO:1904063","GO:1904063","negative regulation of cation transmembrane transport","9/644","104/21468",0.0865384615384615,2.88479455327281,3.3883318439056,0.00407407609634617,0.0380863113831619,0.0295773945573042,"ENSG00000018625/ENSG00000089250/ENSG00000105974/ENSG00000118729/ENSG00000143867/ENSG00000164949/ENSG00000169282/ENSG00000180509/ENSG00000186439",9
"GO:0006816","GO:0006816","calcium ion transport","26/644","493/21468",0.0527383367139959,1.75805374623613,2.99446338780355,0.0041174143982314,0.038412256957986,0.0298305201691229,"ENSG00000018625/ENSG00000064989/ENSG00000078549/ENSG00000083067/ENSG00000089250/ENSG00000092051/ENSG00000092529/ENSG00000100678/ENSG00000102468/ENSG00000105974/ENSG00000118729/ENSG00000123560/ENSG00000136160/ENSG00000137077/ENSG00000137672/ENSG00000138039/ENSG00000138685/ENSG00000139151/ENSG00000145335/ENSG00000155970/ENSG00000158966/ENSG00000164949/ENSG00000168356/ENSG00000171227/ENSG00000185739/ENSG00000186439",26
"GO:0030282","GO:0030282","bone mineralization","11/644","144/21468",0.0763888888888889,2.54645445134576,3.27439128990184,0.00416076859074119,0.0386386344265198,0.0300063223264478,"ENSG00000017427/ENSG00000081189/ENSG00000105894/ENSG00000133116/ENSG00000143867/ENSG00000153162/ENSG00000162878/ENSG00000163815/ENSG00000169252/ENSG00000170989/ENSG00000174697",11
"GO:0007617","GO:0007617","mating behavior","5/644","36/21468",0.138888888888889,4.62991718426501,3.83321475491535,0.00417576772584797,0.0386386344265198,0.0300063223264478,"ENSG00000006128/ENSG00000115353/ENSG00000118432/ENSG00000136160/ENSG00000180914",5
"GO:0010996","GO:0010996","response to auditory stimulus","5/644","36/21468",0.138888888888889,4.62991718426501,3.83321475491535,0.00417576772584797,0.0386386344265198,0.0300063223264478,"ENSG00000018625/ENSG00000105894/ENSG00000115353/ENSG00000168356/ENSG00000251322",5
"GO:0019934","GO:0019934","cGMP-mediated signaling","5/644","36/21468",0.138888888888889,4.62991718426501,3.83321475491535,0.00417576772584797,0.0386386344265198,0.0300063223264478,"ENSG00000135218/ENSG00000136160/ENSG00000169418/ENSG00000186642/ENSG00000240583",5
"GO:0006639","GO:0006639","acylglycerol metabolic process","12/644","165/21468",0.0727272727272727,2.42439299830604,3.22996601574316,0.00420783177729215,0.0387167840708052,0.0300670124479009,"ENSG00000079435/ENSG00000084674/ENSG00000105974/ENSG00000114771/ENSG00000119927/ENSG00000124253/ENSG00000136267/ENSG00000168477/ENSG00000175445/ENSG00000187288/ENSG00000187546/ENSG00000277494",12
"GO:0062013","GO:0062013","positive regulation of small molecule metabolic process","12/644","165/21468",0.0727272727272727,2.42439299830604,3.22996601574316,0.00420783177729215,0.0387167840708052,0.0300670124479009,"ENSG00000009950/ENSG00000017427/ENSG00000078549/ENSG00000095637/ENSG00000102468/ENSG00000132170/ENSG00000138039/ENSG00000145335/ENSG00000153162/ENSG00000167588/ENSG00000167910/ENSG00000181092",12
"GO:0019748","GO:0019748","secondary metabolic process","7/644","68/21468",0.102941176470588,3.43158567774936,3.53169898578825,0.00420983117488024,0.0387167840708052,0.0300670124479009,"ENSG00000080166/ENSG00000094963/ENSG00000140505/ENSG00000151632/ENSG00000187134/ENSG00000196139/ENSG00000198075",7
"GO:0006576","GO:0006576","biogenic amine metabolic process","9/644","105/21468",0.0857142857142857,2.85732031943212,3.35503359757537,0.00434071456265189,0.0397591915698256,0.0308765342096132,"ENSG00000064692/ENSG00000116016/ENSG00000123360/ENSG00000133116/ENSG00000145335/ENSG00000146477/ENSG00000164197/ENSG00000169418/ENSG00000185345",9
"GO:1904705","GO:1904705","regulation of vascular associated smooth muscle cell proliferation","9/644","105/21468",0.0857142857142857,2.85732031943212,3.35503359757537,0.00434071456265189,0.0397591915698256,0.0308765342096132,"ENSG00000017427/ENSG00000064989/ENSG00000081189/ENSG00000119508/ENSG00000132170/ENSG00000138685/ENSG00000141052/ENSG00000154734/ENSG00000181092",9
"GO:1904950","GO:1904950","negative regulation of establishment of protein localization","11/644","145/21468",0.0758620689655172,2.52889269650889,3.24850386625573,0.00438400206739982,0.0400747285757878,0.0311215766456969,"ENSG00000103647/ENSG00000123612/ENSG00000135218/ENSG00000136999/ENSG00000157782/ENSG00000158445/ENSG00000162878/ENSG00000180509/ENSG00000181092/ENSG00000185345/ENSG00000189058",11
"GO:0045926","GO:0045926","negative regulation of growth","16/644","254/21468",0.062992125984252,2.0998679512887,3.10093496345769,0.00439502615051089,0.0400946651235742,0.0311370591410758,"ENSG00000010319/ENSG00000022267/ENSG00000043591/ENSG00000114378/ENSG00000116147/ENSG00000120833/ENSG00000136999/ENSG00000137872/ENSG00000138207/ENSG00000139567/ENSG00000164530/ENSG00000164736/ENSG00000169252/ENSG00000169418/ENSG00000188778/ENSG00000205364",16
"GO:0043500","GO:0043500","muscle adaptation","10/644","125/21468",0.08,2.66683229813665,3.28674276615727,0.00444894930988793,0.0405050927129154,0.0314557925207676,"ENSG00000017427/ENSG00000034971/ENSG00000076555/ENSG00000108823/ENSG00000119508/ENSG00000120907/ENSG00000132170/ENSG00000148180/ENSG00000163884/ENSG00000164530",10
"GO:0044241","GO:0044241","lipid digestion","4/644","23/21468",0.173913043478261,5.79746151768836,4.04817172137064,0.00451076090993958,0.0409035799313321,0.0317652531447324,"ENSG00000135218/ENSG00000174697/ENSG00000187134/ENSG00000240583",4
"GO:0086012","GO:0086012","membrane depolarization during cardiac muscle cell action potential","4/644","23/21468",0.173913043478261,5.79746151768836,4.04817172137064,0.00451076090993958,0.0409035799313321,0.0317652531447324,"ENSG00000018625/ENSG00000149575/ENSG00000166257/ENSG00000177098",4
"GO:0071674","GO:0071674","mononuclear cell migration","17/644","278/21468",0.0611510791366906,2.03849591134546,3.0648430895553,0.00455910086217875,0.0412251200875518,0.0320149575587632,"ENSG00000100448/ENSG00000120129/ENSG00000136160/ENSG00000136244/ENSG00000136999/ENSG00000137077/ENSG00000138135/ENSG00000154721/ENSG00000168329/ENSG00000169313/ENSG00000170962/ENSG00000170989/ENSG00000173432/ENSG00000180383/ENSG00000189058/ENSG00000261371/ENSG00000271447",17
"GO:0015833","GO:0015833","peptide transport","19/644","325/21468",0.0584615384615385,1.94883898709986,3.03108022433529,0.00456440456196538,0.0412251200875518,0.0320149575587632,"ENSG00000053438/ENSG00000118432/ENSG00000119147/ENSG00000123612/ENSG00000124205/ENSG00000130037/ENSG00000136244/ENSG00000136999/ENSG00000138207/ENSG00000145242/ENSG00000145708/ENSG00000146469/ENSG00000158445/ENSG00000164220/ENSG00000173175/ENSG00000174697/ENSG00000185345/ENSG00000240583/ENSG00000272636",19
"GO:0032411","GO:0032411","positive regulation of transporter activity","8/644","87/21468",0.0919540229885057,3.06532448061683,3.39453621735,0.0045852734895987,0.0413312723694642,0.0320973942088682,"ENSG00000088992/ENSG00000101049/ENSG00000118515/ENSG00000129244/ENSG00000137672/ENSG00000181092/ENSG00000186439/ENSG00000189056",8
"GO:0003300","GO:0003300","cardiac muscle hypertrophy","9/644","106/21468",0.0849056603773585,2.83036446736201,3.32212590584753,0.0046207645303465,0.0414042418588756,0.0321540614811921,"ENSG00000017427/ENSG00000076555/ENSG00000119508/ENSG00000120907/ENSG00000132170/ENSG00000163884/ENSG00000164530/ENSG00000174697/ENSG00000187955",9
"GO:0046620","GO:0046620","regulation of organ growth","9/644","106/21468",0.0849056603773585,2.83036446736201,3.32212590584753,0.0046207645303465,0.0414042418588756,0.0321540614811921,"ENSG00000017427/ENSG00000069702/ENSG00000076555/ENSG00000081189/ENSG00000138207/ENSG00000138685/ENSG00000139318/ENSG00000164530/ENSG00000187955",9
"GO:0048640","GO:0048640","negative regulation of developmental growth","9/644","106/21468",0.0849056603773585,2.83036446736201,3.32212590584753,0.0046207645303465,0.0414042418588756,0.0321540614811921,"ENSG00000010319/ENSG00000043591/ENSG00000116147/ENSG00000120833/ENSG00000137872/ENSG00000138207/ENSG00000164530/ENSG00000169252/ENSG00000188778",9
"GO:0071875","GO:0071875","adrenergic receptor signaling pathway","5/644","37/21468",0.135135135135135,4.50478428739298,3.75221289223981,0.00471121594410057,0.0421314656618382,0.0327188151832584,"ENSG00000043591/ENSG00000120907/ENSG00000169252/ENSG00000181656/ENSG00000188778",5
"GO:0007494","GO:0007494","midgut development","3/644","12/21468",0.25,8.33385093167702,4.46884051011605,0.00482774071572505,0.0424204969091035,0.0329432735497762,"ENSG00000036473/ENSG00000128918/ENSG00000136160",3
"GO:0015791","GO:0015791","polyol transmembrane transport","3/644","12/21468",0.25,8.33385093167702,4.46884051011605,0.00482774071572505,0.0424204969091035,0.0329432735497762,"ENSG00000165269/ENSG00000240583/ENSG00000259916",3
"GO:0032096","GO:0032096","negative regulation of response to food","3/644","12/21468",0.25,8.33385093167702,4.46884051011605,0.00482774071572505,0.0424204969091035,0.0329432735497762,"ENSG00000134548/ENSG00000174697/ENSG00000187871",3
"GO:0032099","GO:0032099","negative regulation of appetite","3/644","12/21468",0.25,8.33385093167702,4.46884051011605,0.00482774071572505,0.0424204969091035,0.0329432735497762,"ENSG00000134548/ENSG00000174697/ENSG00000187871",3
"GO:0032108","GO:0032108","negative regulation of response to nutrient levels","3/644","12/21468",0.25,8.33385093167702,4.46884051011605,0.00482774071572505,0.0424204969091035,0.0329432735497762,"ENSG00000134548/ENSG00000174697/ENSG00000187871",3
"GO:0032966","GO:0032966","negative regulation of collagen biosynthetic process","3/644","12/21468",0.25,8.33385093167702,4.46884051011605,0.00482774071572505,0.0424204969091035,0.0329432735497762,"ENSG00000136244/ENSG00000161544/ENSG00000167910",3
"GO:0051458","GO:0051458","corticotropin secretion","3/644","12/21468",0.25,8.33385093167702,4.46884051011605,0.00482774071572505,0.0424204969091035,0.0329432735497762,"ENSG00000119147/ENSG00000145708/ENSG00000240583",3
"GO:2000833","GO:2000833","positive regulation of steroid hormone secretion","3/644","12/21468",0.25,8.33385093167702,4.46884051011605,0.00482774071572505,0.0424204969091035,0.0329432735497762,"ENSG00000119147/ENSG00000153162/ENSG00000166573",3
"GO:2001214","GO:2001214","positive regulation of vasculogenesis","3/644","12/21468",0.25,8.33385093167702,4.46884051011605,0.00482774071572505,0.0424204969091035,0.0329432735497762,"ENSG00000128052/ENSG00000166292/ENSG00000174059",3
"GO:0060395","GO:0060395","SMAD protein signal transduction","9/644","107/21468",0.0841121495327103,2.80391246299414,3.28959999384655,0.00491467147846678,0.042634221820549,0.0331092498757311,"ENSG00000069702/ENSG00000120693/ENSG00000132170/ENSG00000136999/ENSG00000139567/ENSG00000153162/ENSG00000164619/ENSG00000168874/ENSG00000170345",9
"GO:1990874","GO:1990874","vascular associated smooth muscle cell proliferation","9/644","107/21468",0.0841121495327103,2.80391246299414,3.28959999384655,0.00491467147846678,0.042634221820549,0.0331092498757311,"ENSG00000017427/ENSG00000064989/ENSG00000081189/ENSG00000119508/ENSG00000132170/ENSG00000138685/ENSG00000141052/ENSG00000154734/ENSG00000181092",9
"GO:0035850","GO:0035850","epithelial cell differentiation involved in kidney development","6/644","53/21468",0.113207547169811,3.77381928981601,3.55552382996577,0.0049377287788725,0.042634221820549,0.0331092498757311,"ENSG00000081189/ENSG00000136160/ENSG00000143867/ENSG00000163884/ENSG00000174059/ENSG00000181092",6
"GO:0099054","GO:0099054","presynapse assembly","6/644","53/21468",0.113207547169811,3.77381928981601,3.55552382996577,0.0049377287788725,0.042634221820549,0.0331092498757311,"ENSG00000121871/ENSG00000131409/ENSG00000145335/ENSG00000165379/ENSG00000169760/ENSG00000185985",6
"GO:1901016","GO:1901016","regulation of potassium ion transmembrane transporter activity","6/644","53/21468",0.113207547169811,3.77381928981601,3.55552382996577,0.0049377287788725,0.042634221820549,0.0331092498757311,"ENSG00000022267/ENSG00000105974/ENSG00000118729/ENSG00000129244/ENSG00000169282/ENSG00000180509",6
"GO:0015909","GO:0015909","long-chain fatty acid transport","7/644","70/21468",0.1,3.33354037267081,3.43893749042483,0.00494609631177962,0.042634221820549,0.0331092498757311,"ENSG00000132170/ENSG00000134548/ENSG00000135218/ENSG00000138039/ENSG00000153246/ENSG00000170323/ENSG00000188257",7
"GO:0051893","GO:0051893","regulation of focal adhesion assembly","7/644","70/21468",0.1,3.33354037267081,3.43893749042483,0.00494609631177962,0.042634221820549,0.0331092498757311,"ENSG00000034971/ENSG00000047648/ENSG00000120156/ENSG00000128052/ENSG00000139567/ENSG00000168309/ENSG00000189058",7
"GO:0055021","GO:0055021","regulation of cardiac muscle tissue growth","7/644","70/21468",0.1,3.33354037267081,3.43893749042483,0.00494609631177962,0.042634221820549,0.0331092498757311,"ENSG00000017427/ENSG00000069702/ENSG00000081189/ENSG00000138207/ENSG00000138685/ENSG00000164530/ENSG00000187955",7
"GO:0090109","GO:0090109","regulation of cell-substrate junction assembly","7/644","70/21468",0.1,3.33354037267081,3.43893749042483,0.00494609631177962,0.042634221820549,0.0331092498757311,"ENSG00000034971/ENSG00000047648/ENSG00000120156/ENSG00000128052/ENSG00000139567/ENSG00000168309/ENSG00000189058",7
"GO:0098900","GO:0098900","regulation of action potential","7/644","70/21468",0.1,3.33354037267081,3.43893749042483,0.00494609631177962,0.042634221820549,0.0331092498757311,"ENSG00000089250/ENSG00000105974/ENSG00000115353/ENSG00000118432/ENSG00000120907/ENSG00000135218/ENSG00000158445",7
"GO:0050680","GO:0050680","negative regulation of epithelial cell proliferation","13/644","190/21468",0.068421052631579,2.28084341288003,3.11855904827776,0.00495866778643042,0.0426614795895171,0.0331304179478872,"ENSG00000000005/ENSG00000064300/ENSG00000069702/ENSG00000072163/ENSG00000081189/ENSG00000105974/ENSG00000119138/ENSG00000129757/ENSG00000132170/ENSG00000139567/ENSG00000168874/ENSG00000171951/ENSG00000173269",13
"GO:0014812","GO:0014812","muscle cell migration","10/644","127/21468",0.078740157480315,2.62483493911087,3.22961133801024,0.00497546950016666,0.0427249596851432,0.0331797158653458,"ENSG00000017427/ENSG00000081189/ENSG00000115353/ENSG00000119508/ENSG00000136999/ENSG00000137872/ENSG00000141052/ENSG00000154734/ENSG00000170962/ENSG00000181092",10
"GO:0007519","GO:0007519","skeletal muscle tissue development","13/644","191/21468",0.0680628272251309,2.26890182433092,3.09767637033146,0.00517956627355001,0.0443934848474022,0.0344754734554269,"ENSG00000036448/ENSG00000081189/ENSG00000101605/ENSG00000105974/ENSG00000106511/ENSG00000108924/ENSG00000115593/ENSG00000120738/ENSG00000122877/ENSG00000123358/ENSG00000141052/ENSG00000162772/ENSG00000170345",13
"GO:0010586","GO:0010586","miRNA metabolic process","10/644","128/21468",0.078125,2.60432841614907,3.20145636899429,0.00525643187810773,0.0448625870682815,0.0348397728840344,"ENSG00000064300/ENSG00000113580/ENSG00000120738/ENSG00000132170/ENSG00000136244/ENSG00000136826/ENSG00000138685/ENSG00000141052/ENSG00000168874/ENSG00000170345",10
"GO:0006081","GO:0006081","cellular aldehyde metabolic process","8/644","89/21468",0.0898876404494382,2.9964407844232,3.31897726313053,0.00526205088720284,0.0448625870682815,0.0348397728840344,"ENSG00000124253/ENSG00000128918/ENSG00000136160/ENSG00000153162/ENSG00000165092/ENSG00000187134/ENSG00000196139/ENSG00000198099",8
"GO:0051968","GO:0051968","positive regulation of synaptic transmission, glutamatergic","5/644","38/21468",0.131578947368421,4.38623733246159,3.67404643125282,0.00529366653761151,0.0448625870682815,0.0348397728840344,"ENSG00000116147/ENSG00000169760/ENSG00000180914/ENSG00000189056/ENSG00000251322",5
"GO:0086005","GO:0086005","ventricular cardiac muscle cell action potential","5/644","38/21468",0.131578947368421,4.38623733246159,3.67404643125282,0.00529366653761151,0.0448625870682815,0.0348397728840344,"ENSG00000089250/ENSG00000105974/ENSG00000149575/ENSG00000166257/ENSG00000180509",5
"GO:0098810","GO:0098810","neurotransmitter reuptake","5/644","38/21468",0.131578947368421,4.38623733246159,3.67404643125282,0.00529366653761151,0.0448625870682815,0.0348397728840344,"ENSG00000018625/ENSG00000089250/ENSG00000145335/ENSG00000146477/ENSG00000185345",5
"GO:1905606","GO:1905606","regulation of presynapse assembly","5/644","38/21468",0.131578947368421,4.38623733246159,3.67404643125282,0.00529366653761151,0.0448625870682815,0.0348397728840344,"ENSG00000121871/ENSG00000131409/ENSG00000145335/ENSG00000165379/ENSG00000185985",5
"GO:0030534","GO:0030534","adult behavior","12/644","170/21468",0.0705882352941176,2.35308732188528,3.1147802223967,0.00533149341361643,0.0450148810751152,0.0349580426708751,"ENSG00000018625/ENSG00000046889/ENSG00000102468/ENSG00000125740/ENSG00000138685/ENSG00000145335/ENSG00000145708/ENSG00000153902/ENSG00000164197/ENSG00000174697/ENSG00000185345/ENSG00000251322",12
"GO:0046887","GO:0046887","positive regulation of hormone secretion","12/644","170/21468",0.0705882352941176,2.35308732188528,3.1147802223967,0.00533149341361643,0.0450148810751152,0.0349580426708751,"ENSG00000053438/ENSG00000115353/ENSG00000119147/ENSG00000124205/ENSG00000132170/ENSG00000138207/ENSG00000153162/ENSG00000164220/ENSG00000166573/ENSG00000174697/ENSG00000182782/ENSG00000272636",12
"GO:1903532","GO:1903532","positive regulation of secretion by cell","19/644","330/21468",0.0575757575757576,1.91931112365895,2.95960718199016,0.00536229991967801,0.0451908324085875,0.0350946844674681,"ENSG00000017427/ENSG00000053438/ENSG00000101605/ENSG00000115353/ENSG00000119147/ENSG00000124205/ENSG00000132170/ENSG00000138207/ENSG00000145335/ENSG00000153162/ENSG00000155970/ENSG00000158445/ENSG00000164220/ENSG00000166573/ENSG00000169760/ENSG00000174697/ENSG00000180914/ENSG00000182782/ENSG00000272636",19
"GO:0043255","GO:0043255","regulation of carbohydrate biosynthetic process","9/644","109/21468",0.0825688073394495,2.75246452789333,3.22565979709595,0.00554586083415197,0.046651081673553,0.0362286973737689,"ENSG00000017427/ENSG00000078549/ENSG00000095637/ENSG00000113580/ENSG00000116678/ENSG00000138039/ENSG00000145335/ENSG00000174697/ENSG00000181092",9
"GO:0006006","GO:0006006","glucose metabolic process","14/644","215/21468",0.0651162790697674,2.17067745197169,3.03384156280852,0.00559829418168838,0.0470049367032873,0.0365034971496055,"ENSG00000004799/ENSG00000017427/ENSG00000076555/ENSG00000095637/ENSG00000113580/ENSG00000116678/ENSG00000124253/ENSG00000138207/ENSG00000162772/ENSG00000167588/ENSG00000174697/ENSG00000181092/ENSG00000185345/ENSG00000189058",14
"GO:0045913","GO:0045913","positive regulation of carbohydrate metabolic process","8/644","90/21468",0.0888888888888889,2.96314699792961,3.28198863523398,0.00562778605631529,0.0471652162279733,0.036627968398433,"ENSG00000009950/ENSG00000017427/ENSG00000078549/ENSG00000095637/ENSG00000102468/ENSG00000138039/ENSG00000145335/ENSG00000167588",8
"GO:0002064","GO:0002064","epithelial cell development","15/644","238/21468",0.0630252100840336,2.10097082311185,3.0035566362056,0.0056838406854715,0.0475471100884276,0.0369245428100644,"ENSG00000000005/ENSG00000073282/ENSG00000106004/ENSG00000116016/ENSG00000128052/ENSG00000136160/ENSG00000153162/ENSG00000154133/ENSG00000164488/ENSG00000179776/ENSG00000180509/ENSG00000181092/ENSG00000184113/ENSG00000186642/ENSG00000261371",15
"GO:0050803","GO:0050803","regulation of synapse structure or activity","20/644","357/21468",0.0560224089635854,1.86752962054387,2.90676921171326,0.00585600285457325,0.0488836786532803,0.0379625066968223,"ENSG00000077063/ENSG00000081189/ENSG00000104888/ENSG00000121871/ENSG00000131409/ENSG00000135298/ENSG00000145335/ENSG00000146006/ENSG00000148053/ENSG00000150394/ENSG00000152583/ENSG00000158301/ENSG00000165379/ENSG00000169760/ENSG00000173114/ENSG00000180914/ENSG00000185985/ENSG00000189056/ENSG00000198844/ENSG00000251322",20
"GO:0010906","GO:0010906","regulation of glucose metabolic process","9/644","110/21468",0.0818181818181818,2.7274421230943,3.19422931636455,0.00588405583873388,0.0488836786532803,0.0379625066968223,"ENSG00000004799/ENSG00000017427/ENSG00000076555/ENSG00000095637/ENSG00000113580/ENSG00000116678/ENSG00000174697/ENSG00000181092/ENSG00000185345",9
"GO:0046326","GO:0046326","positive regulation of D-glucose import","5/644","39/21468",0.128205128205128,4.27376970855232,3.59853732213558,0.00592522997398174,0.0488836786532803,0.0379625066968223,"ENSG00000017427/ENSG00000095637/ENSG00000145675/ENSG00000163884/ENSG00000181092",5
"GO:0070633","GO:0070633","transepithelial transport","5/644","39/21468",0.128205128205128,4.27376970855232,3.59853732213558,0.00592522997398174,0.0488836786532803,0.0379625066968223,"ENSG00000085563/ENSG00000118777/ENSG00000136160/ENSG00000164007/ENSG00000240583",5
"GO:0090330","GO:0090330","regulation of platelet aggregation","5/644","39/21468",0.128205128205128,4.27376970855232,3.59853732213558,0.00592522997398174,0.0488836786532803,0.0379625066968223,"ENSG00000100448/ENSG00000102468/ENSG00000136244/ENSG00000138722/ENSG00000140873",5
"GO:0099174","GO:0099174","regulation of presynapse organization","5/644","39/21468",0.128205128205128,4.27376970855232,3.59853732213558,0.00592522997398174,0.0488836786532803,0.0379625066968223,"ENSG00000121871/ENSG00000131409/ENSG00000145335/ENSG00000165379/ENSG00000185985",5
"GO:0045933","GO:0045933","positive regulation of muscle contraction","6/644","55/21468",0.109090909090909,3.63658949745906,3.4429573138379,0.00592986838537807,0.0488836786532803,0.0379625066968223,"ENSG00000115353/ENSG00000120907/ENSG00000124205/ENSG00000134548/ENSG00000141052/ENSG00000180914",6
"GO:2001258","GO:2001258","negative regulation of cation channel activity","6/644","55/21468",0.109090909090909,3.63658949745906,3.4429573138379,0.00592986838537807,0.0488836786532803,0.0379625066968223,"ENSG00000105974/ENSG00000118729/ENSG00000164949/ENSG00000169282/ENSG00000180509/ENSG00000186439",6
"GO:0007422","GO:0007422","peripheral nervous system development","8/644","91/21468",0.0879120879120879,2.9305849430073,3.24550861696116,0.00601256801265354,0.0490273174538251,0.0380740549492826,"ENSG00000034971/ENSG00000100285/ENSG00000122877/ENSG00000136160/ENSG00000148053/ENSG00000153902/ENSG00000179388/ENSG00000221866",8
"GO:0014823","GO:0014823","response to activity","8/644","91/21468",0.0879120879120879,2.9305849430073,3.24550861696116,0.00601256801265354,0.0490273174538251,0.0380740549492826,"ENSG00000092529/ENSG00000124253/ENSG00000133116/ENSG00000136244/ENSG00000153162/ENSG00000170345/ENSG00000174697/ENSG00000181092",8
"GO:0048705","GO:0048705","skeletal system morphogenesis","15/644","240/21468",0.0625,2.08346273291925,2.96832598160504,0.00612735009338943,0.0490273174538251,0.0380740549492826,"ENSG00000052850/ENSG00000081189/ENSG00000105996/ENSG00000105997/ENSG00000106004/ENSG00000114378/ENSG00000116183/ENSG00000120156/ENSG00000122592/ENSG00000143867/ENSG00000144655/ENSG00000153162/ENSG00000164946/ENSG00000170166/ENSG00000197576",15
"GO:0007320","GO:0007320","insemination","3/644","13/21468",0.230769230769231,7.69278547539417,4.24483541229971,0.00613742412043472,0.0490273174538251,0.0380740549492826,"ENSG00000006128/ENSG00000115353/ENSG00000180914",3
"GO:0010713","GO:0010713","negative regulation of collagen metabolic process","3/644","13/21468",0.230769230769231,7.69278547539417,4.24483541229971,0.00613742412043472,0.0490273174538251,0.0380740549492826,"ENSG00000136244/ENSG00000161544/ENSG00000167910",3
"GO:0010764","GO:0010764","negative regulation of fibroblast migration","3/644","13/21468",0.230769230769231,7.69278547539417,4.24483541229971,0.00613742412043472,0.0490273174538251,0.0380740549492826,"ENSG00000105509/ENSG00000138685/ENSG00000161544",3
"GO:0035812","GO:0035812","renal sodium excretion","3/644","13/21468",0.230769230769231,7.69278547539417,4.24483541229971,0.00613742412043472,0.0490273174538251,0.0380740549492826,"ENSG00000134548/ENSG00000136160/ENSG00000169418",3
"GO:0046415","GO:0046415","urate metabolic process","3/644","13/21468",0.230769230769231,7.69278547539417,4.24483541229971,0.00613742412043472,0.0490273174538251,0.0380740549492826,"ENSG00000118777/ENSG00000168065/ENSG00000197891",3
"GO:0051610","GO:0051610","serotonin uptake","3/644","13/21468",0.230769230769231,7.69278547539417,4.24483541229971,0.00613742412043472,0.0490273174538251,0.0380740549492826,"ENSG00000089250/ENSG00000145335/ENSG00000146477",3
"GO:0060732","GO:0060732","positive regulation of inositol phosphate biosynthetic process","3/644","13/21468",0.230769230769231,7.69278547539417,4.24483541229971,0.00613742412043472,0.0490273174538251,0.0380740549492826,"ENSG00000078549/ENSG00000138039/ENSG00000145335",3
"GO:0003081","GO:0003081","regulation of systemic arterial blood pressure by renin-angiotensin","4/644","25/21468",0.16,5.33366459627329,3.8126686367939,0.00614622096502084,0.0490273174538251,0.0380740549492826,"ENSG00000092009/ENSG00000100448/ENSG00000115353/ENSG00000136160",4
"GO:0015874","GO:0015874","norepinephrine transport","4/644","25/21468",0.16,5.33366459627329,3.8126686367939,0.00614622096502084,0.0490273174538251,0.0380740549492826,"ENSG00000145335/ENSG00000146477/ENSG00000158445/ENSG00000180914",4
"GO:0040037","GO:0040037","negative regulation of fibroblast growth factor receptor signaling pathway","4/644","25/21468",0.16,5.33366459627329,3.8126686367939,0.00614622096502084,0.0490273174538251,0.0380740549492826,"ENSG00000064300/ENSG00000136158/ENSG00000138685/ENSG00000164056",4
"GO:0046885","GO:0046885","regulation of hormone biosynthetic process","4/644","25/21468",0.16,5.33366459627329,3.8126686367939,0.00614622096502084,0.0490273174538251,0.0380740549492826,"ENSG00000113580/ENSG00000120738/ENSG00000138039/ENSG00000153162",4
"GO:0050961","GO:0050961","detection of temperature stimulus involved in sensory perception","4/644","25/21468",0.16,5.33366459627329,3.8126686367939,0.00614622096502084,0.0490273174538251,0.0380740549492826,"ENSG00000006128/ENSG00000102468/ENSG00000168356/ENSG00000169432",4
"GO:0051590","GO:0051590","positive regulation of neurotransmitter transport","4/644","25/21468",0.16,5.33366459627329,3.8126686367939,0.00614622096502084,0.0490273174538251,0.0380740549492826,"ENSG00000145335/ENSG00000155970/ENSG00000169760/ENSG00000185345",4
"GO:0071880","GO:0071880","adenylate cyclase-activating adrenergic receptor signaling pathway","4/644","25/21468",0.16,5.33366459627329,3.8126686367939,0.00614622096502084,0.0490273174538251,0.0380740549492826,"ENSG00000043591/ENSG00000120907/ENSG00000169252/ENSG00000188778",4
"GO:0141156","GO:0141156","cAMP/PKA signal transduction","4/644","25/21468",0.16,5.33366459627329,3.8126686367939,0.00614622096502084,0.0490273174538251,0.0380740549492826,"ENSG00000004948/ENSG00000168356/ENSG00000169252/ENSG00000181092",4
"GO:0032602","GO:0032602","chemokine production","10/644","131/21468",0.0763358778625954,2.5446873073823,3.11857419881798,0.00617437103355407,0.0490273174538251,0.0380740549492826,"ENSG00000120738/ENSG00000136244/ENSG00000136826/ENSG00000137033/ENSG00000145777/ENSG00000175445/ENSG00000180383/ENSG00000181092/ENSG00000189058/ENSG00000213088",10
"GO:0032642","GO:0032642","regulation of chemokine production","10/644","131/21468",0.0763358778625954,2.5446873073823,3.11857419881798,0.00617437103355407,0.0490273174538251,0.0380740549492826,"ENSG00000120738/ENSG00000136244/ENSG00000136826/ENSG00000137033/ENSG00000145777/ENSG00000175445/ENSG00000180383/ENSG00000181092/ENSG00000189058/ENSG00000213088",10
"GO:0072009","GO:0072009","nephron epithelium development","10/644","131/21468",0.0763358778625954,2.5446873073823,3.11857419881798,0.00617437103355407,0.0490273174538251,0.0380740549492826,"ENSG00000081189/ENSG00000136160/ENSG00000138685/ENSG00000143867/ENSG00000146021/ENSG00000163884/ENSG00000174059/ENSG00000181092/ENSG00000240583/ENSG00000261371",10
"GO:0046888","GO:0046888","negative regulation of hormone secretion","7/644","73/21468",0.0958904109589041,3.19654556283502,3.3059176806029,0.00622671972593893,0.0493565511143481,0.0383297340509122,"ENSG00000123612/ENSG00000136999/ENSG00000145708/ENSG00000158445/ENSG00000174697/ENSG00000181092/ENSG00000185345",7
"GO:0034766","GO:0034766","negative regulation of monoatomic ion transmembrane transport","9/644","111/21468",0.0810810810810811,2.70287057243579,3.16314820215834,0.00623793235779295,0.0493591366670737,0.0383317419616376,"ENSG00000018625/ENSG00000089250/ENSG00000105974/ENSG00000118729/ENSG00000143867/ENSG00000164949/ENSG00000169282/ENSG00000180509/ENSG00000186439",9
"GO:0007623","GO:0007623","circadian rhythm","14/644","218/21468",0.0642201834862385,2.14080574391703,2.97719316350002,0.0063061834788461,0.0498122576534638,0.0386836305460118,"ENSG00000043591/ENSG00000064300/ENSG00000119138/ENSG00000120738/ENSG00000132170/ENSG00000148053/ENSG00000168356/ENSG00000169432/ENSG00000169760/ENSG00000174697/ENSG00000179094/ENSG00000179388/ENSG00000181092/ENSG00000197181",14
