"","ID","Description","GeneRatio","BgRatio","RichFactor","FoldEnrichment","zScore","pvalue","p.adjust","qvalue","geneID","Count"
"GO:0030198","GO:0030198","extracellular matrix organization","55/392","394/21468",0.139593908629442,7.64490313892054,18.1550686093984,2.02380898561867e-32,3.68583080561241e-29,3.00903628543708e-29,"ENSG00000019144/ENSG00000038295/ENSG00000049192/ENSG00000060718/ENSG00000077942/ENSG00000078098/ENSG00000091986/ENSG00000095587/ENSG00000099953/ENSG00000101680/ENSG00000105664/ENSG00000105971/ENSG00000106624/ENSG00000106823/ENSG00000108821/ENSG00000111799/ENSG00000122176/ENSG00000122707/ENSG00000123342/ENSG00000123384/ENSG00000123500/ENSG00000129038/ENSG00000130635/ENSG00000133110/ENSG00000134853/ENSG00000137573/ENSG00000137675/ENSG00000137745/ENSG00000138316/ENSG00000138738/ENSG00000140092/ENSG00000142871/ENSG00000143196/ENSG00000144810/ENSG00000144824/ENSG00000149380/ENSG00000149968/ENSG00000154736/ENSG00000157227/ENSG00000162733/ENSG00000162745/ENSG00000164692/ENSG00000167749/ENSG00000168542/ENSG00000171502/ENSG00000173376/ENSG00000178031/ENSG00000185070/ENSG00000185585/ENSG00000196562/ENSG00000196569/ENSG00000197635/ENSG00000197859/ENSG00000204262/ENSG00000225614",55
"GO:0043062","GO:0043062","extracellular structure organization","55/392","395/21468",0.139240506329114,7.62554895375872,18.1255773149694,2.31434441647098e-32,3.68583080561241e-29,3.00903628543708e-29,"ENSG00000019144/ENSG00000038295/ENSG00000049192/ENSG00000060718/ENSG00000077942/ENSG00000078098/ENSG00000091986/ENSG00000095587/ENSG00000099953/ENSG00000101680/ENSG00000105664/ENSG00000105971/ENSG00000106624/ENSG00000106823/ENSG00000108821/ENSG00000111799/ENSG00000122176/ENSG00000122707/ENSG00000123342/ENSG00000123384/ENSG00000123500/ENSG00000129038/ENSG00000130635/ENSG00000133110/ENSG00000134853/ENSG00000137573/ENSG00000137675/ENSG00000137745/ENSG00000138316/ENSG00000138738/ENSG00000140092/ENSG00000142871/ENSG00000143196/ENSG00000144810/ENSG00000144824/ENSG00000149380/ENSG00000149968/ENSG00000154736/ENSG00000157227/ENSG00000162733/ENSG00000162745/ENSG00000164692/ENSG00000167749/ENSG00000168542/ENSG00000171502/ENSG00000173376/ENSG00000178031/ENSG00000185070/ENSG00000185585/ENSG00000196562/ENSG00000196569/ENSG00000197635/ENSG00000197859/ENSG00000204262/ENSG00000225614",55
"GO:0045229","GO:0045229","external encapsulating structure organization","55/392","397/21468",0.138539042821159,7.58713309001182,18.0669039119362,3.02282460821138e-32,3.68583080561241e-29,3.00903628543708e-29,"ENSG00000019144/ENSG00000038295/ENSG00000049192/ENSG00000060718/ENSG00000077942/ENSG00000078098/ENSG00000091986/ENSG00000095587/ENSG00000099953/ENSG00000101680/ENSG00000105664/ENSG00000105971/ENSG00000106624/ENSG00000106823/ENSG00000108821/ENSG00000111799/ENSG00000122176/ENSG00000122707/ENSG00000123342/ENSG00000123384/ENSG00000123500/ENSG00000129038/ENSG00000130635/ENSG00000133110/ENSG00000134853/ENSG00000137573/ENSG00000137675/ENSG00000137745/ENSG00000138316/ENSG00000138738/ENSG00000140092/ENSG00000142871/ENSG00000143196/ENSG00000144810/ENSG00000144824/ENSG00000149380/ENSG00000149968/ENSG00000154736/ENSG00000157227/ENSG00000162733/ENSG00000162745/ENSG00000164692/ENSG00000167749/ENSG00000168542/ENSG00000171502/ENSG00000173376/ENSG00000178031/ENSG00000185070/ENSG00000185585/ENSG00000196562/ENSG00000196569/ENSG00000197635/ENSG00000197859/ENSG00000204262/ENSG00000225614",55
"GO:0030199","GO:0030199","collagen fibril organization","18/392","92/21468",0.195652173913043,10.7149511978705,12.735204795985,5.90984076176026e-14,5.40454937662976e-11,4.41216269502996e-11,"ENSG00000038295/ENSG00000060718/ENSG00000095587/ENSG00000099953/ENSG00000105664/ENSG00000106624/ENSG00000108821/ENSG00000111799/ENSG00000122176/ENSG00000129038/ENSG00000130635/ENSG00000138316/ENSG00000143196/ENSG00000149380/ENSG00000162733/ENSG00000164692/ENSG00000168542/ENSG00000204262",18
"GO:0031589","GO:0031589","cell-substrate adhesion","32/392","410/21468",0.0780487804878049,4.27436535589846,9.12946064969355,5.65927395017299e-12,4.14032482194656e-09,3.38007583087174e-09,"ENSG00000073712/ENSG00000077942/ENSG00000086289/ENSG00000091986/ENSG00000099250/ENSG00000106823/ENSG00000108821/ENSG00000109743/ENSG00000111859/ENSG00000112276/ENSG00000115414/ENSG00000122861/ENSG00000133110/ENSG00000140092/ENSG00000140937/ENSG00000140945/ENSG00000142871/ENSG00000144810/ENSG00000144824/ENSG00000151422/ENSG00000152818/ENSG00000153071/ENSG00000157227/ENSG00000163520/ENSG00000164741/ENSG00000165124/ENSG00000166086/ENSG00000168542/ENSG00000173376/ENSG00000197702/ENSG00000213949/ENSG00000243244",32
"GO:0051216","GO:0051216","cartilage development","23/392","222/21468",0.103603603603604,5.67388306674021,9.5466358757553,2.16722362768661e-11,1.32128400501294e-08,1.07866902311349e-08,"ENSG00000005073/ENSG00000060718/ENSG00000083782/ENSG00000104415/ENSG00000105664/ENSG00000106809/ENSG00000108821/ENSG00000109705/ENSG00000124813/ENSG00000137573/ENSG00000137745/ENSG00000142871/ENSG00000148516/ENSG00000149948/ENSG00000159899/ENSG00000160801/ENSG00000163513/ENSG00000164107/ENSG00000168542/ENSG00000178573/ENSG00000182492/ENSG00000183682/ENSG00000196562",23
"GO:0061448","GO:0061448","connective tissue development","26/392","305/21468",0.0852459016393443,4.66851789896286,8.8000788351777,8.58346303623995e-11,4.48547254093796e-08,3.6618473133553e-08,"ENSG00000005073/ENSG00000060718/ENSG00000083782/ENSG00000104415/ENSG00000105664/ENSG00000106809/ENSG00000107796/ENSG00000108821/ENSG00000109705/ENSG00000124813/ENSG00000130635/ENSG00000137573/ENSG00000137745/ENSG00000142871/ENSG00000148516/ENSG00000149948/ENSG00000150347/ENSG00000159899/ENSG00000160801/ENSG00000163513/ENSG00000164107/ENSG00000168542/ENSG00000178573/ENSG00000182492/ENSG00000183682/ENSG00000196562",26
"GO:0001667","GO:0001667","ameboidal-type cell migration","22/392","249/21468",0.0883534136546185,4.83870174575855,8.30914244197942,1.27422677746366e-09,5.82640193995259e-07,4.75655443113737e-07,"ENSG00000075213/ENSG00000079308/ENSG00000099250/ENSG00000107796/ENSG00000111961/ENSG00000112902/ENSG00000115414/ENSG00000122691/ENSG00000131016/ENSG00000140285/ENSG00000146122/ENSG00000150347/ENSG00000151422/ENSG00000153993/ENSG00000162733/ENSG00000163513/ENSG00000164107/ENSG00000166025/ENSG00000169554/ENSG00000170558/ENSG00000174807/ENSG00000197256",22
"GO:0010810","GO:0010810","regulation of cell-substrate adhesion","21/392","244/21468",0.0860655737704918,4.7134074941452,7.9558854402223,4.86890146650193e-09,1.97893795160712e-06,1.61556414742292e-06,"ENSG00000073712/ENSG00000077942/ENSG00000091986/ENSG00000099250/ENSG00000106823/ENSG00000108821/ENSG00000109743/ENSG00000111859/ENSG00000115414/ENSG00000122861/ENSG00000133110/ENSG00000140945/ENSG00000142871/ENSG00000144810/ENSG00000144824/ENSG00000152818/ENSG00000153071/ENSG00000157227/ENSG00000163520/ENSG00000164741/ENSG00000173376",21
"GO:0007156","GO:0007156","homophilic cell adhesion via plasma membrane adhesion molecules","19/392","206/21468",0.0922330097087379,5.05116901129384,7.96794874822295,8.57696332452717e-09,3.13745318411204e-06,2.56135210017722e-06,"ENSG00000081818/ENSG00000081853/ENSG00000107736/ENSG00000118946/ENSG00000134115/ENSG00000140937/ENSG00000140945/ENSG00000162614/ENSG00000170558/ENSG00000173482/ENSG00000175065/ENSG00000177707/ENSG00000189184/ENSG00000196159/ENSG00000240184/ENSG00000253305/ENSG00000254122/ENSG00000254245/ENSG00000261934",19
"GO:0030111","GO:0030111","regulation of Wnt signaling pathway","25/392","369/21468",0.0677506775067751,3.71038659366185,7.16222737575817,2.19727597368268e-08,7.30694137430114e-06,5.96523630367251e-06,"ENSG00000020181/ENSG00000050165/ENSG00000104415/ENSG00000108821/ENSG00000112837/ENSG00000112902/ENSG00000116729/ENSG00000122707/ENSG00000123384/ENSG00000134569/ENSG00000135272/ENSG00000137573/ENSG00000144642/ENSG00000145506/ENSG00000146122/ENSG00000150764/ENSG00000150907/ENSG00000153071/ENSG00000154856/ENSG00000164932/ENSG00000169218/ENSG00000169554/ENSG00000170558/ENSG00000180730/ENSG00000196562",25
"GO:0007409","GO:0007409","axonogenesis","29/392","487/21468",0.0595482546201232,3.26117839332858,6.88368252270871,2.83835278170869e-08,8.65224539624198e-06,7.06351477342767e-06,"ENSG00000005810/ENSG00000006468/ENSG00000075213/ENSG00000099250/ENSG00000107562/ENSG00000107731/ENSG00000111962/ENSG00000112902/ENSG00000115414/ENSG00000117600/ENSG00000131711/ENSG00000134115/ENSG00000134121/ENSG00000134569/ENSG00000140937/ENSG00000145147/ENSG00000149294/ENSG00000149557/ENSG00000153993/ENSG00000159899/ENSG00000162614/ENSG00000163394/ENSG00000165801/ENSG00000173482/ENSG00000182636/ENSG00000184347/ENSG00000185070/ENSG00000196569/ENSG00000277586",29
"GO:0042692","GO:0042692","muscle cell differentiation","28/392","466/21468",0.0600858369098712,3.29061925199264,6.81789258188952,4.10285568053459e-08,1.15448046764581e-05,9.42494053900943e-06,"ENSG00000024422/ENSG00000101335/ENSG00000101680/ENSG00000105664/ENSG00000105971/ENSG00000112276/ENSG00000112837/ENSG00000117152/ENSG00000123095/ENSG00000128591/ENSG00000131018/ENSG00000134775/ENSG00000134853/ENSG00000136383/ENSG00000143028/ENSG00000145362/ENSG00000148516/ENSG00000148848/ENSG00000154736/ENSG00000157168/ENSG00000157227/ENSG00000160539/ENSG00000163431/ENSG00000166148/ENSG00000167244/ENSG00000170558/ENSG00000184304/ENSG00000196569",28
"GO:0002062","GO:0002062","chondrocyte differentiation","14/392","121/21468",0.115702479338843,6.33648170011806,8.02812084732191,4.68654911247175e-08,1.22452833238726e-05,9.99679686622734e-06,"ENSG00000005073/ENSG00000060718/ENSG00000104415/ENSG00000105664/ENSG00000109705/ENSG00000124813/ENSG00000137573/ENSG00000149948/ENSG00000159899/ENSG00000160801/ENSG00000163513/ENSG00000168542/ENSG00000178573/ENSG00000196562",14
"GO:0048706","GO:0048706","embryonic skeletal system development","15/392","142/21468",0.105633802816901,5.78506754814602,7.80211162194498,5.33669537443355e-08,1.30144211197853e-05,1.06247051068547e-05,"ENSG00000005073/ENSG00000060718/ENSG00000092607/ENSG00000099139/ENSG00000108821/ENSG00000109705/ENSG00000122691/ENSG00000124813/ENSG00000134853/ENSG00000137573/ENSG00000148516/ENSG00000157227/ENSG00000163513/ENSG00000164107/ENSG00000196562",15
"GO:1903053","GO:1903053","regulation of extracellular matrix organization","12/392","87/21468",0.137931034482759,7.55383532723434,8.35364011283377,6.00653970276487e-08,1.37324513954462e-05,1.12108902215421e-05,"ENSG00000019144/ENSG00000078098/ENSG00000101680/ENSG00000106624/ENSG00000122707/ENSG00000123384/ENSG00000138738/ENSG00000144824/ENSG00000162733/ENSG00000196569/ENSG00000197635/ENSG00000225614",12
"GO:0032970","GO:0032970","regulation of actin filament-based process","26/392","427/21468",0.0608899297423888,3.33465564211633,6.64566121586101,9.7484308760175e-08,2.09763294967482e-05,1.71246429692023e-05,"ENSG00000073712/ENSG00000099250/ENSG00000107562/ENSG00000107796/ENSG00000109743/ENSG00000111859/ENSG00000112902/ENSG00000117152/ENSG00000123384/ENSG00000134853/ENSG00000144824/ENSG00000145147/ENSG00000145362/ENSG00000146122/ENSG00000148700/ENSG00000150764/ENSG00000151422/ENSG00000163431/ENSG00000164741/ENSG00000166086/ENSG00000169554/ENSG00000171992/ENSG00000183853/ENSG00000184304/ENSG00000197256/ENSG00000198523",26
"GO:0010811","GO:0010811","positive regulation of cell-substrate adhesion","14/392","130/21468",0.107692307692308,5.8978021978022,7.63889744013306,1.16660836965378e-07,2.37080745344084e-05,1.93547833023846e-05,"ENSG00000073712/ENSG00000077942/ENSG00000091986/ENSG00000099250/ENSG00000106823/ENSG00000111859/ENSG00000115414/ENSG00000140945/ENSG00000142871/ENSG00000144810/ENSG00000152818/ENSG00000153071/ENSG00000163520/ENSG00000173376",14
"GO:0006936","GO:0006936","muscle contraction","24/392","378/21468",0.0634920634920635,3.47716229348882,6.62669050225181,1.42156962799735e-07,2.73689563116542e-05,2.23434517153932e-05,"ENSG00000006283/ENSG00000006788/ENSG00000058668/ENSG00000065534/ENSG00000069431/ENSG00000101335/ENSG00000105664/ENSG00000107796/ENSG00000109061/ENSG00000111262/ENSG00000123096/ENSG00000125414/ENSG00000130176/ENSG00000136531/ENSG00000137573/ENSG00000138435/ENSG00000145362/ENSG00000152818/ENSG00000153956/ENSG00000160808/ENSG00000163431/ENSG00000184304/ENSG00000196562/ENSG00000198523",24
"GO:0090287","GO:0090287","regulation of cellular response to growth factor stimulus","25/392","411/21468",0.0608272506082725,3.33122300014896,6.50790340694468,1.76132909641663e-07,3.11783908134066e-05,2.54533955102398e-05,"ENSG00000011465/ENSG00000020181/ENSG00000050165/ENSG00000058668/ENSG00000099250/ENSG00000102935/ENSG00000105971/ENSG00000106819/ENSG00000113578/ENSG00000124813/ENSG00000128045/ENSG00000134986/ENSG00000137573/ENSG00000142871/ENSG00000145147/ENSG00000148516/ENSG00000163430/ENSG00000164161/ENSG00000169554/ENSG00000180730/ENSG00000180875/ENSG00000183287/ENSG00000196468/ENSG00000196562/ENSG00000197859",25
"GO:0007411","GO:0007411","axon guidance","19/392","249/21468",0.0763052208835341,4.17887878042783,6.88090879202735,1.78990215167178e-07,3.11783908134066e-05,2.54533955102398e-05,"ENSG00000005810/ENSG00000006468/ENSG00000075213/ENSG00000099250/ENSG00000107562/ENSG00000107731/ENSG00000112902/ENSG00000134115/ENSG00000134121/ENSG00000145147/ENSG00000149294/ENSG00000149557/ENSG00000153993/ENSG00000162614/ENSG00000165801/ENSG00000173482/ENSG00000184347/ENSG00000185070/ENSG00000196569",19
"GO:0097485","GO:0097485","neuron projection guidance","19/392","250/21468",0.076,4.16216326530612,6.85861914932376,1.90517271752972e-07,3.1677826366926e-05,2.58611244001522e-05,"ENSG00000005810/ENSG00000006468/ENSG00000075213/ENSG00000099250/ENSG00000107562/ENSG00000107731/ENSG00000112902/ENSG00000134115/ENSG00000134121/ENSG00000145147/ENSG00000149294/ENSG00000149557/ENSG00000153993/ENSG00000162614/ENSG00000165801/ENSG00000173482/ENSG00000184347/ENSG00000185070/ENSG00000196569",19
"GO:0007160","GO:0007160","cell-matrix adhesion","20/392","282/21468",0.0709219858156028,3.88406426400347,6.64874413440978,2.77701583554999e-07,4.41666257671385e-05,3.60567227709626e-05,"ENSG00000073712/ENSG00000086289/ENSG00000099250/ENSG00000106823/ENSG00000109743/ENSG00000115414/ENSG00000122861/ENSG00000133110/ENSG00000140092/ENSG00000140937/ENSG00000140945/ENSG00000144824/ENSG00000152818/ENSG00000157227/ENSG00000164741/ENSG00000165124/ENSG00000166086/ENSG00000168542/ENSG00000213949/ENSG00000243244",20
"GO:0051146","GO:0051146","striated muscle cell differentiation","22/392","338/21468",0.0650887573964497,3.56460572394638,6.48132539192596,3.108952379113e-07,4.57720670984366e-05,3.73673719772854e-05,"ENSG00000024422/ENSG00000101335/ENSG00000105971/ENSG00000112276/ENSG00000112837/ENSG00000117152/ENSG00000123095/ENSG00000128591/ENSG00000131018/ENSG00000134775/ENSG00000134853/ENSG00000136383/ENSG00000148848/ENSG00000154736/ENSG00000157168/ENSG00000157227/ENSG00000160539/ENSG00000163431/ENSG00000166148/ENSG00000167244/ENSG00000170558/ENSG00000184304",22
"GO:0060348","GO:0060348","bone development","18/392","233/21468",0.0772532188841202,4.2307961811334,6.76232447253336,3.14482272568569e-07,4.57720670984366e-05,3.73673719772854e-05,"ENSG00000005073/ENSG00000053254/ENSG00000083782/ENSG00000104415/ENSG00000105664/ENSG00000106809/ENSG00000108821/ENSG00000122691/ENSG00000124813/ENSG00000137573/ENSG00000137745/ENSG00000157227/ENSG00000159899/ENSG00000162733/ENSG00000163513/ENSG00000168542/ENSG00000182492/ENSG00000196562",18
"GO:0022617","GO:0022617","extracellular matrix disassembly","11/392","83/21468",0.132530120481928,7.25805261863782,7.79037289264964,3.25334539245312e-07,4.57720670984366e-05,3.73673719772854e-05,"ENSG00000078098/ENSG00000099953/ENSG00000123342/ENSG00000123384/ENSG00000137745/ENSG00000149968/ENSG00000154736/ENSG00000157227/ENSG00000162733/ENSG00000167749/ENSG00000197635",11
"GO:0003012","GO:0003012","muscle system process","27/392","489/21468",0.0552147239263804,3.02385125829473,6.17412255554312,3.89692619648438e-07,5.27961334323698e-05,4.31016749295367e-05,"ENSG00000006283/ENSG00000006788/ENSG00000058668/ENSG00000065534/ENSG00000069431/ENSG00000101335/ENSG00000105664/ENSG00000107796/ENSG00000109061/ENSG00000111262/ENSG00000117152/ENSG00000123096/ENSG00000125414/ENSG00000130176/ENSG00000136531/ENSG00000137573/ENSG00000138435/ENSG00000145362/ENSG00000150907/ENSG00000152818/ENSG00000153956/ENSG00000160808/ENSG00000163431/ENSG00000164107/ENSG00000184304/ENSG00000196562/ENSG00000198523",27
"GO:0048705","GO:0048705","skeletal system morphogenesis","18/392","240/21468",0.075,4.10739795918367,6.60210723741599,4.86685035463663e-07,6.27014774891936e-05,5.11881936165412e-05,"ENSG00000005073/ENSG00000053254/ENSG00000060718/ENSG00000092607/ENSG00000105664/ENSG00000108821/ENSG00000109705/ENSG00000122691/ENSG00000124813/ENSG00000134853/ENSG00000137745/ENSG00000148516/ENSG00000150347/ENSG00000157227/ENSG00000159899/ENSG00000163513/ENSG00000164161/ENSG00000168542",18
"GO:0032963","GO:0032963","collagen metabolic process","13/392","125/21468",0.104,5.69559183673469,7.18045938359331,4.97086617601589e-07,6.27014774891936e-05,5.11881936165412e-05,"ENSG00000078098/ENSG00000099953/ENSG00000108821/ENSG00000122641/ENSG00000123342/ENSG00000130635/ENSG00000137675/ENSG00000137745/ENSG00000138316/ENSG00000149968/ENSG00000157227/ENSG00000162733/ENSG00000164692",13
"GO:0071711","GO:0071711","basement membrane organization","8/392","40/21468",0.2,10.9530612244898,8.59271621818451,5.30895313242184e-07,6.47338351946637e-05,5.28473685497571e-05,"ENSG00000019144/ENSG00000099953/ENSG00000101680/ENSG00000105971/ENSG00000144824/ENSG00000168542/ENSG00000185070/ENSG00000196569",8
"GO:0035987","GO:0035987","endodermal cell differentiation","9/392","58/21468",0.155172413793103,8.49806474313864,7.79811195494404,9.94903243217851e-07,0.000117398582699706,9.58417827167757e-05,"ENSG00000060718/ENSG00000111799/ENSG00000115414/ENSG00000122641/ENSG00000130635/ENSG00000144810/ENSG00000149948/ENSG00000157227/ENSG00000204262",9
"GO:0071774","GO:0071774","response to fibroblast growth factor","13/392","134/21468",0.0970149253731343,5.31305208650624,6.83023385555904,1.10710959656141e-06,0.000126556465756926,0.000103318089652786,"ENSG00000108821/ENSG00000113578/ENSG00000124813/ENSG00000133110/ENSG00000137573/ENSG00000140285/ENSG00000159899/ENSG00000164161/ENSG00000173376/ENSG00000180730/ENSG00000185070/ENSG00000196468/ENSG00000196562",13
"GO:0007178","GO:0007178","cell surface receptor protein serine/threonine kinase signaling pathway","25/392","462/21468",0.0541125541125541,2.96349059104161,5.81852290651195,1.52373417694478e-06,0.00015915040127633,0.000129927106679218,"ENSG00000050165/ENSG00000073712/ENSG00000102935/ENSG00000105664/ENSG00000105971/ENSG00000106819/ENSG00000119681/ENSG00000122176/ENSG00000122641/ENSG00000123384/ENSG00000124813/ENSG00000128045/ENSG00000134986/ENSG00000137573/ENSG00000142871/ENSG00000148516/ENSG00000153071/ENSG00000163430/ENSG00000163513/ENSG00000164692/ENSG00000168542/ENSG00000169554/ENSG00000175065/ENSG00000180875/ENSG00000197859",25
"GO:0060485","GO:0060485","mesenchyme development","22/392","372/21468",0.0591397849462366,3.23880842659645,5.94049946523182,1.55126628948627e-06,0.00015915040127633,0.000129927106679218,"ENSG00000019144/ENSG00000019991/ENSG00000073712/ENSG00000075213/ENSG00000099250/ENSG00000107796/ENSG00000108821/ENSG00000112902/ENSG00000115414/ENSG00000118762/ENSG00000122691/ENSG00000144824/ENSG00000149294/ENSG00000149948/ENSG00000153071/ENSG00000153993/ENSG00000154736/ENSG00000157168/ENSG00000163513/ENSG00000164107/ENSG00000169946/ENSG00000170558",22
"GO:0003007","GO:0003007","heart morphogenesis","19/392","287/21468",0.0662020905923345,3.6255777572353,6.10699015014659,1.55540027091502e-06,0.00015915040127633,0.000129927106679218,"ENSG00000060718/ENSG00000069431/ENSG00000099250/ENSG00000118762/ENSG00000122691/ENSG00000130635/ENSG00000133816/ENSG00000142871/ENSG00000145147/ENSG00000154736/ENSG00000157168/ENSG00000160808/ENSG00000163513/ENSG00000164107/ENSG00000164741/ENSG00000169946/ENSG00000184347/ENSG00000185070/ENSG00000197702",19
"GO:0141091","GO:0141091","transforming growth factor beta receptor superfamily signaling pathway","24/392","432/21468",0.0555555555555556,3.04251700680272,5.84871676520534,1.56626966811041e-06,0.00015915040127633,0.000129927106679218,"ENSG00000050165/ENSG00000073712/ENSG00000102935/ENSG00000105664/ENSG00000105971/ENSG00000106819/ENSG00000119681/ENSG00000122176/ENSG00000122641/ENSG00000124813/ENSG00000128045/ENSG00000134986/ENSG00000137573/ENSG00000142871/ENSG00000148516/ENSG00000153071/ENSG00000163430/ENSG00000163513/ENSG00000164692/ENSG00000168542/ENSG00000169554/ENSG00000175065/ENSG00000180875/ENSG00000197859",24
"GO:0060350","GO:0060350","endochondral bone morphogenesis","9/392","62/21468",0.145161290322581,7.94980250164582,7.47369144742382,1.77724295036238e-06,0.000175156203148277,0.000142993913364122,"ENSG00000005073/ENSG00000105664/ENSG00000108821/ENSG00000124813/ENSG00000137745/ENSG00000157227/ENSG00000159899/ENSG00000163513/ENSG00000168542",9
"GO:0002063","GO:0002063","chondrocyte development","7/392","33/21468",0.212121212121212,11.6168831168831,8.32390047436623,1.81955596490829e-06,0.000175156203148277,0.000142993913364122,"ENSG00000005073/ENSG00000060718/ENSG00000105664/ENSG00000124813/ENSG00000137573/ENSG00000163513/ENSG00000196562",7
"GO:0032956","GO:0032956","regulation of actin cytoskeleton organization","22/392","382/21468",0.0575916230366492,3.15402286569078,5.79321312903481,2.39410582649082e-06,0.000224554849059062,0.000183321949521038,"ENSG00000073712/ENSG00000099250/ENSG00000107562/ENSG00000109743/ENSG00000111859/ENSG00000112902/ENSG00000117152/ENSG00000123384/ENSG00000134853/ENSG00000144824/ENSG00000145147/ENSG00000146122/ENSG00000148700/ENSG00000150764/ENSG00000151422/ENSG00000163431/ENSG00000164741/ENSG00000166086/ENSG00000171992/ENSG00000183853/ENSG00000184304/ENSG00000197256",22
"GO:0060349","GO:0060349","bone morphogenesis","11/392","102/21468",0.107843137254902,5.90606242496999,6.77339121963347,2.63445333763761e-06,0.000234922413061818,0.000191785815043129,"ENSG00000005073/ENSG00000053254/ENSG00000105664/ENSG00000108821/ENSG00000122691/ENSG00000124813/ENSG00000137745/ENSG00000157227/ENSG00000159899/ENSG00000163513/ENSG00000168542",11
"GO:0098742","GO:0098742","cell-cell adhesion via plasma-membrane adhesion molecules","20/392","326/21468",0.0613496932515337,3.35983473143859,5.85533801809282,2.66876982578585e-06,0.000234922413061818,0.000191785815043129,"ENSG00000081818/ENSG00000081853/ENSG00000107736/ENSG00000118946/ENSG00000134115/ENSG00000140937/ENSG00000140945/ENSG00000162614/ENSG00000163513/ENSG00000170558/ENSG00000173482/ENSG00000175065/ENSG00000177707/ENSG00000189184/ENSG00000196159/ENSG00000240184/ENSG00000253305/ENSG00000254122/ENSG00000254245/ENSG00000261934",20
"GO:0050919","GO:0050919","negative chemotaxis","8/392","49/21468",0.163265306122449,8.94127446897126,7.58967654813603,2.69730490666932e-06,0.000234922413061818,0.000191785815043129,"ENSG00000075213/ENSG00000112902/ENSG00000145147/ENSG00000153993/ENSG00000157168/ENSG00000184347/ENSG00000185070/ENSG00000197635",8
"GO:0071559","GO:0071559","response to transforming growth factor beta","20/392","329/21468",0.060790273556231,3.32919794057441,5.80626353528873,3.06629665641037e-06,0.000260849143468584,0.000212951863261596,"ENSG00000050165/ENSG00000073712/ENSG00000101825/ENSG00000105971/ENSG00000106819/ENSG00000107796/ENSG00000108821/ENSG00000119681/ENSG00000122176/ENSG00000128045/ENSG00000133110/ENSG00000134986/ENSG00000148516/ENSG00000153071/ENSG00000162733/ENSG00000163513/ENSG00000164692/ENSG00000168542/ENSG00000169554/ENSG00000197859",20
"GO:0030574","GO:0030574","collagen catabolic process","8/392","50/21468",0.16,8.76244897959184,7.49426283627896,3.16036316725041e-06,0.0002627411014955,0.000214496418791613,"ENSG00000078098/ENSG00000099953/ENSG00000123342/ENSG00000137675/ENSG00000137745/ENSG00000138316/ENSG00000149968/ENSG00000157227",8
"GO:0044344","GO:0044344","cellular response to fibroblast growth factor stimulus","12/392","126/21468",0.0952380952380952,5.21574344023324,6.47256625061207,3.48103202677743e-06,0.000278426097954927,0.000227301326551215,"ENSG00000108821/ENSG00000113578/ENSG00000124813/ENSG00000133110/ENSG00000137573/ENSG00000140285/ENSG00000164161/ENSG00000173376/ENSG00000180730/ENSG00000185070/ENSG00000196468/ENSG00000196562",12
"GO:0048846","GO:0048846","axon extension involved in axon guidance","6/392","24/21468",0.25,13.6913265306122,8.48387686121391,3.63461884124548e-06,0.000278426097954927,0.000227301326551215,"ENSG00000075213/ENSG00000099250/ENSG00000107562/ENSG00000112902/ENSG00000145147/ENSG00000184347",6
"GO:1902284","GO:1902284","neuron projection extension involved in neuron projection guidance","6/392","24/21468",0.25,13.6913265306122,8.48387686121391,3.63461884124548e-06,0.000278426097954927,0.000227301326551215,"ENSG00000075213/ENSG00000099250/ENSG00000107562/ENSG00000112902/ENSG00000145147/ENSG00000184347",6
"GO:0050920","GO:0050920","regulation of chemotaxis","17/392","249/21468",0.0682730923694779,3.73899680354069,5.92875302539263,3.65348624981862e-06,0.000278426097954927,0.000227301326551215,"ENSG00000005810/ENSG00000020181/ENSG00000099250/ENSG00000106538/ENSG00000107562/ENSG00000109743/ENSG00000111859/ENSG00000112902/ENSG00000113578/ENSG00000134853/ENSG00000140945/ENSG00000145147/ENSG00000166086/ENSG00000177119/ENSG00000184304/ENSG00000196468/ENSG00000197635",17
"GO:0001706","GO:0001706","endoderm formation","9/392","69/21468",0.130434782608696,7.1433007985803,6.97050436023892,4.43662845322294e-06,0.000331207895548765,0.000270391297997711,"ENSG00000060718/ENSG00000111799/ENSG00000115414/ENSG00000122641/ENSG00000130635/ENSG00000144810/ENSG00000149948/ENSG00000157227/ENSG00000204262",9
"GO:0003205","GO:0003205","cardiac chamber development","14/392","176/21468",0.0795454545454545,4.35633116883117,6.09743989410968,4.61546511804066e-06,0.000337667428035855,0.000275664727155397,"ENSG00000049192/ENSG00000060718/ENSG00000099250/ENSG00000101115/ENSG00000142871/ENSG00000145147/ENSG00000145362/ENSG00000157168/ENSG00000160808/ENSG00000163513/ENSG00000164107/ENSG00000169946/ENSG00000184347/ENSG00000197702",14
"GO:0043542","GO:0043542","endothelial cell migration","19/392","311/21468",0.0610932475884244,3.34579040619463,5.6829910746157,5.03731614021406e-06,0.000361303969429471,0.000294961112276311,"ENSG00000011465/ENSG00000020181/ENSG00000058668/ENSG00000078098/ENSG00000099250/ENSG00000111961/ENSG00000112902/ENSG00000113578/ENSG00000132386/ENSG00000140945/ENSG00000145147/ENSG00000163430/ENSG00000165633/ENSG00000169554/ENSG00000173482/ENSG00000183287/ENSG00000184304/ENSG00000196468/ENSG00000197635",19
"GO:0060828","GO:0060828","regulation of canonical Wnt signaling pathway","18/392","289/21468",0.0622837370242214,3.4109879245816,5.62763404295693,6.84767659752295e-06,0.000481707711418057,0.000393256245084466,"ENSG00000020181/ENSG00000050165/ENSG00000108821/ENSG00000112837/ENSG00000112902/ENSG00000116729/ENSG00000122707/ENSG00000134569/ENSG00000144642/ENSG00000145506/ENSG00000146122/ENSG00000150907/ENSG00000153071/ENSG00000164932/ENSG00000169218/ENSG00000169554/ENSG00000170558/ENSG00000196562",18
"GO:0048562","GO:0048562","embryonic organ morphogenesis","19/392","319/21468",0.0595611285266458,3.26188343676028,5.55079591479662,7.24951871221144e-06,0.000500353574514518,0.000408478343327584,"ENSG00000005073/ENSG00000060718/ENSG00000092607/ENSG00000107736/ENSG00000109705/ENSG00000112320/ENSG00000112837/ENSG00000117122/ENSG00000118762/ENSG00000122691/ENSG00000124813/ENSG00000133816/ENSG00000134853/ENSG00000148516/ENSG00000157227/ENSG00000163513/ENSG00000164107/ENSG00000164932/ENSG00000197614",19
"GO:0071560","GO:0071560","cellular response to transforming growth factor beta stimulus","19/392","322/21468",0.0590062111801242,3.23149321840537,5.50229676131214,8.28266076745114e-06,0.000558991387232331,0.000456349044798171,"ENSG00000050165/ENSG00000073712/ENSG00000105971/ENSG00000106819/ENSG00000107796/ENSG00000108821/ENSG00000119681/ENSG00000122176/ENSG00000128045/ENSG00000133110/ENSG00000134986/ENSG00000148516/ENSG00000153071/ENSG00000162733/ENSG00000163513/ENSG00000164692/ENSG00000168542/ENSG00000169554/ENSG00000197859",19
"GO:0072001","GO:0072001","renal system development","20/392","352/21468",0.0568181818181818,3.11166512059369,5.44785033887535,8.40473654941996e-06,0.000558991387232331,0.000456349044798171,"ENSG00000005073/ENSG00000049192/ENSG00000099139/ENSG00000099250/ENSG00000107796/ENSG00000112837/ENSG00000113578/ENSG00000118762/ENSG00000132386/ENSG00000134569/ENSG00000134853/ENSG00000137573/ENSG00000145147/ENSG00000150347/ENSG00000153976/ENSG00000162849/ENSG00000170370/ENSG00000196549/ENSG00000196562/ENSG00000197256",20
"GO:0030177","GO:0030177","positive regulation of Wnt signaling pathway","13/392","161/21468",0.0807453416149068,4.42204335150209,5.94390567357503,8.57167078703374e-06,0.000559913781053025,0.000457102068098021,"ENSG00000020181/ENSG00000104415/ENSG00000108821/ENSG00000112902/ENSG00000116729/ENSG00000122707/ENSG00000137573/ENSG00000146122/ENSG00000150764/ENSG00000153071/ENSG00000169218/ENSG00000169554/ENSG00000196562",13
"GO:0010761","GO:0010761","fibroblast migration","8/392","58/21468",0.137931034482759,7.55383532723434,6.81609766877625,9.93513930815882e-06,0.000637591922618332,0.000520516901518865,"ENSG00000079308/ENSG00000107796/ENSG00000131016/ENSG00000150347/ENSG00000151422/ENSG00000162733/ENSG00000169554/ENSG00000174807",8
"GO:0048762","GO:0048762","mesenchymal cell differentiation","18/392","298/21468",0.0604026845637584,3.30797151075195,5.47158012547478,1.04157470968486e-05,0.000656910394487451,0.000536288103697994,"ENSG00000019144/ENSG00000019991/ENSG00000073712/ENSG00000075213/ENSG00000099250/ENSG00000108821/ENSG00000112902/ENSG00000115414/ENSG00000122691/ENSG00000144824/ENSG00000149294/ENSG00000149948/ENSG00000153071/ENSG00000153993/ENSG00000157168/ENSG00000163513/ENSG00000164107/ENSG00000170558",18
"GO:0070252","GO:0070252","actin-mediated cell contraction","11/392","118/21468",0.0932203389830508,5.10524040124524,6.09839112861262,1.09066122445688e-05,0.000676209959163264,0.000552043870434284,"ENSG00000006283/ENSG00000069431/ENSG00000086289/ENSG00000107796/ENSG00000125414/ENSG00000136531/ENSG00000145362/ENSG00000153956/ENSG00000169554/ENSG00000197702/ENSG00000198523",11
"GO:0030900","GO:0030900","forebrain development","23/392","456/21468",0.0504385964912281,2.76228517722879,5.18751696852985,1.25861160055059e-05,0.000767333539135679,0.000626435282589831,"ENSG00000058668/ENSG00000075213/ENSG00000099250/ENSG00000107562/ENSG00000111262/ENSG00000112902/ENSG00000122641/ENSG00000128573/ENSG00000136531/ENSG00000145147/ENSG00000147526/ENSG00000148516/ENSG00000149557/ENSG00000150764/ENSG00000163394/ENSG00000164741/ENSG00000166148/ENSG00000168542/ENSG00000170370/ENSG00000170558/ENSG00000173376/ENSG00000196159/ENSG00000277586",23
"GO:0090497","GO:0090497","mesenchymal cell migration","8/392","61/21468",0.131147540983607,7.18233522917364,6.59438319523057,1.4553111720851e-05,0.000872709552047097,0.000712462087179539,"ENSG00000075213/ENSG00000099250/ENSG00000112902/ENSG00000115414/ENSG00000122691/ENSG00000153993/ENSG00000164107/ENSG00000170558",8
"GO:0014032","GO:0014032","neural crest cell development","9/392","81/21468",0.111111111111111,6.08503401360544,6.25310978614776,1.68465427500771e-05,0.000993946022254546,0.000811437042138686,"ENSG00000075213/ENSG00000099250/ENSG00000112902/ENSG00000115414/ENSG00000122691/ENSG00000153993/ENSG00000157168/ENSG00000164107/ENSG00000170558",9
"GO:0001764","GO:0001764","neuron migration","14/392","198/21468",0.0707070707070707,3.87229437229437,5.53748310504144,1.77590933468633e-05,0.00103115497560041,0.000841813664578966,"ENSG00000070808/ENSG00000075213/ENSG00000099250/ENSG00000107562/ENSG00000122691/ENSG00000131711/ENSG00000134121/ENSG00000152580/ENSG00000163394/ENSG00000168542/ENSG00000170370/ENSG00000173376/ENSG00000182636/ENSG00000185070",14
"GO:0048880","GO:0048880","sensory system development","23/392","468/21468",0.0491452991452991,2.69145735217164,5.04555503882958,1.9008623310921e-05,0.00108646162611483,0.000886964873899391,"ENSG00000058668/ENSG00000075213/ENSG00000080200/ENSG00000099250/ENSG00000101680/ENSG00000117122/ENSG00000122641/ENSG00000122691/ENSG00000130635/ENSG00000132386/ENSG00000134138/ENSG00000134853/ENSG00000144810/ENSG00000148516/ENSG00000163513/ENSG00000165633/ENSG00000173482/ENSG00000177707/ENSG00000178573/ENSG00000187098/ENSG00000188133/ENSG00000197614/ENSG00000204262",23
"GO:0060537","GO:0060537","muscle tissue development","23/392","471/21468",0.0488322717622081,2.67431431171195,5.01075808243259,2.10196889947192e-05,0.00118292342065666,0.000965714294380866,"ENSG00000006283/ENSG00000060718/ENSG00000065534/ENSG00000069431/ENSG00000095587/ENSG00000105971/ENSG00000112276/ENSG00000112837/ENSG00000117152/ENSG00000118762/ENSG00000122691/ENSG00000131018/ENSG00000134775/ENSG00000134853/ENSG00000136383/ENSG00000138435/ENSG00000157168/ENSG00000159899/ENSG00000160808/ENSG00000167244/ENSG00000168542/ENSG00000169946/ENSG00000198523",23
"GO:0060560","GO:0060560","developmental growth involved in morphogenesis","16/392","259/21468",0.0617760617760618,3.38318493420534,5.26237929538041,2.44442689995585e-05,0.00135480509091493,0.00110603494659884,"ENSG00000075213/ENSG00000099250/ENSG00000107562/ENSG00000112902/ENSG00000113578/ENSG00000115414/ENSG00000124785/ENSG00000131711/ENSG00000133110/ENSG00000140557/ENSG00000145147/ENSG00000159899/ENSG00000162849/ENSG00000163513/ENSG00000182636/ENSG00000184347",16
"GO:0060351","GO:0060351","cartilage development involved in endochondral bone morphogenesis","6/392","33/21468",0.181818181818182,9.95732838589982,7.02276828138753,2.60298391183895e-05,0.00142115151485177,0.00116019879935383,"ENSG00000005073/ENSG00000105664/ENSG00000108821/ENSG00000137745/ENSG00000159899/ENSG00000163513",6
"GO:0034446","GO:0034446","substrate adhesion-dependent cell spreading","10/392","107/21468",0.0934579439252336,5.11825290864009,5.82409874146142,2.67633853517415e-05,0.00143971270024515,0.0011753517684658,"ENSG00000073712/ENSG00000077942/ENSG00000099250/ENSG00000111859/ENSG00000112276/ENSG00000115414/ENSG00000133110/ENSG00000151422/ENSG00000153071/ENSG00000197702",10
"GO:0003206","GO:0003206","cardiac chamber morphogenesis","11/392","130/21468",0.0846153846153846,4.6339874411303,5.66777837087471,2.72599259281686e-05,0.00144092197300506,0.00117633899381755,"ENSG00000060718/ENSG00000099250/ENSG00000142871/ENSG00000145147/ENSG00000157168/ENSG00000160808/ENSG00000163513/ENSG00000164107/ENSG00000169946/ENSG00000184347/ENSG00000197702",11
"GO:0060070","GO:0060070","canonical Wnt signaling pathway","19/392","351/21468",0.0541310541310541,2.96450375021804,5.06086703525149,2.75736845572319e-05,0.00144092197300506,0.00117633899381755,"ENSG00000020181/ENSG00000050165/ENSG00000108821/ENSG00000112837/ENSG00000112902/ENSG00000116729/ENSG00000122707/ENSG00000134569/ENSG00000144642/ENSG00000145506/ENSG00000146122/ENSG00000150764/ENSG00000150907/ENSG00000153071/ENSG00000164932/ENSG00000169218/ENSG00000169554/ENSG00000170558/ENSG00000196562",19
"GO:0001654","GO:0001654","eye development","22/392","450/21468",0.0488888888888889,2.67741496598639,4.90439784850235,3.11844605225772e-05,0.00160665854354349,0.00131164291330692,"ENSG00000058668/ENSG00000080200/ENSG00000099250/ENSG00000101680/ENSG00000117122/ENSG00000122641/ENSG00000122691/ENSG00000130635/ENSG00000132386/ENSG00000134138/ENSG00000134853/ENSG00000144810/ENSG00000148516/ENSG00000163513/ENSG00000165633/ENSG00000173482/ENSG00000177707/ENSG00000178573/ENSG00000187098/ENSG00000188133/ENSG00000197614/ENSG00000204262",22
"GO:0110011","GO:0110011","regulation of basement membrane organization","4/392","11/21468",0.363636363636364,19.9146567717996,8.55746090268333,3.26391249306673e-05,0.00165261391535932,0.00134915993147661,"ENSG00000019144/ENSG00000101680/ENSG00000144824/ENSG00000196569",4
"GO:0048864","GO:0048864","stem cell development","9/392","88/21468",0.102272727272727,5.60099721706865,5.89826217625458,3.29799933901668e-05,0.00165261391535932,0.00134915993147661,"ENSG00000075213/ENSG00000099250/ENSG00000112902/ENSG00000115414/ENSG00000122691/ENSG00000153993/ENSG00000157168/ENSG00000164107/ENSG00000170558",9
"GO:0007517","GO:0007517","muscle organ development","20/392","389/21468",0.051413881748072,2.81569697287655,4.92864780321508,3.53842762090689e-05,0.00173700870292814,0.0014180580962295,"ENSG00000006468/ENSG00000060718/ENSG00000065534/ENSG00000069431/ENSG00000095587/ENSG00000105971/ENSG00000112276/ENSG00000122691/ENSG00000135903/ENSG00000138435/ENSG00000149591/ENSG00000150347/ENSG00000152818/ENSG00000157168/ENSG00000160808/ENSG00000167244/ENSG00000168542/ENSG00000169946/ENSG00000172260/ENSG00000196569",20
"GO:0150063","GO:0150063","visual system development","22/392","454/21468",0.0484581497797357,2.65382540681471,4.85733255932947,3.56139017822882e-05,0.00173700870292814,0.0014180580962295,"ENSG00000058668/ENSG00000080200/ENSG00000099250/ENSG00000101680/ENSG00000117122/ENSG00000122641/ENSG00000122691/ENSG00000130635/ENSG00000132386/ENSG00000134138/ENSG00000134853/ENSG00000144810/ENSG00000148516/ENSG00000163513/ENSG00000165633/ENSG00000173482/ENSG00000177707/ENSG00000178573/ENSG00000187098/ENSG00000188133/ENSG00000197614/ENSG00000204262",22
"GO:0040013","GO:0040013","negative regulation of locomotion","22/392","455/21468",0.0483516483516484,2.64799282350303,4.84564507911253,3.68059611765812e-05,0.0017715290261044,0.00144623977642605,"ENSG00000011465/ENSG00000058668/ENSG00000077942/ENSG00000091972/ENSG00000099250/ENSG00000107562/ENSG00000111859/ENSG00000112902/ENSG00000122707/ENSG00000123384/ENSG00000132386/ENSG00000137573/ENSG00000140937/ENSG00000144824/ENSG00000145147/ENSG00000164741/ENSG00000168542/ENSG00000169554/ENSG00000173482/ENSG00000174348/ENSG00000187098/ENSG00000197635",22
"GO:0001935","GO:0001935","endothelial cell proliferation","14/392","215/21468",0.0651162790697674,3.56611295681063,5.15726556257551,4.42053368204994e-05,0.00210004054661541,0.00171442980942935,"ENSG00000099250/ENSG00000105971/ENSG00000107562/ENSG00000112902/ENSG00000137573/ENSG00000140285/ENSG00000140945/ENSG00000144810/ENSG00000157227/ENSG00000165633/ENSG00000167244/ENSG00000169554/ENSG00000173482/ENSG00000184304",14
"GO:0003279","GO:0003279","cardiac septum development","10/392","115/21468",0.0869565217391304,4.76220053238687,5.51691162902269,4.9902795384125e-05,0.00234031314762986,0.00191058340762163,"ENSG00000049192/ENSG00000099250/ENSG00000101115/ENSG00000142871/ENSG00000145147/ENSG00000145362/ENSG00000163513/ENSG00000169946/ENSG00000184347/ENSG00000197702",10
"GO:0008543","GO:0008543","fibroblast growth factor receptor signaling pathway","9/392","94/21468",0.0957446808510638,5.24348675640469,5.62313476608617,5.57765691382535e-05,0.0025316296214386,0.00206677023280519,"ENSG00000113578/ENSG00000124813/ENSG00000137573/ENSG00000140285/ENSG00000164161/ENSG00000180730/ENSG00000185070/ENSG00000196468/ENSG00000196562",9
"GO:1901342","GO:1901342","regulation of vasculature development","20/392","402/21468",0.0497512437810945,2.72464209564423,4.7605330612903,5.59366368034476e-05,0.0025316296214386,0.00206677023280519,"ENSG00000011465/ENSG00000020181/ENSG00000058668/ENSG00000099250/ENSG00000101230/ENSG00000107562/ENSG00000111961/ENSG00000112902/ENSG00000113578/ENSG00000122691/ENSG00000122707/ENSG00000132386/ENSG00000137573/ENSG00000148848/ENSG00000149948/ENSG00000163513/ENSG00000173482/ENSG00000183287/ENSG00000184304/ENSG00000186340",20
"GO:0007369","GO:0007369","gastrulation","14/392","220/21468",0.0636363636363636,3.48506493506493,5.05271345554719,5.67505820005372e-05,0.0025316296214386,0.00206677023280519,"ENSG00000005073/ENSG00000019144/ENSG00000060718/ENSG00000111799/ENSG00000115414/ENSG00000116729/ENSG00000122641/ENSG00000130635/ENSG00000144810/ENSG00000144824/ENSG00000149948/ENSG00000157227/ENSG00000163513/ENSG00000204262",14
"GO:0055001","GO:0055001","muscle cell development","14/392","220/21468",0.0636363636363636,3.48506493506493,5.05271345554719,5.67505820005372e-05,0.0025316296214386,0.00206677023280519,"ENSG00000101335/ENSG00000105664/ENSG00000105971/ENSG00000112276/ENSG00000112837/ENSG00000117152/ENSG00000128591/ENSG00000134775/ENSG00000134853/ENSG00000136383/ENSG00000143028/ENSG00000145362/ENSG00000163431/ENSG00000184304",14
"GO:0001822","GO:0001822","kidney development","18/392","342/21468",0.0526315789473684,2.88238453276047,4.78572101468889,6.41894619768252e-05,0.00282897652905092,0.00230951811830378,"ENSG00000005073/ENSG00000049192/ENSG00000099139/ENSG00000099250/ENSG00000107796/ENSG00000113578/ENSG00000118762/ENSG00000132386/ENSG00000134569/ENSG00000134853/ENSG00000137573/ENSG00000145147/ENSG00000150347/ENSG00000153976/ENSG00000162849/ENSG00000196549/ENSG00000196562/ENSG00000197256",18
"GO:0007492","GO:0007492","endoderm development","9/392","96/21468",0.09375,5.13424744897959,5.53661235554479,6.58470215235521e-05,0.0028337459380371,0.00231341176547761,"ENSG00000060718/ENSG00000111799/ENSG00000115414/ENSG00000122641/ENSG00000130635/ENSG00000144810/ENSG00000149948/ENSG00000157227/ENSG00000204262",9
"GO:0014033","GO:0014033","neural crest cell differentiation","9/392","96/21468",0.09375,5.13424744897959,5.53661235554479,6.58470215235521e-05,0.0028337459380371,0.00231341176547761,"ENSG00000075213/ENSG00000099250/ENSG00000112902/ENSG00000115414/ENSG00000122691/ENSG00000153993/ENSG00000157168/ENSG00000164107/ENSG00000170558",9
"GO:0042476","GO:0042476","odontogenesis","11/392","144/21468",0.0763888888888889,4.18346088435374,5.22734355246075,6.98797629526975e-05,0.00297232759163916,0.0024265469705851,"ENSG00000106819/ENSG00000108821/ENSG00000116729/ENSG00000122641/ENSG00000124813/ENSG00000134569/ENSG00000134853/ENSG00000154856/ENSG00000164107/ENSG00000164692/ENSG00000167749",11
"GO:0070509","GO:0070509","calcium ion import","9/392","97/21468",0.0927835051546392,5.08131706290764,5.49424974314694,7.14299837715617e-05,0.00299377359349253,0.00244405504438384,"ENSG00000006283/ENSG00000058668/ENSG00000107562/ENSG00000118762/ENSG00000153956/ENSG00000155886/ENSG00000198523/ENSG00000203805/ENSG00000204442",9
"GO:0021537","GO:0021537","telencephalon development","17/392","314/21468",0.054140127388535,2.9650006499415,4.78372151376365,7.23039451903992e-05,0.00299377359349253,0.00244405504438384,"ENSG00000058668/ENSG00000075213/ENSG00000107562/ENSG00000111262/ENSG00000122641/ENSG00000128573/ENSG00000136531/ENSG00000145147/ENSG00000147526/ENSG00000149557/ENSG00000150764/ENSG00000166148/ENSG00000168542/ENSG00000170370/ENSG00000170558/ENSG00000196159/ENSG00000277586",17
"GO:0048588","GO:0048588","developmental cell growth","15/392","254/21468",0.0590551181102362,3.23417162140447,4.88491176796942,7.28392153692824e-05,0.00299377359349253,0.00244405504438384,"ENSG00000075213/ENSG00000099250/ENSG00000107562/ENSG00000112902/ENSG00000115414/ENSG00000117152/ENSG00000124785/ENSG00000131711/ENSG00000133110/ENSG00000140557/ENSG00000145147/ENSG00000159899/ENSG00000163513/ENSG00000182636/ENSG00000184347",15
"GO:0030048","GO:0030048","actin filament-based movement","11/392","145/21468",0.0758620689655172,4.15460942997889,5.19804531912234,7.44006299132494e-05,0.00302397226914074,0.00246870862063027,"ENSG00000006283/ENSG00000069431/ENSG00000086289/ENSG00000107796/ENSG00000125414/ENSG00000136531/ENSG00000145362/ENSG00000153956/ENSG00000169554/ENSG00000197702/ENSG00000198523",11
"GO:0003180","GO:0003180","aortic valve morphogenesis","6/392","40/21468",0.15,8.21479591836735,6.22870617394644,8.09930850457892e-05,0.00325574401206041,0.00265792229352116,"ENSG00000122691/ENSG00000140937/ENSG00000145147/ENSG00000154736/ENSG00000163513/ENSG00000184347",6
"GO:0060840","GO:0060840","artery development","10/392","122/21468",0.0819672131147541,4.48895951823352,5.27050476046008,8.24266508032861e-05,0.00327735531128718,0.0026755653126879,"ENSG00000049192/ENSG00000065534/ENSG00000099250/ENSG00000105664/ENSG00000118762/ENSG00000123384/ENSG00000129038/ENSG00000163513/ENSG00000164107/ENSG00000168542",10
"GO:0048704","GO:0048704","embryonic skeletal system morphogenesis","9/392","99/21468",0.0909090909090909,4.97866419294991,5.4112475209751,8.37960482760209e-05,0.00329597789885682,0.00269076840927076,"ENSG00000005073/ENSG00000060718/ENSG00000092607/ENSG00000122691/ENSG00000124813/ENSG00000134853/ENSG00000148516/ENSG00000157227/ENSG00000163513",9
"GO:0001755","GO:0001755","neural crest cell migration","7/392","58/21468",0.120689655172414,6.60960591133005,5.83408338260847,8.65238445799485e-05,0.00336706620716438,0.00274880343867093,"ENSG00000075213/ENSG00000099250/ENSG00000112902/ENSG00000115414/ENSG00000122691/ENSG00000153993/ENSG00000164107",7
"GO:0031214","GO:0031214","biomineral tissue development","13/392","202/21468",0.0643564356435644,3.52449989896949,4.91634955991662,9.27233215915173e-05,0.00357033589875548,0.00291474862443362,"ENSG00000105664/ENSG00000106819/ENSG00000108821/ENSG00000116729/ENSG00000122691/ENSG00000124813/ENSG00000137745/ENSG00000142871/ENSG00000160801/ENSG00000162733/ENSG00000164692/ENSG00000167749/ENSG00000177119",13
"GO:0035988","GO:0035988","chondrocyte proliferation","5/392","26/21468",0.192307692307692,10.5317896389325,6.63228368248902,9.48706795438825e-05,0.00360116040285981,0.00293991311413003,"ENSG00000105664/ENSG00000149948/ENSG00000157227/ENSG00000159899/ENSG00000162733",5
"GO:0031032","GO:0031032","actomyosin structure organization","14/392","231/21468",0.0606060606060606,3.31910946196661,4.8329830382385,9.57558259399061e-05,0.00360116040285981,0.00293991311413003,"ENSG00000073712/ENSG00000079819/ENSG00000099250/ENSG00000101335/ENSG00000128591/ENSG00000130176/ENSG00000134775/ENSG00000134853/ENSG00000144824/ENSG00000163431/ENSG00000164741/ENSG00000169554/ENSG00000171992/ENSG00000184304",14
"GO:0048736","GO:0048736","appendage development","13/392","203/21468",0.0640394088669951,3.50713783050166,4.89472336923503,9.74616948833027e-05,0.00360116040285981,0.00293991311413003,"ENSG00000005073/ENSG00000073712/ENSG00000099139/ENSG00000101115/ENSG00000105664/ENSG00000122691/ENSG00000122707/ENSG00000124813/ENSG00000134569/ENSG00000159899/ENSG00000164107/ENSG00000168542/ENSG00000253293",13
"GO:0060173","GO:0060173","limb development","13/392","203/21468",0.0640394088669951,3.50713783050166,4.89472336923503,9.74616948833027e-05,0.00360116040285981,0.00293991311413003,"ENSG00000005073/ENSG00000073712/ENSG00000099139/ENSG00000101115/ENSG00000105664/ENSG00000122691/ENSG00000122707/ENSG00000124813/ENSG00000134569/ENSG00000159899/ENSG00000164107/ENSG00000168542/ENSG00000253293",13
"GO:0007229","GO:0007229","integrin-mediated signaling pathway","10/392","125/21468",0.08,4.38122448979592,5.17053993617,0.000101075402405702,0.00369733822000059,0.00301843070131555,"ENSG00000073712/ENSG00000099250/ENSG00000101680/ENSG00000109743/ENSG00000111859/ENSG00000115414/ENSG00000168542/ENSG00000184304/ENSG00000196569/ENSG00000213949",10
"GO:0061337","GO:0061337","cardiac conduction","9/392","102/21468",0.0882352941176471,4.83223289315726,5.29084434351867,0.000105684947246305,0.00382550747407715,0.00312306543810448,"ENSG00000006283/ENSG00000058668/ENSG00000069431/ENSG00000112837/ENSG00000144935/ENSG00000145244/ENSG00000145362/ENSG00000153956/ENSG00000198523",9
"GO:0001704","GO:0001704","formation of primary germ layer","11/392","151/21468",0.0728476821192053,3.98952561156913,5.02761862204846,0.000107136497284841,0.00382550747407715,0.00312306543810448,"ENSG00000005073/ENSG00000060718/ENSG00000111799/ENSG00000115414/ENSG00000116729/ENSG00000122641/ENSG00000130635/ENSG00000144810/ENSG00000149948/ENSG00000157227/ENSG00000204262",11
"GO:0048008","GO:0048008","platelet-derived growth factor receptor signaling pathway","7/392","60/21468",0.116666666666667,6.38928571428571,5.70103099672863,0.000107716585519395,0.00382550747407715,0.00312306543810448,"ENSG00000099250/ENSG00000104213/ENSG00000123384/ENSG00000134853/ENSG00000150347/ENSG00000151422/ENSG00000243244",7
"GO:0007179","GO:0007179","transforming growth factor beta receptor signaling pathway","15/392","265/21468",0.0566037735849057,3.09992298806315,4.69096578007377,0.000116876828774814,0.00411091768902183,0.00335606845378692,"ENSG00000050165/ENSG00000073712/ENSG00000105971/ENSG00000106819/ENSG00000119681/ENSG00000122176/ENSG00000128045/ENSG00000134986/ENSG00000148516/ENSG00000153071/ENSG00000163513/ENSG00000164692/ENSG00000168542/ENSG00000169554/ENSG00000197859",15
"GO:0045765","GO:0045765","regulation of angiogenesis","19/392","393/21468",0.0483460559796438,2.64768655553825,4.49595233492551,0.000124199140263001,0.00432686147697196,0.00353236051053767,"ENSG00000011465/ENSG00000020181/ENSG00000058668/ENSG00000099250/ENSG00000101230/ENSG00000111961/ENSG00000112902/ENSG00000113578/ENSG00000122691/ENSG00000122707/ENSG00000132386/ENSG00000137573/ENSG00000148848/ENSG00000149948/ENSG00000163513/ENSG00000173482/ENSG00000183287/ENSG00000184304/ENSG00000186340",19
"GO:0001763","GO:0001763","morphogenesis of a branching structure","14/392","238/21468",0.0588235294117647,3.22148859543818,4.69993861975501,0.000131241930239226,0.00451857181850198,0.00368886888120921,"ENSG00000005073/ENSG00000019991/ENSG00000099250/ENSG00000101680/ENSG00000113578/ENSG00000118762/ENSG00000136541/ENSG00000137573/ENSG00000140285/ENSG00000145147/ENSG00000153976/ENSG00000157227/ENSG00000163513/ENSG00000164161",14
"GO:0007044","GO:0007044","cell-substrate junction assembly","9/392","105/21468",0.0857142857142857,4.69416909620991,5.17505436934701,0.000132172549092322,0.00451857181850198,0.00368886888120921,"ENSG00000073712/ENSG00000079308/ENSG00000099250/ENSG00000115414/ENSG00000140937/ENSG00000144824/ENSG00000157227/ENSG00000164741/ENSG00000243244",9
"GO:0003416","GO:0003416","endochondral bone growth","5/392","28/21468",0.178571428571429,9.77951895043732,6.33974751963612,0.000137552968949072,0.00465897000384912,0.00380348706538516,"ENSG00000105664/ENSG00000137745/ENSG00000159899/ENSG00000162733/ENSG00000163513",5
"GO:0007596","GO:0007596","blood coagulation","15/392","270/21468",0.0555555555555556,3.04251700680272,4.60611457036021,0.000143586218363407,0.0048187007960857,0.00393388799127943,"ENSG00000077942/ENSG00000078098/ENSG00000101335/ENSG00000105664/ENSG00000122861/ENSG00000124491/ENSG00000130032/ENSG00000134853/ENSG00000136869/ENSG00000157680/ENSG00000165124/ENSG00000168542/ENSG00000177119/ENSG00000184500/ENSG00000185989",15
"GO:0003231","GO:0003231","cardiac ventricle development","10/392","131/21468",0.0763358778625954,4.18055771927092,4.97974228321265,0.000149233424553169,0.00496268970014083,0.00405143756418506,"ENSG00000060718/ENSG00000101115/ENSG00000142871/ENSG00000145147/ENSG00000157168/ENSG00000160808/ENSG00000163513/ENSG00000164107/ENSG00000169946/ENSG00000184347",10
"GO:0003018","GO:0003018","vascular process in circulatory system","16/392","303/21468",0.0528052805280528,2.89189735300061,4.52318513753407,0.000156194636149596,0.00514738719851552,0.004202220794276,"ENSG00000017483/ENSG00000058668/ENSG00000069431/ENSG00000073712/ENSG00000105664/ENSG00000107796/ENSG00000118596/ENSG00000123384/ENSG00000131016/ENSG00000145147/ENSG00000148700/ENSG00000165124/ENSG00000165633/ENSG00000166148/ENSG00000169554/ENSG00000213949",16
"GO:2000146","GO:2000146","negative regulation of cell motility","20/392","434/21468",0.0460829493087558,2.52374682591931,4.37352245461028,0.000157765872853091,0.00515274609729112,0.00420659568876145,"ENSG00000011465/ENSG00000058668/ENSG00000077942/ENSG00000091972/ENSG00000107562/ENSG00000111859/ENSG00000122707/ENSG00000123384/ENSG00000132386/ENSG00000137573/ENSG00000140937/ENSG00000144824/ENSG00000145147/ENSG00000164741/ENSG00000168542/ENSG00000169554/ENSG00000173482/ENSG00000174348/ENSG00000187098/ENSG00000197635",20
"GO:0003179","GO:0003179","heart valve morphogenesis","7/392","64/21468",0.109375,5.98995535714286,5.45222528809151,0.000162769060902125,0.00520823021810334,0.00425189178117441,"ENSG00000122691/ENSG00000140937/ENSG00000142871/ENSG00000145147/ENSG00000154736/ENSG00000163513/ENSG00000184347",7
"GO:0006929","GO:0006929","substrate-dependent cell migration","5/392","29/21468",0.172413793103448,9.44229415904293,6.20428635127924,0.000163736051143216,0.00520823021810334,0.00425189178117441,"ENSG00000077942/ENSG00000099250/ENSG00000115414/ENSG00000145147/ENSG00000243244",5
"GO:0060384","GO:0060384","innervation","5/392","29/21468",0.172413793103448,9.44229415904293,6.20428635127924,0.000163736051143216,0.00520823021810334,0.00425189178117441,"ENSG00000075213/ENSG00000099250/ENSG00000137573/ENSG00000159899/ENSG00000196562",5
"GO:0072537","GO:0072537","fibroblast activation","4/392","16/21468",0.25,13.6913265306122,6.92576469140319,0.000167429019913252,0.00527978754174719,0.00431030970502627,"ENSG00000107796/ENSG00000131016/ENSG00000162733/ENSG00000169554",4
"GO:1990138","GO:1990138","neuron projection extension","12/392","187/21468",0.0641711229946524,3.51435119502346,4.70961430901875,0.000176036560550979,0.00550377554269641,0.00449316889143614,"ENSG00000075213/ENSG00000099250/ENSG00000107562/ENSG00000112902/ENSG00000115414/ENSG00000124785/ENSG00000131711/ENSG00000133110/ENSG00000140557/ENSG00000145147/ENSG00000182636/ENSG00000184347",12
"GO:0050817","GO:0050817","coagulation","15/392","277/21468",0.0541516245487365,2.96563029543948,4.49056112796928,0.000189815419912781,0.00587976883300673,0.00480012206245578,"ENSG00000077942/ENSG00000078098/ENSG00000101335/ENSG00000105664/ENSG00000122861/ENSG00000124491/ENSG00000130032/ENSG00000134853/ENSG00000136869/ENSG00000157680/ENSG00000165124/ENSG00000168542/ENSG00000177119/ENSG00000184500/ENSG00000185989",15
"GO:0048844","GO:0048844","artery morphogenesis","8/392","87/21468",0.0919540229885057,5.03589021815623,5.1442205569743,0.000191277334917387,0.00587976883300673,0.00480012206245578,"ENSG00000065534/ENSG00000099250/ENSG00000105664/ENSG00000118762/ENSG00000123384/ENSG00000163513/ENSG00000164107/ENSG00000168542",8
"GO:0007599","GO:0007599","hemostasis","15/392","278/21468",0.0539568345323741,2.95496256056379,4.47435028608488,0.000197372800662228,0.00601658087352025,0.00491181259191878,"ENSG00000077942/ENSG00000078098/ENSG00000101335/ENSG00000105664/ENSG00000122861/ENSG00000124491/ENSG00000130032/ENSG00000134853/ENSG00000136869/ENSG00000157680/ENSG00000165124/ENSG00000168542/ENSG00000177119/ENSG00000184500/ENSG00000185989",15
"GO:0071229","GO:0071229","cellular response to acid chemical","9/392","111/21468",0.0810810810810811,4.44043022614451,4.95608489287322,0.000201956043348933,0.00607060733310921,0.00495591867975909,"ENSG00000108821/ENSG00000118762/ENSG00000134853/ENSG00000148516/ENSG00000149968/ENSG00000164692/ENSG00000166148/ENSG00000168542/ENSG00000204262",9
"GO:0003176","GO:0003176","aortic valve development","6/392","47/21468",0.127659574468085,6.99131567520625,5.60771428046044,0.000203475333569222,0.00607060733310921,0.00495591867975909,"ENSG00000122691/ENSG00000140937/ENSG00000145147/ENSG00000154736/ENSG00000163513/ENSG00000184347",6
"GO:0030178","GO:0030178","negative regulation of Wnt signaling pathway","12/392","190/21468",0.0631578947368421,3.45886143931257,4.64280101976942,0.000204123756690113,0.00607060733310921,0.00495591867975909,"ENSG00000050165/ENSG00000112837/ENSG00000123384/ENSG00000134569/ENSG00000144642/ENSG00000145506/ENSG00000150907/ENSG00000153071/ENSG00000154856/ENSG00000164932/ENSG00000170558/ENSG00000180730",12
"GO:0150115","GO:0150115","cell-substrate junction organization","9/392","112/21468",0.0803571428571429,4.40078352769679,4.92110532630728,0.000216127997080457,0.00633989789822587,0.0051757619456323,"ENSG00000073712/ENSG00000079308/ENSG00000099250/ENSG00000115414/ENSG00000140937/ENSG00000144824/ENSG00000157227/ENSG00000164741/ENSG00000243244",9
"GO:0030323","GO:0030323","respiratory tube development","13/392","220/21468",0.0590909090909091,3.23613172541744,4.54657449709556,0.000216644952782459,0.00633989789822587,0.0051757619456323,"ENSG00000099139/ENSG00000101680/ENSG00000113578/ENSG00000134853/ENSG00000140285/ENSG00000157227/ENSG00000163513/ENSG00000164161/ENSG00000168542/ENSG00000169946/ENSG00000183287/ENSG00000196549/ENSG00000197859",13
"GO:0035107","GO:0035107","appendage morphogenesis","11/392","164/21468",0.0670731707317073,3.67328272772524,4.68673994590232,0.000221947849112278,0.00634617048518395,0.00518088275631402,"ENSG00000005073/ENSG00000099139/ENSG00000101115/ENSG00000122691/ENSG00000122707/ENSG00000124813/ENSG00000134569/ENSG00000159899/ENSG00000164107/ENSG00000168542/ENSG00000253293",11
"GO:0035108","GO:0035108","limb morphogenesis","11/392","164/21468",0.0670731707317073,3.67328272772524,4.68673994590232,0.000221947849112278,0.00634617048518395,0.00518088275631402,"ENSG00000005073/ENSG00000099139/ENSG00000101115/ENSG00000122691/ENSG00000122707/ENSG00000124813/ENSG00000134569/ENSG00000159899/ENSG00000164107/ENSG00000168542/ENSG00000253293",11
"GO:0045669","GO:0045669","positive regulation of osteoblast differentiation","8/392","89/21468",0.0898876404494382,4.92272414583811,5.0573579715811,0.000223995921376874,0.00634617048518395,0.00518088275631402,"ENSG00000019991/ENSG00000073712/ENSG00000104415/ENSG00000124813/ENSG00000142871/ENSG00000162733/ENSG00000164932/ENSG00000184304",8
"GO:0061138","GO:0061138","morphogenesis of a branching epithelium","13/392","221/21468",0.0588235294117647,3.22148859543818,4.52716196928908,0.000226460098984007,0.00634617048518395,0.00518088275631402,"ENSG00000005073/ENSG00000019991/ENSG00000099250/ENSG00000101680/ENSG00000113578/ENSG00000118762/ENSG00000137573/ENSG00000140285/ENSG00000145147/ENSG00000153976/ENSG00000157227/ENSG00000163513/ENSG00000164161",13
"GO:0098868","GO:0098868","bone growth","5/392","31/21468",0.161290322580645,8.83311389071758,5.9520682263669,0.000227351395594986,0.00634617048518395,0.00518088275631402,"ENSG00000105664/ENSG00000137745/ENSG00000159899/ENSG00000162733/ENSG00000163513",5
"GO:0048701","GO:0048701","embryonic cranial skeleton morphogenesis","6/392","48/21468",0.125,6.84566326530612,5.52941640529812,0.00022900341827345,0.00634617048518395,0.00518088275631402,"ENSG00000092607/ENSG00000122691/ENSG00000124813/ENSG00000134853/ENSG00000157227/ENSG00000163513",6
"GO:1902622","GO:1902622","regulation of neutrophil migration","6/392","48/21468",0.125,6.84566326530612,5.52941640529812,0.00022900341827345,0.00634617048518395,0.00518088275631402,"ENSG00000109743/ENSG00000115594/ENSG00000124343/ENSG00000145147/ENSG00000166086/ENSG00000197635",6
"GO:0014909","GO:0014909","smooth muscle cell migration","9/392","113/21468",0.079646017699115,4.36183854072602,4.88653374552,0.000231116389456434,0.00635656956865891,0.00518937235368344,"ENSG00000099250/ENSG00000104415/ENSG00000122861/ENSG00000123384/ENSG00000133110/ENSG00000136869/ENSG00000145147/ENSG00000162733/ENSG00000197702",9
"GO:0090596","GO:0090596","sensory organ morphogenesis","16/392","314/21468",0.0509554140127389,2.79058884700377,4.35912242063236,0.000233900768421048,0.0063851418722701,0.00521269819332689,"ENSG00000060718/ENSG00000107736/ENSG00000109705/ENSG00000112320/ENSG00000112837/ENSG00000117122/ENSG00000122691/ENSG00000130635/ENSG00000144810/ENSG00000148516/ENSG00000164932/ENSG00000173482/ENSG00000177707/ENSG00000188133/ENSG00000197614/ENSG00000204262",16
"GO:0060326","GO:0060326","cell chemotaxis","18/392","382/21468",0.0471204188481675,2.58056416283791,4.2509042987796,0.000254592495343436,0.00689476070473393,0.00562874050223883,"ENSG00000019991/ENSG00000099250/ENSG00000106538/ENSG00000107562/ENSG00000109743/ENSG00000111859/ENSG00000112902/ENSG00000113578/ENSG00000129048/ENSG00000134853/ENSG00000145147/ENSG00000166086/ENSG00000177119/ENSG00000184304/ENSG00000196468/ENSG00000197635/ENSG00000197702/ENSG00000213949",18
"GO:0071526","GO:0071526","semaphorin-plexin signaling pathway","6/392","49/21468",0.122448979591837,6.70595585172845,5.45332609794218,0.000256986363158799,0.00689476070473393,0.00562874050223883,"ENSG00000075213/ENSG00000099250/ENSG00000112902/ENSG00000149294/ENSG00000153993/ENSG00000164107",6
"GO:0021543","GO:0021543","pallium development","13/392","224/21468",0.0580357142857143,3.17834365889213,4.46958164949999,0.000258223678662807,0.00689476070473393,0.00562874050223883,"ENSG00000058668/ENSG00000111262/ENSG00000128573/ENSG00000136531/ENSG00000145147/ENSG00000147526/ENSG00000149557/ENSG00000150764/ENSG00000168542/ENSG00000170370/ENSG00000170558/ENSG00000196159/ENSG00000277586",13
"GO:0035924","GO:0035924","cellular response to vascular endothelial growth factor stimulus","8/392","91/21468",0.0879120879120879,4.81453240636914,4.9730547785456,0.000261166164966805,0.00692279588006212,0.00565162784142506,"ENSG00000011465/ENSG00000020181/ENSG00000058668/ENSG00000099250/ENSG00000134853/ENSG00000180447/ENSG00000183287/ENSG00000184304",8
"GO:0035767","GO:0035767","endothelial cell chemotaxis","5/392","32/21468",0.15625,8.55707908163265,5.83433952052747,0.000265448326361812,0.00698568329375187,0.00570296782952262,"ENSG00000099250/ENSG00000112902/ENSG00000113578/ENSG00000184304/ENSG00000196468",5
"GO:0001952","GO:0001952","regulation of cell-matrix adhesion","10/392","141/21468",0.0709219858156028,3.88406426400347,4.68580511227422,0.000272048827738214,0.00704345330660257,0.00575013007707159,"ENSG00000073712/ENSG00000099250/ENSG00000109743/ENSG00000122861/ENSG00000133110/ENSG00000140945/ENSG00000144824/ENSG00000152818/ENSG00000157227/ENSG00000164741",10
"GO:0030336","GO:0030336","negative regulation of cell migration","19/392","418/21468",0.0454545454545455,2.48933209647495,4.19361209871458,0.000272205301748481,0.00704345330660257,0.00575013007707159,"ENSG00000011465/ENSG00000058668/ENSG00000091972/ENSG00000107562/ENSG00000111859/ENSG00000122707/ENSG00000123384/ENSG00000132386/ENSG00000137573/ENSG00000140937/ENSG00000144824/ENSG00000145147/ENSG00000164741/ENSG00000168542/ENSG00000169554/ENSG00000173482/ENSG00000174348/ENSG00000187098/ENSG00000197635",19
"GO:0090092","GO:0090092","regulation of transmembrane receptor protein serine/threonine kinase signaling pathway","17/392","351/21468",0.0484330484330484,2.65245072387929,4.25696993193829,0.000273420002607317,0.00704345330660257,0.00575013007707159,"ENSG00000050165/ENSG00000102935/ENSG00000105971/ENSG00000106819/ENSG00000122641/ENSG00000123384/ENSG00000128045/ENSG00000134986/ENSG00000137573/ENSG00000142871/ENSG00000148516/ENSG00000153071/ENSG00000163430/ENSG00000163513/ENSG00000169554/ENSG00000180875/ENSG00000197859",17
"GO:0035904","GO:0035904","aorta development","7/392","70/21468",0.1,5.4765306122449,5.11609504244217,0.000286035568558149,0.00731690985864132,0.00597337436878519,"ENSG00000049192/ENSG00000065534/ENSG00000118762/ENSG00000123384/ENSG00000129038/ENSG00000163513/ENSG00000168542",7
"GO:0019722","GO:0019722","calcium-mediated signaling","14/392","257/21468",0.0544747081712062,2.98332406892718,4.36228754058947,0.000290182524255851,0.007371442178666,0.0060178934306568,"ENSG00000058668/ENSG00000102908/ENSG00000109743/ENSG00000118762/ENSG00000129048/ENSG00000134853/ENSG00000140945/ENSG00000145362/ENSG00000166148/ENSG00000168959/ENSG00000172260/ENSG00000172348/ENSG00000184304/ENSG00000198523",14
"GO:0008016","GO:0008016","regulation of heart contraction","13/392","228/21468",0.0570175438596491,3.12258324382385,4.39429810273553,0.000306444303351849,0.00766939832627902,0.00626113868713234,"ENSG00000006283/ENSG00000058668/ENSG00000069431/ENSG00000112276/ENSG00000112837/ENSG00000117152/ENSG00000144935/ENSG00000145244/ENSG00000145362/ENSG00000153956/ENSG00000160808/ENSG00000166148/ENSG00000198523",13
"GO:0001958","GO:0001958","endochondral ossification","5/392","33/21468",0.151515151515152,8.29777365491651,5.72163608840884,0.000308201627655281,0.00766939832627902,0.00626113868713234,"ENSG00000108821/ENSG00000124813/ENSG00000137745/ENSG00000157227/ENSG00000159899",5
"GO:0036075","GO:0036075","replacement ossification","5/392","33/21468",0.151515151515152,8.29777365491651,5.72163608840884,0.000308201627655281,0.00766939832627902,0.00626113868713234,"ENSG00000108821/ENSG00000124813/ENSG00000137745/ENSG00000157227/ENSG00000159899",5
"GO:1903522","GO:1903522","regulation of blood circulation","15/392","290/21468",0.0517241379310345,2.83268824771288,4.28528527510264,0.000310494566294295,0.00767425083449008,0.00626510017480025,"ENSG00000006283/ENSG00000058668/ENSG00000069431/ENSG00000112276/ENSG00000112837/ENSG00000117152/ENSG00000144935/ENSG00000145244/ENSG00000145362/ENSG00000148700/ENSG00000153956/ENSG00000160808/ENSG00000165124/ENSG00000166148/ENSG00000198523",15
"GO:0050921","GO:0050921","positive regulation of chemotaxis","11/392","171/21468",0.064327485380117,3.52291442892947,4.5172692472837,0.000318437082896982,0.00781773724320243,0.00638223952086711,"ENSG00000099250/ENSG00000106538/ENSG00000107562/ENSG00000111859/ENSG00000112902/ENSG00000134853/ENSG00000140945/ENSG00000145147/ENSG00000177119/ENSG00000184304/ENSG00000196468",11
"GO:0030282","GO:0030282","bone mineralization","10/392","144/21468",0.0694444444444444,3.8031462585034,4.60285489701151,0.000322243551085699,0.00785844606580991,0.00641547336442195,"ENSG00000105664/ENSG00000106819/ENSG00000122691/ENSG00000124813/ENSG00000137745/ENSG00000142871/ENSG00000160801/ENSG00000162733/ENSG00000164692/ENSG00000177119",10
"GO:0003417","GO:0003417","growth plate cartilage development","4/392","19/21468",0.210526315789474,11.5295381310419,6.26205985191817,0.000341436068866089,0.00825090641378334,0.00673586990184552,"ENSG00000105664/ENSG00000137745/ENSG00000159899/ENSG00000163513",4
"GO:0022411","GO:0022411","cellular component disassembly","21/392","496/21468",0.0423387096774194,2.31869239631336,4.05227614006037,0.000342847942836268,0.00825090641378334,0.00673586990184552,"ENSG00000078098/ENSG00000090376/ENSG00000099953/ENSG00000111859/ENSG00000112902/ENSG00000123342/ENSG00000123384/ENSG00000131711/ENSG00000133816/ENSG00000137745/ENSG00000148700/ENSG00000149968/ENSG00000151422/ENSG00000154736/ENSG00000157227/ENSG00000162733/ENSG00000163431/ENSG00000167749/ENSG00000197635/ENSG00000243244/ENSG00000271601",21
"GO:0048732","GO:0048732","gland development","21/392","497/21468",0.0422535211267606,2.31402701925841,4.04210449275613,0.000352084804156625,0.00841781838957474,0.00687213339795216,"ENSG00000005073/ENSG00000019991/ENSG00000050165/ENSG00000077498/ENSG00000099250/ENSG00000101680/ENSG00000113578/ENSG00000116729/ENSG00000118762/ENSG00000132386/ENSG00000134853/ENSG00000136161/ENSG00000137573/ENSG00000140285/ENSG00000150347/ENSG00000157168/ENSG00000163513/ENSG00000164107/ENSG00000167244/ENSG00000196562/ENSG00000253293",21
"GO:1905314","GO:1905314","semi-lunar valve development","6/392","52/21468",0.115384615384615,6.3190737833595,5.23724781323988,0.000357326778996846,0.00848767115305495,0.00692915975402633,"ENSG00000122691/ENSG00000140937/ENSG00000145147/ENSG00000154736/ENSG00000163513/ENSG00000184347",6
"GO:0003002","GO:0003002","regionalization","20/392","464/21468",0.0431034482758621,2.36057353976073,4.04077457407915,0.000376095443200858,0.0088524548835693,0.00722696167151625,"ENSG00000005073/ENSG00000038295/ENSG00000095587/ENSG00000099139/ENSG00000099250/ENSG00000109705/ENSG00000112837/ENSG00000113578/ENSG00000116729/ENSG00000118762/ENSG00000123095/ENSG00000133816/ENSG00000134569/ENSG00000146122/ENSG00000163513/ENSG00000164107/ENSG00000164161/ENSG00000170370/ENSG00000180875/ENSG00000253293",20
"GO:0010927","GO:0010927","cellular component assembly involved in morphogenesis","10/392","147/21468",0.0680272108843537,3.72553102873803,4.52210486958448,0.000379944072367518,0.0088524548835693,0.00722696167151625,"ENSG00000019144/ENSG00000101335/ENSG00000128591/ENSG00000134775/ENSG00000134853/ENSG00000144824/ENSG00000145362/ENSG00000163431/ENSG00000184304/ENSG00000198523",10
"GO:0032989","GO:0032989","cellular anatomical entity morphogenesis","10/392","147/21468",0.0680272108843537,3.72553102873803,4.52210486958448,0.000379944072367518,0.0088524548835693,0.00722696167151625,"ENSG00000019144/ENSG00000101335/ENSG00000128591/ENSG00000134775/ENSG00000134853/ENSG00000144824/ENSG00000145362/ENSG00000163431/ENSG00000184304/ENSG00000198523",10
"GO:0048675","GO:0048675","axon extension","9/392","121/21468",0.0743801652892562,4.07345252150447,4.62365461884714,0.000384992090102335,0.00891329788350849,0.00727663264237392,"ENSG00000075213/ENSG00000099250/ENSG00000107562/ENSG00000112902/ENSG00000115414/ENSG00000131711/ENSG00000145147/ENSG00000182636/ENSG00000184347",9
"GO:1901654","GO:1901654","response to ketone","13/392","235/21468",0.0553191489361702,3.02957012592271,4.26645264571546,0.000409377570249874,0.00941825881744678,0.00768887233895327,"ENSG00000005073/ENSG00000117586/ENSG00000122641/ENSG00000132386/ENSG00000133110/ENSG00000145147/ENSG00000165474/ENSG00000166148/ENSG00000184304/ENSG00000184347/ENSG00000186469/ENSG00000253293/ENSG00000277586",13
"GO:0048841","GO:0048841","regulation of axon extension involved in axon guidance","4/392","20/21468",0.2,10.9530612244898,6.07313436276547,0.000420677372568023,0.00955142509439901,0.0077975865422031,"ENSG00000075213/ENSG00000099250/ENSG00000107562/ENSG00000112902",4
"GO:0061298","GO:0061298","retina vasculature development in camera-type eye","4/392","20/21468",0.2,10.9530612244898,6.07313436276547,0.000420677372568023,0.00955142509439901,0.0077975865422031,"ENSG00000099250/ENSG00000101680/ENSG00000134853/ENSG00000165633",4
"GO:0021987","GO:0021987","cerebral cortex development","10/392","149/21468",0.0671140939597315,3.6755239008355,4.46944061327073,0.000422999143054303,0.00955142509439901,0.0077975865422031,"ENSG00000111262/ENSG00000128573/ENSG00000145147/ENSG00000147526/ENSG00000150764/ENSG00000168542/ENSG00000170370/ENSG00000170558/ENSG00000196159/ENSG00000277586",10
"GO:0110053","GO:0110053","regulation of actin filament organization","15/392","299/21468",0.0501672240802676,2.74742338406935,4.1497141583899,0.000428475650646836,0.00961572963230753,0.00785008344129851,"ENSG00000073712/ENSG00000099250/ENSG00000107562/ENSG00000112902/ENSG00000117152/ENSG00000144824/ENSG00000145147/ENSG00000146122/ENSG00000148700/ENSG00000151422/ENSG00000163431/ENSG00000164741/ENSG00000171992/ENSG00000183853/ENSG00000197256",15
"GO:0090263","GO:0090263","positive regulation of canonical Wnt signaling pathway","9/392","123/21468",0.0731707317073171,4.0072175211548,4.5614606836745,0.000434416729258814,0.00968961216846794,0.00791039962071409,"ENSG00000020181/ENSG00000108821/ENSG00000112902/ENSG00000116729/ENSG00000122707/ENSG00000146122/ENSG00000169218/ENSG00000169554/ENSG00000196562",9
"GO:0060411","GO:0060411","cardiac septum morphogenesis","7/392","75/21468",0.0933333333333333,5.11142857142857,4.86432016883095,0.000438110306323248,0.00971277273048752,0.00792930742608647,"ENSG00000099250/ENSG00000142871/ENSG00000145147/ENSG00000163513/ENSG00000169946/ENSG00000184347/ENSG00000197702",7
"GO:0060047","GO:0060047","heart contraction","14/392","269/21468",0.0520446096654275,2.8502389803505,4.16467288744413,0.000459206313162377,0.0101191367081203,0.00826105460013737,"ENSG00000006283/ENSG00000058668/ENSG00000069431/ENSG00000112276/ENSG00000112837/ENSG00000117152/ENSG00000136531/ENSG00000144935/ENSG00000145244/ENSG00000145362/ENSG00000153956/ENSG00000160808/ENSG00000166148/ENSG00000198523",14
"GO:0010171","GO:0010171","body morphogenesis","6/392","55/21468",0.109090909090909,5.97439703153989,5.03753003453511,0.000485979703297817,0.0106449925428947,0.00869035246300603,"ENSG00000019144/ENSG00000108821/ENSG00000134853/ENSG00000144824/ENSG00000150347/ENSG00000180875",6
"GO:0014910","GO:0014910","regulation of smooth muscle cell migration","8/392","100/21468",0.08,4.38122448979592,4.62196534706089,0.000496179914784321,0.0108037269540538,0.00881993996392931,"ENSG00000099250/ENSG00000104415/ENSG00000122861/ENSG00000123384/ENSG00000133110/ENSG00000136869/ENSG00000145147/ENSG00000162733",8
"GO:0001649","GO:0001649","osteoblast differentiation","15/392","304/21468",0.0493421052631579,2.70223549946294,4.07654438647551,0.000509272701228561,0.011021682453153,0.00899787434019019,"ENSG00000019991/ENSG00000038427/ENSG00000073712/ENSG00000104415/ENSG00000108821/ENSG00000122691/ENSG00000124813/ENSG00000142871/ENSG00000160801/ENSG00000162733/ENSG00000164107/ENSG00000164932/ENSG00000167244/ENSG00000184304/ENSG00000233608",15
"GO:2001044","GO:2001044","regulation of integrin-mediated signaling pathway","4/392","21/21468",0.19047619047619,10.4314868804665,5.89713612940887,0.000512215969665392,0.011021682453153,0.00899787434019019,"ENSG00000101680/ENSG00000109743/ENSG00000184304/ENSG00000196569",4
"GO:0051056","GO:0051056","regulation of small GTPase mediated signal transduction","16/392","339/21468",0.0471976401179941,2.58479320931913,4.01113792688095,0.000543777410484629,0.0116323846055718,0.00949643898765708,"ENSG00000031081/ENSG00000099250/ENSG00000113319/ENSG00000134569/ENSG00000137727/ENSG00000138639/ENSG00000145147/ENSG00000147251/ENSG00000154783/ENSG00000164741/ENSG00000165029/ENSG00000165801/ENSG00000168542/ENSG00000185989/ENSG00000197256/ENSG00000205726",16
"GO:0014812","GO:0014812","muscle cell migration","9/392","127/21468",0.0708661417322835,3.88100594568536,4.44092305846651,0.000548972233632489,0.0116752350617886,0.00953142121674034,"ENSG00000099250/ENSG00000104415/ENSG00000122861/ENSG00000123384/ENSG00000133110/ENSG00000136869/ENSG00000145147/ENSG00000162733/ENSG00000197702",9
"GO:0045667","GO:0045667","regulation of osteoblast differentiation","11/392","183/21468",0.0601092896174863,3.29190364670458,4.24638815681008,0.000565531295972497,0.011957881391141,0.00976216785320336,"ENSG00000019991/ENSG00000073712/ENSG00000104415/ENSG00000122691/ENSG00000124813/ENSG00000142871/ENSG00000162733/ENSG00000164107/ENSG00000164932/ENSG00000184304/ENSG00000233608",11
"GO:0061041","GO:0061041","regulation of wound healing","10/392","155/21468",0.0645161290322581,3.53324555628703,4.31673573798279,0.000577186879156208,0.012134193126169,0.00990610511897255,"ENSG00000065534/ENSG00000073712/ENSG00000078098/ENSG00000104415/ENSG00000122861/ENSG00000134853/ENSG00000144824/ENSG00000162733/ENSG00000177119/ENSG00000184500",10
"GO:0035272","GO:0035272","exocrine system development","6/392","57/21468",0.105263157894737,5.76476906552094,4.91241925858356,0.000590005294391261,0.012301448589642,0.0100426490313414,"ENSG00000019991/ENSG00000099250/ENSG00000101680/ENSG00000116729/ENSG00000140285/ENSG00000167244",6
"GO:0035051","GO:0035051","cardiocyte differentiation","11/392","184/21468",0.0597826086956522,3.27401286601597,4.22483566415638,0.000591868494198194,0.012301448589642,0.0100426490313414,"ENSG00000112276/ENSG00000112837/ENSG00000117152/ENSG00000122641/ENSG00000122691/ENSG00000131018/ENSG00000134775/ENSG00000134853/ENSG00000136383/ENSG00000157168/ENSG00000164107",11
"GO:0003170","GO:0003170","heart valve development","7/392","79/21468",0.0886075949367089,4.85262206148282,4.6785290380999,0.000601238675635502,0.0123215883354871,0.0100590907046637,"ENSG00000122691/ENSG00000140937/ENSG00000142871/ENSG00000145147/ENSG00000154736/ENSG00000163513/ENSG00000184347",7
"GO:1904888","GO:1904888","cranial skeletal system development","7/392","79/21468",0.0886075949367089,4.85262206148282,4.6785290380999,0.000601238675635502,0.0123215883354871,0.0100590907046637,"ENSG00000053254/ENSG00000092607/ENSG00000122691/ENSG00000124813/ENSG00000134853/ENSG00000157227/ENSG00000163513",7
"GO:0014706","GO:0014706","striated muscle tissue development","19/392","446/21468",0.0426008968609865,2.3330511576828,3.87982240427214,0.000602942676886874,0.0123215883354871,0.0100590907046637,"ENSG00000006283/ENSG00000060718/ENSG00000069431/ENSG00000095587/ENSG00000105971/ENSG00000112276/ENSG00000112837/ENSG00000117152/ENSG00000122691/ENSG00000131018/ENSG00000134775/ENSG00000134853/ENSG00000136383/ENSG00000138435/ENSG00000157168/ENSG00000160808/ENSG00000167244/ENSG00000169946/ENSG00000198523",19
"GO:0009612","GO:0009612","response to mechanical stimulus","13/392","245/21468",0.0530612244897959,2.90591420241566,4.09183033966009,0.000606420050509746,0.0123238030264703,0.010060898732726,"ENSG00000006468/ENSG00000060718/ENSG00000107562/ENSG00000108821/ENSG00000111262/ENSG00000118762/ENSG00000131711/ENSG00000133110/ENSG00000134138/ENSG00000136869/ENSG00000157227/ENSG00000162733/ENSG00000170558",13
"GO:0010975","GO:0010975","regulation of neuron projection development","20/392","483/21468",0.041407867494824,2.26771453923184,3.84304231588584,0.000622931427384469,0.0125894097313392,0.0102777345710366,"ENSG00000005810/ENSG00000075213/ENSG00000099250/ENSG00000107562/ENSG00000111962/ENSG00000112902/ENSG00000115414/ENSG00000117598/ENSG00000131018/ENSG00000131711/ENSG00000132386/ENSG00000134569/ENSG00000145147/ENSG00000149557/ENSG00000153071/ENSG00000162733/ENSG00000172260/ENSG00000173376/ENSG00000184304/ENSG00000277586",20
"GO:0003015","GO:0003015","heart process","14/392","278/21468",0.0503597122302158,2.75796505652621,4.02347933012428,0.000635555328516504,0.0127510631532503,0.0104097050921617,"ENSG00000006283/ENSG00000058668/ENSG00000069431/ENSG00000112276/ENSG00000112837/ENSG00000117152/ENSG00000136531/ENSG00000144935/ENSG00000145244/ENSG00000145362/ENSG00000153956/ENSG00000160808/ENSG00000166148/ENSG00000198523",14
"GO:0001101","GO:0001101","response to acid chemical","10/392","157/21468",0.0636942675159236,3.48823605875471,4.26750567997645,0.000637901737847132,0.0127510631532503,0.0104097050921617,"ENSG00000058668/ENSG00000108821/ENSG00000118762/ENSG00000134853/ENSG00000148516/ENSG00000149968/ENSG00000164692/ENSG00000166148/ENSG00000168542/ENSG00000204262",10
"GO:0030324","GO:0030324","lung development","12/392","216/21468",0.0555555555555556,3.04251700680272,4.11459666733054,0.000651536966546647,0.0129204441286615,0.0105479842286589,"ENSG00000101680/ENSG00000113578/ENSG00000134853/ENSG00000140285/ENSG00000157227/ENSG00000163513/ENSG00000164161/ENSG00000168542/ENSG00000169946/ENSG00000183287/ENSG00000196549/ENSG00000197859",12
"GO:0010959","GO:0010959","regulation of metal ion transport","19/392","449/21468",0.0423162583518931,2.31746284259806,3.84760196122437,0.000653439629251606,0.0129204441286615,0.0105479842286589,"ENSG00000058668/ENSG00000065534/ENSG00000069431/ENSG00000070808/ENSG00000101198/ENSG00000103888/ENSG00000107562/ENSG00000109047/ENSG00000117152/ENSG00000118762/ENSG00000144935/ENSG00000145362/ENSG00000152818/ENSG00000153956/ENSG00000177119/ENSG00000184304/ENSG00000188580/ENSG00000198523/ENSG00000203805",19
"GO:0035733","GO:0035733","hepatic stellate cell activation","3/392","10/21468",0.3,16.4295918367347,6.65571066121976,0.000659025824624147,0.0129608412176082,0.0105809635792796,"ENSG00000107796/ENSG00000131016/ENSG00000162733",3
"GO:0008585","GO:0008585","female gonad development","8/392","105/21468",0.0761904761904762,4.17259475218659,4.44439599457297,0.000687147724390712,0.0134416383733755,0.0109734764655021,"ENSG00000122641/ENSG00000134853/ENSG00000145147/ENSG00000150347/ENSG00000157227/ENSG00000159899/ENSG00000169946/ENSG00000184347",8
"GO:0050770","GO:0050770","regulation of axonogenesis","10/392","159/21468",0.0628930817610063,3.44435887562572,4.21906885032234,0.000703797549718461,0.0136755211508927,0.0111644135435189,"ENSG00000075213/ENSG00000099250/ENSG00000107562/ENSG00000111962/ENSG00000112902/ENSG00000115414/ENSG00000131711/ENSG00000134569/ENSG00000145147/ENSG00000277586",10
"GO:0051897","GO:0051897","positive regulation of phosphatidylinositol 3-kinase/protein kinase B signal transduction","12/392","218/21468",0.055045871559633,3.01460400674031,4.07730396641846,0.000706581054543117,0.0136755211508927,0.0111644135435189,"ENSG00000011465/ENSG00000019991/ENSG00000073712/ENSG00000107731/ENSG00000112902/ENSG00000115414/ENSG00000134853/ENSG00000151422/ENSG00000162733/ENSG00000167244/ENSG00000184304/ENSG00000184500",12
"GO:0055002","GO:0055002","striated muscle cell development","11/392","189/21468",0.0582010582010582,3.18739876903142,4.11924738700245,0.000739395171790567,0.0142353028337363,0.011621407769362,"ENSG00000101335/ENSG00000105971/ENSG00000112276/ENSG00000112837/ENSG00000117152/ENSG00000128591/ENSG00000134775/ENSG00000134853/ENSG00000136383/ENSG00000163431/ENSG00000184304",11
"GO:0048644","GO:0048644","muscle organ morphogenesis","7/392","82/21468",0.0853658536585366,4.67508710801394,4.54720358845019,0.000752611973774303,0.014413898429667,0.0117672095320898,"ENSG00000060718/ENSG00000065534/ENSG00000150347/ENSG00000157168/ENSG00000160808/ENSG00000168542/ENSG00000169946",7
"GO:0016339","GO:0016339","calcium-dependent cell-cell adhesion via plasma membrane cell adhesion molecules","6/392","60/21468",0.1,5.4765306122449,4.73547722856168,0.000777506718389987,0.0147629666243171,0.0120521816100796,"ENSG00000081818/ENSG00000107736/ENSG00000140937/ENSG00000140945/ENSG00000170558/ENSG00000240184",6
"GO:0060562","GO:0060562","epithelial tube morphogenesis","17/392","385/21468",0.0441558441558442,2.41820832228996,3.8294711905913,0.000778909939445925,0.0147629666243171,0.0120521816100796,"ENSG00000005073/ENSG00000099250/ENSG00000101115/ENSG00000101680/ENSG00000113578/ENSG00000118762/ENSG00000122691/ENSG00000133816/ENSG00000145147/ENSG00000153976/ENSG00000157227/ENSG00000162849/ENSG00000163513/ENSG00000164107/ENSG00000164161/ENSG00000164741/ENSG00000164932",17
"GO:0010715","GO:0010715","regulation of extracellular matrix disassembly","4/392","24/21468",0.166666666666667,9.12755102040816,5.43309179494021,0.000870928990930098,0.0163251969420986,0.0133275542357727,"ENSG00000078098/ENSG00000123384/ENSG00000162733/ENSG00000197635",4
"GO:2001026","GO:2001026","regulation of endothelial cell chemotaxis","4/392","24/21468",0.166666666666667,9.12755102040816,5.43309179494021,0.000870928990930098,0.0163251969420986,0.0133275542357727,"ENSG00000112902/ENSG00000113578/ENSG00000184304/ENSG00000196468",4
"GO:0010594","GO:0010594","regulation of endothelial cell migration","13/392","255/21468",0.0509803921568627,2.79195678271309,3.92582731444315,0.000878204311577675,0.0163251969420986,0.0133275542357727,"ENSG00000011465/ENSG00000020181/ENSG00000058668/ENSG00000099250/ENSG00000111961/ENSG00000112902/ENSG00000113578/ENSG00000132386/ENSG00000145147/ENSG00000173482/ENSG00000183287/ENSG00000184304/ENSG00000196468",13
"GO:0046545","GO:0046545","development of primary female sexual characteristics","8/392","109/21468",0.073394495412844,4.01947200898708,4.310110612173,0.000879186385345389,0.0163251969420986,0.0133275542357727,"ENSG00000122641/ENSG00000134853/ENSG00000145147/ENSG00000150347/ENSG00000157227/ENSG00000159899/ENSG00000169946/ENSG00000184347",8
"GO:0032060","GO:0032060","bleb assembly","3/392","11/21468",0.272727272727273,14.9359925788497,6.30498946253122,0.000893920837009204,0.0164319719687421,0.0134147231663323,"ENSG00000065534/ENSG00000134531/ENSG00000177119",3
"GO:0086070","GO:0086070","SA node cell to atrial cardiac muscle cell communication","3/392","11/21468",0.272727272727273,14.9359925788497,6.30498946253122,0.000893920837009204,0.0164319719687421,0.0134147231663323,"ENSG00000006283/ENSG00000112837/ENSG00000145362",3
"GO:0051480","GO:0051480","regulation of cytosolic calcium ion concentration","6/392","62/21468",0.0967741935483871,5.29986833443055,4.62400034943034,0.00092600483598647,0.0169366284501925,0.0138267143141769,"ENSG00000058668/ENSG00000105971/ENSG00000107736/ENSG00000144935/ENSG00000168959/ENSG00000198523",6
"GO:0001938","GO:0001938","positive regulation of endothelial cell proliferation","8/392","110/21468",0.0727272727272727,3.98293135435993,4.27753850233063,0.000933352740795191,0.0169492698192302,0.0138370344672545,"ENSG00000099250/ENSG00000105971/ENSG00000107562/ENSG00000112902/ENSG00000140285/ENSG00000140945/ENSG00000167244/ENSG00000184304",8
"GO:0062013","GO:0062013","positive regulation of small molecule metabolic process","10/392","165/21468",0.0606060606060606,3.31910946196661,4.07828388198053,0.000935962958853065,0.0169492698192302,0.0138370344672545,"ENSG00000113578/ENSG00000122691/ENSG00000150907/ENSG00000153071/ENSG00000153823/ENSG00000160801/ENSG00000166148/ENSG00000167244/ENSG00000198848/ENSG00000219607",10
"GO:0060078","GO:0060078","regulation of postsynaptic membrane potential","10/392","166/21468",0.0602409638554217,3.29911482665355,4.05545075999021,0.000980154457935312,0.0176620936311693,0.0144189691322918,"ENSG00000111262/ENSG00000117152/ENSG00000131018/ENSG00000138435/ENSG00000147434/ENSG00000162383/ENSG00000166342/ENSG00000168959/ENSG00000182771/ENSG00000183775",10
"GO:0034332","GO:0034332","adherens junction organization","6/392","63/21468",0.0952380952380952,5.21574344023324,4.57005522609007,0.00100797930977115,0.0180744525252101,0.0147556104325116,"ENSG00000073712/ENSG00000140937/ENSG00000140945/ENSG00000151422/ENSG00000166086/ENSG00000170558",6
"GO:0031346","GO:0031346","positive regulation of cell projection organization","17/392","395/21468",0.0430379746835443,2.35698785843451,3.71232459607381,0.00103120951935097,0.0184008020574919,0.0150220354628944,"ENSG00000099250/ENSG00000107562/ENSG00000111859/ENSG00000112902/ENSG00000115414/ENSG00000117598/ENSG00000131711/ENSG00000132386/ENSG00000145147/ENSG00000145934/ENSG00000147251/ENSG00000149557/ENSG00000162733/ENSG00000172260/ENSG00000173376/ENSG00000184304/ENSG00000277586",17
"GO:0050772","GO:0050772","positive regulation of axonogenesis","7/392","87/21468",0.0804597701149425,4.4064039408867,4.34186566800943,0.00107038264899362,0.0190070860680518,0.0155169932304287,"ENSG00000099250/ENSG00000107562/ENSG00000112902/ENSG00000115414/ENSG00000131711/ENSG00000145147/ENSG00000277586",7
"GO:0010762","GO:0010762","regulation of fibroblast migration","5/392","43/21468",0.116279069767442,6.36805885144756,4.80535744063297,0.00107663101251939,0.0190256823371784,0.0155321748411773,"ENSG00000107796/ENSG00000131016/ENSG00000151422/ENSG00000162733/ENSG00000169554",5
"GO:0055123","GO:0055123","digestive system development","10/392","169/21468",0.0591715976331361,3.24055065813308,3.98798145297117,0.00112309664093636,0.0196275234454452,0.016023505514871,"ENSG00000099139/ENSG00000106538/ENSG00000109705/ENSG00000116729/ENSG00000134853/ENSG00000136161/ENSG00000159899/ENSG00000166250/ENSG00000167244/ENSG00000168542",10
"GO:0048738","GO:0048738","cardiac muscle tissue development","13/392","262/21468",0.049618320610687,2.71736251752609,3.81432648744461,0.00112394880380923,0.0196275234454452,0.016023505514871,"ENSG00000006283/ENSG00000060718/ENSG00000112276/ENSG00000112837/ENSG00000117152/ENSG00000131018/ENSG00000134775/ENSG00000134853/ENSG00000136383/ENSG00000157168/ENSG00000160808/ENSG00000169946/ENSG00000198523",13
"GO:0097553","GO:0097553","calcium ion transmembrane import into cytosol","11/392","199/21468",0.0552763819095477,3.02722797661778,3.9182325697843,0.00112678510758433,0.0196275234454452,0.016023505514871,"ENSG00000006283/ENSG00000058668/ENSG00000103888/ENSG00000118762/ENSG00000144935/ENSG00000145362/ENSG00000153956/ENSG00000155886/ENSG00000184304/ENSG00000198523/ENSG00000204442",11
"GO:0051962","GO:0051962","positive regulation of nervous system development","15/392","330/21468",0.0454545454545455,2.48933209647495,3.71835789727309,0.00117175377376277,0.0200804518855892,0.0163932669561787,"ENSG00000038427/ENSG00000099250/ENSG00000101463/ENSG00000107562/ENSG00000112902/ENSG00000115414/ENSG00000131711/ENSG00000132386/ENSG00000140557/ENSG00000145147/ENSG00000168959/ENSG00000185070/ENSG00000186340/ENSG00000196549/ENSG00000277586",15
"GO:0003163","GO:0003163","sinoatrial node development","3/392","12/21468",0.25,13.6913265306122,5.99732905006509,0.00117580993474065,0.0200804518855892,0.0163932669561787,"ENSG00000006283/ENSG00000112276/ENSG00000112837",3
"GO:0010172","GO:0010172","embryonic body morphogenesis","3/392","12/21468",0.25,13.6913265306122,5.99732905006509,0.00117580993474065,0.0200804518855892,0.0163932669561787,"ENSG00000019144/ENSG00000144824/ENSG00000180875",3
"GO:0042447","GO:0042447","hormone catabolic process","3/392","12/21468",0.25,13.6913265306122,5.99732905006509,0.00117580993474065,0.0200804518855892,0.0163932669561787,"ENSG00000025423/ENSG00000196549/ENSG00000198189",3
"GO:1900024","GO:1900024","regulation of substrate adhesion-dependent cell spreading","6/392","65/21468",0.0923076923076923,5.0552590266876,4.46552545112424,0.00118854974558557,0.0200804518855892,0.0163932669561787,"ENSG00000073712/ENSG00000077942/ENSG00000099250/ENSG00000111859/ENSG00000133110/ENSG00000153071",6
"GO:0003148","GO:0003148","outflow tract septum morphogenesis","4/392","26/21468",0.153846153846154,8.425431711146,5.16666559363825,0.00119057361754784,0.0200804518855892,0.0163932669561787,"ENSG00000099250/ENSG00000163513/ENSG00000169946/ENSG00000197702",4
"GO:0040036","GO:0040036","regulation of fibroblast growth factor receptor signaling pathway","5/392","44/21468",0.113636363636364,6.22333024118738,4.72996753367543,0.00119670270942002,0.0200804518855892,0.0163932669561787,"ENSG00000124813/ENSG00000137573/ENSG00000164161/ENSG00000180730/ENSG00000196562",5
"GO:0045773","GO:0045773","positive regulation of axon extension","5/392","44/21468",0.113636363636364,6.22333024118738,4.72996753367543,0.00119670270942002,0.0200804518855892,0.0163932669561787,"ENSG00000099250/ENSG00000107562/ENSG00000112902/ENSG00000115414/ENSG00000131711",5
"GO:1904018","GO:1904018","positive regulation of vasculature development","11/392","202/21468",0.0544554455445545,2.98226914528188,3.86037965143948,0.00127118967104007,0.0212329306697012,0.0173341268769078,"ENSG00000099250/ENSG00000107562/ENSG00000111961/ENSG00000112902/ENSG00000113578/ENSG00000122691/ENSG00000148848/ENSG00000149948/ENSG00000163513/ENSG00000183287/ENSG00000184304",11
"GO:0048863","GO:0048863","stem cell differentiation","13/392","267/21468",0.048689138576779,2.66647557899564,3.73689614447779,0.00133261749400802,0.0221577945140061,0.0180891666531137,"ENSG00000075213/ENSG00000099250/ENSG00000112902/ENSG00000115414/ENSG00000122691/ENSG00000124813/ENSG00000134853/ENSG00000149948/ENSG00000153993/ENSG00000157168/ENSG00000163513/ENSG00000164107/ENSG00000170558",13
"GO:0033622","GO:0033622","integrin activation","4/392","27/21468",0.148148148148148,8.11337868480726,5.0439399745225,0.00137768245843903,0.022803449922941,0.0186162664186307,"ENSG00000073712/ENSG00000107562/ENSG00000115414/ENSG00000166086",4
"GO:0043434","GO:0043434","response to peptide hormone","19/392","479/21468",0.0396659707724426,2.17231903199693,3.53876982363692,0.00139440906612926,0.0229657864717317,0.0187487946304575,"ENSG00000070808/ENSG00000105971/ENSG00000106538/ENSG00000107562/ENSG00000108821/ENSG00000122641/ENSG00000131711/ENSG00000150907/ENSG00000151422/ENSG00000153823/ENSG00000159899/ENSG00000162733/ENSG00000165474/ENSG00000167244/ENSG00000168461/ENSG00000168542/ENSG00000184304/ENSG00000233608/ENSG00000277586",19
"GO:0070372","GO:0070372","regulation of ERK1 and ERK2 cascade","15/392","336/21468",0.0446428571428571,2.44487973760933,3.64053872557873,0.00140004657823843,0.0229657864717317,0.0187487946304575,"ENSG00000073712/ENSG00000077942/ENSG00000099250/ENSG00000107796/ENSG00000113578/ENSG00000115414/ENSG00000122641/ENSG00000127472/ENSG00000131016/ENSG00000134853/ENSG00000136869/ENSG00000142871/ENSG00000153071/ENSG00000157168/ENSG00000164107",15
"GO:0002040","GO:0002040","sprouting angiogenesis","11/392","205/21468",0.0536585365853659,2.93862618218019,3.80358697437015,0.00143047371740354,0.0233601466886703,0.019070742181738,"ENSG00000020181/ENSG00000099250/ENSG00000112902/ENSG00000113578/ENSG00000122707/ENSG00000140945/ENSG00000145147/ENSG00000165633/ENSG00000183287/ENSG00000188133/ENSG00000197702",11
"GO:0010463","GO:0010463","mesenchymal cell proliferation","5/392","46/21468",0.108695652173913,5.95275066548358,4.58595712450785,0.00146617027572488,0.0238366705271183,0.0194597664197964,"ENSG00000131018/ENSG00000140285/ENSG00000148516/ENSG00000163513/ENSG00000164107",5
"GO:1901888","GO:1901888","regulation of cell junction assembly","14/392","304/21468",0.0460526315789474,2.52208646616541,3.6451202206361,0.00149655265967486,0.0242229629605781,0.0197751275989641,"ENSG00000005810/ENSG00000073712/ENSG00000099250/ENSG00000101463/ENSG00000131711/ENSG00000134569/ENSG00000140557/ENSG00000144824/ENSG00000157227/ENSG00000164741/ENSG00000172260/ENSG00000177707/ENSG00000185070/ENSG00000186340",14
"GO:0048630","GO:0048630","skeletal muscle tissue growth","3/392","13/21468",0.230769230769231,12.638147566719,5.72434622127188,0.00150794402992567,0.0242998205351017,0.0198378725383683,"ENSG00000095587/ENSG00000138435/ENSG00000167244",3
"GO:0003181","GO:0003181","atrioventricular valve morphogenesis","4/392","28/21468",0.142857142857143,7.82361516034985,4.92737671984005,0.00158437070668736,0.0252697626142954,0.020629713256239,"ENSG00000122691/ENSG00000142871/ENSG00000163513/ENSG00000184347",4
"GO:0008045","GO:0008045","motor neuron axon guidance","4/392","28/21468",0.142857142857143,7.82361516034985,4.92737671984005,0.00158437070668736,0.0252697626142954,0.020629713256239,"ENSG00000005810/ENSG00000075213/ENSG00000099250/ENSG00000145147",4
"GO:0051147","GO:0051147","regulation of muscle cell differentiation","10/392","177/21468",0.0564971751412429,3.09408509166378,3.81520206826434,0.0015892705428356,0.0252697626142954,0.020629713256239,"ENSG00000101680/ENSG00000117152/ENSG00000123095/ENSG00000148516/ENSG00000157168/ENSG00000157227/ENSG00000160539/ENSG00000167244/ENSG00000184304/ENSG00000196569",10
"GO:0045216","GO:0045216","cell-cell junction organization","12/392","240/21468",0.05,2.73826530612245,3.6931909297884,0.00161482105814413,0.0252697626142954,0.020629713256239,"ENSG00000073712/ENSG00000107186/ENSG00000140937/ENSG00000140945/ENSG00000145362/ENSG00000151422/ENSG00000165124/ENSG00000165474/ENSG00000166086/ENSG00000170558/ENSG00000171914/ENSG00000183853",12
"GO:0098703","GO:0098703","calcium ion import across plasma membrane","5/392","47/21468",0.106382978723404,5.82609639600521,4.51709960647757,0.00161649110217198,0.0252697626142954,0.020629713256239,"ENSG00000006283/ENSG00000058668/ENSG00000153956/ENSG00000155886/ENSG00000204442",5
"GO:0150052","GO:0150052","regulation of postsynapse assembly","5/392","47/21468",0.106382978723404,5.82609639600521,4.51709960647757,0.00161649110217198,0.0252697626142954,0.020629713256239,"ENSG00000101463/ENSG00000131711/ENSG00000134569/ENSG00000177707/ENSG00000185070",5
"GO:1902656","GO:1902656","calcium ion import into cytosol","5/392","47/21468",0.106382978723404,5.82609639600521,4.51709960647757,0.00161649110217198,0.0252697626142954,0.020629713256239,"ENSG00000006283/ENSG00000058668/ENSG00000153956/ENSG00000155886/ENSG00000204442",5
"GO:0045123","GO:0045123","cellular extravasation","7/392","94/21468",0.074468085106383,4.07826747720365,4.07907785837931,0.00168224130650077,0.0259647202497038,0.0211970623430721,"ENSG00000107562/ENSG00000109743/ENSG00000115594/ENSG00000124343/ENSG00000151422/ENSG00000166086/ENSG00000213949",7
"GO:0048041","GO:0048041","focal adhesion assembly","7/392","94/21468",0.074468085106383,4.07826747720365,4.07907785837931,0.00168224130650077,0.0259647202497038,0.0211970623430721,"ENSG00000073712/ENSG00000099250/ENSG00000140937/ENSG00000144824/ENSG00000157227/ENSG00000164741/ENSG00000243244",7
"GO:0099068","GO:0099068","postsynapse assembly","7/392","94/21468",0.074468085106383,4.07826747720365,4.07907785837931,0.00168224130650077,0.0259647202497038,0.0211970623430721,"ENSG00000101463/ENSG00000121904/ENSG00000131711/ENSG00000134569/ENSG00000170558/ENSG00000177707/ENSG00000185070",7
"GO:0048144","GO:0048144","fibroblast proliferation","8/392","121/21468",0.0661157024793388,3.62084668578175,3.94276137315219,0.00172463487896782,0.0265072033078332,0.0216399343283137,"ENSG00000069431/ENSG00000077942/ENSG00000115414/ENSG00000134853/ENSG00000162733/ENSG00000168542/ENSG00000174807/ENSG00000186469",8
"GO:0035023","GO:0035023","regulation of Rho protein signal transduction","7/392","95/21468",0.0736842105263158,4.03533834586466,4.04362418043406,0.00178816096630822,0.0269394190904846,0.0219927863830407,"ENSG00000099250/ENSG00000137727/ENSG00000147251/ENSG00000164741/ENSG00000165029/ENSG00000168542/ENSG00000197256",7
"GO:0016485","GO:0016485","protein processing","13/392","276/21468",0.0471014492753623,2.57952528837622,3.60188438481039,0.00178940023928954,0.0269394190904846,0.0219927863830407,"ENSG00000038295/ENSG00000095587/ENSG00000099139/ENSG00000105664/ENSG00000106624/ENSG00000122861/ENSG00000145244/ENSG00000145506/ENSG00000157227/ENSG00000180447/ENSG00000183287/ENSG00000196549/ENSG00000197635",13
"GO:0060541","GO:0060541","respiratory system development","12/392","243/21468",0.0493827160493827,2.70445956160242,3.64418659347338,0.0017920230212789,0.0269394190904846,0.0219927863830407,"ENSG00000101680/ENSG00000113578/ENSG00000134853/ENSG00000140285/ENSG00000157227/ENSG00000163513/ENSG00000164161/ENSG00000168542/ENSG00000169946/ENSG00000183287/ENSG00000196549/ENSG00000197859",12
"GO:0008154","GO:0008154","actin polymerization or depolymerization","11/392","211/21468",0.0521327014218009,2.85506335235516,3.69303653310189,0.00179825315804834,0.0269394190904846,0.0219927863830407,"ENSG00000007237/ENSG00000107562/ENSG00000112902/ENSG00000133816/ENSG00000145147/ENSG00000146122/ENSG00000148700/ENSG00000151422/ENSG00000163431/ENSG00000183853/ENSG00000197256",11
"GO:1905475","GO:1905475","regulation of protein localization to membrane","11/392","211/21468",0.0521327014218009,2.85506335235516,3.69303653310189,0.00179825315804834,0.0269394190904846,0.0219927863830407,"ENSG00000058668/ENSG00000070808/ENSG00000103888/ENSG00000123384/ENSG00000134569/ENSG00000145506/ENSG00000153071/ENSG00000153823/ENSG00000157227/ENSG00000170558/ENSG00000172061",11
"GO:0035313","GO:0035313","wound healing, spreading of epidermal cells","4/392","29/21468",0.137931034482759,7.55383532723434,4.81644802979732,0.00181167225157442,0.0269394190904846,0.0219927863830407,"ENSG00000073712/ENSG00000130635/ENSG00000138639/ENSG00000144824",4
"GO:0048745","GO:0048745","smooth muscle tissue development","4/392","29/21468",0.137931034482759,7.55383532723434,4.81644802979732,0.00181167225157442,0.0269394190904846,0.0219927863830407,"ENSG00000065534/ENSG00000118762/ENSG00000159899/ENSG00000168542",4
"GO:1903779","GO:1903779","regulation of cardiac conduction","4/392","29/21468",0.137931034482759,7.55383532723434,4.81644802979732,0.00181167225157442,0.0269394190904846,0.0219927863830407,"ENSG00000058668/ENSG00000144935/ENSG00000145244/ENSG00000145362",4
"GO:1902903","GO:1902903","regulation of supramolecular fiber organization","18/392","454/21468",0.039647577092511,2.17131169648476,3.44017598049654,0.00185515902994788,0.0274743794799569,0.0224295170166723,"ENSG00000073712/ENSG00000099250/ENSG00000106624/ENSG00000107562/ENSG00000112902/ENSG00000117152/ENSG00000131711/ENSG00000144824/ENSG00000145147/ENSG00000146122/ENSG00000148700/ENSG00000151422/ENSG00000163431/ENSG00000164741/ENSG00000171992/ENSG00000183853/ENSG00000184304/ENSG00000197256",18
"GO:0050954","GO:0050954","sensory perception of mechanical stimulus","11/392","212/21468",0.0518867924528302,2.84159607239122,3.67498995652105,0.00186644615609802,0.0275300808024458,0.0224749904280564,"ENSG00000060718/ENSG00000083782/ENSG00000103888/ENSG00000107562/ENSG00000107736/ENSG00000108821/ENSG00000111262/ENSG00000112320/ENSG00000135903/ENSG00000159899/ENSG00000165474",11
"GO:0009415","GO:0009415","response to water","3/392","14/21468",0.214285714285714,11.7354227405248,5.47978661476529,0.00189334933506404,0.027814746456483,0.0227073855995632,"ENSG00000058668/ENSG00000118762/ENSG00000166148",3
"GO:0006816","GO:0006816","calcium ion transport","19/392","493/21468",0.0385395537525355,2.11063045908018,3.40233185568462,0.00193346620765978,0.0282904775504779,0.0230957626573928,"ENSG00000006283/ENSG00000058668/ENSG00000065534/ENSG00000070808/ENSG00000103888/ENSG00000107562/ENSG00000107736/ENSG00000109047/ENSG00000117152/ENSG00000118762/ENSG00000144935/ENSG00000145362/ENSG00000153956/ENSG00000155886/ENSG00000177119/ENSG00000184304/ENSG00000198523/ENSG00000203805/ENSG00000204442",19
"GO:0008038","GO:0008038","neuron recognition","5/392","49/21468",0.102040816326531,5.58829654310704,4.38515087284526,0.00195064966530252,0.0284281931301858,0.0232081908176274,"ENSG00000099250/ENSG00000112902/ENSG00000134115/ENSG00000162614/ENSG00000182636",5
"GO:0051896","GO:0051896","regulation of phosphatidylinositol 3-kinase/protein kinase B signal transduction","14/392","314/21468",0.0445859872611465,2.4417652411283,3.50992423436979,0.0020202899485786,0.0287641574757224,0.0234824651833399,"ENSG00000011465/ENSG00000019991/ENSG00000073712/ENSG00000107731/ENSG00000112902/ENSG00000115414/ENSG00000122691/ENSG00000134853/ENSG00000149968/ENSG00000151422/ENSG00000162733/ENSG00000167244/ENSG00000184304/ENSG00000184500",14
"GO:0002011","GO:0002011","morphogenesis of an epithelial sheet","6/392","72/21468",0.0833333333333333,4.56377551020408,4.13090216500016,0.00202088257825606,0.0287641574757224,0.0234824651833399,"ENSG00000073712/ENSG00000101680/ENSG00000130635/ENSG00000138639/ENSG00000142871/ENSG00000144824",6
"GO:0003208","GO:0003208","cardiac ventricle morphogenesis","6/392","72/21468",0.0833333333333333,4.56377551020408,4.13090216500016,0.00202088257825606,0.0287641574757224,0.0234824651833399,"ENSG00000060718/ENSG00000157168/ENSG00000160808/ENSG00000163513/ENSG00000164107/ENSG00000169946",6
"GO:0090303","GO:0090303","positive regulation of wound healing","6/392","72/21468",0.0833333333333333,4.56377551020408,4.13090216500016,0.00202088257825606,0.0287641574757224,0.0234824651833399,"ENSG00000065534/ENSG00000073712/ENSG00000104415/ENSG00000122861/ENSG00000162733/ENSG00000177119",6
"GO:1900046","GO:1900046","regulation of hemostasis","6/392","72/21468",0.0833333333333333,4.56377551020408,4.13090216500016,0.00202088257825606,0.0287641574757224,0.0234824651833399,"ENSG00000078098/ENSG00000105664/ENSG00000122861/ENSG00000134853/ENSG00000177119/ENSG00000184500",6
"GO:1904645","GO:1904645","response to amyloid-beta","6/392","72/21468",0.0833333333333333,4.56377551020408,4.13090216500016,0.00202088257825606,0.0287641574757224,0.0234824651833399,"ENSG00000123384/ENSG00000136869/ENSG00000137745/ENSG00000149968/ENSG00000153956/ENSG00000168959",6
"GO:0060445","GO:0060445","branching involved in salivary gland morphogenesis","4/392","30/21468",0.133333333333333,7.30204081632653,4.71068780005658,0.00206061257209221,0.0291031690683912,0.0237592272587913,"ENSG00000019991/ENSG00000099250/ENSG00000101680/ENSG00000140285",4
"GO:1902074","GO:1902074","response to salt","4/392","30/21468",0.133333333333333,7.30204081632653,4.71068780005658,0.00206061257209221,0.0291031690683912,0.0237592272587913,"ENSG00000124813/ENSG00000153071/ENSG00000159899/ENSG00000277586",4
"GO:0050807","GO:0050807","regulation of synapse organization","15/392","350/21468",0.0428571428571429,2.34708454810496,3.46527017465057,0.00208118621985668,0.0292806892009067,0.0239041510353579,"ENSG00000005810/ENSG00000101463/ENSG00000111859/ENSG00000117600/ENSG00000131711/ENSG00000134569/ENSG00000140285/ENSG00000140557/ENSG00000170558/ENSG00000172260/ENSG00000177707/ENSG00000182771/ENSG00000185070/ENSG00000186340/ENSG00000277586",15
"GO:0045444","GO:0045444","fat cell differentiation","13/392","281/21468",0.0462633451957295,2.53362626189266,3.52917001107662,0.00209463105271782,0.0293569363633785,0.0239663976469468,"ENSG00000073712/ENSG00000079102/ENSG00000099953/ENSG00000102802/ENSG00000104415/ENSG00000106538/ENSG00000134853/ENSG00000149948/ENSG00000150347/ENSG00000150907/ENSG00000159899/ENSG00000169946/ENSG00000172260",13
"GO:0044319","GO:0044319","wound healing, spreading of cells","5/392","50/21468",0.1,5.4765306122449,4.3218702101635,0.00213543434023126,0.0296132149553239,0.0241756182061678,"ENSG00000073712/ENSG00000130635/ENSG00000138639/ENSG00000142871/ENSG00000144824",5
"GO:0090505","GO:0090505","epiboly involved in wound healing","5/392","50/21468",0.1,5.4765306122449,4.3218702101635,0.00213543434023126,0.0296132149553239,0.0241756182061678,"ENSG00000073712/ENSG00000130635/ENSG00000138639/ENSG00000142871/ENSG00000144824",5
"GO:2000027","GO:2000027","regulation of animal organ morphogenesis","7/392","98/21468",0.0714285714285714,3.91180758017493,3.94010745173104,0.00213720304762315,0.0296132149553239,0.0241756182061678,"ENSG00000005073/ENSG00000019991/ENSG00000113578/ENSG00000124813/ENSG00000137573/ENSG00000140285/ENSG00000154856",7
"GO:0032535","GO:0032535","regulation of cellular component size","16/392","387/21468",0.041343669250646,2.26419870273691,3.42262907573812,0.00215401647697365,0.0297335557463004,0.0242738619470675,"ENSG00000075213/ENSG00000099250/ENSG00000107562/ENSG00000112902/ENSG00000115414/ENSG00000131711/ENSG00000145147/ENSG00000146122/ENSG00000148700/ENSG00000151422/ENSG00000163431/ENSG00000177119/ENSG00000183853/ENSG00000184304/ENSG00000197256/ENSG00000277586",16
"GO:0045599","GO:0045599","negative regulation of fat cell differentiation","6/392","73/21468",0.0821917808219178,4.50125803746156,4.08661777961139,0.00216863144352498,0.0298227587233623,0.0243466854186006,"ENSG00000073712/ENSG00000079102/ENSG00000099953/ENSG00000104415/ENSG00000150907/ENSG00000169946",6
"GO:0046660","GO:0046660","female sex differentiation","8/392","126/21468",0.0634920634920635,3.47716229348882,3.80326679871143,0.00222592781978577,0.0304595675977443,0.024866563055682,"ENSG00000122641/ENSG00000134853/ENSG00000145147/ENSG00000150347/ENSG00000157227/ENSG00000159899/ENSG00000169946/ENSG00000184347",8
"GO:0090090","GO:0090090","negative regulation of canonical Wnt signaling pathway","9/392","155/21468",0.0580645161290323,3.17992100065833,3.71465879656508,0.00223159215861002,0.0304595675977443,0.024866563055682,"ENSG00000050165/ENSG00000112837/ENSG00000134569/ENSG00000144642/ENSG00000145506/ENSG00000150907/ENSG00000153071/ENSG00000164932/ENSG00000170558",9
"GO:0010812","GO:0010812","negative regulation of cell-substrate adhesion","6/392","74/21468",0.0810810810810811,4.44043022614451,4.04312562270415,0.00232438256834917,0.0305029655958226,0.0249019922866533,"ENSG00000077942/ENSG00000108821/ENSG00000133110/ENSG00000144824/ENSG00000157227/ENSG00000164741",6
"GO:0060415","GO:0060415","muscle tissue morphogenesis","6/392","74/21468",0.0810810810810811,4.44043022614451,4.04312562270415,0.00232438256834917,0.0305029655958226,0.0249019922866533,"ENSG00000060718/ENSG00000065534/ENSG00000157168/ENSG00000160808/ENSG00000168542/ENSG00000169946",6
"GO:0007266","GO:0007266","Rho protein signal transduction","9/392","156/21468",0.0576923076923077,3.15953689167975,3.69186183642754,0.00233106206870314,0.0305029655958226,0.0249019922866533,"ENSG00000099250/ENSG00000137727/ENSG00000140945/ENSG00000147251/ENSG00000164692/ENSG00000164741/ENSG00000165029/ENSG00000168542/ENSG00000197256",9
"GO:0003171","GO:0003171","atrioventricular valve development","4/392","31/21468",0.129032258064516,7.06649111257406,4.60968262436198,0.00233220682046218,0.0305029655958226,0.0249019922866533,"ENSG00000122691/ENSG00000142871/ENSG00000163513/ENSG00000184347",4
"GO:0051491","GO:0051491","positive regulation of filopodium assembly","4/392","31/21468",0.129032258064516,7.06649111257406,4.60968262436198,0.00233220682046218,0.0305029655958226,0.0249019922866533,"ENSG00000099250/ENSG00000117598/ENSG00000145934/ENSG00000147251",4
"GO:0022602","GO:0022602","ovulation cycle process","5/392","51/21468",0.0980392156862745,5.36914765906362,4.26026985076918,0.00233265805385015,0.0305029655958226,0.0249019922866533,"ENSG00000122641/ENSG00000134853/ENSG00000145147/ENSG00000159899/ENSG00000184347",5
"GO:0051489","GO:0051489","regulation of filopodium assembly","5/392","51/21468",0.0980392156862745,5.36914765906362,4.26026985076918,0.00233265805385015,0.0305029655958226,0.0249019922866533,"ENSG00000099250/ENSG00000117598/ENSG00000145934/ENSG00000146122/ENSG00000147251",5
"GO:0090102","GO:0090102","cochlea development","5/392","51/21468",0.0980392156862745,5.36914765906362,4.26026985076918,0.00233265805385015,0.0305029655958226,0.0249019922866533,"ENSG00000107736/ENSG00000112320/ENSG00000112837/ENSG00000148516/ENSG00000164932",5
"GO:0090504","GO:0090504","epiboly","5/392","51/21468",0.0980392156862745,5.36914765906362,4.26026985076918,0.00233265805385015,0.0305029655958226,0.0249019922866533,"ENSG00000073712/ENSG00000130635/ENSG00000138639/ENSG00000142871/ENSG00000144824",5
"GO:0010763","GO:0010763","positive regulation of fibroblast migration","3/392","15/21468",0.2,10.9530612244898,5.25887569474228,0.00233483607622481,0.0305029655958226,0.0249019922866533,"ENSG00000107796/ENSG00000131016/ENSG00000162733",3
"GO:0035860","GO:0035860","glial cell-derived neurotrophic factor receptor signaling pathway","3/392","15/21468",0.2,10.9530612244898,5.25887569474228,0.00233483607622481,0.0305029655958226,0.0249019922866533,"ENSG00000137573/ENSG00000157227/ENSG00000196562",3
"GO:2001028","GO:2001028","positive regulation of endothelial cell chemotaxis","3/392","15/21468",0.2,10.9530612244898,5.25887569474228,0.00233483607622481,0.0305029655958226,0.0249019922866533,"ENSG00000112902/ENSG00000184304/ENSG00000196468",3
"GO:0048592","GO:0048592","eye morphogenesis","10/392","187/21468",0.053475935828877,2.92862599585289,3.61249637870478,0.00238077359578498,0.0309924192647027,0.025301572171725,"ENSG00000117122/ENSG00000122691/ENSG00000130635/ENSG00000144810/ENSG00000148516/ENSG00000173482/ENSG00000177707/ENSG00000188133/ENSG00000197614/ENSG00000204262",10
"GO:0021675","GO:0021675","nerve development","7/392","100/21468",0.07,3.83357142857143,3.87335090905764,0.00239763388532914,0.0311012225267163,0.0253903969118282,"ENSG00000075213/ENSG00000099250/ENSG00000111262/ENSG00000136531/ENSG00000137573/ENSG00000159899/ENSG00000196562",7
"GO:0048754","GO:0048754","branching morphogenesis of an epithelial tube","10/392","188/21468",0.0531914893617021,2.91304819800261,3.59297041729024,0.00247476796412759,0.0319883435080521,0.026114624192784,"ENSG00000005073/ENSG00000099250/ENSG00000101680/ENSG00000113578/ENSG00000118762/ENSG00000145147/ENSG00000153976/ENSG00000157227/ENSG00000163513/ENSG00000164161",10
"GO:0046847","GO:0046847","filopodium assembly","6/392","75/21468",0.08,4.38122448979592,4.00039990852731,0.00248840624330795,0.0320513733733115,0.0261660804754064,"ENSG00000099250/ENSG00000117598/ENSG00000145934/ENSG00000146122/ENSG00000147251/ENSG00000154783",6
"GO:0050803","GO:0050803","regulation of synapse structure or activity","15/392","357/21468",0.0420168067226891,2.30106328245584,3.38074755504919,0.00251369282651729,0.0321506585993016,0.0262471348871165,"ENSG00000005810/ENSG00000101463/ENSG00000111859/ENSG00000117600/ENSG00000131711/ENSG00000134569/ENSG00000140285/ENSG00000140557/ENSG00000170558/ENSG00000172260/ENSG00000177707/ENSG00000182771/ENSG00000185070/ENSG00000186340/ENSG00000277586",15
"GO:0055074","GO:0055074","calcium ion homeostasis","15/392","357/21468",0.0420168067226891,2.30106328245584,3.38074755504919,0.00251369282651729,0.0321506585993016,0.0262471348871165,"ENSG00000058668/ENSG00000103888/ENSG00000105971/ENSG00000107562/ENSG00000107736/ENSG00000118762/ENSG00000135318/ENSG00000143028/ENSG00000144935/ENSG00000145362/ENSG00000155886/ENSG00000160801/ENSG00000168959/ENSG00000184304/ENSG00000198523",15
"GO:0002691","GO:0002691","regulation of cellular extravasation","5/392","52/21468",0.0961538461538462,5.26589481946625,4.2002704276552,0.00254279967883453,0.0322970875874192,0.0263666764943479,"ENSG00000107562/ENSG00000109743/ENSG00000115594/ENSG00000124343/ENSG00000166086",5
"GO:1900047","GO:1900047","negative regulation of hemostasis","5/392","52/21468",0.0961538461538462,5.26589481946625,4.2002704276552,0.00254279967883453,0.0322970875874192,0.0263666764943479,"ENSG00000078098/ENSG00000105664/ENSG00000122861/ENSG00000134853/ENSG00000184500",5
"GO:1903076","GO:1903076","regulation of protein localization to plasma membrane","8/392","129/21468",0.062015503875969,3.39629805410536,3.72291632466074,0.00257754412232729,0.0326251086486963,0.0266344661265435,"ENSG00000058668/ENSG00000070808/ENSG00000123384/ENSG00000145506/ENSG00000153071/ENSG00000153823/ENSG00000157227/ENSG00000172061",8
"GO:0050678","GO:0050678","regulation of epithelial cell proliferation","17/392","431/21468",0.0394431554524362,2.16011648278801,3.31805014812583,0.00259000671623307,0.0326698088551054,0.0266709584535507,"ENSG00000099250/ENSG00000105971/ENSG00000107562/ENSG00000112902/ENSG00000113578/ENSG00000122691/ENSG00000124813/ENSG00000132386/ENSG00000137573/ENSG00000140285/ENSG00000140945/ENSG00000148516/ENSG00000153071/ENSG00000167244/ENSG00000173482/ENSG00000184304/ENSG00000196562",17
"GO:0061437","GO:0061437","renal system vasculature development","4/392","32/21468",0.125,6.84566326530612,4.51306435251739,0.00262745803390508,0.0329152105754274,0.0268712993590076,"ENSG00000099250/ENSG00000107796/ENSG00000118762/ENSG00000134853",4
"GO:0061440","GO:0061440","kidney vasculature development","4/392","32/21468",0.125,6.84566326530612,4.51306435251739,0.00262745803390508,0.0329152105754274,0.0268712993590076,"ENSG00000099250/ENSG00000107796/ENSG00000118762/ENSG00000134853",4
"GO:0042698","GO:0042698","ovulation cycle","6/392","76/21468",0.0789473684210526,4.32357679914071,3.95841602861145,0.00266097497439451,0.0329960896824919,0.0269373273946734,"ENSG00000122641/ENSG00000132386/ENSG00000134853/ENSG00000145147/ENSG00000159899/ENSG00000184347",6
"GO:0048645","GO:0048645","animal organ formation","6/392","76/21468",0.0789473684210526,4.32357679914071,3.95841602861145,0.00266097497439451,0.0329960896824919,0.0269373273946734,"ENSG00000005073/ENSG00000109705/ENSG00000113578/ENSG00000137573/ENSG00000163513/ENSG00000164107",6
"GO:0061035","GO:0061035","regulation of cartilage development","6/392","76/21468",0.0789473684210526,4.32357679914071,3.95841602861145,0.00266097497439451,0.0329960896824919,0.0269373273946734,"ENSG00000005073/ENSG00000104415/ENSG00000109705/ENSG00000124813/ENSG00000142871/ENSG00000178573",6
"GO:0055006","GO:0055006","cardiac cell development","7/392","102/21468",0.0686274509803922,3.75840336134454,3.80829746740388,0.00268184490184015,0.0330309382186238,0.0269657770211607,"ENSG00000112276/ENSG00000112837/ENSG00000117152/ENSG00000122641/ENSG00000134775/ENSG00000134853/ENSG00000136383",7
"GO:0071230","GO:0071230","cellular response to amino acid stimulus","7/392","102/21468",0.0686274509803922,3.75840336134454,3.80829746740388,0.00268184490184015,0.0330309382186238,0.0269657770211607,"ENSG00000108821/ENSG00000134853/ENSG00000148516/ENSG00000149968/ENSG00000164692/ENSG00000168542/ENSG00000204262",7
"GO:0043010","GO:0043010","camera-type eye development","16/392","396/21468",0.0404040404040404,2.21273964131107,3.32197916754265,0.00270495326550207,0.0332037551852569,0.0271068612300578,"ENSG00000058668/ENSG00000080200/ENSG00000099250/ENSG00000101680/ENSG00000122641/ENSG00000122691/ENSG00000132386/ENSG00000134853/ENSG00000144810/ENSG00000148516/ENSG00000163513/ENSG00000165633/ENSG00000173482/ENSG00000177707/ENSG00000178573/ENSG00000187098",16
"GO:0070371","GO:0070371","ERK1 and ERK2 cascade","15/392","360/21468",0.0416666666666667,2.28188775510204,3.34512478715974,0.00272057789976299,0.0332838593890736,0.0271722566506868,"ENSG00000073712/ENSG00000077942/ENSG00000099250/ENSG00000107796/ENSG00000113578/ENSG00000115414/ENSG00000122641/ENSG00000127472/ENSG00000131016/ENSG00000134853/ENSG00000136869/ENSG00000142871/ENSG00000153071/ENSG00000157168/ENSG00000164107",15
"GO:0008064","GO:0008064","regulation of actin polymerization or depolymerization","9/392","160/21468",0.05625,3.08054846938776,3.60247604606333,0.00276473049695666,0.0334983386157397,0.0273473530697976,"ENSG00000107562/ENSG00000112902/ENSG00000145147/ENSG00000146122/ENSG00000148700/ENSG00000151422/ENSG00000163431/ENSG00000183853/ENSG00000197256",9
"GO:0046189","GO:0046189","phenol-containing compound biosynthetic process","5/392","53/21468",0.0943396226415094,5.16653831343858,4.14179778846409,0.00276633927155866,0.0334983386157397,0.0273473530697976,"ENSG00000077498/ENSG00000079931/ENSG00000144935/ENSG00000164107/ENSG00000169554",5
"GO:0071622","GO:0071622","regulation of granulocyte chemotaxis","5/392","53/21468",0.0943396226415094,5.16653831343858,4.14179778846409,0.00276633927155866,0.0334983386157397,0.0273473530697976,"ENSG00000106538/ENSG00000109743/ENSG00000145147/ENSG00000166086/ENSG00000197635",5
"GO:0001936","GO:0001936","regulation of endothelial cell proliferation","10/392","191/21468",0.0523560209424084,2.86729351426434,3.53515688822957,0.00277473936592923,0.0334983386157397,0.0273473530697976,"ENSG00000099250/ENSG00000105971/ENSG00000107562/ENSG00000112902/ENSG00000137573/ENSG00000140285/ENSG00000140945/ENSG00000167244/ENSG00000173482/ENSG00000184304",10
"GO:0003281","GO:0003281","ventricular septum development","6/392","77/21468",0.0779220779220779,4.26742645109992,3.9171504832023,0.00284236329525917,0.0342018583357173,0.0279216920659635,"ENSG00000101115/ENSG00000142871/ENSG00000145147/ENSG00000163513/ENSG00000169946/ENSG00000184347",6
"GO:0001508","GO:0001508","action potential","10/392","192/21468",0.0520833333333333,2.85235969387755,3.5161351739518,0.00288094880683836,0.0345524942144745,0.0282079439689402,"ENSG00000006283/ENSG00000069431/ENSG00000111262/ENSG00000112837/ENSG00000136531/ENSG00000138435/ENSG00000145362/ENSG00000151079/ENSG00000153956/ENSG00000159899",10
"GO:0086019","GO:0086019","cell-cell signaling involved in cardiac conduction","4/392","33/21468",0.121212121212121,6.63821892393321,4.42050389543014,0.00294735546924989,0.0352334193023401,0.0287638371732436,"ENSG00000006283/ENSG00000112837/ENSG00000145362/ENSG00000153956",4
"GO:0035265","GO:0035265","organ growth","10/392","193/21468",0.0518134715025907,2.83758062810616,3.49723560044752,0.0029903809413567,0.0355747362324264,0.0290424812786377,"ENSG00000105664/ENSG00000117152/ENSG00000137745/ENSG00000140285/ENSG00000157168/ENSG00000159899/ENSG00000162733/ENSG00000163513/ENSG00000167244/ENSG00000169946",10
"GO:0006874","GO:0006874","intracellular calcium ion homeostasis","14/392","328/21468",0.0426829268292683,2.33754355400697,3.32910106579995,0.00300097459326812,0.0355747362324264,0.0290424812786377,"ENSG00000058668/ENSG00000103888/ENSG00000105971/ENSG00000107562/ENSG00000107736/ENSG00000118762/ENSG00000143028/ENSG00000144935/ENSG00000145362/ENSG00000155886/ENSG00000160801/ENSG00000168959/ENSG00000184304/ENSG00000198523",14
"GO:0051924","GO:0051924","regulation of calcium ion transport","13/392","293/21468",0.0443686006825939,2.42985999860695,3.36085854611643,0.00300508296769267,0.0355747362324264,0.0290424812786377,"ENSG00000065534/ENSG00000070808/ENSG00000103888/ENSG00000107562/ENSG00000109047/ENSG00000117152/ENSG00000118762/ENSG00000144935/ENSG00000145362/ENSG00000153956/ENSG00000184304/ENSG00000198523/ENSG00000203805",13
"GO:0030832","GO:0030832","regulation of actin filament length","9/392","163/21468",0.0552147239263804,3.02385125829473,3.5372539544358,0.00313001708772957,0.0368154421444204,0.0300553680077468,"ENSG00000107562/ENSG00000112902/ENSG00000145147/ENSG00000146122/ENSG00000148700/ENSG00000151422/ENSG00000163431/ENSG00000183853/ENSG00000197256",9
"GO:0099175","GO:0099175","regulation of postsynapse organization","9/392","163/21468",0.0552147239263804,3.02385125829473,3.5372539544358,0.00313001708772957,0.0368154421444204,0.0300553680077468,"ENSG00000101463/ENSG00000111859/ENSG00000117600/ENSG00000131711/ENSG00000134569/ENSG00000170558/ENSG00000177707/ENSG00000182771/ENSG00000185070",9
"GO:1990776","GO:1990776","response to angiotensin","5/392","55/21468",0.0909090909090909,4.97866419294991,4.02915976393426,0.00325553532444873,0.0381690647975431,0.0311604376365083,"ENSG00000070808/ENSG00000122641/ENSG00000162733/ENSG00000168542/ENSG00000184304",5
"GO:0090022","GO:0090022","regulation of neutrophil chemotaxis","4/392","34/21468",0.117647058823529,6.44297719087635,4.33170603738378,0.00329287305515482,0.0384834812643972,0.0314171207582789,"ENSG00000109743/ENSG00000145147/ENSG00000166086/ENSG00000197635",4
"GO:0007416","GO:0007416","synapse assembly","13/392","297/21468",0.0437710437710438,2.39713461142033,3.30659044862546,0.00337206695974711,0.0392271519314876,0.0320242381599465,"ENSG00000005810/ENSG00000081818/ENSG00000101463/ENSG00000118946/ENSG00000121904/ENSG00000131711/ENSG00000134569/ENSG00000140557/ENSG00000170558/ENSG00000172260/ENSG00000177707/ENSG00000185070/ENSG00000186340",13
"GO:0030201","GO:0030201","heparan sulfate proteoglycan metabolic process","3/392","17/21468",0.176470588235294,9.66446578631453,4.87390541799883,0.00339626522930568,0.0392271519314876,0.0320242381599465,"ENSG00000137573/ENSG00000153976/ENSG00000196562",3
"GO:0061548","GO:0061548","ganglion development","3/392","17/21468",0.176470588235294,9.66446578631453,4.87390541799883,0.00339626522930568,0.0392271519314876,0.0320242381599465,"ENSG00000075213/ENSG00000099250/ENSG00000117152",3
"GO:0030326","GO:0030326","embryonic limb morphogenesis","8/392","135/21468",0.0592592592592593,3.2453514739229,3.56910945496213,0.00341012419743386,0.0392271519314876,0.0320242381599465,"ENSG00000005073/ENSG00000101115/ENSG00000122691/ENSG00000122707/ENSG00000124813/ENSG00000134569/ENSG00000164107/ENSG00000253293",8
"GO:0035113","GO:0035113","embryonic appendage morphogenesis","8/392","135/21468",0.0592592592592593,3.2453514739229,3.56910945496213,0.00341012419743386,0.0392271519314876,0.0320242381599465,"ENSG00000005073/ENSG00000101115/ENSG00000122691/ENSG00000122707/ENSG00000124813/ENSG00000134569/ENSG00000164107/ENSG00000253293",8
"GO:1903034","GO:1903034","regulation of response to wounding","10/392","197/21468",0.050761421319797,2.77996477778929,3.42282885495022,0.00346172581576124,0.0396959029280708,0.0324069168101456,"ENSG00000065534/ENSG00000073712/ENSG00000078098/ENSG00000104415/ENSG00000122861/ENSG00000134853/ENSG00000144824/ENSG00000162733/ENSG00000177119/ENSG00000184500",10
"GO:0032330","GO:0032330","regulation of chondrocyte differentiation","5/392","56/21468",0.0892857142857143,4.88975947521866,3.97486845160967,0.00352215307676852,0.0402531249624325,0.0328618213917358,"ENSG00000005073/ENSG00000104415/ENSG00000109705/ENSG00000124813/ENSG00000178573",5
"GO:1904375","GO:1904375","regulation of protein localization to cell periphery","9/392","166/21468",0.0542168674698795,2.9692033439882,3.47351385210113,0.00353232725886846,0.0402531249624325,0.0328618213917358,"ENSG00000058668/ENSG00000070808/ENSG00000079819/ENSG00000123384/ENSG00000145506/ENSG00000153071/ENSG00000153823/ENSG00000157227/ENSG00000172061",9
"GO:0050679","GO:0050679","positive regulation of epithelial cell proliferation","11/392","231/21468",0.0476190476190476,2.60787172011662,3.35077618302559,0.00361658765558465,0.0410853342985362,0.0335412199375405,"ENSG00000099250/ENSG00000105971/ENSG00000107562/ENSG00000112902/ENSG00000113578/ENSG00000122691/ENSG00000124813/ENSG00000140285/ENSG00000140945/ENSG00000167244/ENSG00000184304",11
"GO:0070723","GO:0070723","response to cholesterol","4/392","35/21468",0.114285714285714,6.25889212827988,4.2464050674179,0.00366496795689441,0.0415060457780797,0.0338846801163742,"ENSG00000122641/ENSG00000163513/ENSG00000165029/ENSG00000198848",4
"GO:0045766","GO:0045766","positive regulation of angiogenesis","10/392","199/21468",0.050251256281407,2.75202543328889,3.386320233828,0.003718559191577,0.041982992354286,0.0342740494688238,"ENSG00000099250/ENSG00000111961/ENSG00000112902/ENSG00000113578/ENSG00000122691/ENSG00000148848/ENSG00000149948/ENSG00000163513/ENSG00000183287/ENSG00000184304",10
"GO:0048146","GO:0048146","positive regulation of fibroblast proliferation","5/392","57/21468",0.087719298245614,4.80397422126745,3.92185139861895,0.00380409036353556,0.042816500153271,0.0349545080529567,"ENSG00000077942/ENSG00000115414/ENSG00000134853/ENSG00000162733/ENSG00000174807",5
"GO:0090130","GO:0090130","tissue migration","7/392","109/21468",0.0642201834862385,3.5170380078637,3.59291697245289,0.00388422323223456,0.0430757388940904,0.0351661452166944,"ENSG00000107796/ENSG00000111961/ENSG00000140285/ENSG00000146122/ENSG00000163513/ENSG00000169554/ENSG00000197256",7
"GO:0003151","GO:0003151","outflow tract morphogenesis","6/392","82/21468",0.0731707317073171,4.0072175211548,3.72084522122667,0.00389132547034267,0.0430757388940904,0.0351661452166944,"ENSG00000099250/ENSG00000122691/ENSG00000163513/ENSG00000164107/ENSG00000169946/ENSG00000197702",6
"GO:0019226","GO:0019226","transmission of nerve impulse","6/392","82/21468",0.0731707317073171,4.0072175211548,3.72084522122667,0.00389132547034267,0.0430757388940904,0.0351661452166944,"ENSG00000111262/ENSG00000136531/ENSG00000138435/ENSG00000159899/ENSG00000166086/ENSG00000166148",6
"GO:0030239","GO:0030239","myofibril assembly","6/392","82/21468",0.0731707317073171,4.0072175211548,3.72084522122667,0.00389132547034267,0.0430757388940904,0.0351661452166944,"ENSG00000101335/ENSG00000128591/ENSG00000134775/ENSG00000134853/ENSG00000163431/ENSG00000184304",6
"GO:0031016","GO:0031016","pancreas development","6/392","82/21468",0.0731707317073171,4.0072175211548,3.72084522122667,0.00389132547034267,0.0430757388940904,0.0351661452166944,"ENSG00000109705/ENSG00000116729/ENSG00000134138/ENSG00000143195/ENSG00000167244/ENSG00000170558",6
"GO:0042471","GO:0042471","ear morphogenesis","8/392","138/21468",0.0579710144927536,3.17480035492458,3.49541002426862,0.00389777735755712,0.0430757388940904,0.0351661452166944,"ENSG00000060718/ENSG00000107736/ENSG00000109705/ENSG00000112320/ENSG00000112837/ENSG00000122691/ENSG00000148516/ENSG00000164932",8
"GO:0072006","GO:0072006","nephron development","9/392","169/21468",0.0532544378698225,2.91649559231977,3.4111921768556,0.00397417293041336,0.0437877246369038,0.0357473956993744,"ENSG00000005073/ENSG00000107796/ENSG00000113578/ENSG00000118762/ENSG00000134853/ENSG00000137573/ENSG00000153976/ENSG00000162849/ENSG00000196562",9
"GO:0035115","GO:0035115","embryonic forelimb morphogenesis","4/392","36/21468",0.111111111111111,6.08503401360544,4.16436108112021,0.00406457924884029,0.0444610794425777,0.0362971086813597,"ENSG00000005073/ENSG00000122691/ENSG00000122707/ENSG00000124813",4
"GO:0048048","GO:0048048","embryonic eye morphogenesis","4/392","36/21468",0.111111111111111,6.08503401360544,4.16436108112021,0.00406457924884029,0.0444610794425777,0.0362971086813597,"ENSG00000117122/ENSG00000122691/ENSG00000148516/ENSG00000197614",4
"GO:0010595","GO:0010595","positive regulation of endothelial cell migration","8/392","139/21468",0.0575539568345324,3.15196006460138,3.47129064006956,0.00407175003096324,0.0444610794425777,0.0362971086813597,"ENSG00000020181/ENSG00000099250/ENSG00000111961/ENSG00000112902/ENSG00000113578/ENSG00000183287/ENSG00000184304/ENSG00000196468",8
"GO:0099173","GO:0099173","postsynapse organization","12/392","269/21468",0.0446096654275093,2.44306198315758,3.2481647938361,0.00410034703030748,0.0445236712137578,0.0363482073130071,"ENSG00000099250/ENSG00000101463/ENSG00000111859/ENSG00000117600/ENSG00000121904/ENSG00000131711/ENSG00000134569/ENSG00000170558/ENSG00000177707/ENSG00000182771/ENSG00000185070/ENSG00000277586",12
"GO:0014911","GO:0014911","positive regulation of smooth muscle cell migration","5/392","58/21468",0.0862068965517241,4.72114707952146,3.87005481027291,0.0041018253687907,0.0445236712137578,0.0363482073130071,"ENSG00000099250/ENSG00000104415/ENSG00000133110/ENSG00000136869/ENSG00000162733",5
"GO:0070374","GO:0070374","positive regulation of ERK1 and ERK2 cascade","11/392","236/21468",0.0466101694915254,2.55262020062262,3.27084826597763,0.00424718663471297,0.0458776895066095,0.0374535999338871,"ENSG00000073712/ENSG00000099250/ENSG00000107796/ENSG00000113578/ENSG00000122641/ENSG00000127472/ENSG00000131016/ENSG00000134853/ENSG00000136869/ENSG00000157168/ENSG00000164107",11
"GO:0021761","GO:0021761","limbic system development","8/392","140/21468",0.0571428571428571,3.12944606413994,3.44738837652361,0.00425165028505758,0.0458776895066095,0.0374535999338871,"ENSG00000058668/ENSG00000099250/ENSG00000111262/ENSG00000136531/ENSG00000149557/ENSG00000170370/ENSG00000173376/ENSG00000277586",8
"GO:0008277","GO:0008277","regulation of G protein-coupled receptor signaling pathway","9/392","171/21468",0.0526315789473684,2.88238453276047,3.37040276273243,0.0042919703751496,0.0460528117598639,0.0375965661312578,"ENSG00000058668/ENSG00000070808/ENSG00000105971/ENSG00000117152/ENSG00000145147/ENSG00000168959/ENSG00000178695/ENSG00000183775/ENSG00000184347",9
"GO:0006939","GO:0006939","smooth muscle contraction","7/392","111/21468",0.0630630630630631,3.45366795366795,3.53461220776698,0.00429305872337714,0.0460528117598639,0.0375965661312578,"ENSG00000058668/ENSG00000065534/ENSG00000105664/ENSG00000107796/ENSG00000130176/ENSG00000137573/ENSG00000196562",7
"GO:0055007","GO:0055007","cardiac muscle cell differentiation","8/392","141/21468",0.0567375886524823,3.10725141120278,3.42369951970292,0.00443760948481238,0.0474642558346307,0.0387488399766474,"ENSG00000112276/ENSG00000112837/ENSG00000117152/ENSG00000131018/ENSG00000134775/ENSG00000134853/ENSG00000136383/ENSG00000157168",8
"GO:0051279","GO:0051279","regulation of release of sequestered calcium ion into cytosol","6/392","85/21468",0.0705882352941176,3.86578631452581,3.61038541408557,0.0046444378399255,0.0495316432024707,0.0404366124040774,"ENSG00000103888/ENSG00000118762/ENSG00000144935/ENSG00000145362/ENSG00000184304/ENSG00000198523",6
