Module,GeneSymbol,EnsemblID,kME,Full_Name,Aliases,EntrezID,BRCA_Mutation_pct,BRCA_CNA_pct,BRCA_Altered_pct,Functional_Summary
purple,PUF60,ENSG00000179950.14,0.9204,poly(U) binding splicing factor 60,FIR; RoBPI; SIAHBP1; VRJS,22827,0.2,10.7,10.7,"This gene encodes a nucleic acid-binding protein that plays a role in a variety of nuclear processes, including pre-mRNA splicing and transcriptional regulation. The encoded protein forms a complex with the far upstream DNA element (FUSE) and FUSE-binding protein at the myelocytomatosis oncogene (MYC) promoter. This complex represses MYC transcription through the core-TFIIH basal transcription factor. Alternatively spliced transcript variants encoding multiple isoforms have been observed for this gene. [provided by RefSeq, Aug 2012]."
purple,HSF1,ENSG00000185122.11,0.908,heat shock transcription factor 1,HSTF1,3297,0.5,10.8,11.2,"The product of this gene is a transcription factor that is rapidly induced after temperature stress and binds heat shock promoter elements (HSE). This protein plays a role in the regulation of lifespan. Expression of this gene is repressed by phosphorylation, which promotes binding by heat shock protein 90. [provided by RefSeq, Jul 2017]."
purple,SHARPIN,ENSG00000179526.17,0.9074,SHANK associated RH domain interactor,AIFID; SIPL1,81858,0.4,10.8,11.1,"Enables polyubiquitin modification-dependent protein binding activity. Involved in protein linear polyubiquitination and regulation of signal transduction. Located in cytosol. Part of LUBAC complex. [provided by Alliance of Genome Resources, Apr 2022]"
purple,EXOSC4,ENSG00000178896.9,0.8976,exosome component 4,RRP41; RRP41A; Rrp41p; SKI6; Ski6p; hRrp41p; p12A,54512,0.1,10.8,10.8,"Enables mRNA 3'-UTR AU-rich region binding activity. Involved in nucleic acid metabolic process and positive regulation of cell growth. Acts upstream of or within defense response to virus. Located in cytosol; nucleoplasm; and transcriptionally active chromatin. Part of exosome (RNase complex). [provided by Alliance of Genome Resources, Apr 2022]"
purple,HGH1,ENSG00000235173.7,0.8974,HGH1 cochaperone,BRP16; BRP16L; C8orf30A; C8orf30B; FAM203A; FAM203B,51236,0.0,10.8,10.7,No summary available.
purple,ZFTRAF1,ENSG00000187954.13,0.8942,zinc finger TRAF-type and ring finger containing 1,CHRP; CYHR1,50626,0.3,10.8,11.0,"Predicted to enable zinc ion binding activity. Located in nucleoplasm. [provided by Alliance of Genome Resources, Apr 2022]"
purple,CYC1,ENSG00000179091.5,0.8893,cytochrome c1,MC3DN6; UQCR4,1537,0.0,10.8,10.7,"This gene encodes a subunit of the cytochrome bc1 complex, which plays an important role in the mitochondrial respiratory chain by transferring electrons from the Rieske iron-sulfur protein to cytochrome c. Mutations in this gene may cause mitochondrial complex III deficiency, nuclear type 6. [provided by RefSeq, Dec 2013]."
purple,COMMD5,ENSG00000170619.10,0.889,COMM domain containing 5,HCARG; HT002,28991,0.2,10.8,10.8,"Predicted to be involved in proximal tubule morphogenesis. Located in cytosol and nucleoplasm. [provided by Alliance of Genome Resources, Apr 2022]"
purple,PYCR3,ENSG00000104524.14,0.8802,pyrroline-5-carboxylate reductase 3,PYCRL,65263,0.0,10.7,10.5,"This gene encodes a protein that belongs to the pyrroline-5-carboxylate reductase family of enzymes. Members of this family catalyze the final step in proline biosynthesis, converting pyrroline-5-carboxylate to proline. Glutamate and ornithine are precursors in the synthesis of proline. The protein encoded by this gene is a cytoplasmic enzyme involved in the biosynthesis of proline from ornithine. [provided by RefSeq, Aug 2016]."
purple,ZC3H3,ENSG00000014164.7,0.8703,zinc finger CCCH-type containing 3,SMICL; ZC3HDC3,23144,0.1,10.8,10.7,"Predicted to enable SMAD binding activity. Involved in regulation of mRNA polyadenylation. Located in nucleus. [provided by Alliance of Genome Resources, Apr 2022]"
purple,FBXL6,ENSG00000182325.11,0.8688,F-box and leucine rich repeat protein 6,FBL6; FBL6A; PP14630,26233,0.3,10.8,11.0,"This gene encodes a member of a family of proteins that are characterized by an F-box motif. The encoded protein also contains leucine-rich repeats. F-box-containing proteins comprise one of the subunits of the SCF (SKP1-cullin-F-box) complex, which functions in phosphorylation-dependent ubiquitination. Alternative splicing results in multiple transcript variants. [provided by RefSeq, Jul 2013]."
purple,SLC52A2,ENSG00000185803.12,0.8682,solute carrier family 52 member 2,BVVLS2; D15Ertd747e; GPCR41; GPR172A; HuPAR-1; PAR1; RFT3; RFVT2; hRFT3,79581,0.3,10.8,11.0,"This gene encodes a membrane protein which belongs to the riboflavin transporter family. In humans, riboflavin must be obtained by intestinal absorption because it cannot be synthesized by the body. The water-soluble vitamin riboflavin is processed to the coenzymes flavin mononucleotide (FMN) and flavin adenine dinucleotide (FAD) which then act as intermediaries in many cellular metabolic reactions. Paralogous members of the riboflavin transporter gene family are located on chromosomes 17 and 20. Unlike other members of this family, this gene has higher expression in brain tissue than small intestine. Alternative splicing of this gene results in multiple transcript variants encoding the same protein. Mutations in this gene have been associated with Brown-Vialetto-Van Laere syndrome 2 - an autosomal recessive progressive neurologic disorder characterized by deafness, bulbar dysfunction, and axial and limb hypotonia. [provided by RefSeq, Jul 2012]."
purple,BOP1,ENSG00000261236.8,0.8621,BOP1 ribosomal biogenesis factor,,23246,0.0,10.8,10.7,"Enables RNA binding activity. Involved in regulation of cell cycle; regulation of signal transduction by p53 class mediator; and ribosomal large subunit biogenesis. Located in chromosome; nucleolus; and nucleoplasm. Part of PeBoW complex. [provided by Alliance of Genome Resources, Apr 2022]"
purple,VPS28,ENSG00000160948.14,0.8535,VPS28 subunit of ESCRT-I,CIIA,51160,0.1,10.8,10.8,"This gene encodes a protein subunit of the ESCRT-I complex (endosomal complexes required for transport), which functions in the transport and sorting of proteins into subcellular vesicles. This complex can also be hijacked to facilitate the budding of enveloped viruses from the cell membrane. Alternative splicing results in multiple transcript variants encoding different isoforms. [provided by RefSeq, Jul 2013]."
purple,SCRIB,ENSG00000180900.20,0.8479,scribble planar cell polarity protein,CRIB1; SCRB1; SCRIB1; Vartul; oSCRIB,23513,0.8,10.6,11.0,"This gene encodes a protein that was identified as being similar to the Drosophila scribble protein. The mammalian protein is involved in tumor suppression pathways. As a scaffold protein involved in cell polarization processes, this protein binds to many other proteins. The encoded protein binds to papillomavirus E6 protein via its PDZ domain and the C-terminus of E6. Two alternatively spliced transcript variants that encode different protein isoforms have been found for this gene. [provided by RefSeq, Nov 2011]."
purple,C8orf82,ENSG00000213563.7,0.8365,chromosome 8 open reading frame 82,,414919,0.0,10.8,10.7,No summary available.
purple,TIGD5,ENSG00000179886.6,0.8323,tigger transposable element derived 5,,84948,0.0,10.7,10.5,"The protein encoded by this gene belongs to the tigger subfamily of the pogo superfamily of DNA-mediated transposons in humans. These proteins are related to DNA transposons found in fungi and nematodes, and more distantly to the Tc1 and mariner transposases. They are also very similar to the major mammalian centromere protein B. The exact function of this gene is not known. [provided by RefSeq, Jul 2008]."
purple,ADCK5,ENSG00000173137.12,0.8293,aarF domain containing kinase 5,,203054,0.3,10.8,11.0,"Predicted to enable protein serine/threonine kinase activity. Predicted to be involved in protein phosphorylation. Predicted to be integral component of membrane. [provided by Alliance of Genome Resources, Apr 2022]"
purple,GPAA1,ENSG00000197858.11,0.8212,glycosylphosphatidylinositol anchor attachment 1,GAA1; GPIBD15; hGAA1,8733,0.3,10.8,11.0,"Posttranslational glycosylphosphatidylinositol (GPI) anchor attachment serves as a general mechanism for linking proteins to the cell surface membrane. The protein encoded by this gene presumably functions in GPI anchoring at the GPI transfer step. The mRNA transcript is ubiquitously expressed in both fetal and adult tissues. The anchor attachment protein 1 contains an N-terminal signal sequence, 1 cAMP- and cGMP-dependent protein kinase phosphorylation site, 1 leucine zipper pattern, 2 potential N-glycosylation sites, and 8 putative transmembrane domains. [provided by RefSeq, Jul 2008]."
purple,RECQL4,ENSG00000160957.14,0.8171,RecQ like helicase 4,RECQ4,9401,0.6,10.8,11.2,"The protein encoded by this gene is a DNA helicase that belongs to the RecQ helicase family. DNA helicases unwind double-stranded DNA into single-stranded DNAs and may modulate chromosome segregation. This gene is predominantly expressed in thymus and testis. Mutations in this gene are associated with Rothmund-Thomson, RAPADILINO and Baller-Gerold syndromes. [provided by RefSeq, Jan 2010]."
green,NAA10,ENSG00000102030.16,0.8582,"N-alpha-acetyltransferase 10, NatA catalytic subunit",ARD1; ARD1A; ARD1P; DXS707; LZMS; MAA; MCOPS1; NATD; OGDNS; TE2; hARD1,8260,0.3,1.6,1.8,"N-alpha-acetylation is among the most common post-translational protein modifications in eukaryotic cells. This process involves the transfer of an acetyl group from acetyl-coenzyme A to the alpha-amino group on a nascent polypeptide and is essential for normal cell function. This gene encodes an N-terminal acetyltransferase that functions as the catalytic subunit of the major amino-terminal acetyltransferase A complex. Mutations in this gene are the cause of Ogden syndrome. Alternate splicing results in multiple transcript variants. [provided by RefSeq, Jan 2012]."
green,GADD45GIP1,ENSG00000179271.3,0.857,GADD45G interacting protein 1,CKBBP2; CKbetaBP2; CRIF1; MRP-L59; PLINP; PLINP-1; PRG6; Plinp1; mL64,90480,0.0,1.3,1.3,"This gene encodes a nuclear-localized protein that may be induced by p53 and regulates the cell cycle by inhibiting G1 to S phase progression. The encoded protein may interact with other cell cycle regulators. [provided by RefSeq, Aug 2012]."
green,AURKAIP1,ENSG00000175756.13,0.8368,aurora kinase A interacting protein 1,AIP; AKIP; Cox24; MRP-S38; mS38,54998,0.2,1.2,1.4,"Acts upstream of or within positive regulation of proteolysis. Located in mitochondrion and nucleoplasm. [provided by Alliance of Genome Resources, Apr 2022]"
green,NDUFB7,ENSG00000099795.7,0.8354,NADH:ubiquinone oxidoreductase subunit B7,B18; CI-B18; MC1DN39,4713,0.0,1.1,1.1,"The protein encoded by this gene is a subunit of the multisubunit NADH:ubiquinone oxidoreductase (complex I). Mammalian complex I is composed of 45 different subunits. It is located at the mitochondrial inner membrane. This protein has NADH dehydrogenase activity and oxidoreductase activity. It transfers electrons from NADH to the respiratory chain. The immediate electron acceptor for the enzyme is believed to be ubiquinone. [provided by RefSeq, Jul 2008]."
green,SNRPA,ENSG00000077312.9,0.8353,small nuclear ribonucleoprotein polypeptide A,Mud1; U1-A; U1A,6626,0.2,1.2,1.4,"The protein encoded by this gene associates with stem loop II of the U1 small nuclear ribonucleoprotein, which binds the 5' splice site of precursor mRNAs and is required for splicing. The encoded protein autoregulates itself by polyadenylation inhibition of its own pre-mRNA via dimerization and has been implicated in the coupling of splicing and polyadenylation. [provided by RefSeq, Oct 2010]."
green,LSM7,ENSG00000130332.15,0.8322,"LSM7 homolog, U6 small nuclear RNA and mRNA degradation associated",LDCA; YNL147W,51690,0.0,0.8,0.8,"Sm-like proteins were identified in a variety of organisms based on sequence homology with the Sm protein family (see SNRPD2; MIM 601061). Sm-like proteins contain the Sm sequence motif, which consists of 2 regions separated by a linker of variable length that folds as a loop. The Sm-like proteins are thought to form a stable heteromer present in tri-snRNP particles, which are important for pre-mRNA splicing.[supplied by OMIM, Apr 2004]."
green,CCDC124,ENSG00000007080.11,0.8317,coiled-coil domain containing 124,Lso2; oxs1,115098,0.1,1.1,1.2,"Enables RNA binding activity. Predicted to be involved in cell division. Located in cytosol and plasma membrane. [provided by Alliance of Genome Resources, Apr 2022]"
green,COPE,ENSG00000105669.14,0.8266,coat protein complex I subunit epsilon,epsilon-COP,11316,0.3,1.3,1.6,"The product of this gene is an epsilon subunit of coatomer protein complex. Coatomer is a cytosolic protein complex that binds to dilysine motifs and reversibly associates with Golgi non-clathrin-coated vesicles. It is required for budding from Golgi membranes, and is essential for the retrograde Golgi-to-ER transport of dilysine-tagged proteins. Coatomer complex consists of at least the alpha, beta, beta', gamma, delta, epsilon and zeta subunits. Alternatively spliced transcript variants encoding different isoforms have been identified. [provided by RefSeq, Jul 2008]."
green,BABAM1,ENSG00000105393.16,0.8203,BRISC and BRCA1 A complex member 1,C19orf62; HSPC142; MERIT40; NBA1,29086,0.1,1.5,1.6,"Involved in several processes, including mitotic G2 DNA damage checkpoint signaling; positive regulation of DNA repair; and protein K63-linked deubiquitination. Located in cytosol and nuclear body. Part of BRCA1-A complex and BRISC complex. [provided by Alliance of Genome Resources, Apr 2022]"
green,NDUFB11,ENSG00000147123.11,0.8157,NADH:ubiquinone oxidoreductase subunit B11,CI-ESSS; ESSS; MC1DN30; NP17.3; Np15; P17.3,54539,0.0,1.3,1.3,"The protein encoded by this gene is a subunit of the multisubunit NADH:ubiquinone oxidoreductase (complex I). Mammalian complex I is located at the mitochondrial inner membrane. This protein has NADH dehydrogenase activity and oxidoreductase activity. It transfers electrons from NADH to ubiquinone. Mutations in the human gene are associated with linear skin defects with multiple congenital anomalies 3 and mitochondrial complex I deficiency. [provided by RefSeq, Dec 2016]."
green,POLR2J,ENSG00000005075.15,0.8103,RNA polymerase II subunit J,POLR2J1; RPB11; RPB11A; RPB11m; hRPB14,5439,0.2,0.5,0.6,"This gene encodes a subunit of RNA polymerase II, the polymerase responsible for synthesizing messenger RNA in eukaryotes. The product of this gene exists as a heterodimer with another polymerase subunit; together they form a core subassembly unit of the polymerase. Two similar genes are located nearby on chromosome 7q22.1 and a pseudogene is found on chromosome 7p13. [provided by RefSeq, Jul 2008]."
green,NDUFS6,ENSG00000145494.12,0.8088,NADH:ubiquinone oxidoreductase subunit S6,CI-13kA; CI-13kD-A; CI13KDA; MC1DN9,4726,0.1,2.2,2.3,"This gene encodes a subunit of the NADH:ubiquinone oxidoreductase (complex I), which is the first enzyme complex in the electron transport chain of mitochondria. This complex functions in the transfer of electrons from NADH to the respiratory chain. The subunit encoded by this gene is one of seven subunits in the iron-sulfur protein fraction. Mutations in this gene cause mitochondrial complex I deficiency, a disease that causes a wide variety of clinical disorders, including neonatal disease and adult-onset neurodegenerative disorders.[provided by RefSeq, Oct 2009]."
green,LSM4,ENSG00000130520.11,0.8086,"LSM4 homolog, U6 small nuclear RNA and mRNA degradation associated",GRP; YER112W,25804,0.2,1.4,1.6,"This gene encodes a member of the LSm family of RNA-binding proteins. LSm proteins form stable heteromers that bind specifically to the 3'-terminal oligo(U) tract of U6 snRNA and may play a role in pre-mRNA splicing by mediating U4/U6 snRNP formation. Alternatively spliced transcript variants encoding multiple isoforms have been observed for this gene. [provided by RefSeq, Nov 2011]."
green,POP7,ENSG00000172336.5,0.807,POP7 ribonuclease P/MRP subunit,0610037N12Rik; RPP2; RPP20,10248,0.0,0.9,0.9,"Enables ribonuclease P RNA binding activity. Contributes to ribonuclease P activity. Involved in tRNA 5'-leader removal. Located in nucleolus. Part of multimeric ribonuclease P complex and ribonuclease MRP complex. [provided by Alliance of Genome Resources, Apr 2022]"
green,SURF2,ENSG00000148291.10,0.8065,surfeit 2,SURF-2,6835,0.2,0.8,1.0,"This gene shares a bidirectional promoter with surfeit 1 (SURF1; GeneID: 6834), which is located on the opposite strand. It encodes a conserved protein that is expressed in a variety of tissues. [provided by RefSeq, Jul 2013]."
green,PRPF31,ENSG00000105618.14,0.8059,pre-mRNA processing factor 31,NY-BR-99; PRP31; RP11; SNRNP61,26121,0.3,1.7,1.8,"This gene encodes a component of the spliceosome complex and is one of several retinitis pigmentosa-causing genes. When the gene product is added to the spliceosome complex, activation occurs.[provided by RefSeq, Jan 2009]."
green,ATP5F1D,ENSG00000099624.8,0.8048,ATP synthase F1 subunit delta,ATP5D; MC5DN5,513,0.0,1.0,1.0,"This gene encodes a subunit of mitochondrial ATP synthase. Mitochondrial ATP synthase catalyzes ATP synthesis, utilizing an electrochemical gradient of protons across the inner membrane during oxidative phosphorylation. ATP synthase is composed of two linked multi-subunit complexes: the soluble catalytic core, F1, and the membrane-spanning component, Fo, comprising the proton channel. The catalytic portion of mitochondrial ATP synthase consists of 5 different subunits (alpha, beta, gamma, delta, and epsilon) assembled with a stoichiometry of 3 alpha, 3 beta, and a single representative of the other 3. The proton channel consists of three main subunits (a, b, c). This gene encodes the delta subunit of the catalytic core. Alternatively spliced transcript variants encoding the same isoform have been identified. [provided by RefSeq, Jul 2008]."
green,CDC34,ENSG00000099804.9,0.8041,"cell division cycle 34, ubiquitin conjugating enzyme",E2-CDC34; UBC3; UBCH3; UBE2R1,997,0.3,1.2,1.5,"The protein encoded by this gene is a member of the ubiquitin-conjugating enzyme family. Ubiquitin-conjugating enzyme catalyzes the covalent attachment of ubiquitin to other proteins. This protein is a part of the large multiprotein complex, which is required for ubiquitin-mediated degradation of cell cycle G1 regulators, and for the initiation of DNA replication. [provided by RefSeq, Jul 2008]."
green,RPS19BP1,ENSG00000187051.9,0.8031,ribosomal protein S19 binding protein 1,AROS; S19BP,91582,0.0,0.4,0.4,"Enables enzyme binding activity. Located in cytosol; nucleolus; and nucleoplasm. [provided by Alliance of Genome Resources, Apr 2022]"
green,ENSG00000148362.11,ENSG00000148362.11,0.8013,,,,,,,No summary available.
pink,MCRIP2,ENSG00000172366.20,0.8929,MAPK regulated corepressor interacting protein 2,C16orf14; FAM195A; c349E10.1,84331,0.1,3.9,4.0,"Located in cytoplasmic stress granule and nucleus. [provided by Alliance of Genome Resources, Apr 2022]"
pink,NME3,ENSG00000103024.7,0.8906,NME/NM23 nucleoside diphosphate kinase 3,DR-nm23; NDK3; NDPK-C; NDPKC; NM23-H3; NM23H3; c371H6.2,4832,0.0,4.2,4.2,"Predicted to enable nucleoside diphosphate kinase activity. Predicted to be involved in apoptotic process and nucleotide metabolic process. Predicted to be located in cytosol. [provided by Alliance of Genome Resources, Apr 2022]"
pink,NUBP2,ENSG00000095906.17,0.8786,"NUBP iron-sulfur cluster assembly factor 2, cytosolic",CFD1; CIAO6; NBP 2,10101,0.0,4.2,4.2,"This gene encodes an adenosine triphosphate (ATP) and metal-binding protein that is required for the assembly of cyotosolic iron-sulfur proteins. The encoded protein functions in a heterotetramer with nucleotide-binding protein 1 (NUBP1). Alternative splicing results in multiple transcript variants. [provided by RefSeq, Oct 2013]."
pink,ZNF688,ENSG00000229809.8,0.8766,zinc finger protein 688,,146542,0.3,4.0,4.2,"Predicted to enable DNA-binding transcription repressor activity, RNA polymerase II-specific and RNA polymerase II transcription regulatory region sequence-specific DNA binding activity. Predicted to be involved in negative regulation of transcription by RNA polymerase II. Predicted to be located in nucleus. [provided by Alliance of Genome Resources, Apr 2022]"
pink,ANTKMT,ENSG00000103254.10,0.8719,adenine nucleotide translocase lysine methyltransferase,ANT-KMT; C16orf24; FAM173A,65990,0.0,3.9,3.9,"Enables protein-lysine N-methyltransferase activity. Involved in peptidyl-lysine trimethylation. Located in mitochondrion. [provided by Alliance of Genome Resources, Apr 2022]"
pink,CIAO3,ENSG00000103245.14,0.8673,cytosolic iron-sulfur assembly component 3,HPRN; IOP1; LET1L; NAR1; NARFL; PRN,64428,0.1,4.0,4.1,"Predicted to enable 4 iron, 4 sulfur cluster binding activity. Involved in several processes, including iron-sulfur cluster assembly; oxygen homeostasis; and response to hypoxia. Part of CIA complex. [provided by Alliance of Genome Resources, Apr 2022]"
pink,PIGQ,ENSG00000007541.17,0.8586,phosphatidylinositol glycan anchor biosynthesis class Q,DEE77; EIEE77; GPI1; GPIBD19; MCAHS4; c407A10.1,9091,0.6,3.9,4.4,"This gene is involved in the first step in glycosylphosphatidylinositol (GPI)-anchor biosynthesis. The GPI-anchor is a glycolipid found on many blood cells and serves to anchor proteins to the cell surface. This gene encodes a N-acetylglucosaminyl transferase component that is part of the complex that catalyzes transfer of N-acetylglucosamine (GlcNAc) from UDP-GlcNAc to phosphatidylinositol (PI). Alternatively spliced transcript variants encoding different isoforms have been found for this gene. [provided by RefSeq, Jun 2012]."
pink,FLYWCH2,ENSG00000162076.13,0.8575,FLYWCH family member 2,,114984,0.0,3.8,3.8,"Enables RNA binding activity. [provided by Alliance of Genome Resources, Apr 2022]"
pink,ECI1,ENSG00000167969.13,0.8499,enoyl-CoA delta isomerase 1,DCI,1632,0.3,4.2,4.4,"This gene encodes a member of the hydratase/isomerase superfamily. The protein encoded is a key mitochondrial enzyme involved in beta-oxidation of unsaturated fatty acids. It catalyzes the transformation of 3-cis and 3-trans-enoyl-CoA esters arising during the stepwise degradation of cis-, mono-, and polyunsaturated fatty acids to the 2-trans-enoyl-CoA intermediates. Alternatively spliced transcript variants have been described. [provided by RefSeq, May 2010]."
pink,ROGDI,ENSG00000067836.13,0.8489,rogdi atypical leucine zipper,KTZS; RAV2; ROGD1,79641,0.1,4.0,4.1,"This gene encodes a protein of unknown function. Loss-of-function mutation in this gene cause Kohlschutter-Tonz syndrome. Alternate splicing results in multiple transcript variants. [provided by RefSeq, Mar 2012]"
pink,MRPS34,ENSG00000074071.15,0.8476,mitochondrial ribosomal protein S34,COXPD32; MRP-S12; MRP-S34; mS34,65993,0.1,4.2,4.2,"Mammalian mitochondrial ribosomal proteins are encoded by nuclear genes and help in protein synthesis within the mitochondrion. Mitochondrial ribosomes (mitoribosomes) consist of a small 28S subunit and a large 39S subunit. They have an estimated 75% protein to rRNA composition compared to prokaryotic ribosomes, where this ratio is reversed. Another difference between mammalian mitoribosomes and prokaryotic ribosomes is that the latter contain a 5S rRNA. Among different species, the proteins comprising the mitoribosome differ greatly in sequence, and sometimes in biochemical properties, which prevents easy recognition by sequence homology. This gene encodes a 28S subunit protein. Alternative splicing results in multiple transcript variants. [provided by RefSeq, Jul 2014]."
pink,RHOT2,ENSG00000140983.14,0.8446,ras homolog family member T2,ARHT2; C16orf39; MIRO-2; MIRO2; RASL,89941,0.1,3.9,4.0,"This gene encodes a member of the Rho family of GTPases. The encoded protein is localized to the outer mitochondrial membrane and plays a role in mitochondrial trafficking and fusion-fission dynamics. [provided by RefSeq, Nov 2011]."
pink,ZNF205,ENSG00000122386.11,0.8412,zinc finger protein 205,RhitH; ZNF210; Zfp13,7755,0.1,3.9,4.0,"Predicted to enable DNA-binding transcription factor activity, RNA polymerase II-specific and RNA polymerase II cis-regulatory region sequence-specific DNA binding activity. Involved in negative regulation of transcription by RNA polymerase II; positive regulation of hydrogen peroxide biosynthetic process; and positive regulation of mitochondrial outer membrane permeabilization involved in apoptotic signaling pathway. Predicted to be located in mitochondrion and nucleus. [provided by Alliance of Genome Resources, Apr 2022]"
pink,LOC122513141,ENSG00000284976.1,0.8409,ring finger protein-like,,122513141,0.0,0.0,0.0,No summary available.
pink,RABEP2,ENSG00000177548.13,0.8392,"rabaptin, RAB GTPase binding effector protein 2",FRA,79874,0.8,3.6,4.2,"Predicted to enable GTPase activator activity and growth factor activity. Involved in regulation of cilium assembly. Located in cytosol; intracellular membrane-bounded organelle; and microtubule organizing center. [provided by Alliance of Genome Resources, Apr 2022]"
pink,WDR24,ENSG00000127580.17,0.8386,WD repeat domain 24,C16orf21; JFP7,84219,0.3,3.9,4.2,"Involved in cellular response to amino acid starvation; positive regulation of TOR signaling; and regulation of autophagy. Located in cytosol and lysosomal membrane. Part of GATOR2 complex. [provided by Alliance of Genome Resources, Apr 2022]"
pink,E4F1,ENSG00000167967.16,0.8345,E4F transcription factor 1,E4F,1877,0.5,4.2,4.6,"The zinc finger protein encoded by this gene is one of several cellular transcription factors whose DNA-binding activities are regulated through the action of adenovirus E1A. A 50-kDa amino-terminal product is generated from the full-length protein through proteolytic cleavage. The protein is differentially regulated by E1A-induced phosphorylation. The full-length gene product represses transcription from the E4 promoter in the absence of E1A, while the 50-kDa form acts as a transcriptional activator in its presence. Alternative splicing results in multiple transcripts encoding different proteins. [provided by RefSeq, Jan 2014]."
pink,GFER,ENSG00000127554.13,0.8258,"growth factor, augmenter of liver regeneration",ALR; ERV1; HERV1; HPO; HPO1; HPO2; HSS; MMCHD; MPMCD,2671,0.0,4.2,4.2,"The hepatotrophic factor designated augmenter of liver regeneration (ALR) is thought to be one of the factors responsible for the extraordinary regenerative capacity of mammalian liver. It has also been called hepatic regenerative stimulation substance (HSS). The gene resides on chromosome 16 in the interval containing the locus for polycystic kidney disease (PKD1). The putative gene product is 42% similar to the scERV1 protein of yeast. The yeast scERV1 gene had been found to be essential for oxidative phosphorylation, the maintenance of mitochondrial genomes, and the cell division cycle. The human gene is both the structural and functional homolog of the yeast scERV1 gene. [provided by RefSeq, Jul 2008]."
pink,NDUFB10,ENSG00000140990.15,0.8155,NADH:ubiquinone oxidoreductase subunit B10,MC1DN35; PDSW,4716,0.2,4.2,4.3,"Involved in mitochondrial respiratory chain complex I assembly. Located in mitochondrial inner membrane. Part of mitochondrial respiratory chain complex I. Implicated in nuclear type mitochondrial complex I deficiency 35. [provided by Alliance of Genome Resources, Apr 2022]"
pink,MPG,ENSG00000103152.12,0.8147,N-methylpurine DNA glycosylase,AAG; ADPG; APNG; CRA36.1; MDG; PIG11; PIG16; anpg,4350,0.5,3.9,4.3,"Predicted to enable alkylbase DNA N-glycosylase activity. Predicted to be involved in base-excision repair. Located in cytosol and nucleoplasm. [provided by Alliance of Genome Resources, Apr 2022]"
greenyellow,H4C4,ENSG00000277157.2,0.8622,H4 clustered histone 4,H4/b; H4FB; HIST1H4D; dJ221C16.9,8360,0.5,1.1,1.6,"Histones are basic nuclear proteins that are responsible for the nucleosome structure of the chromosomal fiber in eukaryotes. Two molecules of each of the four core histones (H2A, H2B, H3, and H4) form an octamer, around which approximately 146 bp of DNA is wrapped in repeating units, called nucleosomes. The linker histone, H1, interacts with linker DNA between nucleosomes and functions in the compaction of chromatin into higher order structures. This gene is intronless and encodes a replication-dependent histone that is a member of the histone H4 family. Transcripts from this gene lack polyA tails but instead contain a palindromic termination element. This gene is found in the large histone gene cluster on chromosome 6. [provided by RefSeq, Aug 2015]."
greenyellow,H2BC17,ENSG00000274641.2,0.8442,H2B clustered histone 17,H2B.2; H2B/n; H2BFN; HIST1H2BO; dJ193B12.2,8348,0.0,1.0,1.0,"Histones are basic nuclear proteins that are responsible for the nucleosome structure of the chromosomal fiber in eukaryotes. Two molecules of each of the four core histones (H2A, H2B, H3, and H4) form an octamer, around which approximately 146 bp of DNA is wrapped in repeating units, called nucleosomes. The linker histone, H1, interacts with linker DNA between nucleosomes and functions in the compaction of chromatin into higher order structures. This gene is intronless and encodes a replication-dependent histone that is a member of the histone H2B family. Transcripts from this gene lack polyA tails but instead contain a palindromic termination element. This gene is found in the small histone gene cluster on chromosome 6p22-p21.3. [provided by RefSeq, Aug 2015]."
greenyellow,H2BC7,ENSG00000277224.2,0.8349,H2B clustered histone 7,H2B/g; H2BFG; HIST1H2BF,8343,0.0,1.1,1.1,"Histones are basic nuclear proteins that are responsible for the nucleosome structure of the chromosomal fiber in eukaryotes. Two molecules of each of the four core histones (H2A, H2B, H3, and H4) form an octamer, around which approximately 146 bp of DNA is wrapped in repeating units, called nucleosomes. The linker histone, H1, interacts with linker DNA between nucleosomes and functions in the compaction of chromatin into higher order structures. This gene is intronless and encodes a replication-dependent histone that is a member of the histone H2B family. The protein has antibacterial and antifungal antimicrobial activity. Transcripts from this gene lack polyA tails but instead contain a palindromic termination element. This gene is found in the large histone gene cluster on chromosome 6. [provided by RefSeq, Aug 2015]."
greenyellow,H4C5,ENSG00000276966.2,0.8275,H4 clustered histone 5,H4/j; H4FJ; HIST1H4E; TEBIVANED3; TEVANED3,8367,0.2,1.1,1.3,"Histones are basic nuclear proteins that are responsible for the nucleosome structure of the chromosomal fiber in eukaryotes. Two molecules of each of the four core histones (H2A, H2B, H3, and H4) form an octamer, around which approximately 146 bp of DNA is wrapped in repeating units, called nucleosomes. The linker histone, H1, interacts with linker DNA between nucleosomes and functions in the compaction of chromatin into higher order structures. This gene is intronless and encodes a replication-dependent histone that is a member of the histone H4 family. Transcripts from this gene lack polyA tails but instead contain a palindromic termination element. This gene is found in the large histone gene cluster on chromosome 6. [provided by RefSeq, Aug 2015]."
greenyellow,H2AC13,ENSG00000196747.4,0.811,H2A clustered histone 13,H2A/c; H2AFC; HIST1H2AI,8329,0.4,0.9,1.3,"Histones are basic nuclear proteins that are responsible for the nucleosome structure of the chromosomal fiber in eukaryotes. Two molecules of each of the four core histones (H2A, H2B, H3, and H4) form an octamer, around which approximately 146 bp of DNA is wrapped in repeating units, called nucleosomes. The linker histone, H1, interacts with linker DNA between nucleosomes and functions in the compaction of chromatin into higher order structures. This gene is intronless and encodes a replication-dependent histone that is a member of the histone H2A family. Transcripts from this gene lack polyA tails but instead contain a palindromic termination element. This gene is found in the small histone gene cluster on chromosome 6p22-p21.3. [provided by RefSeq, Aug 2015]."
greenyellow,H3C10,ENSG00000278828.1,0.8088,H3 clustered histone 10,H3/k; H3F1K; H3FK; HIST1H3H,8357,0.0,0.9,0.9,"Histones are basic nuclear proteins that are responsible for the nucleosome structure of the chromosomal fiber in eukaryotes. Two molecules of each of the four core histones (H2A, H2B, H3, and H4) form an octamer, around which approximately 146 bp of DNA is wrapped in repeating units, called nucleosomes. The linker histone, H1, interacts with linker DNA between nucleosomes and functions in the compaction of chromatin into higher order structures. This gene is intronless and encodes a replication-dependent histone that is a member of the histone H3 family. Transcripts from this gene lack polyA tails but instead contain a palindromic termination element. This gene is found in the small histone gene cluster on chromosome 6p22-p21.3. [provided by RefSeq, Aug 2015]."
greenyellow,H4C8,ENSG00000158406.5,0.7958,H4 clustered histone 8,H4/h; H4FH; HIST1H4H,8365,0.2,1.1,1.3,"Histones are basic nuclear proteins that are responsible for the nucleosome structure of the chromosomal fiber in eukaryotes. Two molecules of each of the four core histones (H2A, H2B, H3, and H4) form an octamer, around which approximately 146 bp of DNA is wrapped in repeating units, called nucleosomes. The linker histone, H1, interacts with linker DNA between nucleosomes and functions in the compaction of chromatin into higher order structures. This gene is intronless and encodes a replication-dependent histone that is a member of the histone H4 family. Transcripts from this gene lack polyA tails but instead contain a palindromic termination element. This gene is found in the large histone gene cluster on chromosome 6. [provided by RefSeq, Aug 2015]."
greenyellow,H2BC13,ENSG00000185130.5,0.7879,H2B clustered histone 13,H2B/c; H2BFC; HIST1H2BL; dJ97D16.4,8340,0.2,0.9,1.1,"Histones are basic nuclear proteins that are responsible for the nucleosome structure of the chromosomal fiber in eukaryotes. Two molecules of each of the four core histones (H2A, H2B, H3, and H4) form an octamer, around which approximately 146 bp of DNA is wrapped in repeating units, called nucleosomes. The linker histone, H1, interacts with linker DNA between nucleosomes and functions in the compaction of chromatin into higher order structures. This gene is intronless and encodes a replication-dependent histone that is a member of the histone H2B family. Transcripts from this gene lack polyA tails but instead contain a palindromic termination element. This gene is found in the small histone gene cluster on chromosome 6p22-p21.3. [provided by RefSeq, Aug 2015]."
greenyellow,H1-3,ENSG00000124575.7,0.7875,"H1.3 linker histone, cluster member",H1.3; H1D; H1F3; H1s-2; HIST1H1D,3007,0.2,1.1,1.3,"Histones are basic nuclear proteins responsible for nucleosome structure of the chromosomal fiber in eukaryotes. Two molecules of each of the four core histones (H2A, H2B, H3, and H4) form an octamer, around which approximately 146 bp of DNA is wrapped in repeating units, called nucleosomes. The linker histone, H1, interacts with linker DNA between nucleosomes and functions in the compaction of chromatin into higher order structures. This gene is intronless and encodes a replication-dependent histone that is a member of the histone H1 family. Transcripts from this gene lack polyA tails but instead contain a palindromic termination element. This gene is found in the large histone gene cluster on chromosome 6. [provided by RefSeq, Aug 2015]."
greenyellow,H3C12,ENSG00000197153.5,0.7864,H3 clustered histone 12,H3/j; H3FJ; HIST1H3J,8356,0.1,1.0,1.1,"Histones are basic nuclear proteins that are responsible for the nucleosome structure of the chromosomal fiber in eukaryotes. Two molecules of each of the four core histones (H2A, H2B, H3, and H4) form an octamer, around which approximately 146 bp of DNA is wrapped in repeating units, called nucleosomes. The linker histone, H1, interacts with linker DNA between nucleosomes and functions in the compaction of chromatin into higher order structures. This gene is intronless and encodes a replication-dependent histone that is a member of the histone H3 family. Transcripts from this gene lack polyA tails but instead contain a palindromic termination element. This gene is found in the small histone gene cluster on chromosome 6p22-p21.3. [provided by RefSeq, Aug 2015]."
greenyellow,H1-2,ENSG00000187837.4,0.7722,"H1.2 linker histone, cluster member",H1.2; H1C; H1F2; H1s-1; HIST1H1C,3006,0.5,1.4,1.8,"Histones are basic nuclear proteins responsible for nucleosome structure of the chromosomal fiber in eukaryotes. Two molecules of each of the four core histones (H2A, H2B, H3, and H4) form an octamer, around which approximately 146 bp of DNA is wrapped in repeating units, called nucleosomes. The linker histone, H1, interacts with linker DNA between nucleosomes and functions in the compaction of chromatin into higher order structures. This gene is intronless and encodes a replication-dependent histone that is a member of the histone H1 family. Transcripts from this gene lack polyA tails but instead contain a palindromic termination element. This gene is found in the large histone gene cluster on chromosome 6. [provided by RefSeq, Aug 2015]."
greenyellow,H2BC4,ENSG00000180596.7,0.7661,H2B clustered histone 4,H2B.1; H2B/l; H2BC10; H2BC6; H2BC7; H2BC8; H2BFL; HIST1H2BC; dJ221C16.3,8347,0.8,1.4,2.2,"Histones are basic nuclear proteins that are responsible for the nucleosome structure of the chromosomal fiber in eukaryotes. Two molecules of each of the four core histones (H2A, H2B, H3, and H4) form an octamer, around which approximately 146 bp of DNA is wrapped in repeating units, called nucleosomes. The linker histone, H1, interacts with linker DNA between nucleosomes and functions in the compaction of chromatin into higher order structures. The protein has antibacterial and antifungal antimicrobial activity. The main transcript variant of this gene is intronless and encodes a replication-dependent histone that is a member of the histone H2B family. This transcript variant lacks a polyA tail but instead contains a palindromic termination element. This gene is found in the large histone gene cluster on chromosome 6. [provided by RefSeq, Apr 2020]."
greenyellow,H3C2,ENSG00000286522.2,0.7609,H3 clustered histone 2,H3/l; H3FL; HIST1H3B,8358,1.3,1.4,2.7,"Histones are basic nuclear proteins that are responsible for the nucleosome structure of the chromosomal fiber in eukaryotes. This structure consists of approximately 146 bp of DNA wrapped around a nucleosome, an octamer composed of pairs of each of the four core histones (H2A, H2B, H3, and H4). The chromatin fiber is further compacted through the interaction of a linker histone, H1, with the DNA between the nucleosomes to form higher order chromatin structures. This gene is intronless and encodes a replication-dependent histone that is a member of the histone H3 family. Transcripts from this gene lack polyA tails; instead, they contain a palindromic termination element. This gene is found in the large histone gene cluster on chromosome 6p22-p21.3. [provided by RefSeq, Aug 2015]."
greenyellow,H2BC6,ENSG00000274290.3,0.7552,H2B clustered histone 6,H2B.h; H2B/h; H2BC10; H2BC4; H2BC7; H2BC8; H2BFH; HIST1H2BE; dJ221C16.8,8344,0.1,1.1,1.2,"Histones are basic nuclear proteins that are responsible for the nucleosome structure of the chromosomal fiber in eukaryotes. Two molecules of each of the four core histones (H2A, H2B, H3, and H4) form an octamer, around which approximately 146 bp of DNA is wrapped in repeating units, called nucleosomes. The linker histone, H1, interacts with linker DNA between nucleosomes and functions in the compaction of chromatin into higher order structures. The protein has antibacterial and antifungal antimicrobial activity. This gene is intronless and encodes a replication-dependent histone that is a member of the histone H2B family. Transcripts from this gene lack polyA tails but instead contain a palindromic termination element. This gene is found in the large histone gene cluster on chromosome 6. [provided by RefSeq, Aug 2015]."
greenyellow,H2BC12,ENSG00000197903.8,0.7469,H2B clustered histone 12,H2B/S; H2BFAiii; H2BFT; H2BK; HIST1H2BK,85236,0.4,1.2,1.6,"Histones are basic nuclear proteins that are responsible for the nucleosome structure of the chromosomal fiber in eukaryotes. Two molecules of each of the four core histones (H2A, H2B, H3, and H4) form an octamer, around which approximately 146 bp of DNA is wrapped in repeating units, called nucleosomes. The linker histone, H1, interacts with linker DNA between nucleosomes and functions in the compaction of chromatin into higher order structures. This gene encodes a replication-dependent histone that is a member of the histone H2B family. The protein encoded is an antimicrobial protein with antibacterial and antifungal activity. Two transcripts that encode the same protein have been identified for this gene, which is found in the histone microcluster on chromosome 6p21.33. [provided by RefSeq, Aug 2015]."
greenyellow,H2BC15,ENSG00000233822.4,0.746,H2B clustered histone 15,H2B/d; H2BFD; HIST1H2BN,8341,0.3,1.0,1.3,"Histones are basic nuclear proteins that are responsible for the nucleosome structure of the chromosomal fiber in eukaryotes. Two molecules of each of the four core histones (H2A, H2B, H3, and H4) form an octamer, around which approximately 146 bp of DNA is wrapped in repeating units, called nucleosomes. The linker histone, H1, interacts with linker DNA between nucleosomes and functions in the compaction of chromatin into higher order structures. This gene is intronless and encodes a replication-dependent histone that is a member of the histone H2B family. Transcripts from this gene lack polyA tails but instead contain a palindromic termination element. This gene is found in the small histone gene cluster on chromosome 6p22-p21.3. [provided by RefSeq, Aug 2015]."
greenyellow,H2AC8,ENSG00000277075.2,0.7445,H2A clustered histone 8,H2A.1; H2A.2; H2A/a; H2AFA; HIST1H2AE,3012,0.3,1.1,1.4,"Histones are basic nuclear proteins that are responsible for the nucleosome structure of the chromosomal fiber in eukaryotes. Nucleosomes consist of approximately 146 bp of DNA wrapped around a histone octamer composed of pairs of each of the four core histones (H2A, H2B, H3, and H4). The chromatin fiber is further compacted through the interaction of a linker histone, H1, with the DNA between the nucleosomes to form higher order chromatin structures. This gene is intronless and encodes a replication-dependent histone that is a member of the histone H2A family. Transcripts from this gene lack polyA tails; instead, they contain a palindromic termination element. This gene is found in the large histone gene cluster on chromosome 6p22-p21.3. [provided by RefSeq, Aug 2015]."
greenyellow,H2BC8,ENSG00000273802.2,0.7444,H2B clustered histone 8,H2B.1A; H2B/a; H2BC10; H2BC4; H2BC6; H2BC7; H2BFA; HIST1H2BG; dJ221C16.8,8339,0.6,1.1,1.7,"Histones are basic nuclear proteins that are responsible for the nucleosome structure of the chromosomal fiber in eukaryotes. Nucleosomes consist of approximately 146 bp of DNA wrapped around a histone octamer composed of pairs of each of the four core histones (H2A, H2B, H3, and H4). The chromatin fiber is further compacted through the interaction of a linker histone, H1, with the DNA between the nucleosomes to form higher order chromatin structures. The protein has antibacterial and antifungal antimicrobial activity. This gene is intronless and encodes a replication-dependent histone that is a member of the histone H2B family. Transcripts from this gene lack polyA tails; instead, they contain a palindromic termination element. This gene is found in the large histone gene cluster on chromosome 6p22-p21.3. [provided by RefSeq, Aug 2015]."
greenyellow,H1-4,ENSG00000168298.7,0.7331,"H1.4 linker histone, cluster member",H1.4; H1E; H1F4; H1s-4; HIST1H1E; RMNS; dJ221C16.5,3008,0.2,1.2,1.4,"Histones are basic nuclear proteins responsible for nucleosome structure of the chromosomal fiber in eukaryotes. Two molecules of each of the four core histones (H2A, H2B, H3, and H4) form an octamer, around which approximately 146 bp of DNA is wrapped in repeating units, called nucleosomes. The linker histone, H1, interacts with linker DNA between nucleosomes and functions in the compaction of chromatin into higher order structures. This gene is intronless and encodes a replication-dependent histone that is a member of the histone H1 family. Transcripts from this gene lack polyA tails but instead contain a palindromic termination element. This gene is found in the large histone gene cluster on chromosome 6. [provided by RefSeq, Aug 2015]."
greenyellow,H4C12,ENSG00000273542.2,0.7327,H4 clustered histone 12,H4/d; H4F2iii; H4FD; HIST1H4K; dJ160A22.1,8362,0.3,1.0,1.3,"Histones are basic nuclear proteins that are responsible for the nucleosome structure of the chromosomal fiber in eukaryotes. Two molecules of each of the four core histones (H2A, H2B, H3, and H4) form an octamer, around which approximately 146 bp of DNA is wrapped in repeating units, called nucleosomes. The linker histone, H1, interacts with linker DNA between nucleosomes and functions in the compaction of chromatin into higher order structures. This gene is intronless and encodes a replication-dependent histone that is a member of the histone H4 family. Transcripts from this gene lack polyA tails but instead contain a palindromic termination element. This gene is found in the small histone gene cluster on chromosome 6p22-p21.3. [provided by RefSeq, Aug 2015]."
turquoise,MCM10,ENSG00000065328.17,0.9137,minichromosome maintenance 10 replication initiation factor,CNA43; DNA43; IMD80; PRO2249,55388,0.8,2.2,3.0,"The protein encoded by this gene is one of the highly conserved mini-chromosome maintenance proteins (MCM) that are involved in the initiation of eukaryotic genome replication. The hexameric protein complex formed by MCM proteins is a key component of the pre-replication complex (pre-RC) and it may be involved in the formation of replication forks and in the recruitment of other DNA replication related proteins. This protein can interact with MCM2 and MCM6, as well as with the origin recognition protein ORC2. It is regulated by proteolysis and phosphorylation in a cell cycle-dependent manner. Studies of a similar protein in Xenopus suggest that the chromatin binding of this protein at the onset of DNA replication is after pre-RC assembly and before origin unwinding. Alternatively spliced transcript variants encoding distinct isoforms have been identified. [provided by RefSeq, Jul 2008]."
turquoise,TPX2,ENSG00000088325.16,0.9126,TPX2 microtubule nucleation factor,C20orf1; C20orf2; DIL-2; DIL2; FLS353; GD:C20orf1; HCA519; HCTP4; REPP86; p100,22974,0.4,1.3,1.7,"Enables importin-alpha family protein binding activity and protein kinase binding activity. Involved in activation of protein kinase activity; microtubule cytoskeleton organization; and negative regulation of microtubule depolymerization. Located in intercellular bridge; mitotic spindle; and nucleoplasm. Colocalizes with spindle pole. [provided by Alliance of Genome Resources, Apr 2022]"
turquoise,TTK,ENSG00000112742.10,0.9075,TTK protein kinase,CT96; ESK; MPH1; MPS1; MPS1L1; PYT,7272,0.5,0.1,0.6,"This gene encodes a dual specificity protein kinase with the ability to phosphorylate tyrosine, serine and threonine. Associated with cell proliferation, this protein is essential for chromosome alignment at the centromere during mitosis and is required for centrosome duplication. It has been found to be a critical mitotic checkpoint protein for accurate segregation of chromosomes during mitosis. Tumorigenesis may occur when this protein fails to degrade and produces excess centrosomes resulting in aberrant mitotic spindles. Alternative splicing results in multiple transcript variants. [provided by RefSeq, Nov 2009]."
turquoise,CDCA8,ENSG00000134690.11,0.903,cell division cycle associated 8,BOR; BOREALIN; DasraB; MESRGP,55143,0.1,1.0,1.1,"This gene encodes a component of the chromosomal passenger complex. This complex is an essential regulator of mitosis and cell division. This protein is cell-cycle regulated and is required for chromatin-induced microtubule stabilization and spindle formation. Alternate splicing results in multiple transcript variants. Pseudgenes of this gene are found on chromosomes 7, 8 and 16. [provided by RefSeq, Apr 2013]."
turquoise,BUB1,ENSG00000169679.15,0.9029,BUB1 mitotic checkpoint serine/threonine kinase,BUB1A; BUB1L; MCPH30; hBUB1,699,0.7,0.5,1.1,"This gene encodes a serine/threonine-protein kinase that play a central role in mitosis. The encoded protein functions in part by phosphorylating members of the mitotic checkpoint complex and activating the spindle checkpoint. This protein also plays a role in inhibiting the activation of the anaphase promoting complex/cyclosome. This protein may also function in the DNA damage response. Mutations in this gene have been associated with aneuploidy and several forms of cancer. Alternate splicing results in multiple transcript variants. [provided by RefSeq, Jul 2013]."
turquoise,CCNA2,ENSG00000145386.11,0.9027,cyclin A2,CCN1; CCNA,890,0.4,0.5,0.8,"The protein encoded by this gene belongs to the highly conserved cyclin family, whose members function as regulators of the cell cycle. This protein binds and activates cyclin-dependent kinase 2 and thus promotes transition through G1/S and G2/M. [provided by RefSeq, Aug 2016]."
turquoise,NCAPG,ENSG00000109805.10,0.9014,non-SMC condensin I complex subunit G,CAPG; CHCG; NY-MEL-3; YCG1,64151,0.2,0.7,0.8,"This gene encodes a subunit of the condensin complex, which is responsible for the condensation and stabilization of chromosomes during mitosis and meiosis. Phosphorylation of the encoded protein activates the condensin complex. There are pseudogenes for this gene on chromosomes 8 and 15. Alternative splicing results in multiple transcript variants. [provided by RefSeq, Aug 2012]."
turquoise,SGO1,ENSG00000129810.15,0.8962,shugoshin 1,CAID; NY-BR-85; SGO; SGOL1,151648,0.2,0.7,0.8,"The protein encoded by this gene is a member of the shugoshin family of proteins. This protein is thought to protect centromeric cohesin from cleavage during mitotic prophase by preventing phosphorylation of a cohesin subunit. Reduced expression of this gene leads to the premature loss of centromeric cohesion, mis-segregation of sister chromatids, and mitotic arrest. Evidence suggests that this protein also protects a small subset of cohesin found along the length of the chromosome arms during mitotic prophase. An isoform lacking exon 6 has been shown to play a role in the cohesion of centrioles (PMID: 16582621 and PMID:18331714). Mutations in this gene have been associated with Chronic Atrial and Intestinal Dysrhythmia (CAID) syndrome, characterized by the co-occurrence of Sick Sinus Syndrome (SSS) and Chronic Intestinal Pseudo-obstruction (CIPO) within the first four decades of life (PMID:25282101). Fibroblast cells from CAID patients exhibited both increased cell proliferation and higher rates of senescence. Pseudogenes of this gene have been found on chromosomes 1 and 7. Alternative splicing results in multiple transcript variants. [provided by RefSeq, Mar 2015]."
turquoise,CEP55,ENSG00000138180.16,0.8944,centrosomal protein 55,C10orf3; CT111; MARCH; URCC6,55165,0.3,0.5,0.7,"Enables identical protein binding activity. Involved in cranial skeletal system development; establishment of protein localization; and midbody abscission. Acts upstream of or within mitotic cytokinesis. Located in Flemming body; centriolar satellite; and plasma membrane. Implicated in multinucleated neurons, anhydramnios, renal dysplasia, cerebellar hypoplasia and hydranencephaly. [provided by Alliance of Genome Resources, Apr 2022]"
turquoise,MELK,ENSG00000165304.8,0.8937,maternal embryonic leucine zipper kinase,HPK38,9833,0.5,0.7,1.1,"Enables calcium ion binding activity; non-membrane spanning protein tyrosine kinase activity; and protein serine/threonine kinase activity. Involved in apoptotic process; cell population proliferation; and protein autophosphorylation. Located in cell cortex and plasma membrane. [provided by Alliance of Genome Resources, Apr 2022]"
turquoise,DEPDC1,ENSG00000024526.17,0.8919,DEP domain containing 1,DEP.8; DEPDC1-V2; DEPDC1A; SDP35,55635,0.7,1.0,1.7,"Predicted to enable GTPase activator activity. Involved in negative regulation of transcription, DNA-templated. Located in nucleus. Part of transcription repressor complex. [provided by Alliance of Genome Resources, Apr 2022]"
turquoise,SKA1,ENSG00000154839.10,0.8904,spindle and kinetochore associated complex subunit 1,C18orf24,220134,0.2,0.8,1.0,"Enables microtubule binding activity. Involved in several processes, including chromosome segregation; mitotic cell cycle; and regulation of microtubule polymerization or depolymerization. Located in spindle microtubule. Part of outer kinetochore. [provided by Alliance of Genome Resources, Apr 2022]"
turquoise,NCAPH,ENSG00000121152.10,0.889,non-SMC condensin I complex subunit H,BRRN1; CAP-H; CAPH; MCPH23; NCAPH1,23397,0.6,0.5,1.0,"This gene encodes a member of the barr gene family and a regulatory subunit of the condensin complex. This complex is required for the conversion of interphase chromatin into condensed chromosomes. The protein encoded by this gene is associated with mitotic chromosomes, except during the early phase of chromosome condensation. During interphase, the protein has a distinct punctate nucleolar localization. Alternatively spliced transcript variants encoding different proteins have been described. [provided by RefSeq, Jul 2013]."
turquoise,CENPA,ENSG00000115163.15,0.8862,centromere protein A,CENP-A; CenH3,1058,0.0,0.5,0.5,"Centromeres are the differentiated chromosomal domains that specify the mitotic behavior of chromosomes. This gene encodes a centromere protein which contains a histone H3 related histone fold domain that is required for targeting to the centromere. Centromere protein A is proposed to be a component of a modified nucleosome or nucleosome-like structure in which it replaces 1 or both copies of conventional histone H3 in the (H3-H4)2 tetrameric core of the nucleosome particle. The protein is a replication-independent histone that is a member of the histone H3 family. Alternative splicing results in multiple transcript variants encoding distinct isoforms. [provided by RefSeq, Nov 2015]."
turquoise,FOXM1,ENSG00000111206.13,0.8858,forkhead box M1,FKHL16; FOXM1A; FOXM1B; FOXM1C; HFH-11; HFH11; HNF-3; INS-1; MPHOSPH2; MPP-2; MPP2; PIG29; TRIDENT,2305,0.7,1.5,2.1,"The protein encoded by this gene is a transcriptional activator involved in cell proliferation. The encoded protein is phosphorylated in M phase and regulates the expression of several cell cycle genes, such as cyclin B1 and cyclin D1. Several transcript variants encoding different isoforms have been found for this gene. [provided by RefSeq, Jul 2011]."
turquoise,CDC25A,ENSG00000164045.12,0.8841,cell division cycle 25A,CDC25A2,993,0.2,0.4,0.6,"CDC25A is a member of the CDC25 family of phosphatases. CDC25A is required for progression from G1 to the S phase of the cell cycle. It activates the cyclin-dependent kinase CDC2 by removing two phosphate groups. CDC25A is specifically degraded in response to DNA damage, which prevents cells with chromosomal abnormalities from progressing through cell division. CDC25A is an oncogene, although its exact role in oncogenesis has not been demonstrated. Two transcript variants encoding different isoforms have been found for this gene. [provided by RefSeq, Jul 2008]."
turquoise,EXO1,ENSG00000174371.17,0.8829,exonuclease 1,HEX1; hExoI,9156,1.0,9.7,10.4,"This gene encodes a protein with 5' to 3' exonuclease activity as well as an RNase H activity. It is similar to the Saccharomyces cerevisiae protein Exo1 which interacts with Msh2 and which is involved in mismatch repair and recombination. Alternative splicing of this gene results in three transcript variants encoding two different isoforms. [provided by RefSeq, Jul 2008]."
turquoise,CCNB2,ENSG00000157456.8,0.8814,cyclin B2,HsT17299,9133,0.2,0.6,0.7,"Cyclin B2 is a member of the cyclin family, specifically the B-type cyclins. The B-type cyclins, B1 and B2, associate with p34cdc2 and are essential components of the cell cycle regulatory machinery. B1 and B2 differ in their subcellular localization. Cyclin B1 co-localizes with microtubules, whereas cyclin B2 is primarily associated with the Golgi region. Cyclin B2 also binds to transforming growth factor beta RII and thus cyclin B2/cdc2 may play a key role in transforming growth factor beta-mediated cell cycle control. [provided by RefSeq, Jul 2008]."
turquoise,CKAP2L,ENSG00000169607.13,0.8804,cytoskeleton associated protein 2L,,150468,0.7,0.1,0.7,"The protein encoded by this gene is thought to be a mitotic spindle protein important to neural stem or progenitor cells. Mutations in this gene have been associated with spindle organization defects, including mitotic spindle defects, lagging chromosomes, and chromatin bridges. There is evidence that mutations in this gene are associated with Filippi syndrome, characterized by growth defects, microcephaly, intellectual disability, facial feature defects, and syndactyly. There is a pseudogene of this gene on chromosome 20. Alternative splicing results in multiple transcript variants. [provided by RefSeq, Jan 2015]."
turquoise,DLGAP5,ENSG00000126787.13,0.8798,DLG associated protein 5,DLG7; HURP,9787,0.6,0.7,1.2,"Predicted to enable microtubule binding activity. Predicted to be involved in several processes, including centrosome localization; kinetochore assembly; and mitotic spindle organization. Located in several cellular components, including centrosome; cytosol; and mitochondrion. [provided by Alliance of Genome Resources, Apr 2022]"
magenta,APOBEC4,ENSG00000173627.8,0.9037,apolipoprotein B mRNA editing enzyme catalytic polypeptide like 4,C1orf169,403314,0.0,7.4,7.3,"This gene encodes a member of the AID/APOBEC family of polynucleotide (deoxy)cytidine deaminases, which convert cytidine to uridine. Other AID/APOBEC family members are involved in mRNA editing, somatic hypermutation and recombination of immunoglobulin genes, and innate immunity to retroviral infection. [provided by RefSeq, Jul 2008]."
magenta,ZBBX,ENSG00000169064.13,0.867,zinc finger B-box domain containing,,79740,1.2,2.0,3.0,"Predicted to enable zinc ion binding activity. Predicted to be involved in cilium movement. Predicted to be active in motile cilium. [provided by Alliance of Genome Resources, Apr 2022]"
magenta,WDR38,ENSG00000136918.8,0.8655,WD repeat domain 38,,401551,0.2,0.9,1.1,"Predicted to act upstream of or within hematopoietic progenitor cell differentiation. [provided by Alliance of Genome Resources, Apr 2022]"
magenta,CFAP107,ENSG00000157330.10,0.8638,cilia and flagella associated protein 107,C1orf158,93190,0.1,0.7,0.8,No summary available.
magenta,TEKT1,ENSG00000167858.13,0.8634,tektin 1,,83659,0.1,0.7,0.8,"This gene product belongs to the tektin family of proteins. Tektins comprise a family of filament-forming proteins that are coassembled with tubulins to form ciliary and flagellar microtubules. This gene is predominantly expressed in the testis and in mouse, tektin 1 mRNA was localized to the spermatocytes and round spermatids in the seminiferous tubules, indicating that it may play a role in spermatogenesis. [provided by RefSeq, Jul 2008]."
magenta,CDHR4,ENSG00000187492.9,0.8626,cadherin related family member 4,CDH29; PRO34300,389118,0.5,0.5,0.9,"Predicted to enable calcium ion binding activity. Predicted to be involved in cell adhesion. Predicted to be located in membrane. Predicted to be integral component of membrane. Predicted to be integral component of plasma membrane. [provided by Alliance of Genome Resources, Apr 2022]"
magenta,AKAP14,ENSG00000186471.13,0.8459,A-kinase anchoring protein 14,AKAP28; PRKA14,158798,0.1,0.5,0.6,"The A-kinase anchor proteins (AKAPs) are a group of structurally diverse proteins, which have the common function of binding to the regulatory subunit of protein kinase A (PKA) and confining the holoenzyme to discrete locations within the cell. This gene encodes a member of the AKAP family. The protein anchors PKA in ciliary axonemes and, in this way, may play a role in regulating ciliary beat frequency. Alternate transcriptional splice variants, encoding different isoforms, have been characterized. [provided by RefSeq, Jul 2008]."
magenta,MAP3K19,ENSG00000176601.13,0.838,mitogen-activated protein kinase kinase kinase 19,RCK; YSK4,80122,0.8,0.1,0.8,"Predicted to enable ATP binding activity; protein serine kinase activity; and protein serine/threonine kinase activity. Predicted to be involved in protein phosphorylation. [provided by Alliance of Genome Resources, Apr 2022]"
magenta,ROPN1L,ENSG00000145491.12,0.8307,rhophilin associated tail protein 1 like,ASP; LINC01513; RSPH11; TCONS_00009352,83853,0.2,2.1,2.2,"This gene encodes a member of the ropporin family. The encoded protein is present in sperm and interacts with A-kinase anchoring protein, AKAP3, through the amphipathic helix region of AKAP3. Alternatively spliced transcript variants have been found for this gene. [provided by RefSeq, Oct 2014]."
magenta,CDC20B,ENSG00000164287.13,0.8302,cell division cycle 20B,G6VTS76519,166979,0.2,1.1,1.3,"Predicted to enable anaphase-promoting complex binding activity and ubiquitin ligase activator activity. Predicted to be involved in anaphase-promoting complex-dependent catabolic process and positive regulation of anaphase-promoting complex-dependent catabolic process. Predicted to be part of anaphase-promoting complex. [provided by Alliance of Genome Resources, Apr 2022]"
magenta,ADGB,ENSG00000118492.17,0.8295,androglobin,C6orf103; CAPN16,79747,0.9,0.9,1.8,"Predicted to enable calcium-dependent cysteine-type endopeptidase activity; heme binding activity; and oxygen binding activity. Predicted to be involved in proteolysis. [provided by Alliance of Genome Resources, Apr 2022]"
magenta,DNAAF6,ENSG00000080572.13,0.8264,dynein axonemal assembly factor 6,CILD36; CXorf41; NYSAR97; PIH1D3; TWISTER,139212,0.1,0.3,0.4,"Enables dynein intermediate chain binding activity. Involved in flagellated sperm motility; inner dynein arm assembly; and outer dynein arm assembly. Located in trans-Golgi network. Implicated in primary ciliary dyskinesia 36. [provided by Alliance of Genome Resources, Apr 2022]"
magenta,CFAP276,ENSG00000179902.13,0.8233,cilia and flagella associated protein 276,C10orf194; C1orf194,127003,0.2,0.6,0.7,"Predicted to enable heme binding activity and heme transmembrane transporter activity. Predicted to be involved in heme export. Located in cytoplasm and cytoskeleton. [provided by Alliance of Genome Resources, Apr 2022]"
magenta,CIMIP1,ENSG00000124237.6,0.8189,ciliary microtubule inner protein 1,C20orf85; LLC1; bA196N14.1,128602,0.0,4.7,4.6,No summary available.
magenta,RSPH4A,ENSG00000111834.13,0.8147,radial spoke head component 4A,CILD11; RSHL3; RSPH6B; dJ412I7.1,345895,0.8,1.1,1.8,"This gene encodes a protein that appears to be a component the radial spoke head, as determined by homology to similar proteins in the biflagellate alga Chlamydomonas reinhardtii and other ciliates. Radial spokes, which are regularly spaced along cilia, sperm, and flagella axonemes, consist of a thin 'stalk' and a bulbous 'head' that form a signal transduction scaffold between the central pair of microtubules and dynein. Mutations in this gene cause primary ciliary dyskinesia 1, a disease arising from dysmotility of motile cilia and sperm. Alternative splicing results in multiple transcript variants. [provided by RefSeq, Sep 2009]."
magenta,FOXN4,ENSG00000139445.18,0.8087,forkhead box N4,,121643,0.1,0.2,0.3,"Members of the winged-helix/forkhead family of transcription factors, such as FOXN4, are characterized by a 110-amino acid DNA-binding domain that can fold into a variant of the helix-turn-helix motif consisting of 3 alpha helices flanked by 2 large loops or wings. These transcription factors are involved in a variety of biologic processes as key regulators in development and metabolism (Li et al., 2004 [PubMed 15363391]).[supplied by OMIM, Mar 2008]."
magenta,TUBA4B,ENSG00000243910.8,0.7968,tubulin alpha 4b,TUBA4,80086,0.0,0.7,0.6,"Predicted to enable GTP binding activity. Predicted to be a structural constituent of cytoskeleton. Predicted to be involved in microtubule cytoskeleton organization and mitotic cell cycle. Predicted to be active in cytoplasm and microtubule. [provided by Alliance of Genome Resources, Apr 2022]"
magenta,CFAP141,ENSG00000163263.7,0.7946,cilia and flagella associated protein 141,C1orf189,388701,0.1,8.6,8.6,No summary available.
magenta,DRC7,ENSG00000159625.15,0.7876,dynein regulatory complex subunit 7,C16orf50; CCDC135; CFAP50; FAP50,84229,0.8,1.3,2.0,"Predicted to be involved in flagellated sperm motility. Located in cytoplasm. [provided by Alliance of Genome Resources, Apr 2022]"
magenta,SNTN,ENSG00000188817.8,0.783,"sentan, cilia apical structure protein",S100A1L; S100AL; sentan,132203,0.1,0.6,0.6,"Predicted to enable calcium ion binding activity and calcium-dependent protein binding activity. Predicted to be located in cilium. [provided by Alliance of Genome Resources, Apr 2022]"
black,DMXL1,ENSG00000172869.14,0.9089,Dmx like 1,,1657,2.0,0.6,2.5,"The protein encoded by this gene is a member of the WD repeat superfamily of proteins, which have regulatory functions. This gene is expressed in many tissue types including several types of eye tissue, and it has been associated with ocular phenotypes. In addition, it is upregulated in cultured cells that overexpress growth factor independence 1B, a transcription factor that is essential for hematopoietic cell development. Alternative splicing results in multiple transcript variants. [provided by RefSeq, Nov 2014]."
black,BLTP1,ENSG00000138688.15,0.9027,bridge-like lipid transfer protein family member 1,ALKKUCS; FSA; KIAA1109; Tweek,84162,2.8,0.6,3.3,"This gene is located on the long arm of chromosome 4 in a region that is associated with susceptibility to celiac disease. The encoded protein is similar to a Chinese hamster protein that is associated with spermatocyte and adipocyte differentiation. The C-terminus of the protein is also similar to a Caenorhabditis elegans protein that plays a role in lipid storage. In mammals, this protein is thought to function in the regulation of epithelial growth and differentiation, and in tumor development. [provided by RefSeq, Oct 2009]."
black,POLK,ENSG00000122008.15,0.8945,DNA polymerase kappa,DINB1; DINP; POLQ,51426,0.3,0.8,1.1,"This gene encodes a member of the DNA polymerase type-Y family of proteins. The encoded protein is a specialized DNA polymerase that catalyzes translesion DNA synthesis, which allows DNA replication in the presence of DNA lesions. Human cell lines lacking a functional copy of this gene exhibit impaired genome integrity and enhanced susceptibility to oxidative damage. Mutations in this gene that impair enzyme activity may be associated with prostate cancer in human patients. [provided by RefSeq, Sep 2016]."
black,TTBK2,ENSG00000128881.17,0.8715,tau tubulin kinase 2,SCA11; TTBK,146057,0.8,0.4,1.1,"This gene encodes a serine-threonine kinase that putatively phosphorylates tau and tubulin proteins. Mutations in this gene cause spinocerebellar ataxia type 11 (SCA11); a neurodegenerative disease characterized by progressive ataxia and atrophy of the cerebellum and brainstem. [provided by RefSeq, Aug 2009]."
black,TCP11L2,ENSG00000166046.11,0.8697,t-complex 11 like 2,,255394,0.5,0.3,0.7,"Predicted to be involved in signal transduction. [provided by Alliance of Genome Resources, Apr 2022]"
black,PJA2,ENSG00000198961.10,0.859,praja ring finger ubiquitin ligase 2,Neurodap1; RNF131,9867,0.8,0.7,1.4,"Enables protein kinase A catalytic subunit binding activity; protein kinase A regulatory subunit binding activity; and ubiquitin-protein transferase activity. Involved in several processes, including protein ubiquitination; regulation of macrophage activation; and regulation of signal transduction. Located in cytoplasm; intermediate filament cytoskeleton; and plasma membrane. [provided by Alliance of Genome Resources, Apr 2022]"
black,AKAP11,ENSG00000023516.9,0.8446,A-kinase anchoring protein 11,AKAP-11; AKAP220; PPP1R44; PRKA11,11215,1.2,1.7,2.9,"The A-kinase anchor proteins (AKAPs) are a group of structurally diverse proteins, which have the common function of binding to the regulatory subunit of protein kinase A (PKA) and confining the holoenzyme to discrete locations within the cell. This gene encodes a member of the AKAP family. The encoded protein is expressed at high levels throughout spermatogenesis and in mature sperm. It binds the RI and RII subunits of PKA in testis. It may serve a function in cell cycle control of both somatic cells and germ cells in addition to its putative role in spermatogenesis and sperm function. [provided by RefSeq, Jul 2008]."
black,TOGARAM1,ENSG00000198718.13,0.8427,TOG array regulator of axonemal microtubules 1,FAM179B; JBTS37; KIAA0423,23116,1.0,0.5,1.5,"Predicted to enable microtubule binding activity. Predicted to be involved in organelle assembly and positive regulation of microtubule polymerization. Predicted to be located in ciliary basal body. Predicted to be active in cilium and microtubule cytoskeleton. Predicted to colocalize with microtubule. Implicated in Joubert syndrome. [provided by Alliance of Genome Resources, Apr 2022]"
black,CREBRF,ENSG00000164463.12,0.8299,CREB3 regulatory factor,C5orf41; LRF,153222,0.6,0.9,1.5,"Enables DNA-binding transcription activator activity, RNA polymerase II-specific and RNA polymerase II transcription regulatory region sequence-specific DNA binding activity. Involved in several processes, including negative regulation of endoplasmic reticulum unfolded protein response; positive regulation of transport; and regulation of transcription by RNA polymerase II. Located in cytoplasm and nuclear body. [provided by Alliance of Genome Resources, Apr 2022]"
black,BAZ2B,ENSG00000123636.18,0.821,bromodomain adjacent to zinc finger domain 2B,WALp4,29994,2.1,0.3,2.3,"This gene belongs to the bromodomain gene family. Members of this gene family encode proteins that are integral components of chromatin remodeling complexes. The encoded protein showed strong preference for the activating H3K14Ac mark in a histone peptide screen, suggesting a potential role in transcriptional activation. This gene may be associated with susceptibility to sudden cardiac death (SCD). [provided by RefSeq, Aug 2016]."
black,SHPRH,ENSG00000146414.16,0.8176,SNF2 histone linker PHD RING helicase,RAD5; bA545I5.2,257218,0.9,0.9,1.8,"SHPRH is a ubiquitously expressed protein that contains motifs characteristics of several DNA repair proteins, transcription factors, and helicases. SHPRH is a functional homolog of S. cerevisiae RAD5 (Unk et al., 2006 [PubMed 17108083]).[supplied by OMIM, Mar 2008]."
black,FAM13B,ENSG00000031003.10,0.8165,family with sequence similarity 13 member B,ARHGAP49; C5orf5; FAM13B1; KHCHP; N61,51306,0.8,0.3,1.0,"Predicted to enable GTPase activator activity. Predicted to be involved in regulation of small GTPase mediated signal transduction. Predicted to be located in cytosol. [provided by Alliance of Genome Resources, Apr 2022]"
black,MED13L,ENSG00000123066.9,0.8162,mediator complex subunit 13L,MRFACD; PROSIT240; THRAP2; TRAP240L,23389,1.4,0.5,1.8,"The protein encoded by this gene is a subunit of the Mediator complex, a large complex of proteins that functions as a transcriptional coactivator for most RNA polymerase II-transcribed genes. The encoded protein is involved in early development of the heart and brain. Defects in this gene are a cause of transposition of the great arteries, dextro-looped (DTGA).[provided by RefSeq, Jul 2010]."
black,NFAT5,ENSG00000102908.22,0.8108,nuclear factor of activated T cells 5,NF-AT5; NFATL1; NFATZ; OREBP; TONEBP,10725,0.8,1.7,2.4,"The product of this gene is a member of the nuclear factors of activated T cells family of transcription factors. Proteins belonging to this family play a central role in inducible gene transcription during the immune response. This protein regulates gene expression induced by osmotic stress in mammalian cells. Unlike monomeric members of this protein family, this protein exists as a homodimer and forms stable dimers with DNA elements. Multiple transcript variants encoding different isoforms have been found for this gene. [provided by RefSeq, Jul 2008]."
black,ZNF106,ENSG00000103994.18,0.8081,zinc finger protein 106,SH3BP3; ZFP106; ZNF474,64397,1.1,0.6,1.7,"Enables RNA binding activity. Predicted to be involved in insulin receptor signaling pathway. Predicted to be located in nuclear speck and nucleolus. Predicted to be active in cytosol and membrane. [provided by Alliance of Genome Resources, Apr 2022]"
black,MYO9A,ENSG00000066933.16,0.8061,myosin IXA,CMS24,4649,1.3,1.2,2.5,"This gene encodes a member of the myosin superfamily. The protein represents an unconventional myosin; it should not be confused with the conventional non-muscle myosin-9 (MYH9). Unconventional myosins contain the basic domains of conventional myosins and are further distinguished from class members by their tail domains. They function as actin-based molecular motors. Mutations in this gene have been associated with Bardet-Biedl Syndrome. [provided by RefSeq, Dec 2011]."
black,AFF1,ENSG00000172493.22,0.804,ALF transcription elongation factor 1,AF4; FEL; MLLT2; PBM1,4299,1.2,0.7,1.8,"This gene encodes a member of the AF4/ lymphoid nuclear protein related to the Fragile X E syndrome (FRAXE) family of proteins, which have been implicated in human childhood lymphoblastic leukemia, fragile chromosome X intellectual disability, and ataxia. It is the prevalent mixed-lineage leukemia fusion gene associated with spontaneous acute lymphoblastic leukemia. Members of this family have three conserved domains: an N-terminal homology domain, an AF4/ lymphoid nuclear protein domain, and a C-terminal homology domain. The protein functions as a regulator of RNA polymerase II-mediated transcription through elongation and chromatin remodeling functions. Through RNA interference screens, this gene has been shown to promote the expression of CD133, a plasma membrane glycoprotein required for leukemia cell survival. Alternative splicing results in multiple transcript variants. [provided by RefSeq, Jul 2017]."
black,VPS13C,ENSG00000129003.19,0.8022,vacuolar protein sorting 13 homolog C,BLTP5C; PARK23,54832,2.8,0.5,3.2,"This gene encodes a member of the vacuolar protein sorting-associated 13 gene family. Alternate splicing results in multiple transcript variants. [provided by RefSeq, Oct 2010]"
black,CEP120,ENSG00000168944.17,0.8015,centrosomal protein 120,CCDC100; JBTS31; SRTD13,153241,0.8,0.6,1.4,"This gene encodes a protein that functions in the microtubule-dependent coupling of the nucleus and the centrosome. A similar protein in mouse plays a role in both interkinetic nuclear migration, which is a characteristic pattern of nuclear movement in neural progenitors, and in neural progenitor self-renewal. Mutations in this gene are predicted to result in neurogenic defects. Alternative splicing results in multiple transcript variants. [provided by RefSeq, Oct 2009]."
black,RAB11FIP2,ENSG00000107560.12,0.7956,RAB11 family interacting protein 2,Rab11-FIP2; nRip11,22841,0.3,0.1,0.4,"Enables protein homodimerization activity and protein kinase binding activity. Involved in several processes, including TRAM-dependent toll-like receptor 4 signaling pathway; phagocytosis; and positive regulation of GTPase activity. Located in endosome; nucleoplasm; and phagocytic cup. [provided by Alliance of Genome Resources, Apr 2022]"
brown,ESR1,ENSG00000091831.24,0.8856,estrogen receptor 1,ER; ESR; ESRA; ESTRR; Era; NR3A1,2099,0.8,2.2,3.0,"This gene encodes an estrogen receptor and ligand-activated transcription factor. The canonical protein contains an N-terminal ligand-independent transactivation domain, a central DNA binding domain, a hinge domain, and a C-terminal ligand-dependent transactivation domain. The protein localizes to the nucleus where it may form either a homodimer or a heterodimer with estrogen receptor 2. The protein encoded by this gene regulates the transcription of many estrogen-inducible genes that play a role in growth, metabolism, sexual development, gestation, and other reproductive functions and is expressed in many non-reproductive tissues. The receptor encoded by this gene plays a key role in breast cancer, endometrial cancer, and osteoporosis. This gene is reported to have dozens of transcript variants due to the use of alternate promoters and alternative splicing, however, the full-length nature of many of these variants remain uncertain. [provided by RefSeq, Jul 2020]."
brown,MLPH,ENSG00000115648.14,0.8813,melanophilin,SLAC2-A,79083,0.8,0.7,1.4,"This gene encodes a member of the exophilin subfamily of Rab effector proteins. The protein forms a ternary complex with the small Ras-related GTPase Rab27A in its GTP-bound form and the motor protein myosin Va. A similar protein complex in mouse functions to tether pigment-producing organelles called melanosomes to the actin cytoskeleton in melanocytes, and is required for visible pigmentation in the hair and skin. A mutation in this gene results in Griscelli syndrome type 3, which is characterized by a silver-gray hair color and abnormal pigment distribution in the hair shaft. Several alternatively spliced transcript variants encoding different isoforms have been found for this gene. [provided by RefSeq, Jul 2013]."
brown,FOXA1,ENSG00000129514.8,0.8751,forkhead box A1,HNF3A; TCF3A,3169,2.9,1.5,4.3,"This gene encodes a member of the forkhead class of DNA-binding proteins. These hepatocyte nuclear factors are transcriptional activators for liver-specific transcripts such as albumin and transthyretin, and they also interact with chromatin. Similar family members in mice have roles in the regulation of metabolism and in the differentiation of the pancreas and liver. [provided by RefSeq, Jul 2008]."
brown,TBC1D9,ENSG00000109436.8,0.8739,TBC1 domain family member 9,GRAMD9; MDR1,23158,0.6,0.7,1.2,"Predicted to enable GTPase activator activity. Predicted to be involved in activation of GTPase activity and intracellular protein transport. [provided by Alliance of Genome Resources, Apr 2022]"
brown,TTC6,ENSG00000139865.16,0.8695,tetratricopeptide repeat domain 6,C14orf25; NCRNA00291,319089,0.3,0.0,0.3,No summary available.
brown,THSD4,ENSG00000187720.14,0.8664,thrombospondin type 1 domain containing 4,AAT12; ADAMTSL-6; ADAMTSL6; FVSY9334; PRO34005,79875,0.9,1.3,2.2,"Predicted to enable hydrolase activity. Predicted to be an extracellular matrix structural constituent. Predicted to act upstream of or within elastic fiber assembly. Located in collagen-containing extracellular matrix and extracellular exosome. [provided by Alliance of Genome Resources, Apr 2022]"
brown,XBP1,ENSG00000100219.16,0.8626,X-box binding protein 1,TREB-5; TREB5; XBP-1; XBP2,7494,0.4,0.5,0.8,"This gene encodes a transcription factor that regulates MHC class II genes by binding to a promoter element referred to as an X box. This gene product is a bZIP protein, which was also identified as a cellular transcription factor that binds to an enhancer in the promoter of the T cell leukemia virus type 1 promoter. It may increase expression of viral proteins by acting as the DNA binding partner of a viral transactivator. It has been found that upon accumulation of unfolded proteins in the endoplasmic reticulum (ER), the mRNA of this gene is processed to an active form by an unconventional splicing mechanism that is mediated by the endonuclease inositol-requiring enzyme 1 (IRE1). The resulting loss of 26 nt from the spliced mRNA causes a frame-shift and an isoform XBP1(S), which is the functionally active transcription factor. The isoform encoded by the unspliced mRNA, XBP1(U), is constitutively expressed, and thought to function as a negative feedback regulator of XBP1(S), which shuts off transcription of target genes during the recovery phase of ER stress. A pseudogene of XBP1 has been identified and localized to chromosome 5. [provided by RefSeq, Jul 2008]."
brown,AGR3,ENSG00000173467.9,0.8591,"anterior gradient 3, protein disulphide isomerase family member",AG-3; AG3; BCMP11; HAG3; PDIA18; hAG-3,155465,0.0,0.7,0.6,"This gene encodes a member of the disulfide isomerase (PDI) family of endoplasmic reticulum (ER) proteins that catalyze protein folding and thiol-disulfide interchange reactions. The encoded protein has an N-terminal ER-signal sequence, a catalytically active thioredoxin domain, and a C-terminal ER-retention sequence. This gene is expressed in ciliated airway epithelial cells and, in mouse, plays a role in ciliary beat frequency in multiciliated cells. This gene is also over-expressed in breast, ovarian, and prostrate cancers. [provided by RefSeq, Dec 2016]."
brown,GATA3,ENSG00000107485.18,0.8521,GATA binding protein 3,HDR; HDRS,2625,11.9,3.0,14.6,"This gene encodes a protein which belongs to the GATA family of transcription factors. The protein contains two GATA-type zinc fingers and is an important regulator of T-cell development and plays an important role in endothelial cell biology. Defects in this gene are the cause of hypoparathyroidism with sensorineural deafness and renal dysplasia. [provided by RefSeq, Nov 2009]."
brown,CCDC170,ENSG00000120262.10,0.849,coiled-coil domain containing 170,C6orf97; bA282P11.1,80129,0.8,1.7,2.3,"The function of this gene and its encoded protein is not known. Several genome-wide association studies have implicated the region around this gene to be involved in breast cancer and bone mineral density, but no link to this specific gene has been found. [provided by RefSeq, May 2010]."
brown,C5AR2,ENSG00000134830.6,0.8442,complement C5a receptor 2,C5L2; GPF77; GPR77,27202,0.2,0.5,0.6,"This gene encodes a G-protein coupled receptor 1 family member involved in the complement system of the innate immune response. Unlike classical G-protein coupled receptors, the encoded protein does not associate with intracellular G-proteins. It may instead modulate signal transduction through the beta-arrestin pathway, and may alternatively act as a decoy receptor. This gene may be involved in coronary artery disease and in the pathogenesis of sepsis. Alternative splicing results in multiple transcript variants. [provided by RefSeq, Nov 2012]."
brown,CA12,ENSG00000074410.14,0.843,carbonic anhydrase 12,CA-XII; CAXII; HsT18816; T18816,771,0.1,0.6,0.6,"Carbonic anhydrases (CAs) are a large family of zinc metalloenzymes that catalyze the reversible hydration of carbon dioxide. They participate in a variety of biological processes, including respiration, calcification, acid-base balance, bone resorption, and the formation of aqueous humor, cerebrospinal fluid, saliva, and gastric acid. This gene product is a type I membrane protein that is highly expressed in normal tissues, such as kidney, colon and pancreas, and has been found to be overexpressed in 10% of clear cell renal carcinomas. Three transcript variants encoding different isoforms have been identified for this gene. [provided by RefSeq, Jun 2014]."
brown,ERBB4,ENSG00000178568.15,0.8226,erb-b2 receptor tyrosine kinase 4,ALS19; HER4; p180erbB4,2066,1.7,1.3,3.0,"This gene is a member of the Tyr protein kinase family and the epidermal growth factor receptor subfamily. It encodes a single-pass type I membrane protein with multiple cysteine rich domains, a transmembrane domain, a tyrosine kinase domain, a phosphotidylinositol-3 kinase binding site and a PDZ domain binding motif. The protein binds to and is activated by neuregulins and other factors and induces a variety of cellular responses including mitogenesis and differentiation. Multiple proteolytic events allow for the release of a cytoplasmic fragment and an extracellular fragment. Mutations in this gene have been associated with cancer. Alternatively spliced variants which encode different protein isoforms have been described; however, not all variants have been fully characterized. [provided by RefSeq, Jul 2008]."
brown,KCNJ11,ENSG00000187486.5,0.8223,potassium inwardly rectifying channel subfamily J member 11,BIR; HHF2; IKATP; KIR6.2; MODY13; PHHI; PNDM2; TNDM3,3767,0.2,0.8,1.0,"Potassium channels are present in most mammalian cells, where they participate in a wide range of physiologic responses. The protein encoded by this gene is an integral membrane protein and inward-rectifier type potassium channel. The encoded protein, which has a greater tendency to allow potassium to flow into a cell rather than out of a cell, is controlled by G-proteins and is found associated with the sulfonylurea receptor SUR. Mutations in this gene are a cause of familial persistent hyperinsulinemic hypoglycemia of infancy (PHHI), an autosomal recessive disorder characterized by unregulated insulin secretion. Defects in this gene may also contribute to autosomal dominant non-insulin-dependent diabetes mellitus type II (NIDDM), transient neonatal diabetes mellitus type 3 (TNDM3), and permanent neonatal diabetes mellitus (PNDM). Multiple alternatively spliced transcript variants that encode different protein isoforms have been described for this gene. [provided by RefSeq, Oct 2009]."
brown,CFAP99,ENSG00000206113.11,0.8214,cilia and flagella associated protein 99,,402160,0.0,0.9,0.9,"Predicted to be located in motile cilium. [provided by Alliance of Genome Resources, Apr 2022]"
brown,ZNF552,ENSG00000178935.5,0.8198,zinc finger protein 552,,79818,0.4,2.2,2.6,"Predicted to enable DNA-binding transcription factor activity, RNA polymerase II-specific and RNA polymerase II cis-regulatory region sequence-specific DNA binding activity. Predicted to be involved in regulation of transcription by RNA polymerase II. Predicted to be active in nucleus. [provided by Alliance of Genome Resources, Apr 2022]"
brown,DNALI1,ENSG00000163879.11,0.8164,dynein axonemal light intermediate chain 1,P28; SPGF83; dJ423B22.5; hp28,7802,0.1,0.9,1.0,"This gene is the human homolog of the Chlamydomonas inner dynein arm gene, p28. The precise function of this gene is not known, however, it is a potential candidate for immotile cilia syndrome (ICS). Ultrastructural defects of the inner dynein arms are seen in patients with ICS. Immotile mutant strains of Chlamydomonas, a biflagellated algae, exhibit similar defects. [provided by RefSeq, Jul 2008]."
brown,DEGS2,ENSG00000168350.8,0.8159,"delta 4-desaturase, sphingolipid 2",C14orf66; DES2; FADS8,123099,0.1,0.7,0.8,"This gene encodes a bifunctional enzyme that is involved in the biosynthesis of phytosphingolipids in human skin and in other phytosphingolipid-containing tissues. This enzyme can act as a sphingolipid delta(4)-desaturase, and also as a sphingolipid C4-hydroxylase. [provided by RefSeq, Oct 2008]."
brown,SLC22A5,ENSG00000197375.13,0.8126,solute carrier family 22 member 5,CDSP; OCTN2,6584,0.3,0.3,0.6,"Polyspecific organic cation transporters in the liver, kidney, intestine, and other organs are critical for elimination of many endogenous small organic cations as well as a wide array of drugs and environmental toxins. The encoded protein is a plasma integral membrane protein which functions both as an organic cation transporter and as a sodium-dependent high affinity carnitine transporter. The encoded protein is involved in the active cellular uptake of carnitine. Mutations in this gene are the cause of systemic primary carnitine deficiency (CDSP), an autosomal recessive disorder manifested early in life by hypoketotic hypoglycemia and acute metabolic decompensation, and later in life by skeletal myopathy or cardiomyopathy. Alternative splicing of this gene results in multiple transcript variants. [provided by RefSeq, Apr 2015]."
brown,PRR15,ENSG00000176532.4,0.8126,proline rich 15,,222171,0.0,0.7,0.6,No summary available.
blue,SNX20,ENSG00000167208.15,0.9577,sorting nexin 20,SLIC1,124460,0.1,1.8,1.8,"SNX20 interacts with the cytoplasmic domain of PSGL1 (SELPLG; MIM 600738) and cycles PSGL1 into endosomes.[supplied by OMIM, Feb 2010]."
blue,PTPN7,ENSG00000143851.15,0.9524,protein tyrosine phosphatase non-receptor type 7,BPTP-4; HEPTP; LC-PTP; LPTP; PTPNI,5778,0.5,8.1,8.4,"The protein encoded by this gene is a member of the protein tyrosine phosphatase (PTP) family. PTPs are known to be signaling molecules that regulate a variety of cellular processes including cell growth, differentiation, mitotic cycle, and oncogenic transformation. This gene is preferentially expressed in a variety of hematopoietic cells, and is an early response gene in lymphokine stimulated cells. The non-catalytic N-terminus of this PTP can interact with MAP kinases and suppress the MAP kinase activities. This PTP was shown to be involved in the regulation of T cell antigen receptor (TCR) signaling, which was thought to function through dephosphorylating the molecules related to MAP kinase pathway. Multiple alternatively spliced transcript variants have been found for this gene. [provided by RefSeq, Dec 2010]."
blue,IL12RB1,ENSG00000096996.16,0.9404,interleukin 12 receptor subunit beta 1,CD212; IL-12R-BETA1; IL12RB; IMD30,3594,0.6,1.2,1.8,"The protein encoded by this gene is a type I transmembrane protein that belongs to the hemopoietin receptor superfamily. This protein binds to interleukine 12 (IL12) with a low affinity, and is thought to be a part of IL12 receptor complex. This protein forms a disulfide-linked oligomer, which is required for its IL12 binding activity. The coexpression of this and IL12RB2 proteins was shown to lead to the formation of high-affinity IL12 binding sites and reconstitution of IL12 dependent signaling. Mutations in this gene impair the development of interleukin-17-producing T lymphocytes and result in increased susceptibility to mycobacterial and Salmonella infections. Alternative splicing results in multiple transcript variants. [provided by RefSeq, Feb 2014]."
blue,SASH3,ENSG00000122122.10,0.9401,SAM and SH3 domain containing 3,753P9; CXorf9; HACS2; IMD102; SH3D6C; SLY,54440,0.0,0.7,0.6,"The protein encoded by this gene contains a Src homology-3 (SH3) domain and a sterile alpha motif (SAM), both of which are found in proteins involved in cell signaling. This protein may function as a signaling adapter protein in lymphocytes.[provided by RefSeq, Sep 2009]."
blue,CD53,ENSG00000143119.14,0.9334,CD53 molecule,MOX44; TSPAN25,963,0.3,0.5,0.7,"The protein encoded by this gene is a member of the transmembrane 4 superfamily, also known as the tetraspanin family. Most of these members are cell-surface proteins that are characterized by the presence of four hydrophobic domains. The proteins mediate signal transduction events that play a role in the regulation of cell development, activation, growth and motility. This encoded protein is a cell surface glycoprotein that is known to complex with integrins. It contributes to the transduction of CD2-generated signals in T cells and natural killer cells and has been suggested to play a role in growth regulation. Familial deficiency of this gene has been linked to an immunodeficiency associated with recurrent infectious diseases caused by bacteria, fungi and viruses. Alternative splicing results in multiple transcript variants. [provided by RefSeq, Mar 2016]."
blue,CD48,ENSG00000117091.10,0.9282,CD48 molecule,BCM1; BLAST; BLAST1; MEM-102; SLAMF2; hCD48; mCD48,962,0.2,9.3,9.4,"This gene encodes a member of the CD2 subfamily of immunoglobulin-like receptors which includes SLAM (signaling lymphocyte activation molecules) proteins. The encoded protein is found on the surface of lymphocytes and other immune cells, dendritic cells and endothelial cells, and participates in activation and differentiation pathways in these cells. The encoded protein does not have a transmembrane domain, however, but is held at the cell surface by a GPI anchor via a C-terminal domain which maybe cleaved to yield a soluble form of the receptor. Multiple transcript variants encoding different isoforms have been found for this gene. [provided by RefSeq, Dec 2011]."
blue,ARHGAP9,ENSG00000123329.20,0.9179,Rho GTPase activating protein 9,10C; RGL1,64333,0.5,0.4,0.8,"This gene encodes a member of the Rho-GAP family of GTPase activating proteins. The protein has substantial GAP activity towards several Rho-family GTPases in vitro, converting them to an inactive GDP-bound state. It is implicated in regulating adhesion of hematopoietic cells to the extracellular matrix. Multiple transcript variants encoding different isoforms have been found for this gene. [provided by RefSeq, Jul 2008]."
blue,SP140,ENSG00000079263.19,0.9173,SP140 nuclear body protein,LYSP100; LYSP100-A; LYSP100-B,11262,0.6,0.7,1.2,"This gene encodes a member of the SP100 family of proteins, which are share common domains including an N-terminal homogeneously staining region domain followed by a SP100/autoimmune regulator/NucP41/P75/deformed epidermal autoregulatory factor domain, a plant homeobox zinc finger, and a bromodomain. The encoded protein is interferon-inducible and is expressed at high levels in the nuclei of leukocytes. Variants of this gene have been associated with multiple sclerosis, Crohn's disease, and chronic lymphocytic leukemia. Alternative splicing results in multiple variants. [provided by RefSeq, Aug 2016]."
blue,SLAMF1,ENSG00000117090.15,0.9169,signaling lymphocytic activation molecule family member 1,CD150; CDw150; IPO3; SLAM,6504,0.5,9.2,9.4,"Enables SH2 domain binding activity and identical protein binding activity. Involved in several processes, including negative regulation of CD40 signaling pathway; negative regulation of cytokine production; and positive regulation of MAPK cascade. Located in extracellular exosome. [provided by Alliance of Genome Resources, Apr 2022]"
blue,CCR5,ENSG00000160791.13,0.9155,C-C motif chemokine receptor 5,CC-CKR-5; CCCKR5; CCR-5; CD195; CKR-5; CKR5; CMKBR5; IDDM22,1234,0.2,0.3,0.5,"This gene encodes a member of the beta chemokine receptor family, which is predicted to be a seven transmembrane protein similar to G protein-coupled receptors. This protein is expressed by T cells and macrophages, and is known to be an important co-receptor for macrophage-tropic virus, including HIV, to enter host cells. Defective alleles of this gene have been associated with the HIV infection resistance. The ligands of this receptor include monocyte chemoattractant protein 2 (MCP-2), macrophage inflammatory protein 1 alpha (MIP-1 alpha), macrophage inflammatory protein 1 beta (MIP-1 beta) and regulated on activation normal T expressed and secreted protein (RANTES). Expression of this gene was also detected in a promyeloblastic cell line, suggesting that this protein may play a role in granulocyte lineage proliferation and differentiation. This gene is located at the chemokine receptor gene cluster region. An allelic polymorphism in this gene results in both functional and non-functional alleles; the reference genome represents the functional allele. Two transcript variants encoding the same protein have been found for this gene. [provided by RefSeq, Jul 2015]."
blue,SIRPG,ENSG00000089012.14,0.9099,signal regulatory protein gamma,CD172g; SIRP-B2; SIRPB2; SIRPgamma; bA77C3.1,55423,0.8,0.3,1.1,"The protein encoded by this gene is a member of the signal-regulatory protein (SIRP) family, and also belongs to the immunoglobulin superfamily. SIRP family members are receptor-type transmembrane glycoproteins known to be involved in the negative regulation of receptor tyrosine kinase-coupled signaling processes. Alternatively spliced transcript variants encoding different isoforms have been described. [provided by RefSeq, Jul 2008]."
blue,CD2,ENSG00000116824.5,0.9097,CD2 molecule,LFA-2; SRBC; T11,914,0.4,1.3,1.7,"The protein encoded by this gene is a surface antigen found on all peripheral blood T-cells. The encoded protein interacts with LFA3 (CD58) on antigen presenting cells to optimize immune recognition. A locus control region (LCR) has been found in the 3' flanking sequence of this gene. [provided by RefSeq, Jun 2016]."
blue,PLEK,ENSG00000115956.10,0.9094,pleckstrin,P47; PLEK1,5341,0.2,0.2,0.4,"Enables phosphatidylinositol-3,4-bisphosphate binding activity; protein homodimerization activity; and protein kinase C binding activity. Involved in several processes, including G protein-coupled receptor signaling pathway; actin cytoskeleton organization; and positive regulation of supramolecular fiber organization. Located in cytoplasm and ruffle membrane. [provided by Alliance of Genome Resources, Apr 2022]"
blue,SLAMF6,ENSG00000162739.14,0.909,SLAM family member 6,CD352; KALI; KALIb; Ly108; NTB-A; NTBA; SF2000,114836,0.3,9.1,9.1,"The protein encoded by this gene is a type I transmembrane protein, belonging to the CD2 subfamily of the immunoglobulin superfamily. This encoded protein is expressed on Natural killer (NK), T, and B lymphocytes. It undergoes tyrosine phosphorylation and associates with the Src homology 2 domain-containing protein (SH2D1A) as well as with SH2 domain-containing phosphatases (SHPs). It functions as a coreceptor in the process of NK cell activation. It can also mediate inhibitory signals in NK cells from X-linked lymphoproliferative patients. Alternative splicing results in multiple transcript variants encoding distinct isoforms.[provided by RefSeq, May 2010]."
blue,BIN2,ENSG00000110934.13,0.9074,bridging integrator 2,BRAP-1,51411,0.2,0.2,0.4,"Enables phospholipid binding activity. Involved in several processes, including phagocytosis, engulfment; plasma membrane tubulation; and podosome assembly. Located in plasma membrane and podosome. Colocalizes with phagocytic cup. [provided by Alliance of Genome Resources, Apr 2022]"
blue,SLA2,ENSG00000101082.14,0.9066,Src like adaptor 2,C20orf156; MARS; SLAP-2; SLAP2,84174,0.2,1.3,1.5,"This gene encodes a member of the SLAP family of adapter proteins. The encoded protein may play an important receptor-proximal role in downregulating T and B cell-mediated responses and inhibits antigen receptor-induced calcium mobilization. This protein interacts with Cas-Br-M (murine) ecotropic retroviral transforming sequence c. Two transcript variants encoding distinct isoforms have been identified for this gene. [provided by RefSeq, Jul 2008]."
blue,TNFRSF1B,ENSG00000028137.19,0.9056,TNF receptor superfamily member 1B,CD120b; TBPII; TNF-R-II; TNF-R75; TNFBR; TNFR1B; TNFR2; TNFR80; p75; p75TNFR,7133,0.4,0.4,0.7,"The protein encoded by this gene is a member of the TNF-receptor superfamily. This protein and TNF-receptor 1 form a heterocomplex that mediates the recruitment of two anti-apoptotic proteins, c-IAP1 and c-IAP2, which possess E3 ubiquitin ligase activity. The function of IAPs in TNF-receptor signalling is unknown, however, c-IAP1 is thought to potentiate TNF-induced apoptosis by the ubiquitination and degradation of TNF-receptor-associated factor 2, which mediates anti-apoptotic signals. Knockout studies in mice also suggest a role of this protein in protecting neurons from apoptosis by stimulating antioxidative pathways. [provided by RefSeq, Jul 2008]."
blue,UBASH3A,ENSG00000160185.15,0.905,ubiquitin associated and SH3 domain containing A,CLIP4; STS-2; TULA; TULA-1,53347,0.7,0.7,1.4,"This gene encodes one of two family members belonging to the T-cell ubiquitin ligand (TULA) family. Both family members can negatively regulate T-cell signaling. This family member can facilitate growth factor withdrawal-induced apoptosis in T cells, which may occur via its interaction with AIF, an apoptosis-inducing factor. Alternative splicing of this gene results in multiple transcript variants. [provided by RefSeq, Aug 2011]."
blue,CD3D,ENSG00000167286.10,0.9034,CD3 delta subunit of T-cell receptor complex,CD3-DELTA; CD3DELTA; IMD19; T3D,915,0.0,0.8,0.8,"The protein encoded by this gene is part of the T-cell receptor/CD3 complex (TCR/CD3 complex) and is involved in T-cell development and signal transduction. The encoded membrane protein represents the delta subunit of the CD3 complex, and along with four other CD3 subunits, binds either TCR alpha/beta or TCR gamma/delta to form the TCR/CD3 complex on the surface of T-cells. Defects in this gene are a cause of severe combined immunodeficiency autosomal recessive T-cell-negative/B-cell-positive/NK-cell-positive (SCIDBNK). Two transcript variants encoding different isoforms have been found for this gene. Other variants may also exist, but the full-length natures of their transcripts has yet to be defined. [provided by RefSeq, Feb 2009]."
blue,LCP2,ENSG00000043462.13,0.9026,lymphocyte cytosolic protein 2,IMD81; SLP-76; SLP76,3937,0.4,1.0,1.4,"This gene encodes an adapter protein that acts as a substrate of the T cell antigen receptor (TCR)-activated protein tyrosine kinase pathway. The encoded protein associates with growth factor receptor bound protein 2, and is thought to play a role TCR-mediated intracellular signal transduction. A similar protein in mouse plays a role in normal T-cell development and activation. Mice lacking this gene show subcutaneous and intraperitoneal fetal hemorrhaging, dysfunctional platelets and impaired viability. [provided by RefSeq, Nov 2016]."
red,FBN1,ENSG00000166147.14,0.9271,fibrillin 1,ACMICD; ECTOL1; FBN; GPHYSD2; MASS; MFLS; MFS1; OCTD; SGS; SSKS; WMS; WMS2,2200,2.2,0.7,2.8,"This gene encodes a member of the fibrillin family of proteins. The encoded preproprotein is proteolytically processed to generate two proteins including the extracellular matrix component fibrillin-1 and the protein hormone asprosin. Fibrillin-1 is an extracellular matrix glycoprotein that serves as a structural component of calcium-binding microfibrils. These microfibrils provide force-bearing structural support in elastic and nonelastic connective tissue throughout the body. Asprosin, secreted by white adipose tissue, has been shown to regulate glucose homeostasis. Mutations in this gene are associated with Marfan syndrome and the related MASS phenotype, as well as ectopia lentis syndrome, Weill-Marchesani syndrome, Shprintzen-Goldberg syndrome and neonatal progeroid syndrome. [provided by RefSeq, Apr 2016]."
red,GLT8D2,ENSG00000120820.12,0.9211,glycosyltransferase 8 domain containing 2,,83468,0.3,0.4,0.6,"Predicted to enable glycosyltransferase activity. Predicted to be integral component of membrane. Predicted to be active in Golgi apparatus. [provided by Alliance of Genome Resources, Apr 2022]"
red,COL6A3,ENSG00000163359.16,0.9175,collagen type VI alpha 3 chain,BTHLM1; BTHLM1C; DYT27; UCMD1; UCMD1C,1293,2.0,0.7,2.6,"This gene encodes the alpha-3 chain, one of the three alpha chains of type VI collagen, a beaded filament collagen found in most connective tissues. The alpha-3 chain of type VI collagen is much larger than the alpha-1 and -2 chains. This difference in size is largely due to an increase in the number of subdomains, similar to von Willebrand Factor type A domains, that are found in the amino terminal globular domain of all the alpha chains. These domains have been shown to bind extracellular matrix proteins, an interaction that explains the importance of this collagen in organizing matrix components. Mutations in the type VI collagen genes are associated with Bethlem myopathy, a rare autosomal dominant proximal myopathy with early childhood onset. Mutations in this gene are also a cause of Ullrich congenital muscular dystrophy, also referred to as Ullrich scleroatonic muscular dystrophy, an autosomal recessive congenital myopathy that is more severe than Bethlem myopathy. Multiple transcript variants have been identified, but the full-length nature of only some of these variants has been described. [provided by RefSeq, Jun 2009]."
red,COL5A2,ENSG00000204262.14,0.9135,collagen type V alpha 2 chain,EDSC; EDSCL2,1290,1.1,0.6,1.7,"This gene encodes an alpha chain for one of the low abundance fibrillar collagens. Fibrillar collagen molecules are trimers that can be composed of one or more types of alpha chains. Type V collagen is found in tissues containing type I collagen and appears to regulate the assembly of heterotypic fibers composed of both type I and type V collagen. This gene product is closely related to type XI collagen and it is possible that the collagen chains of types V and XI constitute a single collagen type with tissue-specific chain combinations. Mutations in this gene are associated with Ehlers-Danlos syndrome, types I and II. [provided by RefSeq, Jul 2008]."
red,COL3A1,ENSG00000168542.16,0.9107,collagen type III alpha 1 chain,EDS4A; EDSVASC; PMGEDSV,1281,1.0,0.6,1.6,"This gene encodes the pro-alpha1 chains of type III collagen, a fibrillar collagen that is found in extensible connective tissues such as skin, lung, uterus, intestine and the vascular system, frequently in association with type I collagen. Mutations in this gene are associated with Ehlers-Danlos syndrome type IV, and with aortic and arterial aneurysms. [provided by R. Dalgleish, Feb 2008]."
red,FSTL1,ENSG00000163430.12,0.9092,follistatin like 1,FRP; FSL1; OCC-1; OCC1; tsc36,11167,0.2,0.4,0.6,"This gene encodes a protein with similarity to follistatin, an activin-binding protein. It contains an FS module, a follistatin-like sequence containing 10 conserved cysteine residues. This gene product is thought to be an autoantigen associated with rheumatoid arthritis. [provided by RefSeq, Jul 2008]."
red,CDH11,ENSG00000140937.14,0.9075,cadherin 11,CAD11; CDHOB; ESWS; OB; OSF-4; TBHS2,1009,0.7,1.5,2.1,"This gene encodes a type II classical cadherin from the cadherin superfamily, integral membrane proteins that mediate calcium-dependent cell-cell adhesion. Mature cadherin proteins are composed of a large N-terminal extracellular domain, a single membrane-spanning domain, and a small, highly conserved C-terminal cytoplasmic domain. Type II (atypical) cadherins are defined based on their lack of a HAV cell adhesion recognition sequence specific to type I cadherins. Expression of this particular cadherin in osteoblastic cell lines, and its upregulation during differentiation, suggests a specific function in bone development and maintenance. [provided by RefSeq, Jul 2008]."
red,MSRB3,ENSG00000174099.12,0.9061,methionine sulfoxide reductase B3,DFNB74,253827,0.2,1.7,1.8,"The protein encoded by this gene catalyzes the reduction of methionine sulfoxide to methionine. This enzyme acts as a monomer and requires zinc as a cofactor. Several transcript variants encoding two different isoforms have been found for this gene. One of the isoforms localizes to mitochondria while the other localizes to endoplasmic reticula. [provided by RefSeq, Jul 2010]."
red,VCAN,ENSG00000038427.16,0.9009,versican,CSPG2; ERVR; GHAP; PG-M; WGN; WGN1,1462,1.9,0.5,2.3,"This gene is a member of the aggrecan/versican proteoglycan family. The protein encoded is a large chondroitin sulfate proteoglycan and is a major component of the extracellular matrix. This protein is involved in cell adhesion, proliferation, proliferation, migration and angiogenesis and plays a central role in tissue morphogenesis and maintenance. Mutations in this gene are the cause of Wagner syndrome type 1. Multiple transcript variants encoding different isoforms have been found for this gene. [provided by RefSeq, Aug 2009]."
red,OLFML1,ENSG00000183801.8,0.9006,olfactomedin like 1,MVAL564; ONT2; UNQ564,283298,0.2,0.7,0.9,"Predicted to be located in extracellular region. [provided by Alliance of Genome Resources, Apr 2022]"
red,FAP,ENSG00000078098.14,0.8992,fibroblast activation protein alpha,DPPIV; FAPA; FAPalpha; SIMP,2191,0.9,0.0,0.9,"The protein encoded by this gene is a homodimeric integral membrane gelatinase belonging to the serine protease family. It is selectively expressed in reactive stromal fibroblasts of epithelial cancers, granulation tissue of healing wounds, and malignant cells of bone and soft tissue sarcomas. This protein is thought to be involved in the control of fibroblast growth or epithelial-mesenchymal interactions during development, tissue repair, and epithelial carcinogenesis. Alternatively spliced transcript variants encoding different isoforms have been found for this gene. [provided by RefSeq, Apr 2014]."
red,DCN,ENSG00000011465.18,0.8977,decorin,CSCD; DSPG2; PG40; PGII; PGS2; SLRR1B,1634,0.4,1.1,1.5,"This gene encodes a member of the small leucine-rich proteoglycan family of proteins. Alternative splicing results in multiple transcript variants, at least one of which encodes a preproprotein that is proteolytically processed to generate the mature protein. This protein plays a role in collagen fibril assembly. Binding of this protein to multiple cell surface receptors mediates its role in tumor suppression, including a stimulatory effect on autophagy and inflammation and an inhibitory effect on angiogenesis and tumorigenesis. This gene and the related gene biglycan are thought to be the result of a gene duplication. Mutations in this gene are associated with congenital stromal corneal dystrophy in human patients. [provided by RefSeq, Nov 2015]."
red,COL1A2,ENSG00000164692.18,0.8967,collagen type I alpha 2 chain,EDSARTH2; EDSCV; OI4,1278,1.3,0.3,1.6,"This gene encodes the pro-alpha2 chain of type I collagen whose triple helix comprises two alpha1 chains and one alpha2 chain. Type I is a fibril-forming collagen found in most connective tissues and is abundant in bone, cornea, dermis and tendon. Mutations in this gene are associated with osteogenesis imperfecta types I-IV, Ehlers-Danlos syndrome type VIIB, recessive Ehlers-Danlos syndrome Classical type, idiopathic osteoporosis, and atypical Marfan syndrome. Symptoms associated with mutations in this gene, however, tend to be less severe than mutations in the gene for the alpha1 chain of type I collagen (COL1A1) reflecting the different role of alpha2 chains in matrix integrity. Three transcripts, resulting from the use of alternate polyadenylation signals, have been identified for this gene. [provided by R. Dalgleish, Feb 2008]."
red,ADAM12,ENSG00000148848.14,0.895,ADAM metallopeptidase domain 12,ADAM12-OT1; CAR10; MCMP; MCMPMltna; MLTN; MLTNA,8038,1.0,1.2,2.2,"This gene encodes a member of a family of proteins that are structurally related to snake venom disintegrins and have been implicated in a variety of biological processes involving cell-cell and cell-matrix interactions, including fertilization, muscle development, and neurogenesis. Expression of this gene has been used as a maternal serum marker for pre-natal development. Alternative splicing results in multiple transcript variants encoding different isoforms. Shorter isoforms are secreted, while longer isoforms are membrane-bound form. [provided by RefSeq, Jan 2014]."
red,RECK,ENSG00000122707.12,0.8943,reversion inducing cysteine rich protein with kazal motifs,ST15,8434,0.7,0.8,1.5,"The protein encoded by this gene is a cysteine-rich, extracellular protein with protease inhibitor-like domains whose expression is suppressed strongly in many tumors and cells transformed by various kinds of oncogenes. In normal cells, this membrane-anchored glycoprotein may serve as a negative regulator for matrix metalloproteinase-9, a key enzyme involved in tumor invasion and metastasis. Several transcript variants encoding different isoforms have been found for this gene. [provided by RefSeq, Oct 2015]."
red,ECM2,ENSG00000106823.12,0.8931,extracellular matrix protein 2,,1842,0.6,0.6,1.0,"ECM2 encodes extracellular matrix protein 2, so named because it shares extensive similarity with known extracelluar matrix proteins. Three transcript variants encoding different isoforms have been found for this gene. [provided by RefSeq, Oct 2010]."
red,BICC1,ENSG00000122870.12,0.8922,BicC family RNA binding protein 1,BICC,80114,0.7,1.2,1.8,"This gene encodes an RNA-binding protein that is active in regulating gene expression by modulating protein translation during embryonic development. Mouse studies identified the corresponding protein to be under strict control during cell differentiation and to be a maternally provided gene product. [provided by RefSeq, Apr 2009]."
red,ZFPM2,ENSG00000169946.14,0.8831,"zinc finger protein, FOG family member 2",DIH3; FOG2; PRDM19; SRXY9; ZC2HC11B; ZNF89B; hFOG-2,23414,1.5,11.3,12.4,"The zinc finger protein encoded by this gene is a widely expressed member of the FOG family of transcription factors. The family members modulate the activity of GATA family proteins, which are important regulators of hematopoiesis and cardiogenesis in mammals. It has been demonstrated that the protein can both activate and down-regulate expression of GATA-target genes, suggesting different modulation in different promoter contexts. A related mRNA suggests an alternatively spliced product but this information is not yet fully supported by the sequence. [provided by RefSeq, Jul 2008]."
red,SPARC,ENSG00000113140.11,0.8802,secreted protein acidic and cysteine rich,BM-40; OI17; ON; ONT,6678,0.1,0.7,0.8,"This gene encodes a cysteine-rich acidic matrix-associated protein. The encoded protein is required for the collagen in bone to become calcified but is also involved in extracellular matrix synthesis and promotion of changes to cell shape. The gene product has been associated with tumor suppression but has also been correlated with metastasis based on changes to cell shape which can promote tumor cell invasion. Three transcript variants encoding different isoforms have been found for this gene. [provided by RefSeq, Jun 2015]."
red,MXRA5,ENSG00000101825.8,0.8769,matrix remodeling associated 5,,25878,2.8,1.1,3.8,"This gene encodes one of the matrix-remodelling associated proteins. This protein contains 7 leucine-rich repeats and 12 immunoglobulin-like C2-type domains related to perlecan. This gene has a pseudogene on chromosome Y. [provided by RefSeq, Mar 2010]."
yellow,S1PR1,ENSG00000170989.10,0.8856,sphingosine-1-phosphate receptor 1,CD363; CHEDG1; D1S3362; ECGF1; EDG-1; EDG1; S1P1,1901,0.1,0.5,0.6,"The protein encoded by this gene is structurally similar to G protein-coupled receptors and is highly expressed in endothelial cells. It binds the ligand sphingosine-1-phosphate with high affinity and high specificity, and suggested to be involved in the processes that regulate the differentiation of endothelial cells. Activation of this receptor induces cell-cell adhesion. Alternative splicing results in multiple transcript variants. [provided by RefSeq, Mar 2016]."
yellow,CAVIN2,ENSG00000168497.5,0.8829,caveolae associated protein 2,PS-p68; SDPR; SDR; cavin-2,8436,0.3,0.6,0.8,"This gene encodes a calcium-independent phospholipid-binding protein whose expression increases in serum-starved cells. This protein is a substrate for protein kinase C (PKC) phosphorylation and recruits polymerase I and transcript release factor (PTRF) to caveolae. Removal of this protein causes caveolae loss and its over-expression results in caveolae deformation and membrane tubulation.[provided by RefSeq, Sep 2009]."
yellow,DIPK2B,ENSG00000147113.17,0.8819,divergent protein kinase domain 2B,4930578C19Rik; CXorf36; DIA1R; EPQL1862; PRO3743; bA435K1.1,79742,0.4,0.9,1.3,"Predicted to be located in extracellular region. [provided by Alliance of Genome Resources, Apr 2022]"
yellow,PDE2A,ENSG00000186642.16,0.8758,phosphodiesterase 2A,CGS-PDE; IDDPADS; PDE2A1; PED2A4; cGSPDE,5138,0.4,4.4,4.7,"Enables several functions, including 3',5'-cyclic-nucleotide phosphodiesterase activity; anion binding activity; and metal ion binding activity. Involved in several processes, including cellular response to organic cyclic compound; cyclic-nucleotide-mediated signaling; and regulation of vascular permeability. Located in several cellular components, including cytosol; mitochondrial membrane; and perinuclear region of cytoplasm. Colocalizes with plasma membrane. [provided by Alliance of Genome Resources, Apr 2022]"
yellow,AOC3,ENSG00000131471.7,0.8712,amine oxidase copper containing 3,HPAO; SSAO; VAP-1; VAP1,8639,0.4,0.9,1.2,"This gene encodes a member of the semicarbazide-sensitive amine oxidase family. Copper amine oxidases catalyze the oxidative conversion of amines to aldehydes in the presence of copper and quinone cofactor. The encoded protein is localized to the cell surface, has adhesive properties as well as monoamine oxidase activity, and may be involved in leukocyte trafficking. Alterations in levels of the encoded protein may be associated with many diseases, including diabetes mellitus. A pseudogene of this gene has been described and is located approximately 9-kb downstream on the same chromosome. Alternative splicing results in multiple transcript variants. [provided by RefSeq, Apr 2013]."
yellow,ABCA8,ENSG00000141338.14,0.8682,ATP binding cassette subfamily A member 8,,10351,2.0,5.0,6.7,"The membrane-associated protein encoded by this gene is a member of the superfamily of ATP-binding cassette (ABC) transporters. ABC proteins transport various molecules across extra- and intracellular membranes. ABC genes are divided into seven distinct subfamilies (ABC1, MDR/TAP, MRP, ALD, OABP, GCN20, White). This protein is a member of the ABC1 subfamily. Members of the ABC1 subfamily comprise the only major ABC subfamily found exclusively in multicellular eukaryotes. The encoded protein may regulate lipid metabolism and be involved in the formation and maintenance of myelin. Alternative splicing results in multiple transcript variants. [provided by RefSeq, Jan 2014]."
yellow,LHFPL6,ENSG00000183722.9,0.8651,LHFPL tetraspan subfamily member 6,LHFP,10186,0.0,1.7,1.7,"This gene is a member of the lipoma HMGIC fusion partner (LHFP) gene family, which is a subset of the superfamily of tetraspan transmembrane protein encoding genes. This gene is fused to a high-mobility group gene in a translocation-associated lipoma. Mutations in another LHFP-like gene result in deafness in humans and mice. Alternatively spliced transcript variants have been found; however, their full-length nature is not known. [provided by RefSeq, Jul 2008]."
yellow,EMCN,ENSG00000164035.10,0.8641,endomucin,EMCN2; MUC14,51705,0.1,0.5,0.6,"EMCN is a mucin-like sialoglycoprotein that interferes with the assembly of focal adhesion complexes and inhibits interaction between cells and the extracellular matrix (Kinoshita et al., 2001 [PubMed 11418125]).[supplied by OMIM, Mar 2008]."
yellow,MMRN2,ENSG00000173269.14,0.8639,multimerin 2,EMILIN-3; EMILIN3; ENDOGLYX-1,79812,0.4,1.1,1.5,"This gene encodes a protein belonging to the member of elastin microfibril interface-located (EMILIN) protein family. This family member is an extracellular matrix glycoprotein that can interfere with tumor angiogenesis and growth. It serves as a transforming growth factor beta antagonist and can interfere with the VEGF-A/VEGFR2 pathway. A related pseudogene has been identified on chromosome 6. [provided by RefSeq, Aug 2012]."
yellow,ARHGEF15,ENSG00000198844.12,0.8639,Rho guanine nucleotide exchange factor 15,ARGEF15; BSVD5; E5; Ephexin5; Vsm-RhoGEF,22899,0.7,0.4,1.0,"Rho GTPases play a fundamental role in numerous cellular processes that are initiated by extracellular stimuli that work through G protein-coupled receptors. This gene encodes a protein that functions as a specific guanine nucleotide exchange factor for RhoA. It also interacts with ephrin A4 in vascular smooth muscle cells. Two alternatively spliced transcripts variants that encode the same protein have been found for this gene. [provided by RefSeq, Aug 2010]."
yellow,ERG,ENSG00000157554.19,0.8613,ETS transcription factor ERG,LMPHM14; erg-3; p55,2078,0.7,1.1,1.8,"This gene encodes a member of the erythroblast transformation-specific (ETS) family of transcriptions factors. All members of this family are key regulators of embryonic development, cell proliferation, differentiation, angiogenesis, inflammation, and apoptosis. The protein encoded by this gene is mainly expressed in the nucleus. It contains an ETS DNA-binding domain and a PNT (pointed) domain which is implicated in the self-association of chimeric oncoproteins. This protein is required for platelet adhesion to the subendothelium, inducing vascular cell remodeling. It also regulates hematopoesis, and the differentiation and maturation of megakaryocytic cells. This gene is involved in chromosomal translocations, resulting in different fusion gene products, such as TMPSSR2-ERG and NDRG1-ERG in prostate cancer, EWS-ERG in Ewing's sarcoma and FUS-ERG in acute myeloid leukemia. More than two dozens of transcript variants generated from combinatorial usage of three alternative promoters and multiple alternative splicing events have been reported, but the full-length nature of many of these variants has not been determined. [provided by RefSeq, Apr 2014]."
yellow,JAM2,ENSG00000154721.15,0.8578,junctional adhesion molecule 2,C21orf43; CD322; IBGC8; JAM-B; JAMB; PRO245; VE-JAM; VEJAM,58494,0.2,1.5,1.7,"This gene belongs to the immunoglobulin superfamily, and the junctional adhesion molecule (JAM) family. The protein encoded by this gene is a type I membrane protein that is localized at the tight junctions of both epithelial and endothelial cells. It acts as an adhesive ligand for interacting with a variety of immune cell types, and may play a role in lymphocyte homing to secondary lymphoid organs. Alternatively spliced transcript variants have been found for this gene. [provided by RefSeq, Jul 2012]."
yellow,EBF1,ENSG00000164330.17,0.8513,EBF transcription factor 1,COE1; EBF; O/E-1; OLF1,1879,0.7,0.9,1.6,"Predicted to enable DNA-binding transcription activator activity, RNA polymerase II-specific and RNA polymerase II cis-regulatory region sequence-specific DNA binding activity. Predicted to be involved in positive regulation of transcription by RNA polymerase II. Predicted to act upstream of or within positive regulation of transcription, DNA-templated. Predicted to be located in nucleus. Predicted to be part of chromatin. [provided by Alliance of Genome Resources, Apr 2022]"
yellow,LDB2,ENSG00000169744.13,0.8462,LIM domain binding 2,CLIM1; LDB-2; LDB1,9079,0.8,0.6,1.4,"The protein encoded by this gene belongs to the LIM-domain binding family. Members of this family are characterized by a conserved nuclear localization sequence, an amino-terminal homodimerization domain and a carboxy-terminal LIM interaction domain. These proteins function as adapter molecules to allow assembly of transcriptional regulatory complexes. Genetic association studies suggest functions for this gene in rhegmatogenous retinal detachment and coronary artery disease. Alternative splicing results in multiple transcript variants. [provided by RefSeq, Jan 2015]."
yellow,BMX,ENSG00000102010.15,0.8444,BMX non-receptor tyrosine kinase,ETK; PSCTK2; PSCTK3,660,0.8,1.0,1.8,"This gene encodes a non-receptor tyrosine kinase belonging to the Tec kinase family. The protein contains a PH-like domain, which mediates membrane targeting by binding to phosphatidylinositol 3,4,5-triphosphate (PIP3), and a SH2 domain that binds to tyrosine-phosphorylated proteins and functions in signal transduction. The protein is implicated in several signal transduction pathways including the Stat pathway, and regulates differentiation and tumorigenicity of several types of cancer cells. Alternatively spliced transcript variants have been found for this gene. [provided by RefSeq, Mar 2016]."
yellow,IGF1,ENSG00000017427.17,0.8428,insulin like growth factor 1,IGF; IGF-I; IGFI; MGF,3479,0.2,0.3,0.5,"The protein encoded by this gene is similar to insulin in function and structure and is a member of a family of proteins involved in mediating growth and development. The encoded protein is processed from a precursor, bound by a specific receptor, and secreted. Defects in this gene are a cause of insulin-like growth factor I deficiency. Alternative splicing results in multiple transcript variants encoding different isoforms that may undergo similar processing to generate mature protein. [provided by RefSeq, Sep 2015]."
yellow,TNXB,ENSG00000168477.19,0.8426,tenascin XB,EDS3; EDSCLL; EDSCLL1; HXBL; TENX; TN-X; TNX; TNXB1; TNXB2; TNXBS; VUR8; XB; XBS,7148,1.3,1.2,2.5,"This gene encodes a member of the tenascin family of extracellular matrix glycoproteins. The tenascins have anti-adhesive effects, as opposed to fibronectin which is adhesive. This protein is thought to function in matrix maturation during wound healing, and its deficiency has been associated with the connective tissue disorder Ehlers-Danlos syndrome. This gene localizes to the major histocompatibility complex (MHC) class III region on chromosome 6. It is one of four genes in this cluster which have been duplicated. The duplicated copy of this gene is incomplete and is a pseudogene which is transcribed but does not encode a protein. The structure of this gene is unusual in that it overlaps the CREBL1 and CYP21A2 genes at its 5' and 3' ends, respectively. Multiple transcript variants encoding different isoforms have been found for this gene. [provided by RefSeq, Jul 2008]."
yellow,MYCT1,ENSG00000120279.6,0.8299,MYC target 1,MTLC,80177,0.5,1.2,1.7,"Predicted to act upstream of or within hematopoietic stem cell homeostasis. Located in nucleoplasm. [provided by Alliance of Genome Resources, Apr 2022]"
yellow,EBF3,ENSG00000108001.15,0.8269,EBF transcription factor 3,COE3; EBF-3; HADDS; O/E-2; OE-2,253738,0.5,1.2,1.7,"This gene encodes a member of the early B-cell factor (EBF) family of DNA binding transcription factors. EBF proteins are involved in B-cell differentiation, bone development and neurogenesis, and may also function as tumor suppressors. The encoded protein inhibits cell survival through the regulation of genes involved in cell cycle arrest and apoptosis, and aberrant methylation or deletion of this gene may play a role in multiple malignancies including glioblastoma multiforme and gastric carcinoma. [provided by RefSeq, Sep 2011]."
yellow,PEAR1,ENSG00000187800.13,0.8262,platelet endothelial aggregation receptor 1,JEDI; MEGF12,375033,0.8,7.9,8.5,"PEAR1 is a platelet receptor that signals upon the formation of platelet-platelet contacts independent of platelet activation and secondary to platelet aggregation (Nanda et al., 2005 [PubMed 15851471]).[supplied by OMIM, Mar 2008]."
